
╔══════════════════════════════════════════════════════════════╗
║                                                              ║
║   _   _                       _                               ║
║  | | | | ___  _ __   __ _ ___| |__  _   _  __ _ _ __   ___  ║
║  | |_| |/ _ \| '_ \ / _` / __| '_ \| | | |/ _` | '_ \ / _ \ ║
║  |  _  | (_) | | | | (_| \__ \ | | | |_| | (_| | | | |  __/ ║
║  |_| |_|\___/|_| |_|\__, |___/_| |_|\__,_|\__,_|_| |_|\___| ║
║                     |___/                                     ║
║                                                              ║
║    红创科技多物理场仿真引擎 (核心模块) V1.0                     ║
║    基于 MOOSE 多物理场面向对象仿真环境                         ║
║    © 2026 红创科技 (Hongchuang Tech)                          ║
║                                                              ║
╚══════════════════════════════════════════════════════════════╝


[33m
*** Deprecation Warning ***
/home/kevin/gt/demo/mayor/rig/outputs/abaqus_6_15/../../inputs/abaqus_6_15.i:71.3: The 'Kernels/TensorMechanics' syntax is deprecated. Please use 'Physics/SolidMechanics/QuasiStatic' instead.[39m
Stack frames: 14
0: libMesh::print_trace(std::ostream&)
1: void moose::internal::mooseDeprecatedStream<libMesh::BasicOStreamProxy<char, std::char_traits<char> >, std::__cxx11::basic_string<char, std::char_traits<char>, std::allocator<char> > >(libMesh::BasicOStreamProxy<char, std::char_traits<char> >&, bool, bool, bool, std::__cxx11::basic_string<char, std::char_traits<char>, std::allocator<char> >&&)
2: Moose::Builder::walkRaw(std::__cxx11::basic_string<char, std::char_traits<char>, std::allocator<char> >, std::__cxx11::basic_string<char, std::char_traits<char>, std::allocator<char> >, hit::Node*)
3: Moose::Builder::walk(std::__cxx11::basic_string<char, std::char_traits<char>, std::allocator<char> > const&, std::__cxx11::basic_string<char, std::char_traits<char>, std::allocator<char> > const&, hit::Node*)
4: hit::Node::walk(hit::Walker*, hit::NodeType, hit::TraversalOrder)
5: hit::Node::walk(hit::Walker*, hit::NodeType, hit::TraversalOrder)
6: hit::Node::walk(hit::Walker*, hit::NodeType, hit::TraversalOrder)
7: Moose::Builder::build()
8: MooseApp::setupOptions()
9: MooseApp::run()
10: /home/kevin/gt/demo/mayor/rig/build/moose/modules/solid_mechanics/solid_mechanics-opt(+0x50f2) [0x55a3aa1a30f2]
11: /lib/libc.so.6(+0x27741) [0x7f6235827741]
12: __libc_start_main
13: /home/kevin/gt/demo/mayor/rig/build/moose/modules/solid_mechanics/solid_mechanics-opt(+0x5365) [0x55a3aa1a3365]


[36m
*** Info ***
/home/kevin/gt/demo/mayor/rig/outputs/abaqus_6_15/../../inputs/abaqus_6_15.i:71.3:
The following occurred in the Action 'TensorMechanics' of type LegacyTensorMechanicsAction.

SolidMechanics Action: selecting 'total small strain' formulation. Use `incremental = true` to select 'incremental small strain' instead.[39m

[33m
*** Deprecation Warning ***
/home/kevin/gt/demo/mayor/rig/outputs/abaqus_6_15/../../inputs/abaqus_6_15.i:211.5:
BCs/top_pressure/component: The parameter 'component' is deprecated.
This parameter is no longer necessary

[39m
Finished Setting Up                                                                      [[33m  1.09 s[39m] [[33m  261 MB[39m]
Framework Information:
MOOSE Version:           git commit dd5a8961 on 2026-05-01
LibMesh Version:         
PETSc Version:           3.24.6
SLEPc Version:           3.24.0
Current Time:            Thu Jul 23 20:18:22 2026
Executable Timestamp:    Wed May 13 15:08:44 2026

Input File(s):
  /home/kevin/gt/demo/mayor/rig/outputs/abaqus_6_15/../../inputs/abaqus_6_15.i

Checkpoint:
  Wall Time Interval:      Every 3600 s
  User Checkpoint:         Disabled
  # Checkpoints Kept:      2
  Execute On:              TIMESTEP_END 

Parallelism:
  Num Processors:          1
  Num Threads:             1

Mesh: 
  Parallel Type:           replicated
  Mesh Dimension:          3
  Spatial Dimension:       3
  Nodes:                   18012
  Elems:                   18452
  Num Subdomains:          15

Nonlinear System:
  Num DOFs:                54036
  Num Local DOFs:          54036
  Variables:               { "disp_x" "disp_y" "disp_z" } 
  Finite Element Types:    "LAGRANGE" 
  Approximation Orders:    "FIRST" 

Auxiliary System:
  Num DOFs:                36904
  Num Local DOFs:          36904
  Variables:               { "vonmises" "damage_index" } 
  Finite Element Types:    "MONOMIAL" 
  Approximation Orders:    "CONSTANT" 

Execution Information:
  Executioner:             Transient
  TimeStepper:             ConstantDT
  TimeIntegrator(s):       ImplicitEuler
  Solver Mode:             Preconditioned JFNK 
  PETSc Preconditioner:    lu 

Currently Executing
  Performing Initial Setup
    Setting Up Materials
      Finished Computing Initial Material Values                                         [[33m  0.23 s[39m] [[33m  424 MB[39m]
    Finished Setting Up Materials                                                        [[33m  0.24 s[39m] [[33m  424 MB[39m]

Time Step 0, time = 0

Postprocessor Values:
+----------------+----------------+----------------+----------------+
| time           | damage_max     | load_disp_x    | vonmises_max   |
+----------------+----------------+----------------+----------------+
|   0.000000e+00 |   0.000000e+00 |   0.000000e+00 |   0.000000e+00 |
+----------------+----------------+----------------+----------------+

  Finished Performing Initial Setup                                                      [[33m  0.80 s[39m] [[33m  432 MB[39m]

Time Step 1, time = 0.2, dt = 0.2

Performing automatic scaling calculation

 0 Nonlinear |R| = [32m6.314505e+00[39m
      0 Linear |R| = [32m6.314505e+00[39m
      1 Linear |R| = [32m1.449186e+00[39m
      2 Linear |R| = [32m4.247453e-01[39m
      3 Linear |R| = [32m1.772412e-01[39m
      4 Linear |R| = [32m8.132547e-02[39m
      5 Linear |R| = [32m5.009276e-02[39m
      6 Linear |R| = [32m2.975693e-02[39m
      7 Linear |R| = [32m2.078738e-02[39m
      8 Linear |R| = [32m1.311569e-02[39m
      9 Linear |R| = [32m8.554712e-03[39m
     10 Linear |R| = [32m4.868725e-03[39m
     11 Linear |R| = [32m3.467418e-03[39m
     12 Linear |R| = [32m2.304296e-03[39m
     13 Linear |R| = [32m1.667013e-03[39m
     14 Linear |R| = [32m1.052323e-03[39m
     15 Linear |R| = [32m7.579531e-04[39m
     16 Linear |R| = [32m5.337188e-04[39m
     17 Linear |R| = [32m3.997443e-04[39m
     18 Linear |R| = [32m3.151534e-04[39m
     19 Linear |R| = [32m2.232259e-04[39m
     20 Linear |R| = [32m1.858651e-04[39m
     21 Linear |R| = [32m1.244413e-04[39m
     22 Linear |R| = [32m1.046195e-04[39m
     23 Linear |R| = [32m8.223061e-05[39m
     24 Linear |R| = [32m7.678506e-05[39m
     25 Linear |R| = [32m5.804732e-05[39m
 1 Nonlinear |R| = [32m2.273293e-01[39m
      0 Linear |R| = [32m2.273293e-01[39m
      1 Linear |R| = [32m2.641013e-02[39m
      2 Linear |R| = [32m1.097347e-02[39m
      3 Linear |R| = [32m4.507615e-03[39m
      4 Linear |R| = [32m2.101015e-03[39m
      5 Linear |R| = [32m9.351474e-04[39m
      6 Linear |R| = [32m4.419456e-04[39m
      7 Linear |R| = [32m2.761498e-04[39m
      8 Linear |R| = [32m1.833259e-04[39m
      9 Linear |R| = [32m1.473045e-04[39m
     10 Linear |R| = [32m8.939287e-05[39m
     11 Linear |R| = [32m6.867769e-05[39m
     12 Linear |R| = [32m4.879024e-05[39m
     13 Linear |R| = [32m4.030242e-05[39m
     14 Linear |R| = [32m3.155871e-05[39m
     15 Linear |R| = [32m2.672905e-05[39m
     16 Linear |R| = [32m2.372456e-05[39m
     17 Linear |R| = [32m2.206581e-05[39m
     18 Linear |R| = [32m1.971224e-05[39m
     19 Linear |R| = [32m1.735931e-05[39m
     20 Linear |R| = [32m1.568580e-05[39m
     21 Linear |R| = [32m1.448738e-05[39m
     22 Linear |R| = [32m1.281024e-05[39m
     23 Linear |R| = [32m1.124379e-05[39m
     24 Linear |R| = [32m9.834655e-06[39m
     25 Linear |R| = [32m8.969345e-06[39m
     26 Linear |R| = [32m8.478196e-06[39m
     27 Linear |R| = [32m7.864468e-06[39m
     28 Linear |R| = [32m7.435339e-06[39m
     29 Linear |R| = [32m6.875266e-06[39m
     30 Linear |R| = [32m6.307911e-06[39m
     31 Linear |R| = [33m6.008823e-06[39m
     32 Linear |R| = [32m5.553997e-06[39m
     33 Linear |R| = [33m5.332378e-06[39m
     34 Linear |R| = [32m4.991531e-06[39m
     35 Linear |R| = [32m4.702999e-06[39m
     36 Linear |R| = [32m4.343646e-06[39m
     37 Linear |R| = [33m4.134876e-06[39m
     38 Linear |R| = [32m3.748472e-06[39m
     39 Linear |R| = [32m3.554467e-06[39m
     40 Linear |R| = [32m3.133094e-06[39m
     41 Linear |R| = [32m2.806940e-06[39m
     42 Linear |R| = [32m2.431116e-06[39m
     43 Linear |R| = [32m2.233169e-06[39m
 2 Nonlinear |R| = [32m4.440195e-05[39m
[32m Solve Converged![39m
  Finished Solving                                                                       [[33m 33.16 s[39m] [[33m  467 MB[39m]

Outlier Variable Residual Norms:
  disp_y: [31m4.383347e-05[39m

Postprocessor Values:
+----------------+----------------+----------------+----------------+
| time           | damage_max     | load_disp_x    | vonmises_max   |
+----------------+----------------+----------------+----------------+
|   0.000000e+00 |   0.000000e+00 |   0.000000e+00 |   0.000000e+00 |
|   2.000000e-01 |   0.000000e+00 |   3.200000e+00 |   1.953598e+01 |
+----------------+----------------+----------------+----------------+


Time Step 2, time = 0.4, dt = 0.2
 0 Nonlinear |R| = [32m6.314363e+00[39m
      0 Linear |R| = [32m6.314363e+00[39m
      1 Linear |R| = [32m1.448846e+00[39m
      2 Linear |R| = [32m4.246265e-01[39m
      3 Linear |R| = [32m1.772508e-01[39m
      4 Linear |R| = [32m8.132905e-02[39m
      5 Linear |R| = [32m5.009505e-02[39m
      6 Linear |R| = [32m2.975709e-02[39m
      7 Linear |R| = [32m2.078795e-02[39m
      8 Linear |R| = [32m1.311539e-02[39m
      9 Linear |R| = [32m8.554642e-03[39m
     10 Linear |R| = [32m4.868584e-03[39m
     11 Linear |R| = [32m3.467140e-03[39m
     12 Linear |R| = [32m2.304235e-03[39m
     13 Linear |R| = [32m1.666888e-03[39m
     14 Linear |R| = [32m1.052413e-03[39m
     15 Linear |R| = [32m7.579778e-04[39m
     16 Linear |R| = [32m5.338311e-04[39m
     17 Linear |R| = [32m3.998700e-04[39m
     18 Linear |R| = [32m3.153410e-04[39m
     19 Linear |R| = [32m2.234693e-04[39m
     20 Linear |R| = [32m1.861439e-04[39m
     21 Linear |R| = [32m1.248086e-04[39m
     22 Linear |R| = [32m1.050195e-04[39m
     23 Linear |R| = [32m8.268351e-05[39m
     24 Linear |R| = [32m7.723352e-05[39m
     25 Linear |R| = [32m5.852671e-05[39m
 1 Nonlinear |R| = [32m2.272972e-01[39m
      0 Linear |R| = [32m2.272972e-01[39m
      1 Linear |R| = [32m2.640613e-02[39m
      2 Linear |R| = [32m1.097644e-02[39m
      3 Linear |R| = [32m4.509900e-03[39m
      4 Linear |R| = [32m2.102330e-03[39m
      5 Linear |R| = [32m9.365278e-04[39m
      6 Linear |R| = [32m4.426249e-04[39m
      7 Linear |R| = [32m2.763033e-04[39m
      8 Linear |R| = [32m1.835472e-04[39m
      9 Linear |R| = [32m1.476646e-04[39m
     10 Linear |R| = [32m8.963056e-05[39m
     11 Linear |R| = [32m6.892508e-05[39m
     12 Linear |R| = [32m4.906231e-05[39m
     13 Linear |R| = [32m4.064777e-05[39m
     14 Linear |R| = [32m3.196311e-05[39m
     15 Linear |R| = [32m2.721464e-05[39m
     16 Linear |R| = [32m2.422928e-05[39m
     17 Linear |R| = [32m2.259964e-05[39m
     18 Linear |R| = [32m2.022553e-05[39m
     19 Linear |R| = [32m1.789034e-05[39m
     20 Linear |R| = [32m1.618342e-05[39m
     21 Linear |R| = [32m1.498435e-05[39m
     22 Linear |R| = [32m1.327269e-05[39m
     23 Linear |R| = [32m1.170026e-05[39m
     24 Linear |R| = [32m1.027461e-05[39m
     25 Linear |R| = [32m9.408974e-06[39m
     26 Linear |R| = [32m8.902224e-06[39m
     27 Linear |R| = [32m8.279884e-06[39m
     28 Linear |R| = [32m7.822296e-06[39m
     29 Linear |R| = [32m7.245856e-06[39m
     30 Linear |R| = [32m6.549839e-06[39m
     31 Linear |R| = [33m6.311063e-06[39m
     32 Linear |R| = [32m5.812675e-06[39m
     33 Linear |R| = [33m5.591334e-06[39m
     34 Linear |R| = [32m5.236239e-06[39m
     35 Linear |R| = [32m4.964829e-06[39m
     36 Linear |R| = [32m4.580450e-06[39m
     37 Linear |R| = [33m4.387767e-06[39m
     38 Linear |R| = [32m4.002096e-06[39m
     39 Linear |R| = [33m3.822245e-06[39m
     40 Linear |R| = [32m3.374892e-06[39m
     41 Linear |R| = [32m3.064404e-06[39m
     42 Linear |R| = [32m2.697321e-06[39m
     43 Linear |R| = [32m2.527276e-06[39m
     44 Linear |R| = [32m2.379834e-06[39m
     45 Linear |R| = [33m2.288314e-06[39m
     46 Linear |R| = [32m2.038197e-06[39m
 2 Nonlinear |R| = [32m4.435752e-05[39m
[32m Solve Converged![39m
  Finished Solving                                                                       [[33m 34.94 s[39m] [[33m  465 MB[39m]

Outlier Variable Residual Norms:
  disp_y: [31m4.380441e-05[39m

Postprocessor Values:
+----------------+----------------+----------------+----------------+
| time           | damage_max     | load_disp_x    | vonmises_max   |
+----------------+----------------+----------------+----------------+
|   0.000000e+00 |   0.000000e+00 |   0.000000e+00 |   0.000000e+00 |
|   2.000000e-01 |   0.000000e+00 |   3.200000e+00 |   1.953598e+01 |
|   4.000000e-01 |   0.000000e+00 |   6.400000e+00 |   3.904727e+01 |
+----------------+----------------+----------------+----------------+


Time Step 3, time = 0.6, dt = 0.2
 0 Nonlinear |R| = [32m6.314219e+00[39m
      0 Linear |R| = [32m6.314219e+00[39m
      1 Linear |R| = [32m1.448549e+00[39m
      2 Linear |R| = [32m4.245150e-01[39m
      3 Linear |R| = [32m1.772617e-01[39m
      4 Linear |R| = [32m8.133231e-02[39m
      5 Linear |R| = [32m5.009880e-02[39m
      6 Linear |R| = [32m2.975810e-02[39m
      7 Linear |R| = [32m2.078933e-02[39m
      8 Linear |R| = [32m1.311565e-02[39m
      9 Linear |R| = [32m8.554918e-03[39m
     10 Linear |R| = [32m4.868602e-03[39m
     11 Linear |R| = [32m3.467033e-03[39m
     12 Linear |R| = [32m2.304206e-03[39m
     13 Linear |R| = [32m1.666749e-03[39m
     14 Linear |R| = [32m1.052463e-03[39m
     15 Linear |R| = [32m7.579093e-04[39m
     16 Linear |R| = [32m5.338396e-04[39m
     17 Linear |R| = [32m3.998146e-04[39m
     18 Linear |R| = [32m3.153441e-04[39m
     19 Linear |R| = [32m2.234121e-04[39m
     20 Linear |R| = [32m1.861209e-04[39m
     21 Linear |R| = [32m1.247427e-04[39m
     22 Linear |R| = [32m1.049699e-04[39m
     23 Linear |R| = [32m8.259384e-05[39m
     24 Linear |R| = [32m7.716086e-05[39m
     25 Linear |R| = [32m5.840613e-05[39m
 1 Nonlinear |R| = [32m2.273039e-01[39m
      0 Linear |R| = [32m2.273039e-01[39m
      1 Linear |R| = [32m2.640961e-02[39m
      2 Linear |R| = [32m1.097872e-02[39m
      3 Linear |R| = [32m4.511653e-03[39m
      4 Linear |R| = [32m2.103589e-03[39m
      5 Linear |R| = [32m9.378946e-04[39m
      6 Linear |R| = [32m4.432423e-04[39m
      7 Linear |R| = [32m2.764808e-04[39m
      8 Linear |R| = [32m1.836851e-04[39m
      9 Linear |R| = [32m1.478500e-04[39m
     10 Linear |R| = [32m8.963845e-05[39m
     11 Linear |R| = [32m6.886988e-05[39m
     12 Linear |R| = [32m4.896818e-05[39m
     13 Linear |R| = [32m4.056340e-05[39m
     14 Linear |R| = [32m3.183522e-05[39m
     15 Linear |R| = [32m2.710799e-05[39m
     16 Linear |R| = [32m2.408830e-05[39m
     17 Linear |R| = [32m2.249185e-05[39m
     18 Linear |R| = [32m2.009646e-05[39m
     19 Linear |R| = [32m1.781187e-05[39m
     20 Linear |R| = [32m1.607360e-05[39m
     21 Linear |R| = [32m1.491016e-05[39m
     22 Linear |R| = [32m1.318147e-05[39m
     23 Linear |R| = [32m1.163857e-05[39m
     24 Linear |R| = [32m1.020637e-05[39m
     25 Linear |R| = [32m9.362708e-06[39m
     26 Linear |R| = [32m8.854422e-06[39m
     27 Linear |R| = [32m8.259346e-06[39m
     28 Linear |R| = [32m7.801829e-06[39m
     29 Linear |R| = [32m7.255308e-06[39m
     30 Linear |R| = [32m6.548823e-06[39m
     31 Linear |R| = [33m6.332635e-06[39m
     32 Linear |R| = [32m5.838536e-06[39m
     33 Linear |R| = [33m5.639830e-06[39m
     34 Linear |R| = [32m5.278792e-06[39m
     35 Linear |R| = [33m5.026449e-06[39m
     36 Linear |R| = [32m4.643642e-06[39m
     37 Linear |R| = [33m4.474624e-06[39m
     38 Linear |R| = [32m4.069199e-06[39m
     39 Linear |R| = [33m3.916115e-06[39m
     40 Linear |R| = [32m3.460132e-06[39m
     41 Linear |R| = [32m3.183051e-06[39m
     42 Linear |R| = [32m2.808737e-06[39m
     43 Linear |R| = [33m2.678467e-06[39m
     44 Linear |R| = [32m2.515630e-06[39m
     45 Linear |R| = [33m2.448557e-06[39m
     46 Linear |R| = [32m2.188452e-06[39m
 2 Nonlinear |R| = [32m4.435760e-05[39m
[32m Solve Converged![39m
  Finished Solving                                                                       [[33m 35.16 s[39m] [[33m  465 MB[39m]

Outlier Variable Residual Norms:
  disp_y: [31m4.380413e-05[39m

Postprocessor Values:
+----------------+----------------+----------------+----------------+
| time           | damage_max     | load_disp_x    | vonmises_max   |
+----------------+----------------+----------------+----------------+
|   0.000000e+00 |   0.000000e+00 |   0.000000e+00 |   0.000000e+00 |
|   2.000000e-01 |   0.000000e+00 |   3.200000e+00 |   1.953598e+01 |
|   4.000000e-01 |   0.000000e+00 |   6.400000e+00 |   3.904727e+01 |
|   6.000000e-01 |   0.000000e+00 |   9.600000e+00 |   5.853459e+01 |
+----------------+----------------+----------------+----------------+


Time Step 4, time = 0.8, dt = 0.2
 0 Nonlinear |R| = [32m6.314074e+00[39m
      0 Linear |R| = [32m6.314074e+00[39m
      1 Linear |R| = [32m1.448256e+00[39m
      2 Linear |R| = [32m4.244050e-01[39m
      3 Linear |R| = [32m1.772724e-01[39m
      4 Linear |R| = [32m8.133533e-02[39m
      5 Linear |R| = [32m5.010260e-02[39m
      6 Linear |R| = [32m2.975916e-02[39m
      7 Linear |R| = [32m2.079079e-02[39m
      8 Linear |R| = [32m1.311577e-02[39m
      9 Linear |R| = [32m8.555183e-03[39m
     10 Linear |R| = [32m4.868550e-03[39m
     11 Linear |R| = [32m3.466968e-03[39m
     12 Linear |R| = [32m2.304165e-03[39m
     13 Linear |R| = [32m1.666642e-03[39m
     14 Linear |R| = [32m1.052501e-03[39m
     15 Linear |R| = [32m7.578607e-04[39m
     16 Linear |R| = [32m5.338391e-04[39m
     17 Linear |R| = [32m3.997833e-04[39m
     18 Linear |R| = [32m3.153475e-04[39m
     19 Linear |R| = [32m2.233968e-04[39m
     20 Linear |R| = [32m1.861297e-04[39m
     21 Linear |R| = [32m1.247438e-04[39m
     22 Linear |R| = [32m1.049901e-04[39m
     23 Linear |R| = [32m8.259712e-05[39m
     24 Linear |R| = [32m7.718024e-05[39m
     25 Linear |R| = [32m5.839652e-05[39m
 1 Nonlinear |R| = [32m2.273136e-01[39m
      0 Linear |R| = [32m2.273136e-01[39m
      1 Linear |R| = [32m2.641373e-02[39m
      2 Linear |R| = [32m1.098151e-02[39m
      3 Linear |R| = [32m4.513477e-03[39m
      4 Linear |R| = [32m2.104900e-03[39m
      5 Linear |R| = [32m9.394448e-04[39m
      6 Linear |R| = [32m4.438797e-04[39m
      7 Linear |R| = [32m2.765769e-04[39m
      8 Linear |R| = [32m1.837873e-04[39m
      9 Linear |R| = [32m1.480094e-04[39m
     10 Linear |R| = [32m8.973185e-05[39m
     11 Linear |R| = [32m6.894094e-05[39m
     12 Linear |R| = [32m4.902594e-05[39m
     13 Linear |R| = [32m4.062903e-05[39m
     14 Linear |R| = [32m3.186828e-05[39m
     15 Linear |R| = [32m2.716318e-05[39m
     16 Linear |R| = [32m2.412023e-05[39m
     17 Linear |R| = [32m2.255167e-05[39m
     18 Linear |R| = [32m2.012358e-05[39m
     19 Linear |R| = [32m1.788414e-05[39m
     20 Linear |R| = [32m1.610455e-05[39m
     21 Linear |R| = [32m1.497888e-05[39m
     22 Linear |R| = [32m1.321335e-05[39m
     23 Linear |R| = [32m1.170230e-05[39m
     24 Linear |R| = [32m1.024737e-05[39m
     25 Linear |R| = [32m9.426600e-06[39m
     26 Linear |R| = [32m8.908703e-06[39m
     27 Linear |R| = [32m8.331649e-06[39m
     28 Linear |R| = [32m7.867078e-06[39m
     29 Linear |R| = [32m7.335447e-06[39m
     30 Linear |R| = [32m6.605484e-06[39m
     31 Linear |R| = [33m6.405315e-06[39m
     32 Linear |R| = [32m5.909547e-06[39m
     33 Linear |R| = [33m5.722078e-06[39m
     34 Linear |R| = [32m5.353792e-06[39m
     35 Linear |R| = [33m5.115355e-06[39m
     36 Linear |R| = [32m4.728780e-06[39m
     37 Linear |R| = [33m4.579818e-06[39m
     38 Linear |R| = [32m4.150527e-06[39m
     39 Linear |R| = [33m4.018793e-06[39m
     40 Linear |R| = [32m3.546879e-06[39m
     41 Linear |R| = [32m3.290472e-06[39m
     42 Linear |R| = [32m2.911632e-06[39m
     43 Linear |R| = [33m2.799811e-06[39m
     44 Linear |R| = [32m2.628287e-06[39m
     45 Linear |R| = [33m2.572172e-06[39m
     46 Linear |R| = [32m2.313006e-06[39m
     47 Linear |R| = [32m2.184703e-06[39m
 2 Nonlinear |R| = [32m4.443235e-05[39m
[32m Solve Converged![39m
  Finished Solving                                                                       [[33m 34.82 s[39m] [[33m  465 MB[39m]

Outlier Variable Residual Norms:
  disp_y: [31m4.387771e-05[39m

Postprocessor Values:
+----------------+----------------+----------------+----------------+
| time           | damage_max     | load_disp_x    | vonmises_max   |
+----------------+----------------+----------------+----------------+
|   0.000000e+00 |   0.000000e+00 |   0.000000e+00 |   0.000000e+00 |
|   2.000000e-01 |   0.000000e+00 |   3.200000e+00 |   1.953598e+01 |
|   4.000000e-01 |   0.000000e+00 |   6.400000e+00 |   3.904727e+01 |
|   6.000000e-01 |   0.000000e+00 |   9.600000e+00 |   5.853459e+01 |
|   8.000000e-01 |   0.000000e+00 |   1.280000e+01 |   7.799784e+01 |
+----------------+----------------+----------------+----------------+


Time Step 5, time = 1, dt = 0.2
 0 Nonlinear |R| = [32m6.313929e+00[39m
      0 Linear |R| = [32m6.313929e+00[39m
      1 Linear |R| = [32m1.447963e+00[39m
      2 Linear |R| = [32m4.242990e-01[39m
      3 Linear |R| = [32m1.772838e-01[39m
      4 Linear |R| = [32m8.133865e-02[39m
      5 Linear |R| = [32m5.010644e-02[39m
      6 Linear |R| = [32m2.976026e-02[39m
      7 Linear |R| = [32m2.079225e-02[39m
      8 Linear |R| = [32m1.311603e-02[39m
      9 Linear |R| = [32m8.555562e-03[39m
     10 Linear |R| = [32m4.868603e-03[39m
     11 Linear |R| = [32m3.466955e-03[39m
     12 Linear |R| = [32m2.304160e-03[39m
     13 Linear |R| = [32m1.666538e-03[39m
     14 Linear |R| = [32m1.052544e-03[39m
     15 Linear |R| = [32m7.578077e-04[39m
     16 Linear |R| = [32m5.338292e-04[39m
     17 Linear |R| = [32m3.997398e-04[39m
     18 Linear |R| = [32m3.153271e-04[39m
     19 Linear |R| = [32m2.233571e-04[39m
     20 Linear |R| = [32m1.861044e-04[39m
     21 Linear |R| = [32m1.247072e-04[39m
     22 Linear |R| = [32m1.049644e-04[39m
     23 Linear |R| = [32m8.255201e-05[39m
     24 Linear |R| = [32m7.714964e-05[39m
     25 Linear |R| = [32m5.833146e-05[39m
 1 Nonlinear |R| = [32m2.273284e-01[39m
      0 Linear |R| = [32m2.273284e-01[39m
      1 Linear |R| = [32m2.641840e-02[39m
      2 Linear |R| = [32m1.098361e-02[39m
      3 Linear |R| = [32m4.515177e-03[39m
      4 Linear |R| = [32m2.106205e-03[39m
      5 Linear |R| = [32m9.409328e-04[39m
      6 Linear |R| = [32m4.444565e-04[39m
      7 Linear |R| = [32m2.766915e-04[39m
      8 Linear |R| = [32m1.838929e-04[39m
      9 Linear |R| = [32m1.481828e-04[39m
     10 Linear |R| = [32m8.979667e-05[39m
     11 Linear |R| = [32m6.895543e-05[39m
     12 Linear |R| = [32m4.902511e-05[39m
     13 Linear |R| = [32m4.062978e-05[39m
     14 Linear |R| = [32m3.184464e-05[39m
     15 Linear |R| = [32m2.714963e-05[39m
     16 Linear |R| = [32m2.408513e-05[39m
     17 Linear |R| = [32m2.253712e-05[39m
     18 Linear |R| = [32m2.009022e-05[39m
     19 Linear |R| = [32m1.789085e-05[39m
     20 Linear |R| = [32m1.607528e-05[39m
     21 Linear |R| = [32m1.498201e-05[39m
     22 Linear |R| = [32m1.318927e-05[39m
     23 Linear |R| = [32m1.170295e-05[39m
     24 Linear |R| = [32m1.023264e-05[39m
     25 Linear |R| = [32m9.429511e-06[39m
     26 Linear |R| = [32m8.904093e-06[39m
     27 Linear |R| = [32m8.346324e-06[39m
     28 Linear |R| = [32m7.873966e-06[39m
     29 Linear |R| = [32m7.362684e-06[39m
     30 Linear |R| = [32m6.613030e-06[39m
     31 Linear |R| = [33m6.429496e-06[39m
     32 Linear |R| = [32m5.928339e-06[39m
     33 Linear |R| = [33m5.755329e-06[39m
     34 Linear |R| = [32m5.379385e-06[39m
     35 Linear |R| = [33m5.170091e-06[39m
     36 Linear |R| = [32m4.757712e-06[39m
     37 Linear |R| = [33m4.630886e-06[39m
     38 Linear |R| = [32m4.189244e-06[39m
     39 Linear |R| = [33m4.065762e-06[39m
     40 Linear |R| = [32m3.589956e-06[39m
     41 Linear |R| = [32m3.339027e-06[39m
     42 Linear |R| = [32m2.970628e-06[39m
     43 Linear |R| = [33m2.854593e-06[39m
     44 Linear |R| = [32m2.694431e-06[39m
     45 Linear |R| = [33m2.631644e-06[39m
     46 Linear |R| = [32m2.392268e-06[39m
     47 Linear |R| = [32m2.256892e-06[39m
 2 Nonlinear |R| = [32m4.442739e-05[39m
[32m Solve Converged![39m
  Finished Solving                                                                       [[33m 33.86 s[39m] [[33m  465 MB[39m]

Outlier Variable Residual Norms:
  disp_y: [31m4.387105e-05[39m

Postprocessor Values:
+----------------+----------------+----------------+----------------+
| time           | damage_max     | load_disp_x    | vonmises_max   |
+----------------+----------------+----------------+----------------+
|   0.000000e+00 |   0.000000e+00 |   0.000000e+00 |   0.000000e+00 |
|   2.000000e-01 |   0.000000e+00 |   3.200000e+00 |   1.953598e+01 |
|   4.000000e-01 |   0.000000e+00 |   6.400000e+00 |   3.904727e+01 |
|   6.000000e-01 |   0.000000e+00 |   9.600000e+00 |   5.853459e+01 |
|   8.000000e-01 |   0.000000e+00 |   1.280000e+01 |   7.799784e+01 |
|   1.000000e+00 |   0.000000e+00 |   1.600000e+01 |   9.743719e+01 |
+----------------+----------------+----------------+----------------+


Time Step 6, time = 1.2, dt = 0.2
 0 Nonlinear |R| = [32m6.315168e+00[39m
      0 Linear |R| = [32m6.315168e+00[39m
      1 Linear |R| = [32m1.451511e+00[39m
      2 Linear |R| = [32m4.255094e-01[39m
      3 Linear |R| = [32m1.771630e-01[39m
      4 Linear |R| = [32m8.139124e-02[39m
      5 Linear |R| = [32m5.009392e-02[39m
      6 Linear |R| = [32m2.972481e-02[39m
      7 Linear |R| = [32m2.073830e-02[39m
      8 Linear |R| = [32m1.312144e-02[39m
      9 Linear |R| = [32m8.558266e-03[39m
     10 Linear |R| = [32m4.880279e-03[39m
     11 Linear |R| = [32m3.456263e-03[39m
     12 Linear |R| = [32m2.300326e-03[39m
     13 Linear |R| = [32m1.656291e-03[39m
     14 Linear |R| = [32m1.050359e-03[39m
     15 Linear |R| = [32m7.539597e-04[39m
     16 Linear |R| = [32m5.315047e-04[39m
     17 Linear |R| = [32m3.974210e-04[39m
     18 Linear |R| = [32m3.139370e-04[39m
     19 Linear |R| = [32m2.230349e-04[39m
     20 Linear |R| = [32m1.860965e-04[39m
     21 Linear |R| = [32m1.247254e-04[39m
     22 Linear |R| = [32m1.046378e-04[39m
     23 Linear |R| = [32m8.220306e-05[39m
     24 Linear |R| = [32m7.675395e-05[39m
     25 Linear |R| = [32m5.831080e-05[39m
 1 Nonlinear |R| = [32m2.272425e-01[39m
      0 Linear |R| = [32m2.272425e-01[39m
      1 Linear |R| = [32m2.638865e-02[39m
      2 Linear |R| = [32m1.096220e-02[39m
      3 Linear |R| = [32m4.501127e-03[39m
      4 Linear |R| = [32m2.094900e-03[39m
      5 Linear |R| = [32m9.249264e-04[39m
      6 Linear |R| = [32m4.400352e-04[39m
      7 Linear |R| = [32m2.731367e-04[39m
      8 Linear |R| = [32m1.838291e-04[39m
      9 Linear |R| = [32m1.439795e-04[39m
     10 Linear |R| = [32m9.049003e-05[39m
     11 Linear |R| = [32m6.755467e-05[39m
     12 Linear |R| = [32m4.948586e-05[39m
     13 Linear |R| = [32m3.976087e-05[39m
     14 Linear |R| = [32m3.182956e-05[39m
     15 Linear |R| = [32m2.640242e-05[39m
     16 Linear |R| = [32m2.365372e-05[39m
     17 Linear |R| = [32m2.189968e-05[39m
     18 Linear |R| = [32m1.962626e-05[39m
     19 Linear |R| = [32m1.721307e-05[39m
     20 Linear |R| = [32m1.564201e-05[39m
     21 Linear |R| = [32m1.435893e-05[39m
     22 Linear |R| = [32m1.287658e-05[39m
     23 Linear |R| = [32m1.124758e-05[39m
     24 Linear |R| = [32m1.004517e-05[39m
     25 Linear |R| = [32m9.177705e-06[39m
     26 Linear |R| = [33m8.731441e-06[39m
     27 Linear |R| = [32m8.116964e-06[39m
     28 Linear |R| = [32m7.669846e-06[39m
     29 Linear |R| = [32m7.069555e-06[39m
     30 Linear |R| = [32m6.356777e-06[39m
     31 Linear |R| = [33m6.048182e-06[39m
     32 Linear |R| = [32m5.640470e-06[39m
     33 Linear |R| = [33m5.406464e-06[39m
     34 Linear |R| = [32m5.091573e-06[39m
     35 Linear |R| = [32m4.820923e-06[39m
     36 Linear |R| = [32m4.496198e-06[39m
     37 Linear |R| = [33m4.280526e-06[39m
     38 Linear |R| = [32m3.954342e-06[39m
     39 Linear |R| = [32m3.720467e-06[39m
     40 Linear |R| = [32m3.354238e-06[39m
     41 Linear |R| = [32m3.002194e-06[39m
     42 Linear |R| = [32m2.653898e-06[39m
     43 Linear |R| = [32m2.483457e-06[39m
     44 Linear |R| = [32m2.334971e-06[39m
     45 Linear |R| = [33m2.239335e-06[39m
 2 Nonlinear |R| = [32m4.430892e-05[39m
  Finished Solving                                                                       [[33m 33.20 s[39m] [[33m  465 MB[39m]
[32m Solve Converged![39m

Outlier Variable Residual Norms:
  disp_y: [31m4.375552e-05[39m

Postprocessor Values:
+----------------+----------------+----------------+----------------+
| time           | damage_max     | load_disp_x    | vonmises_max   |
+----------------+----------------+----------------+----------------+
|   0.000000e+00 |   0.000000e+00 |   0.000000e+00 |   0.000000e+00 |
|   2.000000e-01 |   0.000000e+00 |   3.200000e+00 |   1.953598e+01 |
|   4.000000e-01 |   0.000000e+00 |   6.400000e+00 |   3.904727e+01 |
|   6.000000e-01 |   0.000000e+00 |   9.600000e+00 |   5.853459e+01 |
|   8.000000e-01 |   0.000000e+00 |   1.280000e+01 |   7.799784e+01 |
|   1.000000e+00 |   0.000000e+00 |   1.600000e+01 |   9.743719e+01 |
|   1.200000e+00 |   1.000000e-02 |   1.280000e+01 |   7.829324e+01 |
+----------------+----------------+----------------+----------------+


Time Step 7, time = 1.4, dt = 0.2
 0 Nonlinear |R| = [32m6.315032e+00[39m
      0 Linear |R| = [32m6.315032e+00[39m
      1 Linear |R| = [32m1.451776e+00[39m
      2 Linear |R| = [32m4.256112e-01[39m
      3 Linear |R| = [32m1.772843e-01[39m
      4 Linear |R| = [32m8.148109e-02[39m
      5 Linear |R| = [32m5.018071e-02[39m
      6 Linear |R| = [32m2.975282e-02[39m
      7 Linear |R| = [32m2.075455e-02[39m
      8 Linear |R| = [32m1.314483e-02[39m
      9 Linear |R| = [32m8.586571e-03[39m
     10 Linear |R| = [32m4.897706e-03[39m
     11 Linear |R| = [32m3.469902e-03[39m
     12 Linear |R| = [32m2.307075e-03[39m
     13 Linear |R| = [32m1.664051e-03[39m
     14 Linear |R| = [32m1.056739e-03[39m
     15 Linear |R| = [32m7.600431e-04[39m
     16 Linear |R| = [32m5.354985e-04[39m
     17 Linear |R| = [32m4.003025e-04[39m
     18 Linear |R| = [32m3.159453e-04[39m
     19 Linear |R| = [32m2.246736e-04[39m
     20 Linear |R| = [32m1.875727e-04[39m
     21 Linear |R| = [32m1.257048e-04[39m
     22 Linear |R| = [32m1.053534e-04[39m
     23 Linear |R| = [32m8.296052e-05[39m
     24 Linear |R| = [32m7.749183e-05[39m
     25 Linear |R| = [32m5.918826e-05[39m
 1 Nonlinear |R| = [32m2.272280e-01[39m
      0 Linear |R| = [32m2.272280e-01[39m
      1 Linear |R| = [32m2.639156e-02[39m
      2 Linear |R| = [32m1.096520e-02[39m
      3 Linear |R| = [32m4.503724e-03[39m
      4 Linear |R| = [32m2.096679e-03[39m
      5 Linear |R| = [32m9.273734e-04[39m
      6 Linear |R| = [32m4.415649e-04[39m
      7 Linear |R| = [32m2.742797e-04[39m
      8 Linear |R| = [32m1.849666e-04[39m
      9 Linear |R| = [32m1.450835e-04[39m
     10 Linear |R| = [32m9.128119e-05[39m
     11 Linear |R| = [32m6.826729e-05[39m
     12 Linear |R| = [32m5.016807e-05[39m
     13 Linear |R| = [32m4.044723e-05[39m
     14 Linear |R| = [32m3.250656e-05[39m
     15 Linear |R| = [32m2.707873e-05[39m
     16 Linear |R| = [32m2.432398e-05[39m
     17 Linear |R| = [32m2.255943e-05[39m
     18 Linear |R| = [32m2.026633e-05[39m
     19 Linear |R| = [32m1.782630e-05[39m
     20 Linear |R| = [32m1.623201e-05[39m
     21 Linear |R| = [32m1.492728e-05[39m
     22 Linear |R| = [32m1.340655e-05[39m
     23 Linear |R| = [32m1.174912e-05[39m
     24 Linear |R| = [32m1.050935e-05[39m
     25 Linear |R| = [32m9.617264e-06[39m
     26 Linear |R| = [33m9.142563e-06[39m
     27 Linear |R| = [32m8.498264e-06[39m
     28 Linear |R| = [32m8.013762e-06[39m
     29 Linear |R| = [32m7.378687e-06[39m
     30 Linear |R| = [32m6.590153e-06[39m
     31 Linear |R| = [32m6.250068e-06[39m
     32 Linear |R| = [32m5.808697e-06[39m
     33 Linear |R| = [33m5.554321e-06[39m
     34 Linear |R| = [32m5.216770e-06[39m
     35 Linear |R| = [32m4.925589e-06[39m
     36 Linear |R| = [32m4.590406e-06[39m
     37 Linear |R| = [32m4.360633e-06[39m
     38 Linear |R| = [32m4.028259e-06[39m
     39 Linear |R| = [32m3.775195e-06[39m
     40 Linear |R| = [32m3.392585e-06[39m
     41 Linear |R| = [32m3.010511e-06[39m
     42 Linear |R| = [32m2.644248e-06[39m
     43 Linear |R| = [32m2.440463e-06[39m
     44 Linear |R| = [32m2.287834e-06[39m
     45 Linear |R| = [32m2.169165e-06[39m
 2 Nonlinear |R| = [32m4.430624e-05[39m
[32m Solve Converged![39m
  Finished Solving                                                                       [[33m 33.40 s[39m] [[33m  465 MB[39m]

Outlier Variable Residual Norms:
  disp_y: [31m4.374781e-05[39m

Postprocessor Values:
+----------------+----------------+----------------+----------------+
| time           | damage_max     | load_disp_x    | vonmises_max   |
+----------------+----------------+----------------+----------------+
|   0.000000e+00 |   0.000000e+00 |   0.000000e+00 |   0.000000e+00 |
|   2.000000e-01 |   0.000000e+00 |   3.200000e+00 |   1.953598e+01 |
|   4.000000e-01 |   0.000000e+00 |   6.400000e+00 |   3.904727e+01 |
|   6.000000e-01 |   0.000000e+00 |   9.600000e+00 |   5.853459e+01 |
|   8.000000e-01 |   0.000000e+00 |   1.280000e+01 |   7.799784e+01 |
|   1.000000e+00 |   0.000000e+00 |   1.600000e+01 |   9.743719e+01 |
|   1.200000e+00 |   1.000000e-02 |   1.280000e+01 |   7.829324e+01 |
|   1.400000e+00 |   2.000000e-02 |   9.600000e+00 |   5.928482e+01 |
+----------------+----------------+----------------+----------------+


Time Step 8, time = 1.6, dt = 0.2
 0 Nonlinear |R| = [32m6.314897e+00[39m
      0 Linear |R| = [32m6.314897e+00[39m
      1 Linear |R| = [32m1.452051e+00[39m
      2 Linear |R| = [32m4.257176e-01[39m
      3 Linear |R| = [32m1.774065e-01[39m
      4 Linear |R| = [32m8.157144e-02[39m
      5 Linear |R| = [32m5.026832e-02[39m
      6 Linear |R| = [32m2.978090e-02[39m
      7 Linear |R| = [32m2.077076e-02[39m
      8 Linear |R| = [32m1.316807e-02[39m
      9 Linear |R| = [32m8.615107e-03[39m
     10 Linear |R| = [32m4.915453e-03[39m
     11 Linear |R| = [32m3.483846e-03[39m
     12 Linear |R| = [32m2.313899e-03[39m
     13 Linear |R| = [32m1.671817e-03[39m
     14 Linear |R| = [32m1.063061e-03[39m
     15 Linear |R| = [32m7.660642e-04[39m
     16 Linear |R| = [32m5.393614e-04[39m
     17 Linear |R| = [32m4.029902e-04[39m
     18 Linear |R| = [32m3.177007e-04[39m
     19 Linear |R| = [32m2.259778e-04[39m
     20 Linear |R| = [32m1.887039e-04[39m
     21 Linear |R| = [32m1.262163e-04[39m
     22 Linear |R| = [32m1.055812e-04[39m
     23 Linear |R| = [32m8.313659e-05[39m
     24 Linear |R| = [32m7.767737e-05[39m
     25 Linear |R| = [32m5.945351e-05[39m
 1 Nonlinear |R| = [32m2.272285e-01[39m
      0 Linear |R| = [32m2.272285e-01[39m
      1 Linear |R| = [32m2.639567e-02[39m
      2 Linear |R| = [32m1.096827e-02[39m
      3 Linear |R| = [32m4.506287e-03[39m
      4 Linear |R| = [32m2.098466e-03[39m
      5 Linear |R| = [32m9.296978e-04[39m
      6 Linear |R| = [32m4.429395e-04[39m
      7 Linear |R| = [32m2.752597e-04[39m
      8 Linear |R| = [32m1.859161e-04[39m
      9 Linear |R| = [32m1.460056e-04[39m
     10 Linear |R| = [32m9.184830e-05[39m
     11 Linear |R| = [32m6.870096e-05[39m
     12 Linear |R| = [32m5.050394e-05[39m
     13 Linear |R| = [32m4.072673e-05[39m
     14 Linear |R| = [32m3.271501e-05[39m
     15 Linear |R| = [32m2.722468e-05[39m
     16 Linear |R| = [32m2.443172e-05[39m
     17 Linear |R| = [32m2.265539e-05[39m
     18 Linear |R| = [32m2.035219e-05[39m
     19 Linear |R| = [32m1.790710e-05[39m
     20 Linear |R| = [32m1.630314e-05[39m
     21 Linear |R| = [32m1.500127e-05[39m
     22 Linear |R| = [32m1.346785e-05[39m
     23 Linear |R| = [32m1.181543e-05[39m
     24 Linear |R| = [32m1.055906e-05[39m
     25 Linear |R| = [32m9.658078e-06[39m
     26 Linear |R| = [32m9.173257e-06[39m
     27 Linear |R| = [32m8.521826e-06[39m
     28 Linear |R| = [32m8.036219e-06[39m
     29 Linear |R| = [32m7.398766e-06[39m
     30 Linear |R| = [32m6.619270e-06[39m
     31 Linear |R| = [32m6.256002e-06[39m
     32 Linear |R| = [32m5.814389e-06[39m
     33 Linear |R| = [33m5.553843e-06[39m
     34 Linear |R| = [32m5.212383e-06[39m
     35 Linear |R| = [32m4.920732e-06[39m
     36 Linear |R| = [32m4.579211e-06[39m
     37 Linear |R| = [32m4.343077e-06[39m
     38 Linear |R| = [32m4.003475e-06[39m
     39 Linear |R| = [32m3.750020e-06[39m
     40 Linear |R| = [32m3.358075e-06[39m
     41 Linear |R| = [32m2.973040e-06[39m
     42 Linear |R| = [32m2.594398e-06[39m
     43 Linear |R| = [32m2.370373e-06[39m
     44 Linear |R| = [32m2.216767e-06[39m
 2 Nonlinear |R| = [32m4.437955e-05[39m
[32m Solve Converged![39m
  Finished Solving                                                                       [[33m 33.61 s[39m] [[33m  465 MB[39m]

Outlier Variable Residual Norms:
  disp_y: [31m4.381288e-05[39m

Postprocessor Values:
+----------------+----------------+----------------+----------------+
| time           | damage_max     | load_disp_x    | vonmises_max   |
+----------------+----------------+----------------+----------------+
|   0.000000e+00 |   0.000000e+00 |   0.000000e+00 |   0.000000e+00 |
|   2.000000e-01 |   0.000000e+00 |   3.200000e+00 |   1.953598e+01 |
|   4.000000e-01 |   0.000000e+00 |   6.400000e+00 |   3.904727e+01 |
|   6.000000e-01 |   0.000000e+00 |   9.600000e+00 |   5.853459e+01 |
|   8.000000e-01 |   0.000000e+00 |   1.280000e+01 |   7.799784e+01 |
|   1.000000e+00 |   0.000000e+00 |   1.600000e+01 |   9.743719e+01 |
|   1.200000e+00 |   1.000000e-02 |   1.280000e+01 |   7.829324e+01 |
|   1.400000e+00 |   2.000000e-02 |   9.600000e+00 |   5.928482e+01 |
|   1.600000e+00 |   3.000000e-02 |   6.400000e+00 |   4.041401e+01 |
+----------------+----------------+----------------+----------------+


Time Step 9, time = 1.8, dt = 0.2
 0 Nonlinear |R| = [32m6.314763e+00[39m
      0 Linear |R| = [32m6.314763e+00[39m
      1 Linear |R| = [32m1.452333e+00[39m
      2 Linear |R| = [32m4.258290e-01[39m
      3 Linear |R| = [32m1.775290e-01[39m
      4 Linear |R| = [32m8.166302e-02[39m
      5 Linear |R| = [32m5.035728e-02[39m
      6 Linear |R| = [32m2.980945e-02[39m
      7 Linear |R| = [32m2.078713e-02[39m
      8 Linear |R| = [32m1.319134e-02[39m
      9 Linear |R| = [32m8.644000e-03[39m
     10 Linear |R| = [32m4.933608e-03[39m
     11 Linear |R| = [32m3.498199e-03[39m
     12 Linear |R| = [32m2.320910e-03[39m
     13 Linear |R| = [32m1.679711e-03[39m
     14 Linear |R| = [32m1.069492e-03[39m
     15 Linear |R| = [32m7.722291e-04[39m
     16 Linear |R| = [32m5.433387e-04[39m
     17 Linear |R| = [32m4.057806e-04[39m
     18 Linear |R| = [32m3.195195e-04[39m
     19 Linear |R| = [32m2.273443e-04[39m
     20 Linear |R| = [32m1.898883e-04[39m
     21 Linear |R| = [32m1.267789e-04[39m
     22 Linear |R| = [32m1.058453e-04[39m
     23 Linear |R| = [32m8.334957e-05[39m
     24 Linear |R| = [32m7.789206e-05[39m
     25 Linear |R| = [32m5.975316e-05[39m
 1 Nonlinear |R| = [32m2.272272e-01[39m
      0 Linear |R| = [32m2.272272e-01[39m
      1 Linear |R| = [32m2.639979e-02[39m
      2 Linear |R| = [32m1.097077e-02[39m
      3 Linear |R| = [32m4.508414e-03[39m
      4 Linear |R| = [32m2.100185e-03[39m
      5 Linear |R| = [32m9.321335e-04[39m
      6 Linear |R| = [32m4.443778e-04[39m
      7 Linear |R| = [32m2.763641e-04[39m
      8 Linear |R| = [32m1.869562e-04[39m
      9 Linear |R| = [32m1.470029e-04[39m
     10 Linear |R| = [32m9.242623e-05[39m
     11 Linear |R| = [32m6.916251e-05[39m
     12 Linear |R| = [32m5.083982e-05[39m
     13 Linear |R| = [32m4.102048e-05[39m
     14 Linear |R| = [32m3.291364e-05[39m
     15 Linear |R| = [32m2.738351e-05[39m
     16 Linear |R| = [32m2.453845e-05[39m
     17 Linear |R| = [32m2.276515e-05[39m
     18 Linear |R| = [32m2.044513e-05[39m
     19 Linear |R| = [32m1.800636e-05[39m
     20 Linear |R| = [32m1.638964e-05[39m
     21 Linear |R| = [32m1.509262e-05[39m
     22 Linear |R| = [32m1.354743e-05[39m
     23 Linear |R| = [32m1.189855e-05[39m
     24 Linear |R| = [32m1.062624e-05[39m
     25 Linear |R| = [32m9.717531e-06[39m
     26 Linear |R| = [32m9.221498e-06[39m
     27 Linear |R| = [32m8.565969e-06[39m
     28 Linear |R| = [32m8.076078e-06[39m
     29 Linear |R| = [32m7.440026e-06[39m
     30 Linear |R| = [32m6.713068e-06[39m
     31 Linear |R| = [32m6.291053e-06[39m
     32 Linear |R| = [32m5.848454e-06[39m
     33 Linear |R| = [33m5.587501e-06[39m
     34 Linear |R| = [32m5.239774e-06[39m
     35 Linear |R| = [32m4.947437e-06[39m
     36 Linear |R| = [32m4.591547e-06[39m
     37 Linear |R| = [32m4.360389e-06[39m
     38 Linear |R| = [32m4.007281e-06[39m
     39 Linear |R| = [32m3.761144e-06[39m
     40 Linear |R| = [32m3.360148e-06[39m
     41 Linear |R| = [32m2.982279e-06[39m
     42 Linear |R| = [32m2.583074e-06[39m
     43 Linear |R| = [32m2.356761e-06[39m
     44 Linear |R| = [32m2.190188e-06[39m
 2 Nonlinear |R| = [32m4.432574e-05[39m
[32m Solve Converged![39m
  Finished Solving                                                                       [[33m 34.69 s[39m] [[33m  465 MB[39m]

Outlier Variable Residual Norms:
  disp_y: [31m4.375690e-05[39m

Postprocessor Values:
+----------------+----------------+----------------+----------------+
| time           | damage_max     | load_disp_x    | vonmises_max   |
+----------------+----------------+----------------+----------------+
|   0.000000e+00 |   0.000000e+00 |   0.000000e+00 |   0.000000e+00 |
|   2.000000e-01 |   0.000000e+00 |   3.200000e+00 |   1.953598e+01 |
|   4.000000e-01 |   0.000000e+00 |   6.400000e+00 |   3.904727e+01 |
|   6.000000e-01 |   0.000000e+00 |   9.600000e+00 |   5.853459e+01 |
|   8.000000e-01 |   0.000000e+00 |   1.280000e+01 |   7.799784e+01 |
|   1.000000e+00 |   0.000000e+00 |   1.600000e+01 |   9.743719e+01 |
|   1.200000e+00 |   1.000000e-02 |   1.280000e+01 |   7.829324e+01 |
|   1.400000e+00 |   2.000000e-02 |   9.600000e+00 |   5.928482e+01 |
|   1.600000e+00 |   3.000000e-02 |   6.400000e+00 |   4.041401e+01 |
|   1.800000e+00 |   4.000000e-02 |   3.200000e+00 |   2.168270e+01 |
+----------------+----------------+----------------+----------------+


Time Step 10, time = 2, dt = 0.2
 0 Nonlinear |R| = [32m6.314630e+00[39m
      0 Linear |R| = [32m6.314630e+00[39m
      1 Linear |R| = [32m1.452628e+00[39m
      2 Linear |R| = [32m4.259490e-01[39m
      3 Linear |R| = [32m1.776522e-01[39m
      4 Linear |R| = [32m8.175525e-02[39m
      5 Linear |R| = [32m5.044679e-02[39m
      6 Linear |R| = [32m2.983818e-02[39m
      7 Linear |R| = [32m2.080349e-02[39m
      8 Linear |R| = [32m1.321465e-02[39m
      9 Linear |R| = [32m8.673221e-03[39m
     10 Linear |R| = [32m4.952126e-03[39m
     11 Linear |R| = [32m3.512908e-03[39m
     12 Linear |R| = [32m2.328072e-03[39m
     13 Linear |R| = [32m1.687693e-03[39m
     14 Linear |R| = [32m1.075986e-03[39m
     15 Linear |R| = [32m7.784960e-04[39m
     16 Linear |R| = [32m5.473888e-04[39m
     17 Linear |R| = [32m4.086420e-04[39m
     18 Linear |R| = [32m3.213673e-04[39m
     19 Linear |R| = [32m2.287408e-04[39m
     20 Linear |R| = [32m1.910915e-04[39m
     21 Linear |R| = [32m1.273527e-04[39m
     22 Linear |R| = [32m1.061020e-04[39m
     23 Linear |R| = [32m8.354803e-05[39m
     24 Linear |R| = [32m7.808530e-05[39m
     25 Linear |R| = [32m6.002846e-05[39m
 1 Nonlinear |R| = [32m2.272376e-01[39m
      0 Linear |R| = [32m2.272376e-01[39m
      1 Linear |R| = [32m2.640486e-02[39m
      2 Linear |R| = [32m1.097382e-02[39m
      3 Linear |R| = [32m4.511129e-03[39m
      4 Linear |R| = [32m2.102015e-03[39m
      5 Linear |R| = [32m9.345326e-04[39m
      6 Linear |R| = [32m4.456759e-04[39m
      7 Linear |R| = [32m2.773346e-04[39m
      8 Linear |R| = [32m1.878769e-04[39m
      9 Linear |R| = [32m1.479320e-04[39m
     10 Linear |R| = [32m9.298583e-05[39m
     11 Linear |R| = [32m6.958210e-05[39m
     12 Linear |R| = [32m5.113725e-05[39m
     13 Linear |R| = [32m4.127080e-05[39m
     14 Linear |R| = [32m3.307683e-05[39m
     15 Linear |R| = [32m2.749642e-05[39m
     16 Linear |R| = [32m2.459978e-05[39m
     17 Linear |R| = [32m2.282605e-05[39m
     18 Linear |R| = [32m2.049744e-05[39m
     19 Linear |R| = [32m1.806113e-05[39m
     20 Linear |R| = [32m1.644109e-05[39m
     21 Linear |R| = [32m1.514457e-05[39m
     22 Linear |R| = [32m1.359612e-05[39m
     23 Linear |R| = [32m1.195100e-05[39m
     24 Linear |R| = [32m1.066861e-05[39m
     25 Linear |R| = [32m9.751690e-06[39m
     26 Linear |R| = [32m9.246297e-06[39m
     27 Linear |R| = [32m8.588155e-06[39m
     28 Linear |R| = [32m8.097716e-06[39m
     29 Linear |R| = [32m7.464359e-06[39m
     30 Linear |R| = [31m7.591115e-06[39m
     31 Linear |R| = [32m6.361928e-06[39m
     32 Linear |R| = [32m5.948154e-06[39m
     33 Linear |R| = [33m5.701384e-06[39m
     34 Linear |R| = [32m5.325293e-06[39m
     35 Linear |R| = [32m5.044876e-06[39m
     36 Linear |R| = [32m4.675956e-06[39m
     37 Linear |R| = [32m4.440171e-06[39m
     38 Linear |R| = [32m4.078441e-06[39m
     39 Linear |R| = [32m3.833118e-06[39m
     40 Linear |R| = [32m3.440411e-06[39m
     41 Linear |R| = [32m3.089944e-06[39m
     42 Linear |R| = [32m2.668739e-06[39m
     43 Linear |R| = [32m2.402460e-06[39m
     44 Linear |R| = [32m2.209484e-06[39m
 2 Nonlinear |R| = [32m4.449077e-05[39m
[32m Solve Converged![39m
  Finished Solving                                                                       [[33m 33.53 s[39m] [[33m  465 MB[39m]

Outlier Variable Residual Norms:
  disp_y: [31m4.385550e-05[39m

Postprocessor Values:
+----------------+----------------+----------------+----------------+
| time           | damage_max     | load_disp_x    | vonmises_max   |
+----------------+----------------+----------------+----------------+
|   0.000000e+00 |   0.000000e+00 |   0.000000e+00 |   0.000000e+00 |
|   2.000000e-01 |   0.000000e+00 |   3.200000e+00 |   1.953598e+01 |
|   4.000000e-01 |   0.000000e+00 |   6.400000e+00 |   3.904727e+01 |
|   6.000000e-01 |   0.000000e+00 |   9.600000e+00 |   5.853459e+01 |
|   8.000000e-01 |   0.000000e+00 |   1.280000e+01 |   7.799784e+01 |
|   1.000000e+00 |   0.000000e+00 |   1.600000e+01 |   9.743719e+01 |
|   1.200000e+00 |   1.000000e-02 |   1.280000e+01 |   7.829324e+01 |
|   1.400000e+00 |   2.000000e-02 |   9.600000e+00 |   5.928482e+01 |
|   1.600000e+00 |   3.000000e-02 |   6.400000e+00 |   4.041401e+01 |
|   1.800000e+00 |   4.000000e-02 |   3.200000e+00 |   2.168270e+01 |
|   2.000000e+00 |   5.000000e-02 |   3.552714e-15 |   6.589142e+00 |
+----------------+----------------+----------------+----------------+


Time Step 11, time = 2.2, dt = 0.2
 0 Nonlinear |R| = [32m6.314498e+00[39m
      0 Linear |R| = [32m6.314498e+00[39m
      1 Linear |R| = [32m1.453197e+00[39m
      2 Linear |R| = [32m4.261611e-01[39m
      3 Linear |R| = [32m1.778074e-01[39m
      4 Linear |R| = [32m8.187819e-02[39m
      5 Linear |R| = [32m5.056655e-02[39m
      6 Linear |R| = [32m2.987434e-02[39m
      7 Linear |R| = [32m2.082319e-02[39m
      8 Linear |R| = [32m1.324625e-02[39m
      9 Linear |R| = [32m8.713344e-03[39m
     10 Linear |R| = [32m4.978253e-03[39m
     11 Linear |R| = [32m3.533313e-03[39m
     12 Linear |R| = [32m2.337995e-03[39m
     13 Linear |R| = [32m1.698396e-03[39m
     14 Linear |R| = [32m1.084908e-03[39m
     15 Linear |R| = [32m7.870903e-04[39m
     16 Linear |R| = [32m5.529982e-04[39m
     17 Linear |R| = [32m4.125899e-04[39m
     18 Linear |R| = [32m3.238828e-04[39m
     19 Linear |R| = [32m2.306694e-04[39m
     20 Linear |R| = [32m1.927645e-04[39m
     21 Linear |R| = [32m1.281585e-04[39m
     22 Linear |R| = [32m1.064465e-04[39m
     23 Linear |R| = [32m8.379473e-05[39m
     24 Linear |R| = [32m7.832480e-05[39m
     25 Linear |R| = [32m6.038244e-05[39m
 1 Nonlinear |R| = [32m2.272661e-01[39m
      0 Linear |R| = [32m2.272661e-01[39m
      1 Linear |R| = [32m2.641654e-02[39m
      2 Linear |R| = [32m1.097783e-02[39m
      3 Linear |R| = [32m4.514145e-03[39m
      4 Linear |R| = [32m2.104019e-03[39m
      5 Linear |R| = [32m9.375413e-04[39m
      6 Linear |R| = [32m4.474311e-04[39m
      7 Linear |R| = [32m2.787697e-04[39m
      8 Linear |R| = [32m1.892071e-04[39m
      9 Linear |R| = [32m1.492419e-04[39m
     10 Linear |R| = [32m9.376743e-05[39m
     11 Linear |R| = [32m7.020846e-05[39m
     12 Linear |R| = [32m5.162057e-05[39m
     13 Linear |R| = [32m4.166878e-05[39m
     14 Linear |R| = [32m3.338947e-05[39m
     15 Linear |R| = [32m2.768253e-05[39m
     16 Linear |R| = [32m2.475352e-05[39m
     17 Linear |R| = [32m2.293450e-05[39m
     18 Linear |R| = [32m2.062343e-05[39m
     19 Linear |R| = [32m1.815309e-05[39m
     20 Linear |R| = [32m1.654511e-05[39m
     21 Linear |R| = [32m1.524286e-05[39m
     22 Linear |R| = [32m1.369576e-05[39m
     23 Linear |R| = [32m1.204889e-05[39m
     24 Linear |R| = [32m1.075909e-05[39m
     25 Linear |R| = [32m9.818641e-06[39m
     26 Linear |R| = [32m9.314992e-06[39m
     27 Linear |R| = [32m8.631019e-06[39m
     28 Linear |R| = [32m8.156610e-06[39m
     29 Linear |R| = [32m7.507936e-06[39m
     30 Linear |R| = [32m6.818299e-06[39m
     31 Linear |R| = [32m6.383647e-06[39m
     32 Linear |R| = [32m5.962296e-06[39m
     33 Linear |R| = [33m5.682274e-06[39m
     34 Linear |R| = [32m5.349657e-06[39m
     35 Linear |R| = [32m5.036408e-06[39m
     36 Linear |R| = [32m4.671885e-06[39m
     37 Linear |R| = [32m4.426848e-06[39m
     38 Linear |R| = [32m4.067613e-06[39m
     39 Linear |R| = [32m3.809311e-06[39m
     40 Linear |R| = [32m3.406217e-06[39m
     41 Linear |R| = [32m3.023384e-06[39m
     42 Linear |R| = [32m2.620757e-06[39m
     43 Linear |R| = [32m2.375279e-06[39m
     44 Linear |R| = [32m2.204521e-06[39m
 2 Nonlinear |R| = [32m4.440421e-05[39m
[32m Solve Converged![39m
  Finished Solving                                                                       [[33m 32.89 s[39m] [[33m  465 MB[39m]

Outlier Variable Residual Norms:
  disp_y: [31m4.383128e-05[39m

Postprocessor Values:
+----------------+----------------+----------------+----------------+
| time           | damage_max     | load_disp_x    | vonmises_max   |
+----------------+----------------+----------------+----------------+
|   0.000000e+00 |   0.000000e+00 |   0.000000e+00 |   0.000000e+00 |
|   2.000000e-01 |   0.000000e+00 |   3.200000e+00 |   1.953598e+01 |
|   4.000000e-01 |   0.000000e+00 |   6.400000e+00 |   3.904727e+01 |
|   6.000000e-01 |   0.000000e+00 |   9.600000e+00 |   5.853459e+01 |
|   8.000000e-01 |   0.000000e+00 |   1.280000e+01 |   7.799784e+01 |
|   1.000000e+00 |   0.000000e+00 |   1.600000e+01 |   9.743719e+01 |
|   1.200000e+00 |   1.000000e-02 |   1.280000e+01 |   7.829324e+01 |
|   1.400000e+00 |   2.000000e-02 |   9.600000e+00 |   5.928482e+01 |
|   1.600000e+00 |   3.000000e-02 |   6.400000e+00 |   4.041401e+01 |
|   1.800000e+00 |   4.000000e-02 |   3.200000e+00 |   2.168270e+01 |
|   2.000000e+00 |   5.000000e-02 |   3.552714e-15 |   6.589142e+00 |
|   2.200000e+00 |   6.400000e-02 |  -3.200000e+00 |   2.267556e+01 |
+----------------+----------------+----------------+----------------+


Time Step 12, time = 2.4, dt = 0.2
 0 Nonlinear |R| = [32m6.314368e+00[39m
      0 Linear |R| = [32m6.314368e+00[39m
      1 Linear |R| = [32m1.453706e+00[39m
      2 Linear |R| = [32m4.263593e-01[39m
      3 Linear |R| = [32m1.779795e-01[39m
      4 Linear |R| = [32m8.201053e-02[39m
      5 Linear |R| = [32m5.069298e-02[39m
      6 Linear |R| = [32m2.991376e-02[39m
      7 Linear |R| = [32m2.084462e-02[39m
      8 Linear |R| = [32m1.327819e-02[39m
      9 Linear |R| = [32m8.754677e-03[39m
     10 Linear |R| = [32m5.005428e-03[39m
     11 Linear |R| = [32m3.554926e-03[39m
     12 Linear |R| = [32m2.348580e-03[39m
     13 Linear |R| = [32m1.709762e-03[39m
     14 Linear |R| = [32m1.094273e-03[39m
     15 Linear |R| = [32m7.961734e-04[39m
     16 Linear |R| = [32m5.589740e-04[39m
     17 Linear |R| = [32m4.168422e-04[39m
     18 Linear |R| = [32m3.265990e-04[39m
     19 Linear |R| = [32m2.327266e-04[39m
     20 Linear |R| = [32m1.945444e-04[39m
     21 Linear |R| = [32m1.290282e-04[39m
     22 Linear |R| = [32m1.068337e-04[39m
     23 Linear |R| = [32m8.406658e-05[39m
     24 Linear |R| = [32m7.858016e-05[39m
     25 Linear |R| = [32m6.074603e-05[39m
 1 Nonlinear |R| = [32m2.272540e-01[39m
      0 Linear |R| = [32m2.272540e-01[39m
      1 Linear |R| = [32m2.641532e-02[39m
      2 Linear |R| = [32m1.098245e-02[39m
      3 Linear |R| = [32m4.516870e-03[39m
      4 Linear |R| = [32m2.105488e-03[39m
      5 Linear |R| = [32m9.398099e-04[39m
      6 Linear |R| = [32m4.490152e-04[39m
      7 Linear |R| = [32m2.799995e-04[39m
      8 Linear |R| = [32m1.904592e-04[39m
      9 Linear |R| = [32m1.504340e-04[39m
     10 Linear |R| = [32m9.450628e-05[39m
     11 Linear |R| = [32m7.080786e-05[39m
     12 Linear |R| = [32m5.204245e-05[39m
     13 Linear |R| = [32m4.204098e-05[39m
     14 Linear |R| = [32m3.362118e-05[39m
     15 Linear |R| = [32m2.787177e-05[39m
     16 Linear |R| = [32m2.486099e-05[39m
     17 Linear |R| = [32m2.305505e-05[39m
     18 Linear |R| = [32m2.070875e-05[39m
     19 Linear |R| = [32m1.824830e-05[39m
     20 Linear |R| = [32m1.662774e-05[39m
     21 Linear |R| = [32m1.532456e-05[39m
     22 Linear |R| = [32m1.377021e-05[39m
     23 Linear |R| = [32m1.213353e-05[39m
     24 Linear |R| = [32m1.082774e-05[39m
     25 Linear |R| = [32m9.885699e-06[39m
     26 Linear |R| = [32m9.362332e-06[39m
     27 Linear |R| = [32m8.682746e-06[39m
     28 Linear |R| = [32m8.202379e-06[39m
     29 Linear |R| = [32m7.560977e-06[39m
     30 Linear |R| = [32m6.817983e-06[39m
     31 Linear |R| = [32m6.434770e-06[39m
     32 Linear |R| = [32m6.002011e-06[39m
     33 Linear |R| = [33m5.732327e-06[39m
     34 Linear |R| = [32m5.389565e-06[39m
     35 Linear |R| = [32m5.077341e-06[39m
     36 Linear |R| = [32m4.709747e-06[39m
     37 Linear |R| = [32m4.459098e-06[39m
     38 Linear |R| = [32m4.095110e-06[39m
     39 Linear |R| = [32m3.833219e-06[39m
     40 Linear |R| = [32m3.438154e-06[39m
     41 Linear |R| = [32m3.050739e-06[39m
     42 Linear |R| = [32m2.644883e-06[39m
     43 Linear |R| = [32m2.405293e-06[39m
     44 Linear |R| = [32m2.232422e-06[39m
 2 Nonlinear |R| = [32m4.441736e-05[39m
[32m Solve Converged![39m
  Finished Solving                                                                       [[33m 32.78 s[39m] [[33m  465 MB[39m]

Outlier Variable Residual Norms:
  disp_y: [31m4.384733e-05[39m

Postprocessor Values:
+----------------+----------------+----------------+----------------+
| time           | damage_max     | load_disp_x    | vonmises_max   |
+----------------+----------------+----------------+----------------+
|   0.000000e+00 |   0.000000e+00 |   0.000000e+00 |   0.000000e+00 |
|   2.000000e-01 |   0.000000e+00 |   3.200000e+00 |   1.953598e+01 |
|   4.000000e-01 |   0.000000e+00 |   6.400000e+00 |   3.904727e+01 |
|   6.000000e-01 |   0.000000e+00 |   9.600000e+00 |   5.853459e+01 |
|   8.000000e-01 |   0.000000e+00 |   1.280000e+01 |   7.799784e+01 |
|   1.000000e+00 |   0.000000e+00 |   1.600000e+01 |   9.743719e+01 |
|   1.200000e+00 |   1.000000e-02 |   1.280000e+01 |   7.829324e+01 |
|   1.400000e+00 |   2.000000e-02 |   9.600000e+00 |   5.928482e+01 |
|   1.600000e+00 |   3.000000e-02 |   6.400000e+00 |   4.041401e+01 |
|   1.800000e+00 |   4.000000e-02 |   3.200000e+00 |   2.168270e+01 |
|   2.000000e+00 |   5.000000e-02 |   3.552714e-15 |   6.589142e+00 |
|   2.200000e+00 |   6.400000e-02 |  -3.200000e+00 |   2.267556e+01 |
|   2.400000e+00 |   7.800000e-02 |  -6.400000e+00 |   3.969697e+01 |
+----------------+----------------+----------------+----------------+


Time Step 13, time = 2.6, dt = 0.2
 0 Nonlinear |R| = [32m6.314240e+00[39m
      0 Linear |R| = [32m6.314240e+00[39m
      1 Linear |R| = [32m1.454246e+00[39m
      2 Linear |R| = [32m4.265652e-01[39m
      3 Linear |R| = [32m1.781533e-01[39m
      4 Linear |R| = [32m8.214480e-02[39m
      5 Linear |R| = [32m5.082211e-02[39m
      6 Linear |R| = [32m2.995426e-02[39m
      7 Linear |R| = [32m2.086644e-02[39m
      8 Linear |R| = [32m1.331014e-02[39m
      9 Linear |R| = [32m8.796692e-03[39m
     10 Linear |R| = [32m5.033313e-03[39m
     11 Linear |R| = [32m3.577445e-03[39m
     12 Linear |R| = [32m2.359550e-03[39m
     13 Linear |R| = [32m1.721455e-03[39m
     14 Linear |R| = [32m1.103829e-03[39m
     15 Linear |R| = [32m8.055355e-04[39m
     16 Linear |R| = [32m5.651646e-04[39m
     17 Linear |R| = [32m4.212816e-04[39m
     18 Linear |R| = [32m3.294152e-04[39m
     19 Linear |R| = [32m2.348674e-04[39m
     20 Linear |R| = [32m1.963929e-04[39m
     21 Linear |R| = [32m1.299594e-04[39m
     22 Linear |R| = [32m1.072557e-04[39m
     23 Linear |R| = [32m8.436783e-05[39m
     24 Linear |R| = [32m7.885295e-05[39m
     25 Linear |R| = [32m6.113626e-05[39m
 1 Nonlinear |R| = [32m2.272177e-01[39m
      0 Linear |R| = [32m2.272177e-01[39m
      1 Linear |R| = [32m2.641625e-02[39m
      2 Linear |R| = [32m1.098565e-02[39m
      3 Linear |R| = [32m4.519647e-03[39m
      4 Linear |R| = [32m2.107511e-03[39m
      5 Linear |R| = [32m9.422703e-04[39m
      6 Linear |R| = [32m4.506924e-04[39m
      7 Linear |R| = [32m2.814952e-04[39m
      8 Linear |R| = [32m1.919223e-04[39m
      9 Linear |R| = [32m1.517496e-04[39m
     10 Linear |R| = [32m9.533953e-05[39m
     11 Linear |R| = [32m7.147025e-05[39m
     12 Linear |R| = [32m5.254723e-05[39m
     13 Linear |R| = [32m4.245839e-05[39m
     14 Linear |R| = [32m3.391797e-05[39m
     15 Linear |R| = [32m2.806987e-05[39m
     16 Linear |R| = [32m2.499806e-05[39m
     17 Linear |R| = [32m2.317311e-05[39m
     18 Linear |R| = [32m2.081552e-05[39m
     19 Linear |R| = [32m1.834231e-05[39m
     20 Linear |R| = [32m1.672219e-05[39m
     21 Linear |R| = [32m1.541396e-05[39m
     22 Linear |R| = [32m1.385949e-05[39m
     23 Linear |R| = [32m1.222550e-05[39m
     24 Linear |R| = [32m1.090948e-05[39m
     25 Linear |R| = [32m9.955399e-06[39m
     26 Linear |R| = [32m9.422595e-06[39m
     27 Linear |R| = [32m8.734086e-06[39m
     28 Linear |R| = [32m8.257688e-06[39m
     29 Linear |R| = [32m7.612720e-06[39m
     30 Linear |R| = [32m6.871659e-06[39m
     31 Linear |R| = [32m6.498569e-06[39m
     32 Linear |R| = [32m6.076354e-06[39m
     33 Linear |R| = [33m5.797485e-06[39m
     34 Linear |R| = [32m5.460860e-06[39m
     35 Linear |R| = [32m5.138746e-06[39m
     36 Linear |R| = [32m4.773966e-06[39m
     37 Linear |R| = [32m4.508776e-06[39m
     38 Linear |R| = [32m4.147254e-06[39m
     39 Linear |R| = [32m3.876572e-06[39m
     40 Linear |R| = [32m3.486464e-06[39m
     41 Linear |R| = [32m3.093877e-06[39m
     42 Linear |R| = [32m2.691780e-06[39m
     43 Linear |R| = [32m2.440122e-06[39m
     44 Linear |R| = [32m2.272928e-06[39m
     45 Linear |R| = [32m2.131336e-06[39m
 2 Nonlinear |R| = [32m4.435992e-05[39m
[32m Solve Converged![39m
  Finished Solving                                                                       [[33m 33.77 s[39m] [[33m  465 MB[39m]

Outlier Variable Residual Norms:
  disp_y: [31m4.379661e-05[39m

Postprocessor Values:
+----------------+----------------+----------------+----------------+
| time           | damage_max     | load_disp_x    | vonmises_max   |
+----------------+----------------+----------------+----------------+
|   0.000000e+00 |   0.000000e+00 |   0.000000e+00 |   0.000000e+00 |
|   2.000000e-01 |   0.000000e+00 |   3.200000e+00 |   1.953598e+01 |
|   4.000000e-01 |   0.000000e+00 |   6.400000e+00 |   3.904727e+01 |
|   6.000000e-01 |   0.000000e+00 |   9.600000e+00 |   5.853459e+01 |
|   8.000000e-01 |   0.000000e+00 |   1.280000e+01 |   7.799784e+01 |
|   1.000000e+00 |   0.000000e+00 |   1.600000e+01 |   9.743719e+01 |
|   1.200000e+00 |   1.000000e-02 |   1.280000e+01 |   7.829324e+01 |
|   1.400000e+00 |   2.000000e-02 |   9.600000e+00 |   5.928482e+01 |
|   1.600000e+00 |   3.000000e-02 |   6.400000e+00 |   4.041401e+01 |
|   1.800000e+00 |   4.000000e-02 |   3.200000e+00 |   2.168270e+01 |
|   2.000000e+00 |   5.000000e-02 |   3.552714e-15 |   6.589142e+00 |
|   2.200000e+00 |   6.400000e-02 |  -3.200000e+00 |   2.267556e+01 |
|   2.400000e+00 |   7.800000e-02 |  -6.400000e+00 |   3.969697e+01 |
|   2.600000e+00 |   9.200000e-02 |  -9.600000e+00 |   5.760912e+01 |
+----------------+----------------+----------------+----------------+


Time Step 14, time = 2.8, dt = 0.2
 0 Nonlinear |R| = [32m6.314114e+00[39m
      0 Linear |R| = [32m6.314114e+00[39m
      1 Linear |R| = [32m1.454803e+00[39m
      2 Linear |R| = [32m4.267787e-01[39m
      3 Linear |R| = [32m1.783283e-01[39m
      4 Linear |R| = [32m8.228069e-02[39m
      5 Linear |R| = [32m5.095321e-02[39m
      6 Linear |R| = [32m2.999534e-02[39m
      7 Linear |R| = [32m2.088836e-02[39m
      8 Linear |R| = [32m1.334202e-02[39m
      9 Linear |R| = [32m8.839296e-03[39m
     10 Linear |R| = [32m5.062013e-03[39m
     11 Linear |R| = [32m3.600787e-03[39m
     12 Linear |R| = [32m2.370916e-03[39m
     13 Linear |R| = [32m1.733395e-03[39m
     14 Linear |R| = [32m1.113558e-03[39m
     15 Linear |R| = [32m8.151340e-04[39m
     16 Linear |R| = [32m5.715425e-04[39m
     17 Linear |R| = [32m4.258962e-04[39m
     18 Linear |R| = [32m3.323140e-04[39m
     19 Linear |R| = [32m2.370890e-04[39m
     20 Linear |R| = [32m1.983051e-04[39m
     21 Linear |R| = [32m1.309412e-04[39m
     22 Linear |R| = [32m1.076989e-04[39m
     23 Linear |R| = [32m8.467254e-05[39m
     24 Linear |R| = [32m7.911615e-05[39m
     25 Linear |R| = [32m6.151294e-05[39m
 1 Nonlinear |R| = [32m2.272041e-01[39m
      0 Linear |R| = [32m2.272041e-01[39m
      1 Linear |R| = [32m2.641839e-02[39m
      2 Linear |R| = [32m1.098936e-02[39m
      3 Linear |R| = [32m4.522566e-03[39m
      4 Linear |R| = [32m2.109454e-03[39m
      5 Linear |R| = [32m9.448778e-04[39m
      6 Linear |R| = [32m4.524297e-04[39m
      7 Linear |R| = [32m2.830602e-04[39m
      8 Linear |R| = [32m1.934349e-04[39m
      9 Linear |R| = [32m1.531219e-04[39m
     10 Linear |R| = [32m9.615987e-05[39m
     11 Linear |R| = [32m7.210920e-05[39m
     12 Linear |R| = [32m5.299933e-05[39m
     13 Linear |R| = [32m4.282978e-05[39m
     14 Linear |R| = [32m3.415319e-05[39m
     15 Linear |R| = [32m2.821723e-05[39m
     16 Linear |R| = [32m2.506878e-05[39m
     17 Linear |R| = [32m2.323475e-05[39m
     18 Linear |R| = [32m2.085887e-05[39m
     19 Linear |R| = [32m1.838454e-05[39m
     20 Linear |R| = [32m1.675855e-05[39m
     21 Linear |R| = [32m1.545127e-05[39m
     22 Linear |R| = [32m1.389514e-05[39m
     23 Linear |R| = [32m1.226807e-05[39m
     24 Linear |R| = [32m1.094361e-05[39m
     25 Linear |R| = [32m9.981140e-06[39m
     26 Linear |R| = [32m9.438970e-06[39m
     27 Linear |R| = [32m8.747240e-06[39m
     28 Linear |R| = [32m8.274493e-06[39m
     29 Linear |R| = [32m7.634383e-06[39m
     30 Linear |R| = [32m6.893595e-06[39m
     31 Linear |R| = [32m6.541102e-06[39m
     32 Linear |R| = [32m6.122614e-06[39m
     33 Linear |R| = [33m5.844768e-06[39m
     34 Linear |R| = [32m5.511821e-06[39m
     35 Linear |R| = [32m5.184494e-06[39m
     36 Linear |R| = [32m4.813859e-06[39m
     37 Linear |R| = [32m4.543056e-06[39m
     38 Linear |R| = [32m4.181072e-06[39m
     39 Linear |R| = [32m3.904454e-06[39m
     40 Linear |R| = [32m3.522284e-06[39m
     41 Linear |R| = [32m3.128397e-06[39m
     42 Linear |R| = [32m2.726597e-06[39m
     43 Linear |R| = [32m2.473280e-06[39m
     44 Linear |R| = [32m2.304346e-06[39m
     45 Linear |R| = [32m2.161212e-06[39m
 2 Nonlinear |R| = [32m4.436380e-05[39m
[32m Solve Converged![39m
  Finished Solving                                                                       [[33m 33.66 s[39m] [[33m  465 MB[39m]

Outlier Variable Residual Norms:
  disp_y: [31m4.380032e-05[39m

Postprocessor Values:
+----------------+----------------+----------------+----------------+
| time           | damage_max     | load_disp_x    | vonmises_max   |
+----------------+----------------+----------------+----------------+
|   0.000000e+00 |   0.000000e+00 |   0.000000e+00 |   0.000000e+00 |
|   2.000000e-01 |   0.000000e+00 |   3.200000e+00 |   1.953598e+01 |
|   4.000000e-01 |   0.000000e+00 |   6.400000e+00 |   3.904727e+01 |
|   6.000000e-01 |   0.000000e+00 |   9.600000e+00 |   5.853459e+01 |
|   8.000000e-01 |   0.000000e+00 |   1.280000e+01 |   7.799784e+01 |
|   1.000000e+00 |   0.000000e+00 |   1.600000e+01 |   9.743719e+01 |
|   1.200000e+00 |   1.000000e-02 |   1.280000e+01 |   7.829324e+01 |
|   1.400000e+00 |   2.000000e-02 |   9.600000e+00 |   5.928482e+01 |
|   1.600000e+00 |   3.000000e-02 |   6.400000e+00 |   4.041401e+01 |
|   1.800000e+00 |   4.000000e-02 |   3.200000e+00 |   2.168270e+01 |
|   2.000000e+00 |   5.000000e-02 |   3.552714e-15 |   6.589142e+00 |
|   2.200000e+00 |   6.400000e-02 |  -3.200000e+00 |   2.267556e+01 |
|   2.400000e+00 |   7.800000e-02 |  -6.400000e+00 |   3.969697e+01 |
|   2.600000e+00 |   9.200000e-02 |  -9.600000e+00 |   5.760912e+01 |
|   2.800000e+00 |   1.060000e-01 |  -1.280000e+01 |   7.525888e+01 |
+----------------+----------------+----------------+----------------+


Time Step 15, time = 3, dt = 0.2
 0 Nonlinear |R| = [32m6.313991e+00[39m
      0 Linear |R| = [32m6.313991e+00[39m
      1 Linear |R| = [32m1.455373e+00[39m
      2 Linear |R| = [32m4.269995e-01[39m
      3 Linear |R| = [32m1.785037e-01[39m
      4 Linear |R| = [32m8.241804e-02[39m
      5 Linear |R| = [32m5.108608e-02[39m
      6 Linear |R| = [32m3.003687e-02[39m
      7 Linear |R| = [32m2.091008e-02[39m
      8 Linear |R| = [32m1.337363e-02[39m
      9 Linear |R| = [32m8.882306e-03[39m
     10 Linear |R| = [32m5.091399e-03[39m
     11 Linear |R| = [32m3.624951e-03[39m
     12 Linear |R| = [32m2.382674e-03[39m
     13 Linear |R| = [32m1.745606e-03[39m
     14 Linear |R| = [32m1.123494e-03[39m
     15 Linear |R| = [32m8.249857e-04[39m
     16 Linear |R| = [32m5.781556e-04[39m
     17 Linear |R| = [32m4.307084e-04[39m
     18 Linear |R| = [32m3.353430e-04[39m
     19 Linear |R| = [32m2.394066e-04[39m
     20 Linear |R| = [32m2.003101e-04[39m
     21 Linear |R| = [32m1.320002e-04[39m
     22 Linear |R| = [32m1.081998e-04[39m
     23 Linear |R| = [32m8.502038e-05[39m
     24 Linear |R| = [32m7.941068e-05[39m
     25 Linear |R| = [32m6.192489e-05[39m
 1 Nonlinear |R| = [32m2.271971e-01[39m
      0 Linear |R| = [32m2.271971e-01[39m
      1 Linear |R| = [32m2.642235e-02[39m
      2 Linear |R| = [32m1.099306e-02[39m
      3 Linear |R| = [32m4.525651e-03[39m
      4 Linear |R| = [32m2.111630e-03[39m
      5 Linear |R| = [32m9.475005e-04[39m
      6 Linear |R| = [32m4.541013e-04[39m
      7 Linear |R| = [32m2.845297e-04[39m
      8 Linear |R| = [32m1.948835e-04[39m
      9 Linear |R| = [32m1.544728e-04[39m
     10 Linear |R| = [32m9.699772e-05[39m
     11 Linear |R| = [32m7.278619e-05[39m
     12 Linear |R| = [32m5.349433e-05[39m
     13 Linear |R| = [32m4.325172e-05[39m
     14 Linear |R| = [32m3.443883e-05[39m
     15 Linear |R| = [32m2.841717e-05[39m
     16 Linear |R| = [32m2.519458e-05[39m
     17 Linear |R| = [32m2.334949e-05[39m
     18 Linear |R| = [32m2.095455e-05[39m
     19 Linear |R| = [32m1.847436e-05[39m
     20 Linear |R| = [32m1.684484e-05[39m
     21 Linear |R| = [32m1.553633e-05[39m
     22 Linear |R| = [32m1.397890e-05[39m
     23 Linear |R| = [32m1.235784e-05[39m
     24 Linear |R| = [32m1.102323e-05[39m
     25 Linear |R| = [32m1.005166e-05[39m
     26 Linear |R| = [32m9.498915e-06[39m
     27 Linear |R| = [32m8.800465e-06[39m
     28 Linear |R| = [32m8.329122e-06[39m
     29 Linear |R| = [32m7.688921e-06[39m
     30 Linear |R| = [32m6.958970e-06[39m
     31 Linear |R| = [33m6.611565e-06[39m
     32 Linear |R| = [32m6.200238e-06[39m
     33 Linear |R| = [33m5.917794e-06[39m
     34 Linear |R| = [32m5.585980e-06[39m
     35 Linear |R| = [32m5.248981e-06[39m
     36 Linear |R| = [32m4.878741e-06[39m
     37 Linear |R| = [32m4.600348e-06[39m
     38 Linear |R| = [32m4.232331e-06[39m
     39 Linear |R| = [32m3.949265e-06[39m
     40 Linear |R| = [32m3.574839e-06[39m
     41 Linear |R| = [32m3.179421e-06[39m
     42 Linear |R| = [32m2.776856e-06[39m
     43 Linear |R| = [32m2.520535e-06[39m
     44 Linear |R| = [32m2.349901e-06[39m
     45 Linear |R| = [32m2.204298e-06[39m
 2 Nonlinear |R| = [32m4.439074e-05[39m
[32m Solve Converged![39m
  Finished Solving                                                                       [[33m 35.14 s[39m] [[33m  465 MB[39m]

Outlier Variable Residual Norms:
  disp_y: [31m4.382594e-05[39m

Postprocessor Values:
+----------------+----------------+----------------+----------------+
| time           | damage_max     | load_disp_x    | vonmises_max   |
+----------------+----------------+----------------+----------------+
:                :                :                :                :
|   2.000000e-01 |   0.000000e+00 |   3.200000e+00 |   1.953598e+01 |
|   4.000000e-01 |   0.000000e+00 |   6.400000e+00 |   3.904727e+01 |
|   6.000000e-01 |   0.000000e+00 |   9.600000e+00 |   5.853459e+01 |
|   8.000000e-01 |   0.000000e+00 |   1.280000e+01 |   7.799784e+01 |
|   1.000000e+00 |   0.000000e+00 |   1.600000e+01 |   9.743719e+01 |
|   1.200000e+00 |   1.000000e-02 |   1.280000e+01 |   7.829324e+01 |
|   1.400000e+00 |   2.000000e-02 |   9.600000e+00 |   5.928482e+01 |
|   1.600000e+00 |   3.000000e-02 |   6.400000e+00 |   4.041401e+01 |
|   1.800000e+00 |   4.000000e-02 |   3.200000e+00 |   2.168270e+01 |
|   2.000000e+00 |   5.000000e-02 |   3.552714e-15 |   6.589142e+00 |
|   2.200000e+00 |   6.400000e-02 |  -3.200000e+00 |   2.267556e+01 |
|   2.400000e+00 |   7.800000e-02 |  -6.400000e+00 |   3.969697e+01 |
|   2.600000e+00 |   9.200000e-02 |  -9.600000e+00 |   5.760912e+01 |
|   2.800000e+00 |   1.060000e-01 |  -1.280000e+01 |   7.525888e+01 |
|   3.000000e+00 |   1.200000e-01 |  -1.600000e+01 |   9.264342e+01 |
+----------------+----------------+----------------+----------------+


Time Step 16, time = 3.2, dt = 0.2
 0 Nonlinear |R| = [32m6.315124e+00[39m
      0 Linear |R| = [32m6.315124e+00[39m
      1 Linear |R| = [32m1.459745e+00[39m
      2 Linear |R| = [32m4.275452e-01[39m
      3 Linear |R| = [32m1.780527e-01[39m
      4 Linear |R| = [32m8.214078e-02[39m
      5 Linear |R| = [32m5.089488e-02[39m
      6 Linear |R| = [32m2.991318e-02[39m
      7 Linear |R| = [32m2.083484e-02[39m
      8 Linear |R| = [32m1.336482e-02[39m
      9 Linear |R| = [32m8.875302e-03[39m
     10 Linear |R| = [32m5.097829e-03[39m
     11 Linear |R| = [32m3.621811e-03[39m
     12 Linear |R| = [32m2.378480e-03[39m
     13 Linear |R| = [32m1.736926e-03[39m
     14 Linear |R| = [32m1.120164e-03[39m
     15 Linear |R| = [32m8.220747e-04[39m
     16 Linear |R| = [32m5.756897e-04[39m
     17 Linear |R| = [32m4.291599e-04[39m
     18 Linear |R| = [32m3.322693e-04[39m
     19 Linear |R| = [32m2.384956e-04[39m
     20 Linear |R| = [32m1.994317e-04[39m
     21 Linear |R| = [32m1.312108e-04[39m
     22 Linear |R| = [32m1.070220e-04[39m
     23 Linear |R| = [32m8.320976e-05[39m
     24 Linear |R| = [32m7.787727e-05[39m
     25 Linear |R| = [32m5.984658e-05[39m
 1 Nonlinear |R| = [32m2.271738e-01[39m
      0 Linear |R| = [32m2.271738e-01[39m
      1 Linear |R| = [32m2.638056e-02[39m
      2 Linear |R| = [32m1.096771e-02[39m
      3 Linear |R| = [32m4.504849e-03[39m
      4 Linear |R| = [32m2.099533e-03[39m
      5 Linear |R| = [32m9.352794e-04[39m
      6 Linear |R| = [32m4.487074e-04[39m
      7 Linear |R| = [32m2.872188e-04[39m
      8 Linear |R| = [32m1.945409e-04[39m
      9 Linear |R| = [32m1.561875e-04[39m
     10 Linear |R| = [32m9.519922e-05[39m
     11 Linear |R| = [32m7.360536e-05[39m
     12 Linear |R| = [32m5.209884e-05[39m
     13 Linear |R| = [32m4.300347e-05[39m
     14 Linear |R| = [32m3.329619e-05[39m
     15 Linear |R| = [32m2.770277e-05[39m
     16 Linear |R| = [32m2.426339e-05[39m
     17 Linear |R| = [32m2.246022e-05[39m
     18 Linear |R| = [32m2.012426e-05[39m
     19 Linear |R| = [32m1.765487e-05[39m
     20 Linear |R| = [32m1.614538e-05[39m
     21 Linear |R| = [32m1.480780e-05[39m
     22 Linear |R| = [32m1.329735e-05[39m
     23 Linear |R| = [32m1.171490e-05[39m
     24 Linear |R| = [32m1.025526e-05[39m
     25 Linear |R| = [32m9.305272e-06[39m
     26 Linear |R| = [32m8.688641e-06[39m
     27 Linear |R| = [32m8.043843e-06[39m
     28 Linear |R| = [32m7.620264e-06[39m
     29 Linear |R| = [32m7.080713e-06[39m
     30 Linear |R| = [32m6.505302e-06[39m
     31 Linear |R| = [33m6.287901e-06[39m
     32 Linear |R| = [32m5.865339e-06[39m
     33 Linear |R| = [33m5.652293e-06[39m
     34 Linear |R| = [32m5.305699e-06[39m
     35 Linear |R| = [32m4.988868e-06[39m
     36 Linear |R| = [32m4.557878e-06[39m
     37 Linear |R| = [32m4.308494e-06[39m
     38 Linear |R| = [32m3.868743e-06[39m
     39 Linear |R| = [32m3.659858e-06[39m
     40 Linear |R| = [32m3.245809e-06[39m
     41 Linear |R| = [32m2.917821e-06[39m
     42 Linear |R| = [32m2.516887e-06[39m
     43 Linear |R| = [32m2.263751e-06[39m
 2 Nonlinear |R| = [32m4.428412e-05[39m
[32m Solve Converged![39m
  Finished Solving                                                                       [[33m 34.16 s[39m] [[33m  465 MB[39m]

Outlier Variable Residual Norms:
  disp_y: [31m4.371657e-05[39m

Postprocessor Values:
+----------------+----------------+----------------+----------------+
| time           | damage_max     | load_disp_x    | vonmises_max   |
+----------------+----------------+----------------+----------------+
:                :                :                :                :
|   4.000000e-01 |   0.000000e+00 |   6.400000e+00 |   3.904727e+01 |
|   6.000000e-01 |   0.000000e+00 |   9.600000e+00 |   5.853459e+01 |
|   8.000000e-01 |   0.000000e+00 |   1.280000e+01 |   7.799784e+01 |
|   1.000000e+00 |   0.000000e+00 |   1.600000e+01 |   9.743719e+01 |
|   1.200000e+00 |   1.000000e-02 |   1.280000e+01 |   7.829324e+01 |
|   1.400000e+00 |   2.000000e-02 |   9.600000e+00 |   5.928482e+01 |
|   1.600000e+00 |   3.000000e-02 |   6.400000e+00 |   4.041401e+01 |
|   1.800000e+00 |   4.000000e-02 |   3.200000e+00 |   2.168270e+01 |
|   2.000000e+00 |   5.000000e-02 |   3.552714e-15 |   6.589142e+00 |
|   2.200000e+00 |   6.400000e-02 |  -3.200000e+00 |   2.267556e+01 |
|   2.400000e+00 |   7.800000e-02 |  -6.400000e+00 |   3.969697e+01 |
|   2.600000e+00 |   9.200000e-02 |  -9.600000e+00 |   5.760912e+01 |
|   2.800000e+00 |   1.060000e-01 |  -1.280000e+01 |   7.525888e+01 |
|   3.000000e+00 |   1.200000e-01 |  -1.600000e+01 |   9.264342e+01 |
|   3.200000e+00 |   1.320000e-01 |  -1.280000e+01 |   7.438660e+01 |
+----------------+----------------+----------------+----------------+


Time Step 17, time = 3.4, dt = 0.2
 0 Nonlinear |R| = [32m6.314994e+00[39m
      0 Linear |R| = [32m6.314994e+00[39m
      1 Linear |R| = [32m1.460174e+00[39m
      2 Linear |R| = [32m4.277037e-01[39m
      3 Linear |R| = [32m1.781984e-01[39m
      4 Linear |R| = [32m8.225780e-02[39m
      5 Linear |R| = [32m5.100996e-02[39m
      6 Linear |R| = [32m2.994799e-02[39m
      7 Linear |R| = [32m2.085230e-02[39m
      8 Linear |R| = [32m1.339127e-02[39m
      9 Linear |R| = [32m8.911433e-03[39m
     10 Linear |R| = [32m5.123389e-03[39m
     11 Linear |R| = [32m3.642558e-03[39m
     12 Linear |R| = [32m2.388590e-03[39m
     13 Linear |R| = [32m1.747001e-03[39m
     14 Linear |R| = [32m1.128700e-03[39m
     15 Linear |R| = [32m8.304976e-04[39m
     16 Linear |R| = [32m5.816433e-04[39m
     17 Linear |R| = [32m4.335542e-04[39m
     18 Linear |R| = [32m3.352121e-04[39m
     19 Linear |R| = [32m2.408553e-04[39m
     20 Linear |R| = [32m2.016408e-04[39m
     21 Linear |R| = [32m1.327634e-04[39m
     22 Linear |R| = [32m1.081799e-04[39m
     23 Linear |R| = [32m8.429691e-05[39m
     24 Linear |R| = [32m7.892667e-05[39m
     25 Linear |R| = [32m6.106619e-05[39m
 1 Nonlinear |R| = [32m2.271472e-01[39m
      0 Linear |R| = [32m2.271472e-01[39m
      1 Linear |R| = [32m2.638215e-02[39m
      2 Linear |R| = [32m1.097064e-02[39m
      3 Linear |R| = [32m4.507454e-03[39m
      4 Linear |R| = [32m2.101430e-03[39m
      5 Linear |R| = [32m9.379193e-04[39m
      6 Linear |R| = [32m4.505139e-04[39m
      7 Linear |R| = [32m2.887292e-04[39m
      8 Linear |R| = [32m1.960818e-04[39m
      9 Linear |R| = [32m1.576951e-04[39m
     10 Linear |R| = [32m9.631127e-05[39m
     11 Linear |R| = [32m7.465500e-05[39m
     12 Linear |R| = [32m5.312029e-05[39m
     13 Linear |R| = [32m4.406522e-05[39m
     14 Linear |R| = [32m3.437484e-05[39m
     15 Linear |R| = [32m2.882608e-05[39m
     16 Linear |R| = [32m2.538882e-05[39m
     17 Linear |R| = [32m2.359859e-05[39m
     18 Linear |R| = [32m2.122348e-05[39m
     19 Linear |R| = [32m1.875688e-05[39m
     20 Linear |R| = [32m1.720521e-05[39m
     21 Linear |R| = [32m1.584930e-05[39m
     22 Linear |R| = [32m1.428252e-05[39m
     23 Linear |R| = [32m1.266404e-05[39m
     24 Linear |R| = [32m1.115624e-05[39m
     25 Linear |R| = [32m1.016848e-05[39m
     26 Linear |R| = [32m9.514946e-06[39m
     27 Linear |R| = [32m8.819304e-06[39m
     28 Linear |R| = [32m8.356136e-06[39m
     29 Linear |R| = [32m7.753018e-06[39m
     30 Linear |R| = [32m7.106825e-06[39m
     31 Linear |R| = [33m6.858140e-06[39m
     32 Linear |R| = [32m6.383530e-06[39m
     33 Linear |R| = [33m6.146148e-06[39m
     34 Linear |R| = [32m5.763321e-06[39m
     35 Linear |R| = [32m5.409751e-06[39m
     36 Linear |R| = [32m4.970210e-06[39m
     37 Linear |R| = [32m4.694528e-06[39m
     38 Linear |R| = [32m4.240793e-06[39m
     39 Linear |R| = [32m4.014528e-06[39m
     40 Linear |R| = [32m3.583558e-06[39m
     41 Linear |R| = [32m3.239085e-06[39m
     42 Linear |R| = [32m2.812318e-06[39m
     43 Linear |R| = [32m2.547233e-06[39m
     44 Linear |R| = [32m2.386435e-06[39m
     45 Linear |R| = [32m2.227808e-06[39m
 2 Nonlinear |R| = [32m4.429439e-05[39m
[32m Solve Converged![39m
  Finished Solving                                                                       [[33m 34.25 s[39m] [[33m  465 MB[39m]

Outlier Variable Residual Norms:
  disp_y: [31m4.372747e-05[39m

Postprocessor Values:
+----------------+----------------+----------------+----------------+
| time           | damage_max     | load_disp_x    | vonmises_max   |
+----------------+----------------+----------------+----------------+
:                :                :                :                :
|   6.000000e-01 |   0.000000e+00 |   9.600000e+00 |   5.853459e+01 |
|   8.000000e-01 |   0.000000e+00 |   1.280000e+01 |   7.799784e+01 |
|   1.000000e+00 |   0.000000e+00 |   1.600000e+01 |   9.743719e+01 |
|   1.200000e+00 |   1.000000e-02 |   1.280000e+01 |   7.829324e+01 |
|   1.400000e+00 |   2.000000e-02 |   9.600000e+00 |   5.928482e+01 |
|   1.600000e+00 |   3.000000e-02 |   6.400000e+00 |   4.041401e+01 |
|   1.800000e+00 |   4.000000e-02 |   3.200000e+00 |   2.168270e+01 |
|   2.000000e+00 |   5.000000e-02 |   3.552714e-15 |   6.589142e+00 |
|   2.200000e+00 |   6.400000e-02 |  -3.200000e+00 |   2.267556e+01 |
|   2.400000e+00 |   7.800000e-02 |  -6.400000e+00 |   3.969697e+01 |
|   2.600000e+00 |   9.200000e-02 |  -9.600000e+00 |   5.760912e+01 |
|   2.800000e+00 |   1.060000e-01 |  -1.280000e+01 |   7.525888e+01 |
|   3.000000e+00 |   1.200000e-01 |  -1.600000e+01 |   9.264342e+01 |
|   3.200000e+00 |   1.320000e-01 |  -1.280000e+01 |   7.438660e+01 |
|   3.400000e+00 |   1.440000e-01 |  -9.600000e+00 |   5.631193e+01 |
+----------------+----------------+----------------+----------------+


Time Step 18, time = 3.6, dt = 0.2
 0 Nonlinear |R| = [32m6.314866e+00[39m
      0 Linear |R| = [32m6.314866e+00[39m
      1 Linear |R| = [32m1.460615e+00[39m
      2 Linear |R| = [32m4.278714e-01[39m
      3 Linear |R| = [32m1.783450e-01[39m
      4 Linear |R| = [32m8.237607e-02[39m
      5 Linear |R| = [32m5.112655e-02[39m
      6 Linear |R| = [32m2.998341e-02[39m
      7 Linear |R| = [32m2.086985e-02[39m
      8 Linear |R| = [32m1.341755e-02[39m
      9 Linear |R| = [32m8.947884e-03[39m
     10 Linear |R| = [32m5.149493e-03[39m
     11 Linear |R| = [32m3.663915e-03[39m
     12 Linear |R| = [32m2.398945e-03[39m
     13 Linear |R| = [32m1.757169e-03[39m
     14 Linear |R| = [32m1.137226e-03[39m
     15 Linear |R| = [32m8.388865e-04[39m
     16 Linear |R| = [32m5.875189e-04[39m
     17 Linear |R| = [32m4.377644e-04[39m
     18 Linear |R| = [32m3.378915e-04[39m
     19 Linear |R| = [32m2.427968e-04[39m
     20 Linear |R| = [32m2.034243e-04[39m
     21 Linear |R| = [32m1.336923e-04[39m
     22 Linear |R| = [32m1.086674e-04[39m
     23 Linear |R| = [32m8.455263e-05[39m
     24 Linear |R| = [32m7.916657e-05[39m
     25 Linear |R| = [32m6.136888e-05[39m
 1 Nonlinear |R| = [32m2.271439e-01[39m
      0 Linear |R| = [32m2.271439e-01[39m
      1 Linear |R| = [32m2.638571e-02[39m
      2 Linear |R| = [32m1.097388e-02[39m
      3 Linear |R| = [32m4.510054e-03[39m
      4 Linear |R| = [32m2.103350e-03[39m
      5 Linear |R| = [32m9.404269e-04[39m
      6 Linear |R| = [32m4.521719e-04[39m
      7 Linear |R| = [32m2.900956e-04[39m
      8 Linear |R| = [32m1.974142e-04[39m
      9 Linear |R| = [32m1.589552e-04[39m
     10 Linear |R| = [32m9.706475e-05[39m
     11 Linear |R| = [32m7.525907e-05[39m
     12 Linear |R| = [32m5.354443e-05[39m
     13 Linear |R| = [32m4.443275e-05[39m
     14 Linear |R| = [32m3.461714e-05[39m
     15 Linear |R| = [32m2.900056e-05[39m
     16 Linear |R| = [32m2.549410e-05[39m
     17 Linear |R| = [32m2.369898e-05[39m
     18 Linear |R| = [32m2.130709e-05[39m
     19 Linear |R| = [32m1.884705e-05[39m
     20 Linear |R| = [32m1.728860e-05[39m
     21 Linear |R| = [32m1.593702e-05[39m
     22 Linear |R| = [32m1.436533e-05[39m
     23 Linear |R| = [32m1.275433e-05[39m
     24 Linear |R| = [32m1.123765e-05[39m
     25 Linear |R| = [32m1.024032e-05[39m
     26 Linear |R| = [32m9.576352e-06[39m
     27 Linear |R| = [32m8.872120e-06[39m
     28 Linear |R| = [32m8.412783e-06[39m
     29 Linear |R| = [32m7.803514e-06[39m
     30 Linear |R| = [32m7.194989e-06[39m
     31 Linear |R| = [33m6.928916e-06[39m
     32 Linear |R| = [32m6.464580e-06[39m
     33 Linear |R| = [33m6.220661e-06[39m
     34 Linear |R| = [32m5.844394e-06[39m
     35 Linear |R| = [32m5.480379e-06[39m
     36 Linear |R| = [32m5.037647e-06[39m
     37 Linear |R| = [32m4.751922e-06[39m
     38 Linear |R| = [32m4.303760e-06[39m
     39 Linear |R| = [32m4.070038e-06[39m
     40 Linear |R| = [32m3.639711e-06[39m
     41 Linear |R| = [32m3.304678e-06[39m
     42 Linear |R| = [32m2.873763e-06[39m
     43 Linear |R| = [32m2.599668e-06[39m
     44 Linear |R| = [32m2.434760e-06[39m
     45 Linear |R| = [32m2.270985e-06[39m
 2 Nonlinear |R| = [32m4.432957e-05[39m
[32m Solve Converged![39m
  Finished Solving                                                                       [[33m 33.28 s[39m] [[33m  465 MB[39m]

Outlier Variable Residual Norms:
  disp_y: [31m4.375982e-05[39m

Postprocessor Values:
+----------------+----------------+----------------+----------------+
| time           | damage_max     | load_disp_x    | vonmises_max   |
+----------------+----------------+----------------+----------------+
:                :                :                :                :
|   8.000000e-01 |   0.000000e+00 |   1.280000e+01 |   7.799784e+01 |
|   1.000000e+00 |   0.000000e+00 |   1.600000e+01 |   9.743719e+01 |
|   1.200000e+00 |   1.000000e-02 |   1.280000e+01 |   7.829324e+01 |
|   1.400000e+00 |   2.000000e-02 |   9.600000e+00 |   5.928482e+01 |
|   1.600000e+00 |   3.000000e-02 |   6.400000e+00 |   4.041401e+01 |
|   1.800000e+00 |   4.000000e-02 |   3.200000e+00 |   2.168270e+01 |
|   2.000000e+00 |   5.000000e-02 |   3.552714e-15 |   6.589142e+00 |
|   2.200000e+00 |   6.400000e-02 |  -3.200000e+00 |   2.267556e+01 |
|   2.400000e+00 |   7.800000e-02 |  -6.400000e+00 |   3.969697e+01 |
|   2.600000e+00 |   9.200000e-02 |  -9.600000e+00 |   5.760912e+01 |
|   2.800000e+00 |   1.060000e-01 |  -1.280000e+01 |   7.525888e+01 |
|   3.000000e+00 |   1.200000e-01 |  -1.600000e+01 |   9.264342e+01 |
|   3.200000e+00 |   1.320000e-01 |  -1.280000e+01 |   7.438660e+01 |
|   3.400000e+00 |   1.440000e-01 |  -9.600000e+00 |   5.631193e+01 |
|   3.600000e+00 |   1.560000e-01 |  -6.400000e+00 |   3.869178e+01 |
+----------------+----------------+----------------+----------------+


Time Step 19, time = 3.8, dt = 0.2
 0 Nonlinear |R| = [32m6.314739e+00[39m
      0 Linear |R| = [32m6.314739e+00[39m
      1 Linear |R| = [32m1.461066e+00[39m
      2 Linear |R| = [32m4.280425e-01[39m
      3 Linear |R| = [32m1.784932e-01[39m
      4 Linear |R| = [32m8.249605e-02[39m
      5 Linear |R| = [32m5.124464e-02[39m
      6 Linear |R| = [32m3.001921e-02[39m
      7 Linear |R| = [32m2.088735e-02[39m
      8 Linear |R| = [32m1.344357e-02[39m
      9 Linear |R| = [32m8.984639e-03[39m
     10 Linear |R| = [32m5.176114e-03[39m
     11 Linear |R| = [32m3.685913e-03[39m
     12 Linear |R| = [32m2.409584e-03[39m
     13 Linear |R| = [32m1.767531e-03[39m
     14 Linear |R| = [32m1.145863e-03[39m
     15 Linear |R| = [32m8.474334e-04[39m
     16 Linear |R| = [32m5.935229e-04[39m
     17 Linear |R| = [32m4.421128e-04[39m
     18 Linear |R| = [32m3.406285e-04[39m
     19 Linear |R| = [32m2.448014e-04[39m
     20 Linear |R| = [32m2.052585e-04[39m
     21 Linear |R| = [32m1.346796e-04[39m
     22 Linear |R| = [32m1.092020e-04[39m
     23 Linear |R| = [32m8.484751e-05[39m
     24 Linear |R| = [32m7.943743e-05[39m
     25 Linear |R| = [32m6.170561e-05[39m
 1 Nonlinear |R| = [32m2.271387e-01[39m
      0 Linear |R| = [32m2.271387e-01[39m
      1 Linear |R| = [32m2.638970e-02[39m
      2 Linear |R| = [32m1.097675e-02[39m
      3 Linear |R| = [32m4.512590e-03[39m
      4 Linear |R| = [32m2.105296e-03[39m
      5 Linear |R| = [32m9.429533e-04[39m
      6 Linear |R| = [32m4.538275e-04[39m
      7 Linear |R| = [32m2.914517e-04[39m
      8 Linear |R| = [32m1.987587e-04[39m
      9 Linear |R| = [32m1.602027e-04[39m
     10 Linear |R| = [32m9.782099e-05[39m
     11 Linear |R| = [32m7.586731e-05[39m
     12 Linear |R| = [32m5.398592e-05[39m
     13 Linear |R| = [32m4.482400e-05[39m
     14 Linear |R| = [32m3.488946e-05[39m
     15 Linear |R| = [32m2.921110e-05[39m
     16 Linear |R| = [32m2.562917e-05[39m
     17 Linear |R| = [32m2.383774e-05[39m
     18 Linear |R| = [32m2.141814e-05[39m
     19 Linear |R| = [32m1.898852e-05[39m
     20 Linear |R| = [32m1.740068e-05[39m
     21 Linear |R| = [32m1.608257e-05[39m
     22 Linear |R| = [32m1.448047e-05[39m
     23 Linear |R| = [32m1.288947e-05[39m
     24 Linear |R| = [32m1.135167e-05[39m
     25 Linear |R| = [32m1.034808e-05[39m
     26 Linear |R| = [32m9.668157e-06[39m
     27 Linear |R| = [32m8.957256e-06[39m
     28 Linear |R| = [32m8.493447e-06[39m
     29 Linear |R| = [32m7.880969e-06[39m
     30 Linear |R| = [32m7.333370e-06[39m
     31 Linear |R| = [33m7.016655e-06[39m
     32 Linear |R| = [32m6.556509e-06[39m
     33 Linear |R| = [33m6.303079e-06[39m
     34 Linear |R| = [32m5.935972e-06[39m
     35 Linear |R| = [32m5.569587e-06[39m
     36 Linear |R| = [32m5.112328e-06[39m
     37 Linear |R| = [32m4.808931e-06[39m
     38 Linear |R| = [32m4.373904e-06[39m
     39 Linear |R| = [32m4.134655e-06[39m
     40 Linear |R| = [32m3.702518e-06[39m
     41 Linear |R| = [32m3.381241e-06[39m
     42 Linear |R| = [32m2.944717e-06[39m
     43 Linear |R| = [32m2.657257e-06[39m
     44 Linear |R| = [32m2.486818e-06[39m
     45 Linear |R| = [32m2.320782e-06[39m
     46 Linear |R| = [32m2.065389e-06[39m
 2 Nonlinear |R| = [32m4.426290e-05[39m
[32m Solve Converged![39m
  Finished Solving                                                                       [[33m 33.60 s[39m] [[33m  465 MB[39m]

Outlier Variable Residual Norms:
  disp_y: [31m4.369911e-05[39m

Postprocessor Values:
+----------------+----------------+----------------+----------------+
| time           | damage_max     | load_disp_x    | vonmises_max   |
+----------------+----------------+----------------+----------------+
:                :                :                :                :
|   1.000000e+00 |   0.000000e+00 |   1.600000e+01 |   9.743719e+01 |
|   1.200000e+00 |   1.000000e-02 |   1.280000e+01 |   7.829324e+01 |
|   1.400000e+00 |   2.000000e-02 |   9.600000e+00 |   5.928482e+01 |
|   1.600000e+00 |   3.000000e-02 |   6.400000e+00 |   4.041401e+01 |
|   1.800000e+00 |   4.000000e-02 |   3.200000e+00 |   2.168270e+01 |
|   2.000000e+00 |   5.000000e-02 |   3.552714e-15 |   6.589142e+00 |
|   2.200000e+00 |   6.400000e-02 |  -3.200000e+00 |   2.267556e+01 |
|   2.400000e+00 |   7.800000e-02 |  -6.400000e+00 |   3.969697e+01 |
|   2.600000e+00 |   9.200000e-02 |  -9.600000e+00 |   5.760912e+01 |
|   2.800000e+00 |   1.060000e-01 |  -1.280000e+01 |   7.525888e+01 |
|   3.000000e+00 |   1.200000e-01 |  -1.600000e+01 |   9.264342e+01 |
|   3.200000e+00 |   1.320000e-01 |  -1.280000e+01 |   7.438660e+01 |
|   3.400000e+00 |   1.440000e-01 |  -9.600000e+00 |   5.631193e+01 |
|   3.600000e+00 |   1.560000e-01 |  -6.400000e+00 |   3.869178e+01 |
|   3.800000e+00 |   1.680000e-01 |  -3.200000e+00 |   2.245444e+01 |
+----------------+----------------+----------------+----------------+


Time Step 20, time = 4, dt = 0.2
 0 Nonlinear |R| = [32m6.314615e+00[39m
      0 Linear |R| = [32m6.314615e+00[39m
      1 Linear |R| = [32m1.461538e+00[39m
      2 Linear |R| = [32m4.282219e-01[39m
      3 Linear |R| = [32m1.786408e-01[39m
      4 Linear |R| = [32m8.261712e-02[39m
      5 Linear |R| = [32m5.136444e-02[39m
      6 Linear |R| = [32m3.005570e-02[39m
      7 Linear |R| = [32m2.090494e-02[39m
      8 Linear |R| = [32m1.346942e-02[39m
      9 Linear |R| = [32m9.021749e-03[39m
     10 Linear |R| = [32m5.203347e-03[39m
     11 Linear |R| = [32m3.708634e-03[39m
     12 Linear |R| = [32m2.420570e-03[39m
     13 Linear |R| = [32m1.778093e-03[39m
     14 Linear |R| = [32m1.154629e-03[39m
     15 Linear |R| = [32m8.561356e-04[39m
     16 Linear |R| = [32m5.996730e-04[39m
     17 Linear |R| = [32m4.465796e-04[39m
     18 Linear |R| = [32m3.434177e-04[39m
     19 Linear |R| = [32m2.468220e-04[39m
     20 Linear |R| = [32m2.070980e-04[39m
     21 Linear |R| = [32m1.356456e-04[39m
     22 Linear |R| = [32m1.096974e-04[39m
     23 Linear |R| = [32m8.506878e-05[39m
     24 Linear |R| = [32m7.962811e-05[39m
     25 Linear |R| = [32m6.194473e-05[39m
 1 Nonlinear |R| = [32m2.271493e-01[39m
      0 Linear |R| = [32m2.271493e-01[39m
      1 Linear |R| = [32m2.639587e-02[39m
      2 Linear |R| = [32m1.098029e-02[39m
      3 Linear |R| = [32m4.515535e-03[39m
      4 Linear |R| = [32m2.107469e-03[39m
      5 Linear |R| = [32m9.455673e-04[39m
      6 Linear |R| = [32m4.554814e-04[39m
      7 Linear |R| = [32m2.928917e-04[39m
      8 Linear |R| = [32m2.001352e-04[39m
      9 Linear |R| = [32m1.615213e-04[39m
     10 Linear |R| = [32m9.860846e-05[39m
     11 Linear |R| = [32m7.647937e-05[39m
     12 Linear |R| = [32m5.440847e-05[39m
     13 Linear |R| = [32m4.517715e-05[39m
     14 Linear |R| = [32m3.511221e-05[39m
     15 Linear |R| = [32m2.935497e-05[39m
     16 Linear |R| = [32m2.570108e-05[39m
     17 Linear |R| = [32m2.389750e-05[39m
     18 Linear |R| = [32m2.146274e-05[39m
     19 Linear |R| = [32m1.903051e-05[39m
     20 Linear |R| = [32m1.743906e-05[39m
     21 Linear |R| = [32m1.612300e-05[39m
     22 Linear |R| = [32m1.451669e-05[39m
     23 Linear |R| = [32m1.293772e-05[39m
     24 Linear |R| = [32m1.138734e-05[39m
     25 Linear |R| = [32m1.038147e-05[39m
     26 Linear |R| = [32m9.686766e-06[39m
     27 Linear |R| = [32m8.973728e-06[39m
     28 Linear |R| = [32m8.510083e-06[39m
     29 Linear |R| = [32m7.898177e-06[39m
     30 Linear |R| = [31m8.156926e-06[39m
     31 Linear |R| = [32m7.117430e-06[39m
     32 Linear |R| = [32m6.662104e-06[39m
     33 Linear |R| = [33m6.438267e-06[39m
     34 Linear |R| = [32m6.046424e-06[39m
     35 Linear |R| = [32m5.705847e-06[39m
     36 Linear |R| = [32m5.236763e-06[39m
     37 Linear |R| = [32m4.914675e-06[39m
     38 Linear |R| = [32m4.480903e-06[39m
     39 Linear |R| = [32m4.220586e-06[39m
     40 Linear |R| = [32m3.796026e-06[39m
     41 Linear |R| = [32m3.518255e-06[39m
     42 Linear |R| = [32m3.055566e-06[39m
     43 Linear |R| = [32m2.742938e-06[39m
     44 Linear |R| = [32m2.533273e-06[39m
     45 Linear |R| = [32m2.371872e-06[39m
     46 Linear |R| = [32m2.159928e-06[39m
 2 Nonlinear |R| = [32m4.440986e-05[39m
[32m Solve Converged![39m
  Finished Solving                                                                       [[33m 33.55 s[39m] [[33m  465 MB[39m]

Outlier Variable Residual Norms:
  disp_y: [31m4.377901e-05[39m

Postprocessor Values:
+----------------+----------------+----------------+----------------+
| time           | damage_max     | load_disp_x    | vonmises_max   |
+----------------+----------------+----------------+----------------+
:                :                :                :                :
|   1.200000e+00 |   1.000000e-02 |   1.280000e+01 |   7.829324e+01 |
|   1.400000e+00 |   2.000000e-02 |   9.600000e+00 |   5.928482e+01 |
|   1.600000e+00 |   3.000000e-02 |   6.400000e+00 |   4.041401e+01 |
|   1.800000e+00 |   4.000000e-02 |   3.200000e+00 |   2.168270e+01 |
|   2.000000e+00 |   5.000000e-02 |   3.552714e-15 |   6.589142e+00 |
|   2.200000e+00 |   6.400000e-02 |  -3.200000e+00 |   2.267556e+01 |
|   2.400000e+00 |   7.800000e-02 |  -6.400000e+00 |   3.969697e+01 |
|   2.600000e+00 |   9.200000e-02 |  -9.600000e+00 |   5.760912e+01 |
|   2.800000e+00 |   1.060000e-01 |  -1.280000e+01 |   7.525888e+01 |
|   3.000000e+00 |   1.200000e-01 |  -1.600000e+01 |   9.264342e+01 |
|   3.200000e+00 |   1.320000e-01 |  -1.280000e+01 |   7.438660e+01 |
|   3.400000e+00 |   1.440000e-01 |  -9.600000e+00 |   5.631193e+01 |
|   3.600000e+00 |   1.560000e-01 |  -6.400000e+00 |   3.869178e+01 |
|   3.800000e+00 |   1.680000e-01 |  -3.200000e+00 |   2.245444e+01 |
|   4.000000e+00 |   1.800000e-01 |   1.776357e-14 |   7.330424e+00 |
+----------------+----------------+----------------+----------------+


Time Step 21, time = 4.2, dt = 0.2
 0 Nonlinear |R| = [32m7.891885e+00[39m
      0 Linear |R| = [32m7.891885e+00[39m
      1 Linear |R| = [32m1.880378e+00[39m
      2 Linear |R| = [32m5.519039e-01[39m
      3 Linear |R| = [32m2.255371e-01[39m
      4 Linear |R| = [32m1.043204e-01[39m
      5 Linear |R| = [32m6.489253e-02[39m
      6 Linear |R| = [32m3.785717e-02[39m
      7 Linear |R| = [32m2.631118e-02[39m
      8 Linear |R| = [32m1.698880e-02[39m
      9 Linear |R| = [32m1.142938e-02[39m
     10 Linear |R| = [32m6.609004e-03[39m
     11 Linear |R| = [32m4.711425e-03[39m
     12 Linear |R| = [32m3.068217e-03[39m
     13 Linear |R| = [32m2.254703e-03[39m
     14 Linear |R| = [32m1.473180e-03[39m
     15 Linear |R| = [32m1.095494e-03[39m
     16 Linear |R| = [32m7.677349e-04[39m
     17 Linear |R| = [32m5.712339e-04[39m
     18 Linear |R| = [32m4.374200e-04[39m
     19 Linear |R| = [32m3.143863e-04[39m
     20 Linear |R| = [32m2.642981e-04[39m
     21 Linear |R| = [32m1.727469e-04[39m
     22 Linear |R| = [32m1.388779e-04[39m
     23 Linear |R| = [32m1.071841e-04[39m
     24 Linear |R| = [32m1.002416e-04[39m
     25 Linear |R| = [32m7.818928e-05[39m
 1 Nonlinear |R| = [32m3.549115e-01[39m
      0 Linear |R| = [32m3.549115e-01[39m
      1 Linear |R| = [32m4.134879e-02[39m
      2 Linear |R| = [32m1.724689e-02[39m
      3 Linear |R| = [32m7.133928e-03[39m
      4 Linear |R| = [32m3.338976e-03[39m
      5 Linear |R| = [32m1.537665e-03[39m
      6 Linear |R| = [32m7.318302e-04[39m
      7 Linear |R| = [32m4.650726e-04[39m
      8 Linear |R| = [32m3.178922e-04[39m
      9 Linear |R| = [32m2.590798e-04[39m
     10 Linear |R| = [32m1.556346e-04[39m
     11 Linear |R| = [32m1.187685e-04[39m
     12 Linear |R| = [32m8.261420e-05[39m
     13 Linear |R| = [32m6.724414e-05[39m
     14 Linear |R| = [32m4.992321e-05[39m
     15 Linear |R| = [32m4.038461e-05[39m
     16 Linear |R| = [32m3.376637e-05[39m
     17 Linear |R| = [32m3.131041e-05[39m
     18 Linear |R| = [32m2.797865e-05[39m
     19 Linear |R| = [32m2.498967e-05[39m
     20 Linear |R| = [32m2.298123e-05[39m
     21 Linear |R| = [32m2.141997e-05[39m
     22 Linear |R| = [32m1.945550e-05[39m
     23 Linear |R| = [32m1.748357e-05[39m
     24 Linear |R| = [32m1.527441e-05[39m
     25 Linear |R| = [32m1.372904e-05[39m
     26 Linear |R| = [32m1.261982e-05[39m
     27 Linear |R| = [32m1.164992e-05[39m
     28 Linear |R| = [32m1.098330e-05[39m
     29 Linear |R| = [32m1.026599e-05[39m
     30 Linear |R| = [33m9.757215e-06[39m
     31 Linear |R| = [33m9.295827e-06[39m
     32 Linear |R| = [32m8.803928e-06[39m
     33 Linear |R| = [33m8.470295e-06[39m
     34 Linear |R| = [32m7.980715e-06[39m
     35 Linear |R| = [32m7.477447e-06[39m
     36 Linear |R| = [32m6.772898e-06[39m
     37 Linear |R| = [32m6.303291e-06[39m
     38 Linear |R| = [32m5.680918e-06[39m
     39 Linear |R| = [32m5.364918e-06[39m
     40 Linear |R| = [32m4.894216e-06[39m
     41 Linear |R| = [32m4.542975e-06[39m
     42 Linear |R| = [32m3.977201e-06[39m
     43 Linear |R| = [32m3.572560e-06[39m
     44 Linear |R| = [32m3.296669e-06[39m
 2 Nonlinear |R| = [32m1.088920e-04[39m
[32m Solve Converged![39m
  Finished Solving                                                                       [[33m 33.68 s[39m] [[33m  465 MB[39m]

Outlier Variable Residual Norms:
  disp_y: [31m1.075469e-04[39m

Postprocessor Values:
+----------------+----------------+----------------+----------------+
| time           | damage_max     | load_disp_x    | vonmises_max   |
+----------------+----------------+----------------+----------------+
:                :                :                :                :
|   1.400000e+00 |   2.000000e-02 |   9.600000e+00 |   5.928482e+01 |
|   1.600000e+00 |   3.000000e-02 |   6.400000e+00 |   4.041401e+01 |
|   1.800000e+00 |   4.000000e-02 |   3.200000e+00 |   2.168270e+01 |
|   2.000000e+00 |   5.000000e-02 |   3.552714e-15 |   6.589142e+00 |
|   2.200000e+00 |   6.400000e-02 |  -3.200000e+00 |   2.267556e+01 |
|   2.400000e+00 |   7.800000e-02 |  -6.400000e+00 |   3.969697e+01 |
|   2.600000e+00 |   9.200000e-02 |  -9.600000e+00 |   5.760912e+01 |
|   2.800000e+00 |   1.060000e-01 |  -1.280000e+01 |   7.525888e+01 |
|   3.000000e+00 |   1.200000e-01 |  -1.600000e+01 |   9.264342e+01 |
|   3.200000e+00 |   1.320000e-01 |  -1.280000e+01 |   7.438660e+01 |
|   3.400000e+00 |   1.440000e-01 |  -9.600000e+00 |   5.631193e+01 |
|   3.600000e+00 |   1.560000e-01 |  -6.400000e+00 |   3.869178e+01 |
|   3.800000e+00 |   1.680000e-01 |  -3.200000e+00 |   2.245444e+01 |
|   4.000000e+00 |   1.800000e-01 |   1.776357e-14 |   7.330424e+00 |
|   4.200000e+00 |   2.040000e-01 |   4.000000e+00 |   2.470087e+01 |
+----------------+----------------+----------------+----------------+


Time Step 22, time = 4.4, dt = 0.2
 0 Nonlinear |R| = [32m7.891655e+00[39m
      0 Linear |R| = [32m7.891655e+00[39m
      1 Linear |R| = [32m1.881715e+00[39m
      2 Linear |R| = [32m5.524515e-01[39m
      3 Linear |R| = [32m2.259143e-01[39m
      4 Linear |R| = [32m1.046306e-01[39m
      5 Linear |R| = [32m6.520006e-02[39m
      6 Linear |R| = [32m3.795125e-02[39m
      7 Linear |R| = [32m2.635215e-02[39m
      8 Linear |R| = [32m1.704935e-02[39m
      9 Linear |R| = [32m1.152358e-02[39m
     10 Linear |R| = [32m6.681640e-03[39m
     11 Linear |R| = [32m4.774167e-03[39m
     12 Linear |R| = [32m3.098679e-03[39m
     13 Linear |R| = [32m2.283053e-03[39m
     14 Linear |R| = [32m1.496239e-03[39m
     15 Linear |R| = [32m1.118733e-03[39m
     16 Linear |R| = [32m7.845554e-04[39m
     17 Linear |R| = [32m5.839210e-04[39m
     18 Linear |R| = [32m4.451972e-04[39m
     19 Linear |R| = [32m3.202382e-04[39m
     20 Linear |R| = [32m2.695829e-04[39m
     21 Linear |R| = [32m1.759713e-04[39m
     22 Linear |R| = [32m1.408277e-04[39m
     23 Linear |R| = [32m1.083804e-04[39m
     24 Linear |R| = [32m1.012269e-04[39m
     25 Linear |R| = [32m7.934219e-05[39m
     26 Linear |R| = [32m7.021746e-05[39m
 1 Nonlinear |R| = [32m3.548618e-01[39m
      0 Linear |R| = [32m3.548618e-01[39m
      1 Linear |R| = [32m4.135123e-02[39m
      2 Linear |R| = [32m1.725788e-02[39m
      3 Linear |R| = [32m7.141918e-03[39m
      4 Linear |R| = [32m3.343798e-03[39m
      5 Linear |R| = [32m1.542358e-03[39m
      6 Linear |R| = [32m7.350988e-04[39m
      7 Linear |R| = [32m4.675306e-04[39m
      8 Linear |R| = [32m3.205761e-04[39m
      9 Linear |R| = [32m2.611830e-04[39m
     10 Linear |R| = [32m1.566165e-04[39m
     11 Linear |R| = [32m1.192349e-04[39m
     12 Linear |R| = [32m8.212809e-05[39m
     13 Linear |R| = [32m6.670712e-05[39m
     14 Linear |R| = [32m4.856893e-05[39m
     15 Linear |R| = [32m3.907227e-05[39m
     16 Linear |R| = [32m3.185009e-05[39m
     17 Linear |R| = [32m2.976635e-05[39m
     18 Linear |R| = [32m2.641273e-05[39m
     19 Linear |R| = [32m2.410689e-05[39m
     20 Linear |R| = [32m2.208532e-05[39m
     21 Linear |R| = [33m2.098949e-05[39m
     22 Linear |R| = [32m1.902790e-05[39m
     23 Linear |R| = [32m1.745922e-05[39m
     24 Linear |R| = [32m1.504217e-05[39m
     25 Linear |R| = [32m1.369085e-05[39m
     26 Linear |R| = [32m1.227967e-05[39m
     27 Linear |R| = [32m1.146452e-05[39m
     28 Linear |R| = [32m1.069159e-05[39m
     29 Linear |R| = [32m1.007137e-05[39m
     30 Linear |R| = [32m9.460945e-06[39m
     31 Linear |R| = [33m9.098217e-06[39m
     32 Linear |R| = [33m8.647303e-06[39m
     33 Linear |R| = [33m8.316821e-06[39m
     34 Linear |R| = [32m7.831410e-06[39m
     35 Linear |R| = [32m7.293582e-06[39m
     36 Linear |R| = [32m6.538939e-06[39m
     37 Linear |R| = [32m6.071139e-06[39m
     38 Linear |R| = [32m5.462537e-06[39m
     39 Linear |R| = [32m5.164439e-06[39m
     40 Linear |R| = [32m4.763480e-06[39m
     41 Linear |R| = [32m4.455198e-06[39m
     42 Linear |R| = [32m3.972365e-06[39m
     43 Linear |R| = [32m3.568568e-06[39m
     44 Linear |R| = [32m3.273277e-06[39m
 2 Nonlinear |R| = [32m1.089221e-04[39m
[32m Solve Converged![39m
  Finished Solving                                                                       [[33m 34.95 s[39m] [[33m  465 MB[39m]

Outlier Variable Residual Norms:
  disp_y: [31m1.075784e-04[39m

Postprocessor Values:
+----------------+----------------+----------------+----------------+
| time           | damage_max     | load_disp_x    | vonmises_max   |
+----------------+----------------+----------------+----------------+
:                :                :                :                :
|   1.600000e+00 |   3.000000e-02 |   6.400000e+00 |   4.041401e+01 |
|   1.800000e+00 |   4.000000e-02 |   3.200000e+00 |   2.168270e+01 |
|   2.000000e+00 |   5.000000e-02 |   3.552714e-15 |   6.589142e+00 |
|   2.200000e+00 |   6.400000e-02 |  -3.200000e+00 |   2.267556e+01 |
|   2.400000e+00 |   7.800000e-02 |  -6.400000e+00 |   3.969697e+01 |
|   2.600000e+00 |   9.200000e-02 |  -9.600000e+00 |   5.760912e+01 |
|   2.800000e+00 |   1.060000e-01 |  -1.280000e+01 |   7.525888e+01 |
|   3.000000e+00 |   1.200000e-01 |  -1.600000e+01 |   9.264342e+01 |
|   3.200000e+00 |   1.320000e-01 |  -1.280000e+01 |   7.438660e+01 |
|   3.400000e+00 |   1.440000e-01 |  -9.600000e+00 |   5.631193e+01 |
|   3.600000e+00 |   1.560000e-01 |  -6.400000e+00 |   3.869178e+01 |
|   3.800000e+00 |   1.680000e-01 |  -3.200000e+00 |   2.245444e+01 |
|   4.000000e+00 |   1.800000e-01 |   1.776357e-14 |   7.330424e+00 |
|   4.200000e+00 |   2.040000e-01 |   4.000000e+00 |   2.470087e+01 |
|   4.400000e+00 |   2.280000e-01 |   8.000000e+00 |   4.560160e+01 |
+----------------+----------------+----------------+----------------+


Time Step 23, time = 4.6, dt = 0.2
 0 Nonlinear |R| = [32m7.891430e+00[39m
      0 Linear |R| = [32m7.891430e+00[39m
      1 Linear |R| = [32m1.883122e+00[39m
      2 Linear |R| = [32m5.530166e-01[39m
      3 Linear |R| = [32m2.262975e-01[39m
      4 Linear |R| = [32m1.049473e-01[39m
      5 Linear |R| = [32m6.551683e-02[39m
      6 Linear |R| = [32m3.804848e-02[39m
      7 Linear |R| = [32m2.639356e-02[39m
      8 Linear |R| = [32m1.710868e-02[39m
      9 Linear |R| = [32m1.161907e-02[39m
     10 Linear |R| = [32m6.757026e-03[39m
     11 Linear |R| = [32m4.840849e-03[39m
     12 Linear |R| = [32m3.131159e-03[39m
     13 Linear |R| = [32m2.312810e-03[39m
     14 Linear |R| = [32m1.520097e-03[39m
     15 Linear |R| = [32m1.142802e-03[39m
     16 Linear |R| = [32m8.022208e-04[39m
     17 Linear |R| = [32m5.973514e-04[39m
     18 Linear |R| = [32m4.533601e-04[39m
     19 Linear |R| = [32m3.262824e-04[39m
     20 Linear |R| = [32m2.750170e-04[39m
     21 Linear |R| = [32m1.792525e-04[39m
     22 Linear |R| = [32m1.427966e-04[39m
     23 Linear |R| = [32m1.094366e-04[39m
     24 Linear |R| = [32m1.020110e-04[39m
     25 Linear |R| = [32m8.024108e-05[39m
     26 Linear |R| = [32m7.133768e-05[39m
 1 Nonlinear |R| = [32m3.548328e-01[39m
      0 Linear |R| = [32m3.548328e-01[39m
      1 Linear |R| = [32m4.135828e-02[39m
      2 Linear |R| = [32m1.726798e-02[39m
      3 Linear |R| = [32m7.149613e-03[39m
      4 Linear |R| = [32m3.349214e-03[39m
      5 Linear |R| = [32m1.548254e-03[39m
      6 Linear |R| = [32m7.394696e-04[39m
      7 Linear |R| = [32m4.721184e-04[39m
      8 Linear |R| = [32m3.251160e-04[39m
      9 Linear |R| = [32m2.653449e-04[39m
     10 Linear |R| = [32m1.592269e-04[39m
     11 Linear |R| = [32m1.214723e-04[39m
     12 Linear |R| = [32m8.371938e-05[39m
     13 Linear |R| = [32m6.812387e-05[39m
     14 Linear |R| = [32m4.958731e-05[39m
     15 Linear |R| = [32m3.984134e-05[39m
     16 Linear |R| = [32m3.235411e-05[39m
     17 Linear |R| = [32m3.020866e-05[39m
     18 Linear |R| = [32m2.675632e-05[39m
     19 Linear |R| = [32m2.440709e-05[39m
     20 Linear |R| = [32m2.236742e-05[39m
     21 Linear |R| = [33m2.125261e-05[39m
     22 Linear |R| = [32m1.929800e-05[39m
     23 Linear |R| = [32m1.774526e-05[39m
     24 Linear |R| = [32m1.533444e-05[39m
     25 Linear |R| = [32m1.397407e-05[39m
     26 Linear |R| = [32m1.250514e-05[39m
     27 Linear |R| = [32m1.167813e-05[39m
     28 Linear |R| = [32m1.087893e-05[39m
     29 Linear |R| = [32m1.024874e-05[39m
     30 Linear |R| = [32m9.605557e-06[39m
     31 Linear |R| = [33m9.265983e-06[39m
     32 Linear |R| = [33m8.810583e-06[39m
     33 Linear |R| = [33m8.475135e-06[39m
     34 Linear |R| = [32m7.977011e-06[39m
     35 Linear |R| = [32m7.427787e-06[39m
     36 Linear |R| = [32m6.666245e-06[39m
     37 Linear |R| = [32m6.189207e-06[39m
     38 Linear |R| = [32m5.574564e-06[39m
     39 Linear |R| = [32m5.264813e-06[39m
     40 Linear |R| = [32m4.872933e-06[39m
     41 Linear |R| = [32m4.563468e-06[39m
     42 Linear |R| = [32m4.067810e-06[39m
     43 Linear |R| = [32m3.633024e-06[39m
     44 Linear |R| = [32m3.334396e-06[39m
 2 Nonlinear |R| = [32m1.089727e-04[39m
[32m Solve Converged![39m
  Finished Solving                                                                       [[33m 35.61 s[39m] [[33m  465 MB[39m]

Outlier Variable Residual Norms:
  disp_y: [31m1.076273e-04[39m

Postprocessor Values:
+----------------+----------------+----------------+----------------+
| time           | damage_max     | load_disp_x    | vonmises_max   |
+----------------+----------------+----------------+----------------+
:                :                :                :                :
|   1.800000e+00 |   4.000000e-02 |   3.200000e+00 |   2.168270e+01 |
|   2.000000e+00 |   5.000000e-02 |   3.552714e-15 |   6.589142e+00 |
|   2.200000e+00 |   6.400000e-02 |  -3.200000e+00 |   2.267556e+01 |
|   2.400000e+00 |   7.800000e-02 |  -6.400000e+00 |   3.969697e+01 |
|   2.600000e+00 |   9.200000e-02 |  -9.600000e+00 |   5.760912e+01 |
|   2.800000e+00 |   1.060000e-01 |  -1.280000e+01 |   7.525888e+01 |
|   3.000000e+00 |   1.200000e-01 |  -1.600000e+01 |   9.264342e+01 |
|   3.200000e+00 |   1.320000e-01 |  -1.280000e+01 |   7.438660e+01 |
|   3.400000e+00 |   1.440000e-01 |  -9.600000e+00 |   5.631193e+01 |
|   3.600000e+00 |   1.560000e-01 |  -6.400000e+00 |   3.869178e+01 |
|   3.800000e+00 |   1.680000e-01 |  -3.200000e+00 |   2.245444e+01 |
|   4.000000e+00 |   1.800000e-01 |   1.776357e-14 |   7.330424e+00 |
|   4.200000e+00 |   2.040000e-01 |   4.000000e+00 |   2.470087e+01 |
|   4.400000e+00 |   2.280000e-01 |   8.000000e+00 |   4.560160e+01 |
|   4.600000e+00 |   2.520000e-01 |   1.200000e+01 |   6.590274e+01 |
+----------------+----------------+----------------+----------------+


Time Step 24, time = 4.8, dt = 0.2
 0 Nonlinear |R| = [32m7.891214e+00[39m
      0 Linear |R| = [32m7.891214e+00[39m
      1 Linear |R| = [32m1.884565e+00[39m
      2 Linear |R| = [32m5.535956e-01[39m
      3 Linear |R| = [32m2.266829e-01[39m
      4 Linear |R| = [32m1.052702e-01[39m
      5 Linear |R| = [32m6.584112e-02[39m
      6 Linear |R| = [32m3.814830e-02[39m
      7 Linear |R| = [32m2.643449e-02[39m
      8 Linear |R| = [32m1.716612e-02[39m
      9 Linear |R| = [32m1.171543e-02[39m
     10 Linear |R| = [32m6.834976e-03[39m
     11 Linear |R| = [32m4.911402e-03[39m
     12 Linear |R| = [32m3.165682e-03[39m
     13 Linear |R| = [32m2.344034e-03[39m
     14 Linear |R| = [32m1.544800e-03[39m
     15 Linear |R| = [32m1.167750e-03[39m
     16 Linear |R| = [32m8.207885e-04[39m
     17 Linear |R| = [32m6.116820e-04[39m
     18 Linear |R| = [32m4.620268e-04[39m
     19 Linear |R| = [32m3.327107e-04[39m
     20 Linear |R| = [32m2.807694e-04[39m
     21 Linear |R| = [32m1.828498e-04[39m
     22 Linear |R| = [32m1.450725e-04[39m
     23 Linear |R| = [32m1.106807e-04[39m
     24 Linear |R| = [32m1.029065e-04[39m
     25 Linear |R| = [32m8.121895e-05[39m
     26 Linear |R| = [32m7.255441e-05[39m
 1 Nonlinear |R| = [32m3.547767e-01[39m
      0 Linear |R| = [32m3.547767e-01[39m
      1 Linear |R| = [32m4.136418e-02[39m
      2 Linear |R| = [32m1.727672e-02[39m
      3 Linear |R| = [32m7.156865e-03[39m
      4 Linear |R| = [32m3.354491e-03[39m
      5 Linear |R| = [32m1.554185e-03[39m
      6 Linear |R| = [32m7.438651e-04[39m
      7 Linear |R| = [32m4.768318e-04[39m
      8 Linear |R| = [32m3.297837e-04[39m
      9 Linear |R| = [32m2.696237e-04[39m
     10 Linear |R| = [32m1.618904e-04[39m
     11 Linear |R| = [32m1.237432e-04[39m
     12 Linear |R| = [32m8.532350e-05[39m
     13 Linear |R| = [32m6.955773e-05[39m
     14 Linear |R| = [32m5.061258e-05[39m
     15 Linear |R| = [32m4.061832e-05[39m
     16 Linear |R| = [32m3.284976e-05[39m
     17 Linear |R| = [32m3.064032e-05[39m
     18 Linear |R| = [32m2.708781e-05[39m
     19 Linear |R| = [32m2.468885e-05[39m
     20 Linear |R| = [32m2.263984e-05[39m
     21 Linear |R| = [32m2.149617e-05[39m
     22 Linear |R| = [32m1.956899e-05[39m
     23 Linear |R| = [32m1.801832e-05[39m
     24 Linear |R| = [32m1.564782e-05[39m
     25 Linear |R| = [32m1.425579e-05[39m
     26 Linear |R| = [32m1.275939e-05[39m
     27 Linear |R| = [32m1.189300e-05[39m
     28 Linear |R| = [32m1.108187e-05[39m
     29 Linear |R| = [32m1.042565e-05[39m
     30 Linear |R| = [32m9.769764e-06[39m
     31 Linear |R| = [33m9.438063e-06[39m
     32 Linear |R| = [33m8.979827e-06[39m
     33 Linear |R| = [33m8.636987e-06[39m
     34 Linear |R| = [32m8.128073e-06[39m
     35 Linear |R| = [32m7.552656e-06[39m
     36 Linear |R| = [32m6.801080e-06[39m
     37 Linear |R| = [32m6.290600e-06[39m
     38 Linear |R| = [32m5.687469e-06[39m
     39 Linear |R| = [32m5.359073e-06[39m
     40 Linear |R| = [32m4.985453e-06[39m
     41 Linear |R| = [32m4.668083e-06[39m
     42 Linear |R| = [32m4.165753e-06[39m
     43 Linear |R| = [32m3.716581e-06[39m
     44 Linear |R| = [32m3.389490e-06[39m
 2 Nonlinear |R| = [32m1.089642e-04[39m
[32m Solve Converged![39m
  Finished Solving                                                                       [[33m 34.06 s[39m] [[33m  465 MB[39m]

Outlier Variable Residual Norms:
  disp_y: [31m1.076164e-04[39m

Postprocessor Values:
+----------------+----------------+----------------+----------------+
| time           | damage_max     | load_disp_x    | vonmises_max   |
+----------------+----------------+----------------+----------------+
:                :                :                :                :
|   2.000000e+00 |   5.000000e-02 |   3.552714e-15 |   6.589142e+00 |
|   2.200000e+00 |   6.400000e-02 |  -3.200000e+00 |   2.267556e+01 |
|   2.400000e+00 |   7.800000e-02 |  -6.400000e+00 |   3.969697e+01 |
|   2.600000e+00 |   9.200000e-02 |  -9.600000e+00 |   5.760912e+01 |
|   2.800000e+00 |   1.060000e-01 |  -1.280000e+01 |   7.525888e+01 |
|   3.000000e+00 |   1.200000e-01 |  -1.600000e+01 |   9.264342e+01 |
|   3.200000e+00 |   1.320000e-01 |  -1.280000e+01 |   7.438660e+01 |
|   3.400000e+00 |   1.440000e-01 |  -9.600000e+00 |   5.631193e+01 |
|   3.600000e+00 |   1.560000e-01 |  -6.400000e+00 |   3.869178e+01 |
|   3.800000e+00 |   1.680000e-01 |  -3.200000e+00 |   2.245444e+01 |
|   4.000000e+00 |   1.800000e-01 |   1.776357e-14 |   7.330424e+00 |
|   4.200000e+00 |   2.040000e-01 |   4.000000e+00 |   2.470087e+01 |
|   4.400000e+00 |   2.280000e-01 |   8.000000e+00 |   4.560160e+01 |
|   4.600000e+00 |   2.520000e-01 |   1.200000e+01 |   6.590274e+01 |
|   4.800000e+00 |   2.760000e-01 |   1.600000e+01 |   8.559099e+01 |
+----------------+----------------+----------------+----------------+


Time Step 25, time = 5, dt = 0.2
 0 Nonlinear |R| = [32m7.891007e+00[39m
      0 Linear |R| = [32m7.891007e+00[39m
      1 Linear |R| = [32m1.886057e+00[39m
      2 Linear |R| = [32m5.541951e-01[39m
      3 Linear |R| = [32m2.270717e-01[39m
      4 Linear |R| = [32m1.055996e-01[39m
      5 Linear |R| = [32m6.617327e-02[39m
      6 Linear |R| = [32m3.825061e-02[39m
      7 Linear |R| = [32m2.647489e-02[39m
      8 Linear |R| = [32m1.722146e-02[39m
      9 Linear |R| = [32m1.181244e-02[39m
     10 Linear |R| = [32m6.915446e-03[39m
     11 Linear |R| = [32m4.986055e-03[39m
     12 Linear |R| = [32m3.202428e-03[39m
     13 Linear |R| = [32m2.376933e-03[39m
     14 Linear |R| = [32m1.570451e-03[39m
     15 Linear |R| = [32m1.193622e-03[39m
     16 Linear |R| = [32m8.403080e-04[39m
     17 Linear |R| = [32m6.269542e-04[39m
     18 Linear |R| = [32m4.712245e-04[39m
     19 Linear |R| = [32m3.395197e-04[39m
     20 Linear |R| = [32m2.868234e-04[39m
     21 Linear |R| = [32m1.867395e-04[39m
     22 Linear |R| = [32m1.476564e-04[39m
     23 Linear |R| = [32m1.120957e-04[39m
     24 Linear |R| = [32m1.038938e-04[39m
     25 Linear |R| = [32m8.224861e-05[39m
     26 Linear |R| = [32m7.384320e-05[39m
 1 Nonlinear |R| = [32m3.547399e-01[39m
      0 Linear |R| = [32m3.547399e-01[39m
      1 Linear |R| = [32m4.137127e-02[39m
      2 Linear |R| = [32m1.728592e-02[39m
      3 Linear |R| = [32m7.164253e-03[39m
      4 Linear |R| = [32m3.359768e-03[39m
      5 Linear |R| = [32m1.560102e-03[39m
      6 Linear |R| = [32m7.482061e-04[39m
      7 Linear |R| = [32m4.815545e-04[39m
      8 Linear |R| = [32m3.344659e-04[39m
      9 Linear |R| = [32m2.740113e-04[39m
     10 Linear |R| = [32m1.646652e-04[39m
     11 Linear |R| = [32m1.261458e-04[39m
     12 Linear |R| = [32m8.701944e-05[39m
     13 Linear |R| = [32m7.108303e-05[39m
     14 Linear |R| = [32m5.169903e-05[39m
     15 Linear |R| = [32m4.144914e-05[39m
     16 Linear |R| = [32m3.336701e-05[39m
     17 Linear |R| = [32m3.109230e-05[39m
     18 Linear |R| = [32m2.741569e-05[39m
     19 Linear |R| = [32m2.497533e-05[39m
     20 Linear |R| = [32m2.290004e-05[39m
     21 Linear |R| = [32m2.174323e-05[39m
     22 Linear |R| = [32m1.982263e-05[39m
     23 Linear |R| = [32m1.829210e-05[39m
     24 Linear |R| = [32m1.593965e-05[39m
     25 Linear |R| = [32m1.453890e-05[39m
     26 Linear |R| = [32m1.299370e-05[39m
     27 Linear |R| = [32m1.211356e-05[39m
     28 Linear |R| = [32m1.127104e-05[39m
     29 Linear |R| = [32m1.061238e-05[39m
     30 Linear |R| = [32m9.933430e-06[39m
     31 Linear |R| = [33m9.610020e-06[39m
     32 Linear |R| = [33m9.145895e-06[39m
     33 Linear |R| = [33m8.798201e-06[39m
     34 Linear |R| = [32m8.283078e-06[39m
     35 Linear |R| = [32m7.693082e-06[39m
     36 Linear |R| = [32m6.945937e-06[39m
     37 Linear |R| = [32m6.420891e-06[39m
     38 Linear |R| = [32m5.806965e-06[39m
     39 Linear |R| = [32m5.468551e-06[39m
     40 Linear |R| = [32m5.089979e-06[39m
     41 Linear |R| = [32m4.774830e-06[39m
     42 Linear |R| = [32m4.263990e-06[39m
     43 Linear |R| = [32m3.792310e-06[39m
     44 Linear |R| = [32m3.443071e-06[39m
 2 Nonlinear |R| = [32m1.089765e-04[39m
[32m Solve Converged![39m
  Finished Solving                                                                       [[33m 33.39 s[39m] [[33m  465 MB[39m]

Outlier Variable Residual Norms:
  disp_y: [31m1.076235e-04[39m

Postprocessor Values:
+----------------+----------------+----------------+----------------+
| time           | damage_max     | load_disp_x    | vonmises_max   |
+----------------+----------------+----------------+----------------+
:                :                :                :                :
|   2.200000e+00 |   6.400000e-02 |  -3.200000e+00 |   2.267556e+01 |
|   2.400000e+00 |   7.800000e-02 |  -6.400000e+00 |   3.969697e+01 |
|   2.600000e+00 |   9.200000e-02 |  -9.600000e+00 |   5.760912e+01 |
|   2.800000e+00 |   1.060000e-01 |  -1.280000e+01 |   7.525888e+01 |
|   3.000000e+00 |   1.200000e-01 |  -1.600000e+01 |   9.264342e+01 |
|   3.200000e+00 |   1.320000e-01 |  -1.280000e+01 |   7.438660e+01 |
|   3.400000e+00 |   1.440000e-01 |  -9.600000e+00 |   5.631193e+01 |
|   3.600000e+00 |   1.560000e-01 |  -6.400000e+00 |   3.869178e+01 |
|   3.800000e+00 |   1.680000e-01 |  -3.200000e+00 |   2.245444e+01 |
|   4.000000e+00 |   1.800000e-01 |   1.776357e-14 |   7.330424e+00 |
|   4.200000e+00 |   2.040000e-01 |   4.000000e+00 |   2.470087e+01 |
|   4.400000e+00 |   2.280000e-01 |   8.000000e+00 |   4.560160e+01 |
|   4.600000e+00 |   2.520000e-01 |   1.200000e+01 |   6.590274e+01 |
|   4.800000e+00 |   2.760000e-01 |   1.600000e+01 |   8.559099e+01 |
|   5.000000e+00 |   3.000000e-01 |   2.000000e+01 |   1.046526e+02 |
+----------------+----------------+----------------+----------------+


Time Step 26, time = 5.2, dt = 0.2
 0 Nonlinear |R| = [32m7.892934e+00[39m
      0 Linear |R| = [32m7.892934e+00[39m
      1 Linear |R| = [32m1.893424e+00[39m
      2 Linear |R| = [32m5.554691e-01[39m
      3 Linear |R| = [32m2.262530e-01[39m
      4 Linear |R| = [32m1.053349e-01[39m
      5 Linear |R| = [32m6.589083e-02[39m
      6 Linear |R| = [32m3.805242e-02[39m
      7 Linear |R| = [32m2.625991e-02[39m
      8 Linear |R| = [32m1.717931e-02[39m
      9 Linear |R| = [32m1.176298e-02[39m
     10 Linear |R| = [32m6.934953e-03[39m
     11 Linear |R| = [32m4.943780e-03[39m
     12 Linear |R| = [32m3.179278e-03[39m
     13 Linear |R| = [32m2.324674e-03[39m
     14 Linear |R| = [32m1.543128e-03[39m
     15 Linear |R| = [32m1.163686e-03[39m
     16 Linear |R| = [32m8.228756e-04[39m
     17 Linear |R| = [32m6.126687e-04[39m
     18 Linear |R| = [32m4.595232e-04[39m
     19 Linear |R| = [32m3.328547e-04[39m
     20 Linear |R| = [32m2.819434e-04[39m
     21 Linear |R| = [32m1.848594e-04[39m
     22 Linear |R| = [32m1.456318e-04[39m
     23 Linear |R| = [32m1.089199e-04[39m
     24 Linear |R| = [32m1.006599e-04[39m
     25 Linear |R| = [32m7.899106e-05[39m
     26 Linear |R| = [32m7.159500e-05[39m
 1 Nonlinear |R| = [32m3.546936e-01[39m
      0 Linear |R| = [32m3.546936e-01[39m
      1 Linear |R| = [32m4.131489e-02[39m
      2 Linear |R| = [32m1.723443e-02[39m
      3 Linear |R| = [32m7.130769e-03[39m
      4 Linear |R| = [32m3.334821e-03[39m
      5 Linear |R| = [32m1.535199e-03[39m
      6 Linear |R| = [32m7.434674e-04[39m
      7 Linear |R| = [32m4.777427e-04[39m
      8 Linear |R| = [32m3.365438e-04[39m
      9 Linear |R| = [32m2.689303e-04[39m
     10 Linear |R| = [32m1.674293e-04[39m
     11 Linear |R| = [32m1.241470e-04[39m
     12 Linear |R| = [32m8.879926e-05[39m
     13 Linear |R| = [32m6.971348e-05[39m
     14 Linear |R| = [32m5.192349e-05[39m
     15 Linear |R| = [32m3.934366e-05[39m
     16 Linear |R| = [32m3.184301e-05[39m
     17 Linear |R| = [32m2.882587e-05[39m
     18 Linear |R| = [32m2.540239e-05[39m
     19 Linear |R| = [32m2.235158e-05[39m
     20 Linear |R| = [32m2.065330e-05[39m
     21 Linear |R| = [32m1.915345e-05[39m
     22 Linear |R| = [32m1.778235e-05[39m
     23 Linear |R| = [32m1.605379e-05[39m
     24 Linear |R| = [32m1.439114e-05[39m
     25 Linear |R| = [32m1.285352e-05[39m
     26 Linear |R| = [32m1.180848e-05[39m
     27 Linear |R| = [32m1.073024e-05[39m
     28 Linear |R| = [32m1.016690e-05[39m
     29 Linear |R| = [32m9.444972e-06[39m
     30 Linear |R| = [33m8.978133e-06[39m
     31 Linear |R| = [33m8.636072e-06[39m
     32 Linear |R| = [33m8.255735e-06[39m
     33 Linear |R| = [33m7.932133e-06[39m
     34 Linear |R| = [32m7.463662e-06[39m
     35 Linear |R| = [32m6.961053e-06[39m
     36 Linear |R| = [32m6.243920e-06[39m
     37 Linear |R| = [32m5.797322e-06[39m
     38 Linear |R| = [32m5.224387e-06[39m
     39 Linear |R| = [32m4.911715e-06[39m
     40 Linear |R| = [32m4.571414e-06[39m
     41 Linear |R| = [32m4.275714e-06[39m
     42 Linear |R| = [32m3.782035e-06[39m
     43 Linear |R| = [32m3.301341e-06[39m
 2 Nonlinear |R| = [32m1.085955e-04[39m
[32m Solve Converged![39m
  Finished Solving                                                                       [[33m 33.19 s[39m] [[33m  465 MB[39m]

Outlier Variable Residual Norms:
  disp_y: [31m1.072560e-04[39m

Postprocessor Values:
+----------------+----------------+----------------+----------------+
| time           | damage_max     | load_disp_x    | vonmises_max   |
+----------------+----------------+----------------+----------------+
:                :                :                :                :
|   2.400000e+00 |   7.800000e-02 |  -6.400000e+00 |   3.969697e+01 |
|   2.600000e+00 |   9.200000e-02 |  -9.600000e+00 |   5.760912e+01 |
|   2.800000e+00 |   1.060000e-01 |  -1.280000e+01 |   7.525888e+01 |
|   3.000000e+00 |   1.200000e-01 |  -1.600000e+01 |   9.264342e+01 |
|   3.200000e+00 |   1.320000e-01 |  -1.280000e+01 |   7.438660e+01 |
|   3.400000e+00 |   1.440000e-01 |  -9.600000e+00 |   5.631193e+01 |
|   3.600000e+00 |   1.560000e-01 |  -6.400000e+00 |   3.869178e+01 |
|   3.800000e+00 |   1.680000e-01 |  -3.200000e+00 |   2.245444e+01 |
|   4.000000e+00 |   1.800000e-01 |   1.776357e-14 |   7.330424e+00 |
|   4.200000e+00 |   2.040000e-01 |   4.000000e+00 |   2.470087e+01 |
|   4.400000e+00 |   2.280000e-01 |   8.000000e+00 |   4.560160e+01 |
|   4.600000e+00 |   2.520000e-01 |   1.200000e+01 |   6.590274e+01 |
|   4.800000e+00 |   2.760000e-01 |   1.600000e+01 |   8.559099e+01 |
|   5.000000e+00 |   3.000000e-01 |   2.000000e+01 |   1.046526e+02 |
|   5.200000e+00 |   3.160000e-01 |   1.600000e+01 |   8.367626e+01 |
+----------------+----------------+----------------+----------------+


Time Step 27, time = 5.4, dt = 0.2
 0 Nonlinear |R| = [32m7.892710e+00[39m
      0 Linear |R| = [32m7.892710e+00[39m
      1 Linear |R| = [32m1.894299e+00[39m
      2 Linear |R| = [32m5.558017e-01[39m
      3 Linear |R| = [32m2.265079e-01[39m
      4 Linear |R| = [32m1.055502e-01[39m
      5 Linear |R| = [32m6.611366e-02[39m
      6 Linear |R| = [32m3.812316e-02[39m
      7 Linear |R| = [32m2.628393e-02[39m
      8 Linear |R| = [32m1.721238e-02[39m
      9 Linear |R| = [32m1.182459e-02[39m
     10 Linear |R| = [32m6.989198e-03[39m
     11 Linear |R| = [32m4.994633e-03[39m
     12 Linear |R| = [32m3.204280e-03[39m
     13 Linear |R| = [32m2.346351e-03[39m
     14 Linear |R| = [32m1.559533e-03[39m
     15 Linear |R| = [32m1.180435e-03[39m
     16 Linear |R| = [32m8.358639e-04[39m
     17 Linear |R| = [32m6.232927e-04[39m
     18 Linear |R| = [32m4.659181e-04[39m
     19 Linear |R| = [32m3.378912e-04[39m
     20 Linear |R| = [32m2.863960e-04[39m
     21 Linear |R| = [32m1.883459e-04[39m
     22 Linear |R| = [32m1.483560e-04[39m
     23 Linear |R| = [32m1.110082e-04[39m
     24 Linear |R| = [32m1.023469e-04[39m
     25 Linear |R| = [32m8.091464e-05[39m
     26 Linear |R| = [32m7.358881e-05[39m
 1 Nonlinear |R| = [32m3.547113e-01[39m
      0 Linear |R| = [32m3.547113e-01[39m
      1 Linear |R| = [32m4.132614e-02[39m
      2 Linear |R| = [32m1.724357e-02[39m
      3 Linear |R| = [32m7.137506e-03[39m
      4 Linear |R| = [32m3.339402e-03[39m
      5 Linear |R| = [32m1.540362e-03[39m
      6 Linear |R| = [32m7.469963e-04[39m
      7 Linear |R| = [32m4.811893e-04[39m
      8 Linear |R| = [32m3.400621e-04[39m
      9 Linear |R| = [32m2.723311e-04[39m
     10 Linear |R| = [32m1.697984e-04[39m
     11 Linear |R| = [32m1.262748e-04[39m
     12 Linear |R| = [32m9.061381e-05[39m
     13 Linear |R| = [32m7.151655e-05[39m
     14 Linear |R| = [32m5.359413e-05[39m
     15 Linear |R| = [32m4.104161e-05[39m
     16 Linear |R| = [32m3.348419e-05[39m
     17 Linear |R| = [32m3.049471e-05[39m
     18 Linear |R| = [32m2.702090e-05[39m
     19 Linear |R| = [32m2.400817e-05[39m
     20 Linear |R| = [32m2.226528e-05[39m
     21 Linear |R| = [32m2.077261e-05[39m
     22 Linear |R| = [32m1.932342e-05[39m
     23 Linear |R| = [32m1.757204e-05[39m
     24 Linear |R| = [32m1.580730e-05[39m
     25 Linear |R| = [32m1.422787e-05[39m
     26 Linear |R| = [32m1.307742e-05[39m
     27 Linear |R| = [32m1.194721e-05[39m
     28 Linear |R| = [32m1.131061e-05[39m
     29 Linear |R| = [32m1.052448e-05[39m
     30 Linear |R| = [32m9.983523e-06[39m
     31 Linear |R| = [33m9.568865e-06[39m
     32 Linear |R| = [33m9.150112e-06[39m
     33 Linear |R| = [33m8.777307e-06[39m
     34 Linear |R| = [32m8.276535e-06[39m
     35 Linear |R| = [32m7.675276e-06[39m
     36 Linear |R| = [32m6.947062e-06[39m
     37 Linear |R| = [32m6.415382e-06[39m
     38 Linear |R| = [32m5.843061e-06[39m
     39 Linear |R| = [32m5.475380e-06[39m
     40 Linear |R| = [32m5.141229e-06[39m
     41 Linear |R| = [32m4.796932e-06[39m
     42 Linear |R| = [32m4.298719e-06[39m
     43 Linear |R| = [32m3.735889e-06[39m
     44 Linear |R| = [32m3.355197e-06[39m
 2 Nonlinear |R| = [32m1.086698e-04[39m
[32m Solve Converged![39m
  Finished Solving                                                                       [[33m 33.42 s[39m] [[33m  465 MB[39m]

Outlier Variable Residual Norms:
  disp_y: [31m1.073227e-04[39m

Postprocessor Values:
+----------------+----------------+----------------+----------------+
| time           | damage_max     | load_disp_x    | vonmises_max   |
+----------------+----------------+----------------+----------------+
:                :                :                :                :
|   2.600000e+00 |   9.200000e-02 |  -9.600000e+00 |   5.760912e+01 |
|   2.800000e+00 |   1.060000e-01 |  -1.280000e+01 |   7.525888e+01 |
|   3.000000e+00 |   1.200000e-01 |  -1.600000e+01 |   9.264342e+01 |
|   3.200000e+00 |   1.320000e-01 |  -1.280000e+01 |   7.438660e+01 |
|   3.400000e+00 |   1.440000e-01 |  -9.600000e+00 |   5.631193e+01 |
|   3.600000e+00 |   1.560000e-01 |  -6.400000e+00 |   3.869178e+01 |
|   3.800000e+00 |   1.680000e-01 |  -3.200000e+00 |   2.245444e+01 |
|   4.000000e+00 |   1.800000e-01 |   1.776357e-14 |   7.330424e+00 |
|   4.200000e+00 |   2.040000e-01 |   4.000000e+00 |   2.470087e+01 |
|   4.400000e+00 |   2.280000e-01 |   8.000000e+00 |   4.560160e+01 |
|   4.600000e+00 |   2.520000e-01 |   1.200000e+01 |   6.590274e+01 |
|   4.800000e+00 |   2.760000e-01 |   1.600000e+01 |   8.559099e+01 |
|   5.000000e+00 |   3.000000e-01 |   2.000000e+01 |   1.046526e+02 |
|   5.200000e+00 |   3.160000e-01 |   1.600000e+01 |   8.367626e+01 |
|   5.400000e+00 |   3.320000e-01 |   1.200000e+01 |   6.305619e+01 |
+----------------+----------------+----------------+----------------+


Time Step 28, time = 5.6, dt = 0.2
 0 Nonlinear |R| = [32m7.892491e+00[39m
      0 Linear |R| = [32m7.892491e+00[39m
      1 Linear |R| = [32m1.895191e+00[39m
      2 Linear |R| = [32m5.561252e-01[39m
      3 Linear |R| = [32m2.267614e-01[39m
      4 Linear |R| = [32m1.057676e-01[39m
      5 Linear |R| = [32m6.633979e-02[39m
      6 Linear |R| = [32m3.819500e-02[39m
      7 Linear |R| = [32m2.630747e-02[39m
      8 Linear |R| = [32m1.724433e-02[39m
      9 Linear |R| = [32m1.188617e-02[39m
     10 Linear |R| = [32m7.044382e-03[39m
     11 Linear |R| = [32m5.047315e-03[39m
     12 Linear |R| = [32m3.230266e-03[39m
     13 Linear |R| = [32m2.368716e-03[39m
     14 Linear |R| = [32m1.576224e-03[39m
     15 Linear |R| = [32m1.197294e-03[39m
     16 Linear |R| = [32m8.489664e-04[39m
     17 Linear |R| = [32m6.339355e-04[39m
     18 Linear |R| = [32m4.721121e-04[39m
     19 Linear |R| = [32m3.424914e-04[39m
     20 Linear |R| = [32m2.903463e-04[39m
     21 Linear |R| = [32m1.910893e-04[39m
     22 Linear |R| = [32m1.502961e-04[39m
     23 Linear |R| = [32m1.120030e-04[39m
     24 Linear |R| = [32m1.029059e-04[39m
     25 Linear |R| = [32m8.150183e-05[39m
     26 Linear |R| = [32m7.429972e-05[39m
 1 Nonlinear |R| = [32m3.546674e-01[39m
      0 Linear |R| = [32m3.546674e-01[39m
      1 Linear |R| = [32m4.133193e-02[39m
      2 Linear |R| = [32m1.725052e-02[39m
      3 Linear |R| = [32m7.143545e-03[39m
      4 Linear |R| = [32m3.343766e-03[39m
      5 Linear |R| = [32m1.545423e-03[39m
      6 Linear |R| = [32m7.504116e-04[39m
      7 Linear |R| = [32m4.846046e-04[39m
      8 Linear |R| = [32m3.434813e-04[39m
      9 Linear |R| = [32m2.755928e-04[39m
     10 Linear |R| = [32m1.718724e-04[39m
     11 Linear |R| = [32m1.280042e-04[39m
     12 Linear |R| = [32m9.187143e-05[39m
     13 Linear |R| = [32m7.263067e-05[39m
     14 Linear |R| = [32m5.436777e-05[39m
     15 Linear |R| = [32m4.162348e-05[39m
     16 Linear |R| = [32m3.379564e-05[39m
     17 Linear |R| = [32m3.076250e-05[39m
     18 Linear |R| = [32m2.715667e-05[39m
     19 Linear |R| = [32m2.413219e-05[39m
     20 Linear |R| = [32m2.233606e-05[39m
     21 Linear |R| = [32m2.085662e-05[39m
     22 Linear |R| = [32m1.938132e-05[39m
     23 Linear |R| = [32m1.766744e-05[39m
     24 Linear |R| = [32m1.588723e-05[39m
     25 Linear |R| = [32m1.433709e-05[39m
     26 Linear |R| = [32m1.313866e-05[39m
     27 Linear |R| = [32m1.202189e-05[39m
     28 Linear |R| = [32m1.137144e-05[39m
     29 Linear |R| = [32m1.058849e-05[39m
     30 Linear |R| = [33m1.009691e-05[39m
     31 Linear |R| = [33m9.641735e-06[39m
     32 Linear |R| = [33m9.244088e-06[39m
     33 Linear |R| = [33m8.855292e-06[39m
     34 Linear |R| = [32m8.372448e-06[39m
     35 Linear |R| = [32m7.754177e-06[39m
     36 Linear |R| = [32m7.045367e-06[39m
     37 Linear |R| = [32m6.479339e-06[39m
     38 Linear |R| = [32m5.930383e-06[39m
     39 Linear |R| = [32m5.531737e-06[39m
     40 Linear |R| = [32m5.212964e-06[39m
     41 Linear |R| = [32m4.858751e-06[39m
     42 Linear |R| = [32m4.375263e-06[39m
     43 Linear |R| = [32m3.786544e-06[39m
     44 Linear |R| = [32m3.395257e-06[39m
 2 Nonlinear |R| = [32m1.086670e-04[39m
  Finished Solving                                                                       [[33m 35.05 s[39m] [[33m  465 MB[39m]
[32m Solve Converged![39m

Outlier Variable Residual Norms:
  disp_y: [31m1.073157e-04[39m

Postprocessor Values:
+----------------+----------------+----------------+----------------+
| time           | damage_max     | load_disp_x    | vonmises_max   |
+----------------+----------------+----------------+----------------+
:                :                :                :                :
|   2.800000e+00 |   1.060000e-01 |  -1.280000e+01 |   7.525888e+01 |
|   3.000000e+00 |   1.200000e-01 |  -1.600000e+01 |   9.264342e+01 |
|   3.200000e+00 |   1.320000e-01 |  -1.280000e+01 |   7.438660e+01 |
|   3.400000e+00 |   1.440000e-01 |  -9.600000e+00 |   5.631193e+01 |
|   3.600000e+00 |   1.560000e-01 |  -6.400000e+00 |   3.869178e+01 |
|   3.800000e+00 |   1.680000e-01 |  -3.200000e+00 |   2.245444e+01 |
|   4.000000e+00 |   1.800000e-01 |   1.776357e-14 |   7.330424e+00 |
|   4.200000e+00 |   2.040000e-01 |   4.000000e+00 |   2.470087e+01 |
|   4.400000e+00 |   2.280000e-01 |   8.000000e+00 |   4.560160e+01 |
|   4.600000e+00 |   2.520000e-01 |   1.200000e+01 |   6.590274e+01 |
|   4.800000e+00 |   2.760000e-01 |   1.600000e+01 |   8.559099e+01 |
|   5.000000e+00 |   3.000000e-01 |   2.000000e+01 |   1.046526e+02 |
|   5.200000e+00 |   3.160000e-01 |   1.600000e+01 |   8.367626e+01 |
|   5.400000e+00 |   3.320000e-01 |   1.200000e+01 |   6.305619e+01 |
|   5.600000e+00 |   3.480000e-01 |   8.000000e+00 |   4.280082e+01 |
+----------------+----------------+----------------+----------------+


Time Step 29, time = 5.8, dt = 0.2
 0 Nonlinear |R| = [32m7.892278e+00[39m
      0 Linear |R| = [32m7.892278e+00[39m
      1 Linear |R| = [32m1.896117e+00[39m
      2 Linear |R| = [32m5.564595e-01[39m
      3 Linear |R| = [32m2.270189e-01[39m
      4 Linear |R| = [32m1.059881e-01[39m
      5 Linear |R| = [32m6.656970e-02[39m
      6 Linear |R| = [32m3.826832e-02[39m
      7 Linear |R| = [32m2.633090e-02[39m
      8 Linear |R| = [32m1.727522e-02[39m
      9 Linear |R| = [32m1.194768e-02[39m
     10 Linear |R| = [32m7.100567e-03[39m
     11 Linear |R| = [32m5.101965e-03[39m
     12 Linear |R| = [32m3.257392e-03[39m
     13 Linear |R| = [32m2.392011e-03[39m
     14 Linear |R| = [32m1.593421e-03[39m
     15 Linear |R| = [32m1.214567e-03[39m
     16 Linear |R| = [32m8.625027e-04[39m
     17 Linear |R| = [32m6.450422e-04[39m
     18 Linear |R| = [32m4.785679e-04[39m
     19 Linear |R| = [32m3.472861e-04[39m
     20 Linear |R| = [32m2.944097e-04[39m
     21 Linear |R| = [32m1.939663e-04[39m
     22 Linear |R| = [32m1.524008e-04[39m
     23 Linear |R| = [32m1.131020e-04[39m
     24 Linear |R| = [32m1.035194e-04[39m
     25 Linear |R| = [32m8.211510e-05[39m
     26 Linear |R| = [32m7.503478e-05[39m
 1 Nonlinear |R| = [32m3.546530e-01[39m
      0 Linear |R| = [32m3.546530e-01[39m
      1 Linear |R| = [32m4.133995e-02[39m
      2 Linear |R| = [32m1.725842e-02[39m
      3 Linear |R| = [32m7.149952e-03[39m
      4 Linear |R| = [32m3.348336e-03[39m
      5 Linear |R| = [32m1.550564e-03[39m
      6 Linear |R| = [32m7.539058e-04[39m
      7 Linear |R| = [32m4.881291e-04[39m
      8 Linear |R| = [32m3.470251e-04[39m
      9 Linear |R| = [32m2.789717e-04[39m
     10 Linear |R| = [32m1.740547e-04[39m
     11 Linear |R| = [32m1.298260e-04[39m
     12 Linear |R| = [32m9.319792e-05[39m
     13 Linear |R| = [32m7.380447e-05[39m
     14 Linear |R| = [32m5.518944e-05[39m
     15 Linear |R| = [32m4.224837e-05[39m
     16 Linear |R| = [32m3.413637e-05[39m
     17 Linear |R| = [32m3.105995e-05[39m
     18 Linear |R| = [32m2.731190e-05[39m
     19 Linear |R| = [32m2.428054e-05[39m
     20 Linear |R| = [32m2.242108e-05[39m
     21 Linear |R| = [32m2.096971e-05[39m
     22 Linear |R| = [32m1.945026e-05[39m
     23 Linear |R| = [32m1.778911e-05[39m
     24 Linear |R| = [32m1.597308e-05[39m
     25 Linear |R| = [32m1.446391e-05[39m
     26 Linear |R| = [32m1.320092e-05[39m
     27 Linear |R| = [32m1.211229e-05[39m
     28 Linear |R| = [32m1.143055e-05[39m
     29 Linear |R| = [32m1.066308e-05[39m
     30 Linear |R| = [33m1.029560e-05[39m
     31 Linear |R| = [32m9.712577e-06[39m
     32 Linear |R| = [33m9.348961e-06[39m
     33 Linear |R| = [33m8.946855e-06[39m
     34 Linear |R| = [32m8.483875e-06[39m
     35 Linear |R| = [32m7.849371e-06[39m
     36 Linear |R| = [32m7.172233e-06[39m
     37 Linear |R| = [32m6.562651e-06[39m
     38 Linear |R| = [32m6.047539e-06[39m
     39 Linear |R| = [32m5.596919e-06[39m
     40 Linear |R| = [32m5.300343e-06[39m
     41 Linear |R| = [32m4.944078e-06[39m
     42 Linear |R| = [32m4.475022e-06[39m
     43 Linear |R| = [32m3.890307e-06[39m
     44 Linear |R| = [32m3.433582e-06[39m
 2 Nonlinear |R| = [32m1.086930e-04[39m
[32m Solve Converged![39m
  Finished Solving                                                                       [[33m 35.07 s[39m] [[33m  465 MB[39m]

Outlier Variable Residual Norms:
  disp_y: [31m1.073368e-04[39m

Postprocessor Values:
+----------------+----------------+----------------+----------------+
| time           | damage_max     | load_disp_x    | vonmises_max   |
+----------------+----------------+----------------+----------------+
:                :                :                :                :
|   3.000000e+00 |   1.200000e-01 |  -1.600000e+01 |   9.264342e+01 |
|   3.200000e+00 |   1.320000e-01 |  -1.280000e+01 |   7.438660e+01 |
|   3.400000e+00 |   1.440000e-01 |  -9.600000e+00 |   5.631193e+01 |
|   3.600000e+00 |   1.560000e-01 |  -6.400000e+00 |   3.869178e+01 |
|   3.800000e+00 |   1.680000e-01 |  -3.200000e+00 |   2.245444e+01 |
|   4.000000e+00 |   1.800000e-01 |   1.776357e-14 |   7.330424e+00 |
|   4.200000e+00 |   2.040000e-01 |   4.000000e+00 |   2.470087e+01 |
|   4.400000e+00 |   2.280000e-01 |   8.000000e+00 |   4.560160e+01 |
|   4.600000e+00 |   2.520000e-01 |   1.200000e+01 |   6.590274e+01 |
|   4.800000e+00 |   2.760000e-01 |   1.600000e+01 |   8.559099e+01 |
|   5.000000e+00 |   3.000000e-01 |   2.000000e+01 |   1.046526e+02 |
|   5.200000e+00 |   3.160000e-01 |   1.600000e+01 |   8.367626e+01 |
|   5.400000e+00 |   3.320000e-01 |   1.200000e+01 |   6.305619e+01 |
|   5.600000e+00 |   3.480000e-01 |   8.000000e+00 |   4.280082e+01 |
|   5.800000e+00 |   3.640000e-01 |   4.000000e+00 |   2.340950e+01 |
+----------------+----------------+----------------+----------------+


Time Step 30, time = 6, dt = 0.2
 0 Nonlinear |R| = [32m7.892072e+00[39m
      0 Linear |R| = [32m7.892072e+00[39m
      1 Linear |R| = [32m1.897069e+00[39m
      2 Linear |R| = [32m5.568079e-01[39m
      3 Linear |R| = [32m2.272766e-01[39m
      4 Linear |R| = [32m1.062122e-01[39m
      5 Linear |R| = [32m6.680406e-02[39m
      6 Linear |R| = [32m3.834353e-02[39m
      7 Linear |R| = [32m2.635429e-02[39m
      8 Linear |R| = [32m1.730522e-02[39m
      9 Linear |R| = [32m1.200912e-02[39m
     10 Linear |R| = [32m7.157771e-03[39m
     11 Linear |R| = [32m5.158677e-03[39m
     12 Linear |R| = [32m3.285728e-03[39m
     13 Linear |R| = [32m2.416327e-03[39m
     14 Linear |R| = [32m1.611184e-03[39m
     15 Linear |R| = [32m1.232269e-03[39m
     16 Linear |R| = [32m8.765080e-04[39m
     17 Linear |R| = [32m6.566264e-04[39m
     18 Linear |R| = [32m4.853212e-04[39m
     19 Linear |R| = [32m3.522877e-04[39m
     20 Linear |R| = [32m2.985995e-04[39m
     21 Linear |R| = [32m1.969762e-04[39m
     22 Linear |R| = [32m1.546771e-04[39m
     23 Linear |R| = [32m1.143057e-04[39m
     24 Linear |R| = [32m1.041823e-04[39m
     25 Linear |R| = [32m8.274336e-05[39m
     26 Linear |R| = [32m7.577317e-05[39m
 1 Nonlinear |R| = [32m3.546359e-01[39m
      0 Linear |R| = [32m3.546359e-01[39m
      1 Linear |R| = [32m4.134784e-02[39m
      2 Linear |R| = [32m1.726560e-02[39m
      3 Linear |R| = [32m7.156079e-03[39m
      4 Linear |R| = [32m3.352746e-03[39m
      5 Linear |R| = [32m1.555641e-03[39m
      6 Linear |R| = [32m7.572266e-04[39m
      7 Linear |R| = [32m4.915314e-04[39m
      8 Linear |R| = [32m3.504157e-04[39m
      9 Linear |R| = [32m2.822716e-04[39m
     10 Linear |R| = [32m1.761626e-04[39m
     11 Linear |R| = [32m1.316165e-04[39m
     12 Linear |R| = [32m9.448851e-05[39m
     13 Linear |R| = [32m7.497134e-05[39m
     14 Linear |R| = [32m5.602080e-05[39m
     15 Linear |R| = [32m4.289127e-05[39m
     16 Linear |R| = [32m3.450378e-05[39m
     17 Linear |R| = [32m3.137530e-05[39m
     18 Linear |R| = [32m2.749800e-05[39m
     19 Linear |R| = [32m2.443991e-05[39m
     20 Linear |R| = [32m2.253040e-05[39m
     21 Linear |R| = [32m2.108706e-05[39m
     22 Linear |R| = [32m1.954071e-05[39m
     23 Linear |R| = [32m1.791368e-05[39m
     24 Linear |R| = [32m1.608051e-05[39m
     25 Linear |R| = [32m1.459650e-05[39m
     26 Linear |R| = [32m1.328103e-05[39m
     27 Linear |R| = [32m1.221133e-05[39m
     28 Linear |R| = [32m1.149783e-05[39m
     29 Linear |R| = [32m1.074712e-05[39m
     30 Linear |R| = [31m1.212501e-05[39m
     31 Linear |R| = [32m9.871978e-06[39m
     32 Linear |R| = [33m9.505123e-06[39m
     33 Linear |R| = [33m9.184231e-06[39m
     34 Linear |R| = [32m8.712146e-06[39m
     35 Linear |R| = [32m8.140173e-06[39m
     36 Linear |R| = [32m7.445127e-06[39m
     37 Linear |R| = [32m6.801927e-06[39m
     38 Linear |R| = [32m6.281785e-06[39m
     39 Linear |R| = [32m5.789010e-06[39m
     40 Linear |R| = [32m5.440701e-06[39m
     41 Linear |R| = [32m5.120645e-06[39m
     42 Linear |R| = [32m4.696267e-06[39m
     43 Linear |R| = [32m4.132559e-06[39m
     44 Linear |R| = [32m3.590013e-06[39m
     45 Linear |R| = [32m3.174343e-06[39m
 2 Nonlinear |R| = [32m1.090010e-04[39m
[32m Solve Converged![39m
  Finished Solving                                                                       [[33m 34.32 s[39m] [[33m  465 MB[39m]

Outlier Variable Residual Norms:
  disp_y: [31m1.075789e-04[39m

Postprocessor Values:
+----------------+----------------+----------------+----------------+
| time           | damage_max     | load_disp_x    | vonmises_max   |
+----------------+----------------+----------------+----------------+
:                :                :                :                :
|   3.200000e+00 |   1.320000e-01 |  -1.280000e+01 |   7.438660e+01 |
|   3.400000e+00 |   1.440000e-01 |  -9.600000e+00 |   5.631193e+01 |
|   3.600000e+00 |   1.560000e-01 |  -6.400000e+00 |   3.869178e+01 |
|   3.800000e+00 |   1.680000e-01 |  -3.200000e+00 |   2.245444e+01 |
|   4.000000e+00 |   1.800000e-01 |   1.776357e-14 |   7.330424e+00 |
|   4.200000e+00 |   2.040000e-01 |   4.000000e+00 |   2.470087e+01 |
|   4.400000e+00 |   2.280000e-01 |   8.000000e+00 |   4.560160e+01 |
|   4.600000e+00 |   2.520000e-01 |   1.200000e+01 |   6.590274e+01 |
|   4.800000e+00 |   2.760000e-01 |   1.600000e+01 |   8.559099e+01 |
|   5.000000e+00 |   3.000000e-01 |   2.000000e+01 |   1.046526e+02 |
|   5.200000e+00 |   3.160000e-01 |   1.600000e+01 |   8.367626e+01 |
|   5.400000e+00 |   3.320000e-01 |   1.200000e+01 |   6.305619e+01 |
|   5.600000e+00 |   3.480000e-01 |   8.000000e+00 |   4.280082e+01 |
|   5.800000e+00 |   3.640000e-01 |   4.000000e+00 |   2.340950e+01 |
|   6.000000e+00 |   3.800000e-01 |  -5.329071e-14 |   8.954532e+00 |
+----------------+----------------+----------------+----------------+


Time Step 31, time = 6.2, dt = 0.2
 0 Nonlinear |R| = [32m7.891871e+00[39m
      0 Linear |R| = [32m7.891871e+00[39m
      1 Linear |R| = [32m1.899257e+00[39m
      2 Linear |R| = [32m5.575100e-01[39m
      3 Linear |R| = [32m2.276508e-01[39m
      4 Linear |R| = [32m1.065717e-01[39m
      5 Linear |R| = [32m6.718778e-02[39m
      6 Linear |R| = [32m3.846093e-02[39m
      7 Linear |R| = [32m2.638082e-02[39m
      8 Linear |R| = [32m1.735160e-02[39m
      9 Linear |R| = [32m1.210868e-02[39m
     10 Linear |R| = [32m7.257734e-03[39m
     11 Linear |R| = [32m5.256964e-03[39m
     12 Linear |R| = [32m3.335240e-03[39m
     13 Linear |R| = [32m2.456599e-03[39m
     14 Linear |R| = [32m1.640839e-03[39m
     15 Linear |R| = [32m1.261119e-03[39m
     16 Linear |R| = [32m9.002376e-04[39m
     17 Linear |R| = [32m6.764424e-04[39m
     18 Linear |R| = [32m4.967823e-04[39m
     19 Linear |R| = [32m3.607640e-04[39m
     20 Linear |R| = [32m3.056309e-04[39m
     21 Linear |R| = [32m2.022243e-04[39m
     22 Linear |R| = [32m1.588588e-04[39m
     23 Linear |R| = [32m1.164323e-04[39m
     24 Linear |R| = [32m1.052808e-04[39m
     25 Linear |R| = [32m8.364630e-05[39m
     26 Linear |R| = [32m7.691233e-05[39m
 1 Nonlinear |R| = [32m3.546477e-01[39m
      0 Linear |R| = [32m3.546477e-01[39m
      1 Linear |R| = [32m4.136364e-02[39m
      2 Linear |R| = [32m1.727670e-02[39m
      3 Linear |R| = [32m7.165153e-03[39m
      4 Linear |R| = [32m3.358867e-03[39m
      5 Linear |R| = [32m1.563095e-03[39m
      6 Linear |R| = [32m7.630483e-04[39m
      7 Linear |R| = [32m4.978531e-04[39m
      8 Linear |R| = [32m3.568670e-04[39m
      9 Linear |R| = [32m2.883083e-04[39m
     10 Linear |R| = [32m1.801517e-04[39m
     11 Linear |R| = [32m1.349320e-04[39m
     12 Linear |R| = [32m9.690139e-05[39m
     13 Linear |R| = [32m7.708134e-05[39m
     14 Linear |R| = [32m5.751010e-05[39m
     15 Linear |R| = [32m4.397095e-05[39m
     16 Linear |R| = [32m3.506755e-05[39m
     17 Linear |R| = [32m3.182356e-05[39m
     18 Linear |R| = [32m2.770870e-05[39m
     19 Linear |R| = [32m2.460367e-05[39m
     20 Linear |R| = [32m2.261070e-05[39m
     21 Linear |R| = [32m2.119914e-05[39m
     22 Linear |R| = [32m1.961451e-05[39m
     23 Linear |R| = [32m1.805852e-05[39m
     24 Linear |R| = [32m1.621663e-05[39m
     25 Linear |R| = [32m1.476670e-05[39m
     26 Linear |R| = [32m1.338755e-05[39m
     27 Linear |R| = [32m1.232445e-05[39m
     28 Linear |R| = [32m1.157233e-05[39m
     29 Linear |R| = [32m1.083821e-05[39m
     30 Linear |R| = [33m1.046496e-05[39m
     31 Linear |R| = [32m9.887673e-06[39m
     32 Linear |R| = [33m9.540415e-06[39m
     33 Linear |R| = [33m9.128985e-06[39m
     34 Linear |R| = [32m8.670800e-06[39m
     35 Linear |R| = [32m8.026558e-06[39m
     36 Linear |R| = [32m7.365969e-06[39m
     37 Linear |R| = [32m6.755017e-06[39m
     38 Linear |R| = [32m6.214047e-06[39m
     39 Linear |R| = [32m5.759744e-06[39m
     40 Linear |R| = [32m5.416900e-06[39m
     41 Linear |R| = [32m5.096091e-06[39m
     42 Linear |R| = [32m4.607282e-06[39m
     43 Linear |R| = [32m4.016540e-06[39m
     44 Linear |R| = [32m3.491957e-06[39m
 2 Nonlinear |R| = [32m1.087734e-04[39m
[32m Solve Converged![39m
  Finished Solving                                                                       [[33m 33.64 s[39m] [[33m  465 MB[39m]

Outlier Variable Residual Norms:
  disp_y: [31m1.074081e-04[39m

Postprocessor Values:
+----------------+----------------+----------------+----------------+
| time           | damage_max     | load_disp_x    | vonmises_max   |
+----------------+----------------+----------------+----------------+
:                :                :                :                :
|   3.400000e+00 |   1.440000e-01 |  -9.600000e+00 |   5.631193e+01 |
|   3.600000e+00 |   1.560000e-01 |  -6.400000e+00 |   3.869178e+01 |
|   3.800000e+00 |   1.680000e-01 |  -3.200000e+00 |   2.245444e+01 |
|   4.000000e+00 |   1.800000e-01 |   1.776357e-14 |   7.330424e+00 |
|   4.200000e+00 |   2.040000e-01 |   4.000000e+00 |   2.470087e+01 |
|   4.400000e+00 |   2.280000e-01 |   8.000000e+00 |   4.560160e+01 |
|   4.600000e+00 |   2.520000e-01 |   1.200000e+01 |   6.590274e+01 |
|   4.800000e+00 |   2.760000e-01 |   1.600000e+01 |   8.559099e+01 |
|   5.000000e+00 |   3.000000e-01 |   2.000000e+01 |   1.046526e+02 |
|   5.200000e+00 |   3.160000e-01 |   1.600000e+01 |   8.367626e+01 |
|   5.400000e+00 |   3.320000e-01 |   1.200000e+01 |   6.305619e+01 |
|   5.600000e+00 |   3.480000e-01 |   8.000000e+00 |   4.280082e+01 |
|   5.800000e+00 |   3.640000e-01 |   4.000000e+00 |   2.340950e+01 |
|   6.000000e+00 |   3.800000e-01 |  -5.329071e-14 |   8.954532e+00 |
|   6.200000e+00 |   4.080000e-01 |  -4.000000e+00 |   2.560008e+01 |
+----------------+----------------+----------------+----------------+


Time Step 32, time = 6.4, dt = 0.2
 0 Nonlinear |R| = [32m7.891678e+00[39m
      0 Linear |R| = [32m7.891678e+00[39m
      1 Linear |R| = [32m1.901277e+00[39m
      2 Linear |R| = [32m5.582430e-01[39m
      3 Linear |R| = [32m2.280994e-01[39m
      4 Linear |R| = [32m1.069782e-01[39m
      5 Linear |R| = [32m6.761479e-02[39m
      6 Linear |R| = [32m3.859795e-02[39m
      7 Linear |R| = [32m2.641751e-02[39m
      8 Linear |R| = [32m1.739624e-02[39m
      9 Linear |R| = [32m1.221257e-02[39m
     10 Linear |R| = [32m7.361784e-03[39m
     11 Linear |R| = [32m5.366297e-03[39m
     12 Linear |R| = [32m3.391260e-03[39m
     13 Linear |R| = [32m2.504410e-03[39m
     14 Linear |R| = [32m1.674987e-03[39m
     15 Linear |R| = [32m1.294057e-03[39m
     16 Linear |R| = [32m9.272518e-04[39m
     17 Linear |R| = [32m6.992643e-04[39m
     18 Linear |R| = [32m5.103964e-04[39m
     19 Linear |R| = [32m3.706703e-04[39m
     20 Linear |R| = [32m3.136484e-04[39m
     21 Linear |R| = [32m2.082246e-04[39m
     22 Linear |R| = [32m1.639481e-04[39m
     23 Linear |R| = [32m1.192836e-04[39m
     24 Linear |R| = [32m1.069225e-04[39m
     25 Linear |R| = [32m8.497940e-05[39m
     26 Linear |R| = [32m7.839056e-05[39m
 1 Nonlinear |R| = [32m3.545497e-01[39m
      0 Linear |R| = [32m3.545497e-01[39m
      1 Linear |R| = [32m4.136192e-02[39m
      2 Linear |R| = [32m1.728747e-02[39m
      3 Linear |R| = [32m7.172969e-03[39m
      4 Linear |R| = [32m3.364118e-03[39m
      5 Linear |R| = [32m1.569512e-03[39m
      6 Linear |R| = [32m7.685368e-04[39m
      7 Linear |R| = [32m5.039959e-04[39m
      8 Linear |R| = [32m3.631520e-04[39m
      9 Linear |R| = [32m2.943091e-04[39m
     10 Linear |R| = [32m1.841499e-04[39m
     11 Linear |R| = [32m1.383662e-04[39m
     12 Linear |R| = [32m9.939124e-05[39m
     13 Linear |R| = [32m7.933445e-05[39m
     14 Linear |R| = [32m5.917521e-05[39m
     15 Linear |R| = [32m4.527366e-05[39m
     16 Linear |R| = [32m3.589427e-05[39m
     17 Linear |R| = [32m3.252265e-05[39m
     18 Linear |R| = [32m2.817324e-05[39m
     19 Linear |R| = [32m2.497544e-05[39m
     20 Linear |R| = [32m2.291215e-05[39m
     21 Linear |R| = [32m2.147232e-05[39m
     22 Linear |R| = [32m1.987288e-05[39m
     23 Linear |R| = [32m1.833155e-05[39m
     24 Linear |R| = [32m1.650918e-05[39m
     25 Linear |R| = [32m1.506503e-05[39m
     26 Linear |R| = [32m1.363633e-05[39m
     27 Linear |R| = [32m1.255787e-05[39m
     28 Linear |R| = [32m1.177097e-05[39m
     29 Linear |R| = [32m1.104079e-05[39m
     30 Linear |R| = [33m1.055553e-05[39m
     31 Linear |R| = [33m1.008234e-05[39m
     32 Linear |R| = [33m9.715256e-06[39m
     33 Linear |R| = [33m9.297244e-06[39m
     34 Linear |R| = [33m8.837866e-06[39m
     35 Linear |R| = [32m8.178758e-06[39m
     36 Linear |R| = [32m7.509711e-06[39m
     37 Linear |R| = [32m6.906141e-06[39m
     38 Linear |R| = [32m6.353706e-06[39m
     39 Linear |R| = [32m5.885572e-06[39m
     40 Linear |R| = [32m5.533557e-06[39m
     41 Linear |R| = [32m5.208508e-06[39m
     42 Linear |R| = [32m4.699805e-06[39m
     43 Linear |R| = [32m4.094332e-06[39m
     44 Linear |R| = [32m3.557642e-06[39m
     45 Linear |R| = [32m3.094865e-06[39m
 2 Nonlinear |R| = [32m1.086618e-04[39m
[32m Solve Converged![39m
  Finished Solving                                                                       [[33m 34.27 s[39m] [[33m  465 MB[39m]

Outlier Variable Residual Norms:
  disp_y: [31m1.073175e-04[39m

Postprocessor Values:
+----------------+----------------+----------------+----------------+
| time           | damage_max     | load_disp_x    | vonmises_max   |
+----------------+----------------+----------------+----------------+
:                :                :                :                :
|   3.600000e+00 |   1.560000e-01 |  -6.400000e+00 |   3.869178e+01 |
|   3.800000e+00 |   1.680000e-01 |  -3.200000e+00 |   2.245444e+01 |
|   4.000000e+00 |   1.800000e-01 |   1.776357e-14 |   7.330424e+00 |
|   4.200000e+00 |   2.040000e-01 |   4.000000e+00 |   2.470087e+01 |
|   4.400000e+00 |   2.280000e-01 |   8.000000e+00 |   4.560160e+01 |
|   4.600000e+00 |   2.520000e-01 |   1.200000e+01 |   6.590274e+01 |
|   4.800000e+00 |   2.760000e-01 |   1.600000e+01 |   8.559099e+01 |
|   5.000000e+00 |   3.000000e-01 |   2.000000e+01 |   1.046526e+02 |
|   5.200000e+00 |   3.160000e-01 |   1.600000e+01 |   8.367626e+01 |
|   5.400000e+00 |   3.320000e-01 |   1.200000e+01 |   6.305619e+01 |
|   5.600000e+00 |   3.480000e-01 |   8.000000e+00 |   4.280082e+01 |
|   5.800000e+00 |   3.640000e-01 |   4.000000e+00 |   2.340950e+01 |
|   6.000000e+00 |   3.800000e-01 |  -5.329071e-14 |   8.954532e+00 |
|   6.200000e+00 |   4.080000e-01 |  -4.000000e+00 |   2.560008e+01 |
|   6.400000e+00 |   4.360000e-01 |  -8.000000e+00 |   4.299282e+01 |
+----------------+----------------+----------------+----------------+


Time Step 33, time = 6.6, dt = 0.2
 0 Nonlinear |R| = [32m7.891497e+00[39m
      0 Linear |R| = [32m7.891497e+00[39m
      1 Linear |R| = [32m1.903400e+00[39m
      2 Linear |R| = [32m5.590055e-01[39m
      3 Linear |R| = [32m2.285538e-01[39m
      4 Linear |R| = [32m1.073946e-01[39m
      5 Linear |R| = [32m6.805625e-02[39m
      6 Linear |R| = [32m3.874114e-02[39m
      7 Linear |R| = [32m2.645461e-02[39m
      8 Linear |R| = [32m1.743771e-02[39m
      9 Linear |R| = [32m1.231489e-02[39m
     10 Linear |R| = [32m7.468150e-03[39m
     11 Linear |R| = [32m5.482133e-03[39m
     12 Linear |R| = [32m3.451331e-03[39m
     13 Linear |R| = [32m2.556119e-03[39m
     14 Linear |R| = [32m1.711258e-03[39m
     15 Linear |R| = [32m1.328457e-03[39m
     16 Linear |R| = [32m9.557926e-04[39m
     17 Linear |R| = [32m7.237090e-04[39m
     18 Linear |R| = [32m5.251495e-04[39m
     19 Linear |R| = [32m3.813208e-04[39m
     20 Linear |R| = [32m3.220151e-04[39m
     21 Linear |R| = [32m2.145640e-04[39m
     22 Linear |R| = [32m1.695972e-04[39m
     23 Linear |R| = [32m1.224779e-04[39m
     24 Linear |R| = [32m1.087388e-04[39m
     25 Linear |R| = [32m8.629546e-05[39m
     26 Linear |R| = [32m7.979430e-05[39m
     27 Linear |R| = [32m6.364034e-05[39m
 1 Nonlinear |R| = [32m3.544930e-01[39m
      0 Linear |R| = [32m3.544930e-01[39m
      1 Linear |R| = [32m4.136726e-02[39m
      2 Linear |R| = [32m1.729769e-02[39m
      3 Linear |R| = [32m7.180919e-03[39m
      4 Linear |R| = [32m3.370049e-03[39m
      5 Linear |R| = [32m1.575545e-03[39m
      6 Linear |R| = [32m7.738883e-04[39m
      7 Linear |R| = [32m5.095382e-04[39m
      8 Linear |R| = [32m3.688487e-04[39m
      9 Linear |R| = [32m2.994661e-04[39m
     10 Linear |R| = [32m1.870433e-04[39m
     11 Linear |R| = [32m1.404589e-04[39m
     12 Linear |R| = [32m1.000900e-04[39m
     13 Linear |R| = [32m7.973241e-05[39m
     14 Linear |R| = [32m5.860853e-05[39m
     15 Linear |R| = [32m4.421440e-05[39m
     16 Linear |R| = [32m3.403894e-05[39m
     17 Linear |R| = [32m3.057791e-05[39m
     18 Linear |R| = [32m2.627197e-05[39m
     19 Linear |R| = [32m2.312278e-05[39m
     20 Linear |R| = [32m2.130442e-05[39m
     21 Linear |R| = [32m1.998575e-05[39m
     22 Linear |R| = [32m1.873202e-05[39m
     23 Linear |R| = [32m1.738992e-05[39m
     24 Linear |R| = [32m1.593738e-05[39m
     25 Linear |R| = [32m1.451600e-05[39m
     26 Linear |R| = [32m1.317523e-05[39m
     27 Linear |R| = [32m1.199860e-05[39m
     28 Linear |R| = [32m1.115240e-05[39m
     29 Linear |R| = [32m1.041094e-05[39m
     30 Linear |R| = [33m9.914991e-06[39m
     31 Linear |R| = [33m9.484270e-06[39m
     32 Linear |R| = [33m9.140461e-06[39m
     33 Linear |R| = [33m8.735045e-06[39m
     34 Linear |R| = [32m8.289072e-06[39m
     35 Linear |R| = [32m7.684016e-06[39m
     36 Linear |R| = [32m7.023750e-06[39m
     37 Linear |R| = [32m6.510743e-06[39m
     38 Linear |R| = [32m5.933520e-06[39m
     39 Linear |R| = [32m5.524333e-06[39m
     40 Linear |R| = [32m5.201561e-06[39m
     41 Linear |R| = [32m4.916592e-06[39m
     42 Linear |R| = [32m4.507167e-06[39m
     43 Linear |R| = [32m3.969484e-06[39m
     44 Linear |R| = [32m3.470663e-06[39m
 2 Nonlinear |R| = [32m1.086995e-04[39m
[32m Solve Converged![39m
  Finished Solving                                                                       [[33m 33.53 s[39m] [[33m  465 MB[39m]

Outlier Variable Residual Norms:
  disp_y: [31m1.073312e-04[39m

Postprocessor Values:
+----------------+----------------+----------------+----------------+
| time           | damage_max     | load_disp_x    | vonmises_max   |
+----------------+----------------+----------------+----------------+
:                :                :                :                :
|   3.800000e+00 |   1.680000e-01 |  -3.200000e+00 |   2.245444e+01 |
|   4.000000e+00 |   1.800000e-01 |   1.776357e-14 |   7.330424e+00 |
|   4.200000e+00 |   2.040000e-01 |   4.000000e+00 |   2.470087e+01 |
|   4.400000e+00 |   2.280000e-01 |   8.000000e+00 |   4.560160e+01 |
|   4.600000e+00 |   2.520000e-01 |   1.200000e+01 |   6.590274e+01 |
|   4.800000e+00 |   2.760000e-01 |   1.600000e+01 |   8.559099e+01 |
|   5.000000e+00 |   3.000000e-01 |   2.000000e+01 |   1.046526e+02 |
|   5.200000e+00 |   3.160000e-01 |   1.600000e+01 |   8.367626e+01 |
|   5.400000e+00 |   3.320000e-01 |   1.200000e+01 |   6.305619e+01 |
|   5.600000e+00 |   3.480000e-01 |   8.000000e+00 |   4.280082e+01 |
|   5.800000e+00 |   3.640000e-01 |   4.000000e+00 |   2.340950e+01 |
|   6.000000e+00 |   3.800000e-01 |  -5.329071e-14 |   8.954532e+00 |
|   6.200000e+00 |   4.080000e-01 |  -4.000000e+00 |   2.560008e+01 |
|   6.400000e+00 |   4.360000e-01 |  -8.000000e+00 |   4.299282e+01 |
|   6.600000e+00 |   4.640000e-01 |  -1.200000e+01 |   5.969655e+01 |
+----------------+----------------+----------------+----------------+


Time Step 34, time = 6.8, dt = 0.2
 0 Nonlinear |R| = [32m7.891329e+00[39m
      0 Linear |R| = [32m7.891329e+00[39m
      1 Linear |R| = [32m1.905572e+00[39m
      2 Linear |R| = [32m5.597843e-01[39m
      3 Linear |R| = [32m2.290093e-01[39m
      4 Linear |R| = [32m1.078208e-01[39m
      5 Linear |R| = [32m6.851104e-02[39m
      6 Linear |R| = [32m3.888973e-02[39m
      7 Linear |R| = [32m2.649091e-02[39m
      8 Linear |R| = [32m1.747508e-02[39m
      9 Linear |R| = [32m1.241469e-02[39m
     10 Linear |R| = [32m7.576204e-03[39m
     11 Linear |R| = [32m5.604311e-03[39m
     12 Linear |R| = [32m3.515568e-03[39m
     13 Linear |R| = [32m2.612112e-03[39m
     14 Linear |R| = [32m1.749896e-03[39m
     15 Linear |R| = [32m1.364492e-03[39m
     16 Linear |R| = [32m9.859986e-04[39m
     17 Linear |R| = [32m7.499600e-04[39m
     18 Linear |R| = [32m5.412989e-04[39m
     19 Linear |R| = [32m3.929695e-04[39m
     20 Linear |R| = [32m3.309070e-04[39m
     21 Linear |R| = [32m2.214741e-04[39m
     22 Linear |R| = [32m1.760788e-04[39m
     23 Linear |R| = [32m1.263944e-04[39m
     24 Linear |R| = [32m1.111266e-04[39m
     25 Linear |R| = [32m8.802397e-05[39m
     26 Linear |R| = [32m8.154301e-05[39m
     27 Linear |R| = [32m6.547710e-05[39m
 1 Nonlinear |R| = [32m3.543961e-01[39m
      0 Linear |R| = [32m3.543961e-01[39m
      1 Linear |R| = [32m4.136827e-02[39m
      2 Linear |R| = [32m1.730660e-02[39m
      3 Linear |R| = [32m7.188766e-03[39m
      4 Linear |R| = [32m3.375933e-03[39m
      5 Linear |R| = [32m1.582440e-03[39m
      6 Linear |R| = [32m7.798905e-04[39m
      7 Linear |R| = [32m5.164402e-04[39m
      8 Linear |R| = [32m3.759942e-04[39m
      9 Linear |R| = [32m3.063042e-04[39m
     10 Linear |R| = [32m1.917622e-04[39m
     11 Linear |R| = [32m1.445045e-04[39m
     12 Linear |R| = [32m1.030679e-04[39m
     13 Linear |R| = [32m8.240399e-05[39m
     14 Linear |R| = [32m6.061540e-05[39m
     15 Linear |R| = [32m4.580585e-05[39m
     16 Linear |R| = [32m3.507648e-05[39m
     17 Linear |R| = [32m3.145163e-05[39m
     18 Linear |R| = [32m2.684645e-05[39m
     19 Linear |R| = [32m2.357232e-05[39m
     20 Linear |R| = [32m2.165556e-05[39m
     21 Linear |R| = [32m2.030473e-05[39m
     22 Linear |R| = [32m1.901947e-05[39m
     23 Linear |R| = [32m1.768483e-05[39m
     24 Linear |R| = [32m1.624606e-05[39m
     25 Linear |R| = [32m1.484098e-05[39m
     26 Linear |R| = [32m1.346713e-05[39m
     27 Linear |R| = [32m1.226888e-05[39m
     28 Linear |R| = [32m1.139037e-05[39m
     29 Linear |R| = [32m1.064131e-05[39m
     30 Linear |R| = [33m1.011912e-05[39m
     31 Linear |R| = [33m9.713773e-06[39m
     32 Linear |R| = [33m9.365872e-06[39m
     33 Linear |R| = [33m8.941827e-06[39m
     34 Linear |R| = [33m8.496218e-06[39m
     35 Linear |R| = [32m7.884588e-06[39m
     36 Linear |R| = [32m7.232623e-06[39m
     37 Linear |R| = [32m6.705675e-06[39m
     38 Linear |R| = [32m6.125918e-06[39m
     39 Linear |R| = [32m5.690587e-06[39m
     40 Linear |R| = [32m5.352956e-06[39m
     41 Linear |R| = [32m5.053236e-06[39m
     42 Linear |R| = [32m4.648297e-06[39m
     43 Linear |R| = [32m4.094157e-06[39m
     44 Linear |R| = [32m3.589628e-06[39m
     45 Linear |R| = [32m3.078148e-06[39m
 2 Nonlinear |R| = [32m1.086434e-04[39m
[32m Solve Converged![39m
  Finished Solving                                                                       [[33m 33.76 s[39m] [[33m  465 MB[39m]

Outlier Variable Residual Norms:
  disp_y: [31m1.072944e-04[39m

Postprocessor Values:
+----------------+----------------+----------------+----------------+
| time           | damage_max     | load_disp_x    | vonmises_max   |
+----------------+----------------+----------------+----------------+
:                :                :                :                :
|   4.000000e+00 |   1.800000e-01 |   1.776357e-14 |   7.330424e+00 |
|   4.200000e+00 |   2.040000e-01 |   4.000000e+00 |   2.470087e+01 |
|   4.400000e+00 |   2.280000e-01 |   8.000000e+00 |   4.560160e+01 |
|   4.600000e+00 |   2.520000e-01 |   1.200000e+01 |   6.590274e+01 |
|   4.800000e+00 |   2.760000e-01 |   1.600000e+01 |   8.559099e+01 |
|   5.000000e+00 |   3.000000e-01 |   2.000000e+01 |   1.046526e+02 |
|   5.200000e+00 |   3.160000e-01 |   1.600000e+01 |   8.367626e+01 |
|   5.400000e+00 |   3.320000e-01 |   1.200000e+01 |   6.305619e+01 |
|   5.600000e+00 |   3.480000e-01 |   8.000000e+00 |   4.280082e+01 |
|   5.800000e+00 |   3.640000e-01 |   4.000000e+00 |   2.340950e+01 |
|   6.000000e+00 |   3.800000e-01 |  -5.329071e-14 |   8.954532e+00 |
|   6.200000e+00 |   4.080000e-01 |  -4.000000e+00 |   2.560008e+01 |
|   6.400000e+00 |   4.360000e-01 |  -8.000000e+00 |   4.299282e+01 |
|   6.600000e+00 |   4.640000e-01 |  -1.200000e+01 |   5.969655e+01 |
|   6.800000e+00 |   4.920000e-01 |  -1.600000e+01 |   7.565844e+01 |
+----------------+----------------+----------------+----------------+


Time Step 35, time = 7, dt = 0.2
 0 Nonlinear |R| = [32m7.891173e+00[39m
      0 Linear |R| = [32m7.891173e+00[39m
      1 Linear |R| = [32m1.907815e+00[39m
      2 Linear |R| = [32m5.605895e-01[39m
      3 Linear |R| = [32m2.294685e-01[39m
      4 Linear |R| = [32m1.082580e-01[39m
      5 Linear |R| = [32m6.898023e-02[39m
      6 Linear |R| = [32m3.904437e-02[39m
      7 Linear |R| = [32m2.652692e-02[39m
      8 Linear |R| = [32m1.750854e-02[39m
      9 Linear |R| = [32m1.251132e-02[39m
     10 Linear |R| = [32m7.685706e-03[39m
     11 Linear |R| = [32m5.732759e-03[39m
     12 Linear |R| = [32m3.584168e-03[39m
     13 Linear |R| = [32m2.672734e-03[39m
     14 Linear |R| = [32m1.791097e-03[39m
     15 Linear |R| = [32m1.402203e-03[39m
     16 Linear |R| = [32m1.017864e-03[39m
     17 Linear |R| = [32m7.779874e-04[39m
     18 Linear |R| = [32m5.589141e-04[39m
     19 Linear |R| = [32m4.055647e-04[39m
     20 Linear |R| = [32m3.401962e-04[39m
     21 Linear |R| = [32m2.287018e-04[39m
     22 Linear |R| = [32m1.831195e-04[39m
     23 Linear |R| = [32m1.307071e-04[39m
     24 Linear |R| = [32m1.137498e-04[39m
     25 Linear |R| = [32m8.974212e-05[39m
     26 Linear |R| = [32m8.320348e-05[39m
     27 Linear |R| = [32m6.717683e-05[39m
 1 Nonlinear |R| = [32m3.543345e-01[39m
      0 Linear |R| = [32m3.543345e-01[39m
      1 Linear |R| = [32m4.137343e-02[39m
      2 Linear |R| = [32m1.731702e-02[39m
      3 Linear |R| = [32m7.197604e-03[39m
      4 Linear |R| = [32m3.382505e-03[39m
      5 Linear |R| = [32m1.589722e-03[39m
      6 Linear |R| = [32m7.863849e-04[39m
      7 Linear |R| = [32m5.239150e-04[39m
      8 Linear |R| = [32m3.837279e-04[39m
      9 Linear |R| = [32m3.136522e-04[39m
     10 Linear |R| = [32m1.968090e-04[39m
     11 Linear |R| = [32m1.487798e-04[39m
     12 Linear |R| = [32m1.061841e-04[39m
     13 Linear |R| = [32m8.515925e-05[39m
     14 Linear |R| = [32m6.263209e-05[39m
     15 Linear |R| = [32m4.733968e-05[39m
     16 Linear |R| = [32m3.597087e-05[39m
     17 Linear |R| = [32m3.214106e-05[39m
     18 Linear |R| = [32m2.717087e-05[39m
     19 Linear |R| = [32m2.372459e-05[39m
     20 Linear |R| = [32m2.168167e-05[39m
     21 Linear |R| = [32m2.028503e-05[39m
     22 Linear |R| = [32m1.896114e-05[39m
     23 Linear |R| = [32m1.763274e-05[39m
     24 Linear |R| = [32m1.621594e-05[39m
     25 Linear |R| = [32m1.484571e-05[39m
     26 Linear |R| = [32m1.346292e-05[39m
     27 Linear |R| = [32m1.226516e-05[39m
     28 Linear |R| = [32m1.136791e-05[39m
     29 Linear |R| = [32m1.063090e-05[39m
     30 Linear |R| = [33m1.012262e-05[39m
     31 Linear |R| = [33m9.731176e-06[39m
     32 Linear |R| = [33m9.392253e-06[39m
     33 Linear |R| = [33m8.974288e-06[39m
     34 Linear |R| = [33m8.531680e-06[39m
     35 Linear |R| = [32m7.927821e-06[39m
     36 Linear |R| = [32m7.308263e-06[39m
     37 Linear |R| = [32m6.787012e-06[39m
     38 Linear |R| = [32m6.189940e-06[39m
     39 Linear |R| = [32m5.729966e-06[39m
     40 Linear |R| = [32m5.381653e-06[39m
     41 Linear |R| = [32m5.067643e-06[39m
     42 Linear |R| = [32m4.659813e-06[39m
     43 Linear |R| = [32m4.119671e-06[39m
     44 Linear |R| = [32m3.617588e-06[39m
     45 Linear |R| = [32m3.088685e-06[39m
 2 Nonlinear |R| = [32m1.086186e-04[39m
[32m Solve Converged![39m
  Finished Solving                                                                       [[33m 35.31 s[39m] [[33m  465 MB[39m]

Outlier Variable Residual Norms:
  disp_y: [31m1.072642e-04[39m

Postprocessor Values:
+----------------+----------------+----------------+----------------+
| time           | damage_max     | load_disp_x    | vonmises_max   |
+----------------+----------------+----------------+----------------+
:                :                :                :                :
|   4.200000e+00 |   2.040000e-01 |   4.000000e+00 |   2.470087e+01 |
|   4.400000e+00 |   2.280000e-01 |   8.000000e+00 |   4.560160e+01 |
|   4.600000e+00 |   2.520000e-01 |   1.200000e+01 |   6.590274e+01 |
|   4.800000e+00 |   2.760000e-01 |   1.600000e+01 |   8.559099e+01 |
|   5.000000e+00 |   3.000000e-01 |   2.000000e+01 |   1.046526e+02 |
|   5.200000e+00 |   3.160000e-01 |   1.600000e+01 |   8.367626e+01 |
|   5.400000e+00 |   3.320000e-01 |   1.200000e+01 |   6.305619e+01 |
|   5.600000e+00 |   3.480000e-01 |   8.000000e+00 |   4.280082e+01 |
|   5.800000e+00 |   3.640000e-01 |   4.000000e+00 |   2.340950e+01 |
|   6.000000e+00 |   3.800000e-01 |  -5.329071e-14 |   8.954532e+00 |
|   6.200000e+00 |   4.080000e-01 |  -4.000000e+00 |   2.560008e+01 |
|   6.400000e+00 |   4.360000e-01 |  -8.000000e+00 |   4.299282e+01 |
|   6.600000e+00 |   4.640000e-01 |  -1.200000e+01 |   5.969655e+01 |
|   6.800000e+00 |   4.920000e-01 |  -1.600000e+01 |   7.565844e+01 |
|   7.000000e+00 |   5.200000e-01 |  -2.000000e+01 |   9.082871e+01 |
+----------------+----------------+----------------+----------------+


Time Step 36, time = 7.2, dt = 0.2
 0 Nonlinear |R| = [32m7.892704e+00[39m
      0 Linear |R| = [32m7.892704e+00[39m
      1 Linear |R| = [32m1.916376e+00[39m
      2 Linear |R| = [32m5.607200e-01[39m
      3 Linear |R| = [32m2.281456e-01[39m
      4 Linear |R| = [32m1.075507e-01[39m
      5 Linear |R| = [32m6.848255e-02[39m
      6 Linear |R| = [32m3.880268e-02[39m
      7 Linear |R| = [32m2.629109e-02[39m
      8 Linear |R| = [32m1.746424e-02[39m
      9 Linear |R| = [32m1.241185e-02[39m
     10 Linear |R| = [32m7.701632e-03[39m
     11 Linear |R| = [32m5.702012e-03[39m
     12 Linear |R| = [32m3.568768e-03[39m
     13 Linear |R| = [32m2.622479e-03[39m
     14 Linear |R| = [32m1.758480e-03[39m
     15 Linear |R| = [32m1.363872e-03[39m
     16 Linear |R| = [32m9.966664e-04[39m
     17 Linear |R| = [32m7.631331e-04[39m
     18 Linear |R| = [32m5.450326e-04[39m
     19 Linear |R| = [32m3.974449e-04[39m
     20 Linear |R| = [32m3.314910e-04[39m
     21 Linear |R| = [32m2.255336e-04[39m
     22 Linear |R| = [32m1.807871e-04[39m
     23 Linear |R| = [32m1.267399e-04[39m
     24 Linear |R| = [32m1.093742e-04[39m
     25 Linear |R| = [32m8.323659e-05[39m
     26 Linear |R| = [32m7.788066e-05[39m
 1 Nonlinear |R| = [32m3.544582e-01[39m
      0 Linear |R| = [32m3.544582e-01[39m
      1 Linear |R| = [32m4.130498e-02[39m
      2 Linear |R| = [32m1.726607e-02[39m
      3 Linear |R| = [32m7.155462e-03[39m
      4 Linear |R| = [32m3.358432e-03[39m
      5 Linear |R| = [32m1.573859e-03[39m
      6 Linear |R| = [32m7.810756e-04[39m
      7 Linear |R| = [32m5.307452e-04[39m
      8 Linear |R| = [32m3.853226e-04[39m
      9 Linear |R| = [32m3.196262e-04[39m
     10 Linear |R| = [32m1.962502e-04[39m
     11 Linear |R| = [32m1.531891e-04[39m
     12 Linear |R| = [32m1.053033e-04[39m
     13 Linear |R| = [32m8.720047e-05[39m
     14 Linear |R| = [32m6.271497e-05[39m
     15 Linear |R| = [32m4.893786e-05[39m
     16 Linear |R| = [32m3.676287e-05[39m
     17 Linear |R| = [32m3.324481e-05[39m
     18 Linear |R| = [32m2.772260e-05[39m
     19 Linear |R| = [32m2.452138e-05[39m
     20 Linear |R| = [32m2.217402e-05[39m
     21 Linear |R| = [32m2.085127e-05[39m
     22 Linear |R| = [32m1.926919e-05[39m
     23 Linear |R| = [32m1.800219e-05[39m
     24 Linear |R| = [32m1.633460e-05[39m
     25 Linear |R| = [32m1.499990e-05[39m
     26 Linear |R| = [32m1.328226e-05[39m
     27 Linear |R| = [32m1.211593e-05[39m
     28 Linear |R| = [32m1.101901e-05[39m
     29 Linear |R| = [32m1.032719e-05[39m
     30 Linear |R| = [32m9.804007e-06[39m
     31 Linear |R| = [33m9.405975e-06[39m
     32 Linear |R| = [33m9.102947e-06[39m
     33 Linear |R| = [33m8.722107e-06[39m
     34 Linear |R| = [33m8.300074e-06[39m
     35 Linear |R| = [32m7.779211e-06[39m
     36 Linear |R| = [32m7.149572e-06[39m
     37 Linear |R| = [32m6.632267e-06[39m
     38 Linear |R| = [32m5.999676e-06[39m
     39 Linear |R| = [32m5.451759e-06[39m
     40 Linear |R| = [32m5.067994e-06[39m
     41 Linear |R| = [32m4.718925e-06[39m
     42 Linear |R| = [32m4.356233e-06[39m
     43 Linear |R| = [32m3.862163e-06[39m
     44 Linear |R| = [32m3.457612e-06[39m
 2 Nonlinear |R| = [32m1.085293e-04[39m
[32m Solve Converged![39m
  Finished Solving                                                                       [[33m 34.89 s[39m] [[33m  465 MB[39m]

Outlier Variable Residual Norms:
  disp_y: [31m1.071602e-04[39m

Postprocessor Values:
+----------------+----------------+----------------+----------------+
| time           | damage_max     | load_disp_x    | vonmises_max   |
+----------------+----------------+----------------+----------------+
:                :                :                :                :
|   4.400000e+00 |   2.280000e-01 |   8.000000e+00 |   4.560160e+01 |
|   4.600000e+00 |   2.520000e-01 |   1.200000e+01 |   6.590274e+01 |
|   4.800000e+00 |   2.760000e-01 |   1.600000e+01 |   8.559099e+01 |
|   5.000000e+00 |   3.000000e-01 |   2.000000e+01 |   1.046526e+02 |
|   5.200000e+00 |   3.160000e-01 |   1.600000e+01 |   8.367626e+01 |
|   5.400000e+00 |   3.320000e-01 |   1.200000e+01 |   6.305619e+01 |
|   5.600000e+00 |   3.480000e-01 |   8.000000e+00 |   4.280082e+01 |
|   5.800000e+00 |   3.640000e-01 |   4.000000e+00 |   2.340950e+01 |
|   6.000000e+00 |   3.800000e-01 |  -5.329071e-14 |   8.954532e+00 |
|   6.200000e+00 |   4.080000e-01 |  -4.000000e+00 |   2.560008e+01 |
|   6.400000e+00 |   4.360000e-01 |  -8.000000e+00 |   4.299282e+01 |
|   6.600000e+00 |   4.640000e-01 |  -1.200000e+01 |   5.969655e+01 |
|   6.800000e+00 |   4.920000e-01 |  -1.600000e+01 |   7.565844e+01 |
|   7.000000e+00 |   5.200000e-01 |  -2.000000e+01 |   9.082871e+01 |
|   7.200000e+00 |   5.400000e-01 |  -1.600000e+01 |   7.358205e+01 |
+----------------+----------------+----------------+----------------+


Time Step 37, time = 7.4, dt = 0.2
 0 Nonlinear |R| = [32m7.892513e+00[39m
      0 Linear |R| = [32m7.892513e+00[39m
      1 Linear |R| = [32m1.917902e+00[39m
      2 Linear |R| = [32m5.612119e-01[39m
      3 Linear |R| = [32m2.284503e-01[39m
      4 Linear |R| = [32m1.078577e-01[39m
      5 Linear |R| = [32m6.882066e-02[39m
      6 Linear |R| = [32m3.891717e-02[39m
      7 Linear |R| = [32m2.631278e-02[39m
      8 Linear |R| = [32m1.748401e-02[39m
      9 Linear |R| = [32m1.247081e-02[39m
     10 Linear |R| = [32m7.778152e-03[39m
     11 Linear |R| = [32m5.794131e-03[39m
     12 Linear |R| = [32m3.619594e-03[39m
     13 Linear |R| = [32m2.666847e-03[39m
     14 Linear |R| = [32m1.787986e-03[39m
     15 Linear |R| = [32m1.389723e-03[39m
     16 Linear |R| = [32m1.019257e-03[39m
     17 Linear |R| = [32m7.835000e-04[39m
     18 Linear |R| = [32m5.587816e-04[39m
     19 Linear |R| = [32m4.072026e-04[39m
     20 Linear |R| = [32m3.384855e-04[39m
     21 Linear |R| = [32m2.312093e-04[39m
     22 Linear |R| = [32m1.866853e-04[39m
     23 Linear |R| = [32m1.309039e-04[39m
     24 Linear |R| = [32m1.123375e-04[39m
     25 Linear |R| = [32m8.541144e-05[39m
     26 Linear |R| = [32m7.997586e-05[39m
     27 Linear |R| = [32m6.377965e-05[39m
 1 Nonlinear |R| = [32m3.543969e-01[39m
      0 Linear |R| = [32m3.543969e-01[39m
      1 Linear |R| = [32m4.130876e-02[39m
      2 Linear |R| = [32m1.727384e-02[39m
      3 Linear |R| = [32m7.161742e-03[39m
      4 Linear |R| = [32m3.363521e-03[39m
      5 Linear |R| = [32m1.578994e-03[39m
      6 Linear |R| = [32m7.858042e-04[39m
      7 Linear |R| = [32m5.355666e-04[39m
      8 Linear |R| = [32m3.904633e-04[39m
      9 Linear |R| = [32m3.246869e-04[39m
     10 Linear |R| = [32m1.995379e-04[39m
     11 Linear |R| = [32m1.559772e-04[39m
     12 Linear |R| = [32m1.068312e-04[39m
     13 Linear |R| = [32m8.863554e-05[39m
     14 Linear |R| = [32m6.340673e-05[39m
     15 Linear |R| = [32m4.945573e-05[39m
     16 Linear |R| = [32m3.678056e-05[39m
     17 Linear |R| = [32m3.321650e-05[39m
     18 Linear |R| = [32m2.771783e-05[39m
     19 Linear |R| = [32m2.452315e-05[39m
     20 Linear |R| = [32m2.241615e-05[39m
     21 Linear |R| = [32m2.104290e-05[39m
     22 Linear |R| = [32m1.981808e-05[39m
     23 Linear |R| = [32m1.851521e-05[39m
     24 Linear |R| = [32m1.722412e-05[39m
     25 Linear |R| = [32m1.583708e-05[39m
     26 Linear |R| = [32m1.422029e-05[39m
     27 Linear |R| = [32m1.291311e-05[39m
     28 Linear |R| = [32m1.169724e-05[39m
     29 Linear |R| = [32m1.092420e-05[39m
     30 Linear |R| = [32m1.034742e-05[39m
     31 Linear |R| = [33m9.909594e-06[39m
     32 Linear |R| = [33m9.577147e-06[39m
     33 Linear |R| = [33m9.158173e-06[39m
     34 Linear |R| = [33m8.714037e-06[39m
     35 Linear |R| = [32m8.181732e-06[39m
     36 Linear |R| = [32m7.521792e-06[39m
     37 Linear |R| = [32m6.998692e-06[39m
     38 Linear |R| = [32m6.332722e-06[39m
     39 Linear |R| = [32m5.757043e-06[39m
     40 Linear |R| = [32m5.386774e-06[39m
     41 Linear |R| = [32m5.032171e-06[39m
     42 Linear |R| = [32m4.705878e-06[39m
     43 Linear |R| = [32m4.268096e-06[39m
     44 Linear |R| = [32m3.866899e-06[39m
     45 Linear |R| = [32m3.414716e-06[39m
 2 Nonlinear |R| = [32m1.084496e-04[39m
[32m Solve Converged![39m
  Finished Solving                                                                       [[33m 34.25 s[39m] [[33m  465 MB[39m]

Outlier Variable Residual Norms:
  disp_y: [31m1.070841e-04[39m

Postprocessor Values:
+----------------+----------------+----------------+----------------+
| time           | damage_max     | load_disp_x    | vonmises_max   |
+----------------+----------------+----------------+----------------+
:                :                :                :                :
|   4.600000e+00 |   2.520000e-01 |   1.200000e+01 |   6.590274e+01 |
|   4.800000e+00 |   2.760000e-01 |   1.600000e+01 |   8.559099e+01 |
|   5.000000e+00 |   3.000000e-01 |   2.000000e+01 |   1.046526e+02 |
|   5.200000e+00 |   3.160000e-01 |   1.600000e+01 |   8.367626e+01 |
|   5.400000e+00 |   3.320000e-01 |   1.200000e+01 |   6.305619e+01 |
|   5.600000e+00 |   3.480000e-01 |   8.000000e+00 |   4.280082e+01 |
|   5.800000e+00 |   3.640000e-01 |   4.000000e+00 |   2.340950e+01 |
|   6.000000e+00 |   3.800000e-01 |  -5.329071e-14 |   8.954532e+00 |
|   6.200000e+00 |   4.080000e-01 |  -4.000000e+00 |   2.560008e+01 |
|   6.400000e+00 |   4.360000e-01 |  -8.000000e+00 |   4.299282e+01 |
|   6.600000e+00 |   4.640000e-01 |  -1.200000e+01 |   5.969655e+01 |
|   6.800000e+00 |   4.920000e-01 |  -1.600000e+01 |   7.565844e+01 |
|   7.000000e+00 |   5.200000e-01 |  -2.000000e+01 |   9.082871e+01 |
|   7.200000e+00 |   5.400000e-01 |  -1.600000e+01 |   7.358205e+01 |
|   7.400000e+00 |   5.600000e-01 |  -1.200000e+01 |   5.684493e+01 |
+----------------+----------------+----------------+----------------+


Time Step 38, time = 7.6, dt = 0.2
 0 Nonlinear |R| = [32m7.892331e+00[39m
      0 Linear |R| = [32m7.892331e+00[39m
      1 Linear |R| = [32m1.919468e+00[39m
      2 Linear |R| = [32m5.617163e-01[39m
      3 Linear |R| = [32m2.287559e-01[39m
      4 Linear |R| = [32m1.081703e-01[39m
      5 Linear |R| = [32m6.916615e-02[39m
      6 Linear |R| = [32m3.903464e-02[39m
      7 Linear |R| = [32m2.633433e-02[39m
      8 Linear |R| = [32m1.750179e-02[39m
      9 Linear |R| = [32m1.252716e-02[39m
     10 Linear |R| = [32m7.854758e-03[39m
     11 Linear |R| = [32m5.889007e-03[39m
     12 Linear |R| = [32m3.672770e-03[39m
     13 Linear |R| = [32m2.713901e-03[39m
     14 Linear |R| = [32m1.818879e-03[39m
     15 Linear |R| = [32m1.416368e-03[39m
     16 Linear |R| = [32m1.042456e-03[39m
     17 Linear |R| = [32m8.045198e-04[39m
     18 Linear |R| = [32m5.731881e-04[39m
     19 Linear |R| = [32m4.172286e-04[39m
     20 Linear |R| = [32m3.453796e-04[39m
     21 Linear |R| = [32m2.365076e-04[39m
     22 Linear |R| = [32m1.922676e-04[39m
     23 Linear |R| = [32m1.345641e-04[39m
     24 Linear |R| = [32m1.147263e-04[39m
     25 Linear |R| = [32m8.670238e-05[39m
     26 Linear |R| = [32m8.116794e-05[39m
     27 Linear |R| = [32m6.487640e-05[39m
 1 Nonlinear |R| = [32m3.543533e-01[39m
      0 Linear |R| = [32m3.543533e-01[39m
      1 Linear |R| = [32m4.131439e-02[39m
      2 Linear |R| = [32m1.728227e-02[39m
      3 Linear |R| = [32m7.168937e-03[39m
      4 Linear |R| = [32m3.368872e-03[39m
      5 Linear |R| = [32m1.585044e-03[39m
      6 Linear |R| = [32m7.909599e-04[39m
      7 Linear |R| = [32m5.412356e-04[39m
      8 Linear |R| = [32m3.964275e-04[39m
      9 Linear |R| = [32m3.304873e-04[39m
     10 Linear |R| = [32m2.037036e-04[39m
     11 Linear |R| = [32m1.595123e-04[39m
     12 Linear |R| = [32m1.093520e-04[39m
     13 Linear |R| = [32m9.088303e-05[39m
     14 Linear |R| = [32m6.502418e-05[39m
     15 Linear |R| = [32m5.075001e-05[39m
     16 Linear |R| = [32m3.753876e-05[39m
     17 Linear |R| = [32m3.384026e-05[39m
     18 Linear |R| = [32m2.802022e-05[39m
     19 Linear |R| = [32m2.473357e-05[39m
     20 Linear |R| = [32m2.251006e-05[39m
     21 Linear |R| = [32m2.113918e-05[39m
     22 Linear |R| = [32m1.986786e-05[39m
     23 Linear |R| = [32m1.860658e-05[39m
     24 Linear |R| = [32m1.731936e-05[39m
     25 Linear |R| = [32m1.599187e-05[39m
     26 Linear |R| = [32m1.437184e-05[39m
     27 Linear |R| = [32m1.307860e-05[39m
     28 Linear |R| = [32m1.180921e-05[39m
     29 Linear |R| = [32m1.103759e-05[39m
     30 Linear |R| = [33m1.050190e-05[39m
     31 Linear |R| = [33m1.001654e-05[39m
     32 Linear |R| = [33m9.702673e-06[39m
     33 Linear |R| = [33m9.273810e-06[39m
     34 Linear |R| = [33m8.831579e-06[39m
     35 Linear |R| = [32m8.314660e-06[39m
     36 Linear |R| = [32m7.681586e-06[39m
     37 Linear |R| = [32m7.150280e-06[39m
     38 Linear |R| = [32m6.489067e-06[39m
     39 Linear |R| = [32m5.876295e-06[39m
     40 Linear |R| = [32m5.500402e-06[39m
     41 Linear |R| = [32m5.117670e-06[39m
     42 Linear |R| = [32m4.807139e-06[39m
     43 Linear |R| = [32m4.342001e-06[39m
     44 Linear |R| = [32m3.950456e-06[39m
     45 Linear |R| = [32m3.488057e-06[39m
 2 Nonlinear |R| = [32m1.084130e-04[39m
[32m Solve Converged![39m
  Finished Solving                                                                       [[33m 33.97 s[39m] [[33m  465 MB[39m]

Outlier Variable Residual Norms:
  disp_y: [31m1.070395e-04[39m

Postprocessor Values:
+----------------+----------------+----------------+----------------+
| time           | damage_max     | load_disp_x    | vonmises_max   |
+----------------+----------------+----------------+----------------+
:                :                :                :                :
|   4.800000e+00 |   2.760000e-01 |   1.600000e+01 |   8.559099e+01 |
|   5.000000e+00 |   3.000000e-01 |   2.000000e+01 |   1.046526e+02 |
|   5.200000e+00 |   3.160000e-01 |   1.600000e+01 |   8.367626e+01 |
|   5.400000e+00 |   3.320000e-01 |   1.200000e+01 |   6.305619e+01 |
|   5.600000e+00 |   3.480000e-01 |   8.000000e+00 |   4.280082e+01 |
|   5.800000e+00 |   3.640000e-01 |   4.000000e+00 |   2.340950e+01 |
|   6.000000e+00 |   3.800000e-01 |  -5.329071e-14 |   8.954532e+00 |
|   6.200000e+00 |   4.080000e-01 |  -4.000000e+00 |   2.560008e+01 |
|   6.400000e+00 |   4.360000e-01 |  -8.000000e+00 |   4.299282e+01 |
|   6.600000e+00 |   4.640000e-01 |  -1.200000e+01 |   5.969655e+01 |
|   6.800000e+00 |   4.920000e-01 |  -1.600000e+01 |   7.565844e+01 |
|   7.000000e+00 |   5.200000e-01 |  -2.000000e+01 |   9.082871e+01 |
|   7.200000e+00 |   5.400000e-01 |  -1.600000e+01 |   7.358205e+01 |
|   7.400000e+00 |   5.600000e-01 |  -1.200000e+01 |   5.684493e+01 |
|   7.600000e+00 |   5.800000e-01 |  -8.000000e+00 |   4.063989e+01 |
+----------------+----------------+----------------+----------------+


Time Step 39, time = 7.8, dt = 0.2
 0 Nonlinear |R| = [32m7.892157e+00[39m
      0 Linear |R| = [32m7.892157e+00[39m
      1 Linear |R| = [32m1.921076e+00[39m
      2 Linear |R| = [32m5.622299e-01[39m
      3 Linear |R| = [32m2.290623e-01[39m
      4 Linear |R| = [32m1.084887e-01[39m
      5 Linear |R| = [32m6.951962e-02[39m
      6 Linear |R| = [32m3.915554e-02[39m
      7 Linear |R| = [32m2.635609e-02[39m
      8 Linear |R| = [32m1.751796e-02[39m
      9 Linear |R| = [32m1.258081e-02[39m
     10 Linear |R| = [32m7.931445e-03[39m
     11 Linear |R| = [32m5.986685e-03[39m
     12 Linear |R| = [32m3.728620e-03[39m
     13 Linear |R| = [32m2.764087e-03[39m
     14 Linear |R| = [32m1.851510e-03[39m
     15 Linear |R| = [32m1.444195e-03[39m
     16 Linear |R| = [32m1.066567e-03[39m
     17 Linear |R| = [32m8.265773e-04[39m
     18 Linear |R| = [32m5.886464e-04[39m
     19 Linear |R| = [32m4.280801e-04[39m
     20 Linear |R| = [32m3.526429e-04[39m
     21 Linear |R| = [32m2.420694e-04[39m
     22 Linear |R| = [32m1.981553e-04[39m
     23 Linear |R| = [32m1.385859e-04[39m
     24 Linear |R| = [32m1.174362e-04[39m
     25 Linear |R| = [32m8.819236e-05[39m
     26 Linear |R| = [32m8.250630e-05[39m
     27 Linear |R| = [32m6.607134e-05[39m
 1 Nonlinear |R| = [32m3.542987e-01[39m
      0 Linear |R| = [32m3.542987e-01[39m
      1 Linear |R| = [32m4.131928e-02[39m
      2 Linear |R| = [32m1.729037e-02[39m
      3 Linear |R| = [32m7.175976e-03[39m
      4 Linear |R| = [32m3.374346e-03[39m
      5 Linear |R| = [32m1.591284e-03[39m
      6 Linear |R| = [32m7.963045e-04[39m
      7 Linear |R| = [32m5.472184e-04[39m
      8 Linear |R| = [32m4.027263e-04[39m
      9 Linear |R| = [32m3.366150e-04[39m
     10 Linear |R| = [32m2.081306e-04[39m
     11 Linear |R| = [32m1.632865e-04[39m
     12 Linear |R| = [32m1.120228e-04[39m
     13 Linear |R| = [32m9.326928e-05[39m
     14 Linear |R| = [32m6.674083e-05[39m
     15 Linear |R| = [32m5.215048e-05[39m
     16 Linear |R| = [32m3.838636e-05[39m
     17 Linear |R| = [32m3.454590e-05[39m
     18 Linear |R| = [32m2.838310e-05[39m
     19 Linear |R| = [32m2.499197e-05[39m
     20 Linear |R| = [32m2.264437e-05[39m
     21 Linear |R| = [32m2.126553e-05[39m
     22 Linear |R| = [32m1.994739e-05[39m
     23 Linear |R| = [32m1.871466e-05[39m
     24 Linear |R| = [32m1.743424e-05[39m
     25 Linear |R| = [32m1.615819e-05[39m
     26 Linear |R| = [32m1.454325e-05[39m
     27 Linear |R| = [32m1.325908e-05[39m
     28 Linear |R| = [32m1.193786e-05[39m
     29 Linear |R| = [32m1.116155e-05[39m
     30 Linear |R| = [33m1.078396e-05[39m
     31 Linear |R| = [32m1.013389e-05[39m
     32 Linear |R| = [33m9.844561e-06[39m
     33 Linear |R| = [33m9.420636e-06[39m
     34 Linear |R| = [33m8.973937e-06[39m
     35 Linear |R| = [32m8.475509e-06[39m
     36 Linear |R| = [32m7.851281e-06[39m
     37 Linear |R| = [32m7.327725e-06[39m
     38 Linear |R| = [32m6.654213e-06[39m
     39 Linear |R| = [32m6.022130e-06[39m
     40 Linear |R| = [32m5.624934e-06[39m
     41 Linear |R| = [32m5.213486e-06[39m
     42 Linear |R| = [32m4.911035e-06[39m
     43 Linear |R| = [32m4.442147e-06[39m
     44 Linear |R| = [32m4.046391e-06[39m
     45 Linear |R| = [32m3.580823e-06[39m
     46 Linear |R| = [32m3.002898e-06[39m
 2 Nonlinear |R| = [32m1.084128e-04[39m
[32m Solve Converged![39m
  Finished Solving                                                                       [[33m 34.71 s[39m] [[33m  465 MB[39m]

Outlier Variable Residual Norms:
  disp_y: [31m1.070390e-04[39m

Postprocessor Values:
+----------------+----------------+----------------+----------------+
| time           | damage_max     | load_disp_x    | vonmises_max   |
+----------------+----------------+----------------+----------------+
:                :                :                :                :
|   5.000000e+00 |   3.000000e-01 |   2.000000e+01 |   1.046526e+02 |
|   5.200000e+00 |   3.160000e-01 |   1.600000e+01 |   8.367626e+01 |
|   5.400000e+00 |   3.320000e-01 |   1.200000e+01 |   6.305619e+01 |
|   5.600000e+00 |   3.480000e-01 |   8.000000e+00 |   4.280082e+01 |
|   5.800000e+00 |   3.640000e-01 |   4.000000e+00 |   2.340950e+01 |
|   6.000000e+00 |   3.800000e-01 |  -5.329071e-14 |   8.954532e+00 |
|   6.200000e+00 |   4.080000e-01 |  -4.000000e+00 |   2.560008e+01 |
|   6.400000e+00 |   4.360000e-01 |  -8.000000e+00 |   4.299282e+01 |
|   6.600000e+00 |   4.640000e-01 |  -1.200000e+01 |   5.969655e+01 |
|   6.800000e+00 |   4.920000e-01 |  -1.600000e+01 |   7.565844e+01 |
|   7.000000e+00 |   5.200000e-01 |  -2.000000e+01 |   9.082871e+01 |
|   7.200000e+00 |   5.400000e-01 |  -1.600000e+01 |   7.358205e+01 |
|   7.400000e+00 |   5.600000e-01 |  -1.200000e+01 |   5.684493e+01 |
|   7.600000e+00 |   5.800000e-01 |  -8.000000e+00 |   4.063989e+01 |
|   7.800000e+00 |   6.000000e-01 |  -4.000000e+00 |   2.500680e+01 |
+----------------+----------------+----------------+----------------+


Time Step 40, time = 8, dt = 0.2
 0 Nonlinear |R| = [32m7.891993e+00[39m
      0 Linear |R| = [32m7.891993e+00[39m
      1 Linear |R| = [32m1.922733e+00[39m
      2 Linear |R| = [32m5.627690e-01[39m
      3 Linear |R| = [32m2.293691e-01[39m
      4 Linear |R| = [32m1.088133e-01[39m
      5 Linear |R| = [32m6.988090e-02[39m
      6 Linear |R| = [32m3.927935e-02[39m
      7 Linear |R| = [32m2.637791e-02[39m
      8 Linear |R| = [32m1.753257e-02[39m
      9 Linear |R| = [32m1.263138e-02[39m
     10 Linear |R| = [32m8.007917e-03[39m
     11 Linear |R| = [32m6.086895e-03[39m
     12 Linear |R| = [32m3.787279e-03[39m
     13 Linear |R| = [32m2.817552e-03[39m
     14 Linear |R| = [32m1.885990e-03[39m
     15 Linear |R| = [32m1.473258e-03[39m
     16 Linear |R| = [32m1.091591e-03[39m
     17 Linear |R| = [32m8.496500e-04[39m
     18 Linear |R| = [32m6.052051e-04[39m
     19 Linear |R| = [32m4.397655e-04[39m
     20 Linear |R| = [32m3.602770e-04[39m
     21 Linear |R| = [32m2.478060e-04[39m
     22 Linear |R| = [32m2.042408e-04[39m
     23 Linear |R| = [32m1.428360e-04[39m
     24 Linear |R| = [32m1.203466e-04[39m
     25 Linear |R| = [32m8.972490e-05[39m
     26 Linear |R| = [32m8.382994e-05[39m
     27 Linear |R| = [32m6.717974e-05[39m
 1 Nonlinear |R| = [32m3.542691e-01[39m
      0 Linear |R| = [32m3.542691e-01[39m
      1 Linear |R| = [32m4.132702e-02[39m
      2 Linear |R| = [32m1.729862e-02[39m
      3 Linear |R| = [32m7.182876e-03[39m
      4 Linear |R| = [32m3.379582e-03[39m
      5 Linear |R| = [32m1.597465e-03[39m
      6 Linear |R| = [32m8.017214e-04[39m
      7 Linear |R| = [32m5.533318e-04[39m
      8 Linear |R| = [32m4.091788e-04[39m
      9 Linear |R| = [32m3.429852e-04[39m
     10 Linear |R| = [32m2.127878e-04[39m
     11 Linear |R| = [32m1.672590e-04[39m
     12 Linear |R| = [32m1.148317e-04[39m
     13 Linear |R| = [32m9.575734e-05[39m
     14 Linear |R| = [32m6.850415e-05[39m
     15 Linear |R| = [32m5.354883e-05[39m
     16 Linear |R| = [32m3.916232e-05[39m
     17 Linear |R| = [32m3.515286e-05[39m
     18 Linear |R| = [32m2.858446e-05[39m
     19 Linear |R| = [32m2.506369e-05[39m
     20 Linear |R| = [32m2.256348e-05[39m
     21 Linear |R| = [32m2.117724e-05[39m
     22 Linear |R| = [32m1.979803e-05[39m
     23 Linear |R| = [32m1.860197e-05[39m
     24 Linear |R| = [32m1.732087e-05[39m
     25 Linear |R| = [32m1.611339e-05[39m
     26 Linear |R| = [32m1.451565e-05[39m
     27 Linear |R| = [32m1.326612e-05[39m
     28 Linear |R| = [32m1.189775e-05[39m
     29 Linear |R| = [32m1.113023e-05[39m
     30 Linear |R| = [31m1.259957e-05[39m
     31 Linear |R| = [32m1.020163e-05[39m
     32 Linear |R| = [33m9.885248e-06[39m
     33 Linear |R| = [33m9.559206e-06[39m
     34 Linear |R| = [33m9.092913e-06[39m
     35 Linear |R| = [33m8.647822e-06[39m
     36 Linear |R| = [32m8.078811e-06[39m
     37 Linear |R| = [32m7.543104e-06[39m
     38 Linear |R| = [32m6.905383e-06[39m
     39 Linear |R| = [32m6.245427e-06[39m
     40 Linear |R| = [32m5.757700e-06[39m
     41 Linear |R| = [32m5.321065e-06[39m
     42 Linear |R| = [32m5.027260e-06[39m
     43 Linear |R| = [32m4.582364e-06[39m
     44 Linear |R| = [32m4.169082e-06[39m
     45 Linear |R| = [32m3.731598e-06[39m
     46 Linear |R| = [32m3.186518e-06[39m
 2 Nonlinear |R| = [32m1.085824e-04[39m
[32m Solve Converged![39m
  Finished Solving                                                                       [[33m 35.13 s[39m] [[33m  465 MB[39m]

Outlier Variable Residual Norms:
  disp_y: [31m1.071074e-04[39m

Postprocessor Values:
+----------------+----------------+----------------+----------------+
| time           | damage_max     | load_disp_x    | vonmises_max   |
+----------------+----------------+----------------+----------------+
:                :                :                :                :
|   5.200000e+00 |   3.160000e-01 |   1.600000e+01 |   8.367626e+01 |
|   5.400000e+00 |   3.320000e-01 |   1.200000e+01 |   6.305619e+01 |
|   5.600000e+00 |   3.480000e-01 |   8.000000e+00 |   4.280082e+01 |
|   5.800000e+00 |   3.640000e-01 |   4.000000e+00 |   2.340950e+01 |
|   6.000000e+00 |   3.800000e-01 |  -5.329071e-14 |   8.954532e+00 |
|   6.200000e+00 |   4.080000e-01 |  -4.000000e+00 |   2.560008e+01 |
|   6.400000e+00 |   4.360000e-01 |  -8.000000e+00 |   4.299282e+01 |
|   6.600000e+00 |   4.640000e-01 |  -1.200000e+01 |   5.969655e+01 |
|   6.800000e+00 |   4.920000e-01 |  -1.600000e+01 |   7.565844e+01 |
|   7.000000e+00 |   5.200000e-01 |  -2.000000e+01 |   9.082871e+01 |
|   7.200000e+00 |   5.400000e-01 |  -1.600000e+01 |   7.358205e+01 |
|   7.400000e+00 |   5.600000e-01 |  -1.200000e+01 |   5.684493e+01 |
|   7.600000e+00 |   5.800000e-01 |  -8.000000e+00 |   4.063989e+01 |
|   7.800000e+00 |   6.000000e-01 |  -4.000000e+00 |   2.500680e+01 |
|   8.000000e+00 |   6.200000e-01 |   0.000000e+00 |   1.250775e+01 |
+----------------+----------------+----------------+----------------+



Performance Graph:
--------------------------------------------------------------------------------------------------------------------------------------------------------------------------
|                                Section                               | Calls |   Self(s)  |   Avg(s)   |    %   | Mem(MB) |  Total(s)  |   Avg(s)   |    %   | Mem(MB) |
--------------------------------------------------------------------------------------------------------------------------------------------------------------------------
| SolidMechanicsTestApp (main)                                         |     1 |      0.005 |      0.005 |   0.00 |       2 |   1395.225 |   1395.225 | 100.00 |     341 |
|   Action::SetupMeshAction::Mesh::SetupMeshAction::act::setup_mesh    |     1 |      0.001 |      0.001 |   0.00 |       0 |      0.001 |      0.001 |   0.00 |       0 |
|   Action::SetupMeshAction::Mesh::SetupMeshAction::act::set_mesh_base |     2 |      0.054 |      0.027 |   0.00 |       0 |      0.054 |      0.027 |   0.00 |       0 |
|   MeshGeneratorSystem::createMeshGeneratorOrder                      |     1 |      0.000 |      0.000 |   0.00 |       0 |      0.000 |      0.000 |   0.00 |       0 |
|   FEProblem::outputStep                                              |    41 |      0.010 |      0.000 |   0.00 |       0 |      4.890 |      0.119 |   0.35 |       7 |
|   Transient::PicardSolve                                             |    40 |      0.047 |      0.001 |   0.00 |       0 |   1388.430 |     34.711 |  99.51 |      26 |
|     FEProblem::outputStep                                            |   120 |      0.014 |      0.000 |   0.00 |       0 |      0.024 |      0.000 |   0.00 |       0 |
|     FEProblem::solve                                                 |    40 |    182.050 |      4.551 |  13.05 |      15 |   1363.660 |     34.091 |  97.74 |      26 |
|       FEProblem::computeJacobianInternal                             |     1 |      0.000 |      0.000 |   0.00 |       0 |      0.730 |      0.730 |   0.05 |       0 |
|       FEProblem::computeJacobianInternal                             |    80 |      0.002 |      0.000 |   0.00 |       0 |     72.054 |      0.901 |   5.16 |      10 |
|       FEProblem::computeResidualInternal                             |  3054 |      0.076 |      0.000 |   0.01 |       0 |   1108.414 |      0.363 |  79.44 |       0 |
|     FEProblem::computeUserObjects                                    |    40 |     14.950 |      0.374 |   1.07 |       0 |     14.950 |      0.374 |   1.07 |       0 |
|   Transient::final                                                   |     1 |      0.000 |      0.000 |   0.00 |       0 |      0.000 |      0.000 |   0.00 |       0 |
|     FEProblem::outputStep                                            |     1 |      0.000 |      0.000 |   0.00 |       0 |      0.000 |      0.000 |   0.00 |       0 |
--------------------------------------------------------------------------------------------------------------------------------------------------------------------------
Finished Executing                                                                       [[33m1394.13 s[39m] [[33m  465 MB[39m]
