
[33m
*** Deprecation Warning ***
/home/kevin/gt/demo/polecats/chrome/demo/inputs/aac_material_tests/aac_compression_150mm.i:56.3: The 'Kernels/TensorMechanics' syntax is deprecated. Please use 'Physics/SolidMechanics/QuasiStatic' instead.[39m
Stack frames: 14
0: libMesh::print_trace(std::ostream&)
1: void moose::internal::mooseDeprecatedStream<libMesh::BasicOStreamProxy<char, std::char_traits<char> >, std::__cxx11::basic_string<char, std::char_traits<char>, std::allocator<char> > >(libMesh::BasicOStreamProxy<char, std::char_traits<char> >&, bool, bool, bool, std::__cxx11::basic_string<char, std::char_traits<char>, std::allocator<char> >&&)
2: Moose::Builder::walkRaw(std::__cxx11::basic_string<char, std::char_traits<char>, std::allocator<char> >, std::__cxx11::basic_string<char, std::char_traits<char>, std::allocator<char> >, hit::Node*)
3: Moose::Builder::walk(std::__cxx11::basic_string<char, std::char_traits<char>, std::allocator<char> > const&, std::__cxx11::basic_string<char, std::char_traits<char>, std::allocator<char> > const&, hit::Node*)
4: hit::Node::walk(hit::Walker*, hit::NodeType, hit::TraversalOrder)
5: hit::Node::walk(hit::Walker*, hit::NodeType, hit::TraversalOrder)
6: hit::Node::walk(hit::Walker*, hit::NodeType, hit::TraversalOrder)
7: Moose::Builder::build()
8: MooseApp::setupOptions()
9: MooseApp::run()
10: /home/kevin/gt/demo/mayor/rig/build/moose/modules/solid_mechanics/solid_mechanics-opt(+0x50f2) [0x55bc8155b0f2]
11: /lib/libc.so.6(+0x27741) [0x7f0a89827741]
12: __libc_start_main
13: /home/kevin/gt/demo/mayor/rig/build/moose/modules/solid_mechanics/solid_mechanics-opt(+0x5365) [0x55bc8155b365]


[36m
*** Info ***
/home/kevin/gt/demo/polecats/chrome/demo/inputs/aac_material_tests/aac_compression_150mm.i:56.3:
The following occurred in the Action 'TensorMechanics' of type LegacyTensorMechanicsAction.

SolidMechanics Action: selecting 'total small strain' formulation. Use `incremental = true` to select 'incremental small strain' instead.[39m
Framework Information:
MOOSE Version:           git commit dd5a8961 on 2026-05-01
LibMesh Version:         
PETSc Version:           3.24.6
SLEPc Version:           3.24.0
Current Time:            Tue May 19 16:58:01 2026
Executable Timestamp:    Wed May 13 15:08:44 2026

Input File(s):
  /home/kevin/gt/demo/polecats/chrome/demo/inputs/aac_material_tests/aac_compression_150mm.i

Checkpoint:
  Wall Time Interval:      Every 3600 s
  User Checkpoint:         Disabled
  # Checkpoints Kept:      2
  Execute On:              TIMESTEP_END 

Parallelism:
  Num Processors:          1
  Num Threads:             1

Mesh: 
  Parallel Type:           replicated
  Mesh Dimension:          3
  Spatial Dimension:       3
  Nodes:                   4096
  Elems:                   3375
  Num Subdomains:          1

Nonlinear System:
  Num DOFs:                12288
  Num Local DOFs:          12288
  Variables:               { "disp_x" "disp_y" "disp_z" } 
  Finite Element Types:    "LAGRANGE" 
  Approximation Orders:    "FIRST" 

Auxiliary System:
  Num DOFs:                13500
  Num Local DOFs:          13500
  Variables:               { "vonmises" "max_princ" "min_princ" "stress_zz" } 
  Finite Element Types:    "MONOMIAL" 
  Approximation Orders:    "CONSTANT" 

Execution Information:
  Executioner:             Transient
  TimeStepper:             ConstantDT
  TimeIntegrator(s):       ImplicitEuler
  Solver Mode:             Preconditioned JFNK 
  PETSc Preconditioner:    hypre boomeramg strong_threshold: 0.7 (auto)


Time Step 0, time = 0

Postprocessor Values:
+----------------+------------------+----------------+----------------+
| time           | reaction_force_z | top_disp_z     | vonmises_max   |
+----------------+------------------+----------------+----------------+
|   0.000000e+00 |     0.000000e+00 |   0.000000e+00 |   0.000000e+00 |
+----------------+------------------+----------------+----------------+


Time Step 1, time = 0.05, dt = 0.05
 0 Nonlinear |R| = [32m3.029405e+03[39m
      0 Linear |R| = [32m3.029405e+03[39m
      1 Linear |R| = [33m2.910900e+03[39m
      2 Linear |R| = [32m2.241335e+03[39m
      3 Linear |R| = [32m1.905488e+03[39m
      4 Linear |R| = [32m1.608713e+03[39m
      5 Linear |R| = [32m1.263814e+03[39m
      6 Linear |R| = [32m8.797963e+02[39m
      7 Linear |R| = [32m5.638456e+02[39m
      8 Linear |R| = [32m3.214216e+02[39m
      9 Linear |R| = [32m1.786491e+02[39m
     10 Linear |R| = [32m9.632176e+01[39m
     11 Linear |R| = [32m5.512314e+01[39m
     12 Linear |R| = [32m3.269006e+01[39m
     13 Linear |R| = [32m2.212468e+01[39m
     14 Linear |R| = [32m1.422870e+01[39m
     15 Linear |R| = [32m9.053089e+00[39m
     16 Linear |R| = [32m5.581232e+00[39m
     17 Linear |R| = [32m3.326943e+00[39m
     18 Linear |R| = [32m2.050861e+00[39m
     19 Linear |R| = [32m1.371693e+00[39m
     20 Linear |R| = [32m9.806346e-01[39m
     21 Linear |R| = [32m7.337168e-01[39m
     22 Linear |R| = [32m5.726469e-01[39m
     23 Linear |R| = [32m4.355014e-01[39m
     24 Linear |R| = [32m3.253596e-01[39m
     25 Linear |R| = [32m2.282330e-01[39m
     26 Linear |R| = [32m1.563189e-01[39m
     27 Linear |R| = [32m9.987336e-02[39m
     28 Linear |R| = [32m6.256700e-02[39m
     29 Linear |R| = [32m3.820555e-02[39m
     30 Linear |R| = [32m2.265574e-02[39m
 1 Nonlinear |R| = [33m2.914307e+03[39m
      0 Linear |R| = [32m2.914307e+03[39m
      1 Linear |R| = [33m2.798035e+03[39m
      2 Linear |R| = [32m2.162377e+03[39m
      3 Linear |R| = [32m1.860134e+03[39m
      4 Linear |R| = [32m1.563101e+03[39m
      5 Linear |R| = [32m1.212190e+03[39m
      6 Linear |R| = [32m8.429884e+02[39m
      7 Linear |R| = [32m5.203438e+02[39m
      8 Linear |R| = [32m2.807052e+02[39m
      9 Linear |R| = [32m1.461451e+02[39m
     10 Linear |R| = [32m7.499476e+01[39m
     11 Linear |R| = [32m3.991501e+01[39m
     12 Linear |R| = [32m2.084502e+01[39m
     13 Linear |R| = [32m1.274731e+01[39m
     14 Linear |R| = [32m7.712091e+00[39m
     15 Linear |R| = [32m4.897418e+00[39m
     16 Linear |R| = [32m3.139547e+00[39m
     17 Linear |R| = [32m2.038111e+00[39m
     18 Linear |R| = [32m1.421704e+00[39m
     19 Linear |R| = [32m1.101626e+00[39m
     20 Linear |R| = [32m8.844795e-01[39m
     21 Linear |R| = [32m6.901762e-01[39m
     22 Linear |R| = [32m4.990141e-01[39m
     23 Linear |R| = [32m3.076125e-01[39m
     24 Linear |R| = [32m1.763913e-01[39m
     25 Linear |R| = [32m9.681378e-02[39m
     26 Linear |R| = [32m5.776755e-02[39m
     27 Linear |R| = [32m3.501394e-02[39m
     28 Linear |R| = [32m2.172361e-02[39m
 2 Nonlinear |R| = [33m2.834760e+03[39m
      0 Linear |R| = [32m2.834760e+03[39m
      1 Linear |R| = [33m2.718494e+03[39m
      2 Linear |R| = [32m2.119292e+03[39m
      3 Linear |R| = [32m1.841998e+03[39m
      4 Linear |R| = [32m1.524979e+03[39m
      5 Linear |R| = [32m1.174700e+03[39m
      6 Linear |R| = [32m8.060735e+02[39m
      7 Linear |R| = [32m4.599469e+02[39m
      8 Linear |R| = [32m2.381223e+02[39m
      9 Linear |R| = [32m1.240351e+02[39m
     10 Linear |R| = [32m6.443309e+01[39m
     11 Linear |R| = [32m3.226968e+01[39m
     12 Linear |R| = [32m1.520568e+01[39m
     13 Linear |R| = [32m8.727939e+00[39m
     14 Linear |R| = [32m5.164633e+00[39m
     15 Linear |R| = [32m3.242277e+00[39m
     16 Linear |R| = [32m2.213726e+00[39m
     17 Linear |R| = [32m1.678074e+00[39m
     18 Linear |R| = [32m1.333657e+00[39m
     19 Linear |R| = [32m1.060359e+00[39m
     20 Linear |R| = [32m7.783042e-01[39m
     21 Linear |R| = [32m5.078933e-01[39m
     22 Linear |R| = [32m3.101846e-01[39m
     23 Linear |R| = [32m1.742416e-01[39m
     24 Linear |R| = [32m9.946907e-02[39m
     25 Linear |R| = [32m5.936308e-02[39m
     26 Linear |R| = [32m3.982540e-02[39m
     27 Linear |R| = [32m2.616461e-02[39m
 3 Nonlinear |R| = [33m2.774445e+03[39m
      0 Linear |R| = [32m2.774445e+03[39m
      1 Linear |R| = [33m2.656985e+03[39m
      2 Linear |R| = [32m2.110296e+03[39m
      3 Linear |R| = [32m1.816819e+03[39m
      4 Linear |R| = [32m1.478370e+03[39m
      5 Linear |R| = [32m1.151931e+03[39m
      6 Linear |R| = [32m7.383398e+02[39m
      7 Linear |R| = [32m3.782782e+02[39m
      8 Linear |R| = [32m2.050974e+02[39m
      9 Linear |R| = [32m1.077478e+02[39m
     10 Linear |R| = [32m5.112551e+01[39m
     11 Linear |R| = [32m2.290505e+01[39m
     12 Linear |R| = [32m1.109685e+01[39m
     13 Linear |R| = [32m6.673147e+00[39m
     14 Linear |R| = [32m3.968978e+00[39m
     15 Linear |R| = [32m2.597035e+00[39m
     16 Linear |R| = [32m1.999527e+00[39m
     17 Linear |R| = [32m1.595112e+00[39m
     18 Linear |R| = [32m1.254166e+00[39m
     19 Linear |R| = [32m9.212640e-01[39m
     20 Linear |R| = [32m6.021171e-01[39m
     21 Linear |R| = [32m3.743521e-01[39m
     22 Linear |R| = [32m2.396312e-01[39m
     23 Linear |R| = [32m1.429508e-01[39m
     24 Linear |R| = [32m8.603473e-02[39m
     25 Linear |R| = [32m5.037622e-02[39m
     26 Linear |R| = [32m3.122457e-02[39m
     27 Linear |R| = [32m1.916656e-02[39m
 4 Nonlinear |R| = [33m2.645647e+03[39m
      0 Linear |R| = [32m2.645647e+03[39m
      1 Linear |R| = [32m2.434847e+03[39m
      2 Linear |R| = [32m1.829785e+03[39m
      3 Linear |R| = [32m1.180190e+03[39m
      4 Linear |R| = [32m7.037672e+02[39m
      5 Linear |R| = [32m3.857229e+02[39m
      6 Linear |R| = [32m1.967679e+02[39m
      7 Linear |R| = [32m1.126743e+02[39m
      8 Linear |R| = [32m5.877457e+01[39m
      9 Linear |R| = [32m2.727035e+01[39m
     10 Linear |R| = [32m1.314249e+01[39m
     11 Linear |R| = [32m6.496511e+00[39m
     12 Linear |R| = [32m3.360685e+00[39m
     13 Linear |R| = [32m2.065463e+00[39m
     14 Linear |R| = [32m1.329003e+00[39m
     15 Linear |R| = [32m8.830513e-01[39m
     16 Linear |R| = [32m6.574174e-01[39m
     17 Linear |R| = [32m5.151837e-01[39m
     18 Linear |R| = [32m3.574799e-01[39m
     19 Linear |R| = [32m2.182057e-01[39m
     20 Linear |R| = [32m1.162022e-01[39m
     21 Linear |R| = [32m6.259943e-02[39m
     22 Linear |R| = [32m3.209773e-02[39m
     23 Linear |R| = [32m1.562090e-02[39m
 5 Nonlinear |R| = [32m2.473830e+03[39m
      0 Linear |R| = [32m2.473830e+03[39m
      1 Linear |R| = [32m1.815546e+03[39m
      2 Linear |R| = [32m1.257255e+03[39m
      3 Linear |R| = [32m6.231915e+02[39m
      4 Linear |R| = [32m2.828373e+02[39m
      5 Linear |R| = [32m1.303034e+02[39m
      6 Linear |R| = [32m5.687338e+01[39m
      7 Linear |R| = [32m2.750924e+01[39m
      8 Linear |R| = [32m1.405206e+01[39m
      9 Linear |R| = [32m7.676744e+00[39m
     10 Linear |R| = [32m3.642859e+00[39m
     11 Linear |R| = [32m1.653429e+00[39m
     12 Linear |R| = [32m7.148105e-01[39m
     13 Linear |R| = [32m3.101361e-01[39m
     14 Linear |R| = [32m1.656904e-01[39m
     15 Linear |R| = [32m1.129974e-01[39m
     16 Linear |R| = [32m7.930359e-02[39m
     17 Linear |R| = [32m4.615182e-02[39m
     18 Linear |R| = [32m2.387224e-02[39m
 6 Nonlinear |R| = [32m1.804454e+03[39m
      0 Linear |R| = [32m1.804454e+03[39m
      1 Linear |R| = [32m4.541947e+02[39m
      2 Linear |R| = [32m1.359381e+02[39m
      3 Linear |R| = [32m4.755087e+01[39m
      4 Linear |R| = [32m1.893932e+01[39m
      5 Linear |R| = [32m8.413863e+00[39m
      6 Linear |R| = [32m4.182627e+00[39m
      7 Linear |R| = [32m2.094868e+00[39m
      8 Linear |R| = [32m9.805136e-01[39m
      9 Linear |R| = [32m4.259369e-01[39m
     10 Linear |R| = [32m1.936180e-01[39m
     11 Linear |R| = [32m8.517328e-02[39m
     12 Linear |R| = [32m3.467251e-02[39m
     13 Linear |R| = [32m1.282379e-02[39m
 7 Nonlinear |R| = [32m1.282378e-02[39m
      0 Linear |R| = [32m1.282378e-02[39m
      1 Linear |R| = [32m6.861089e-03[39m
      2 Linear |R| = [32m3.024488e-03[39m
      3 Linear |R| = [32m1.477180e-03[39m
      4 Linear |R| = [32m8.150328e-04[39m
      5 Linear |R| = [32m5.083986e-04[39m
      6 Linear |R| = [32m3.212463e-04[39m
      7 Linear |R| = [32m1.963189e-04[39m
      8 Linear |R| = [32m1.077386e-04[39m
      9 Linear |R| = [32m5.486657e-05[39m
     10 Linear |R| = [32m2.923698e-05[39m
     11 Linear |R| = [32m1.600010e-05[39m
     12 Linear |R| = [32m8.461228e-06[39m
     13 Linear |R| = [32m4.079230e-06[39m
     14 Linear |R| = [32m1.879695e-06[39m
     15 Linear |R| = [32m8.948173e-07[39m
     16 Linear |R| = [32m4.509219e-07[39m
     17 Linear |R| = [32m1.986986e-07[39m
     18 Linear |R| = [32m9.909140e-08[39m
 8 Nonlinear |R| = [32m9.909145e-08[39m
[32m Solve Converged![39m
Currently Executing
  Finished Solving                                                                       [[33m 16.34 s[39m] [[33m  223 MB[39m]

Postprocessor Values:
+----------------+------------------+----------------+----------------+
| time           | reaction_force_z | top_disp_z     | vonmises_max   |
+----------------+------------------+----------------+----------------+
|   0.000000e+00 |     0.000000e+00 |   0.000000e+00 |   0.000000e+00 |
|   5.000000e-02 |     8.358701e-06 |  -1.500000e-04 |   1.647977e+06 |
+----------------+------------------+----------------+----------------+


Time Step 2, time = 0.1, dt = 0.05
 0 Nonlinear |R| = [32m2.653348e+03[39m
      0 Linear |R| = [32m2.653348e+03[39m
      1 Linear |R| = [33m2.562733e+03[39m
      2 Linear |R| = [32m1.978410e+03[39m
      3 Linear |R| = [32m1.691076e+03[39m
      4 Linear |R| = [32m1.484794e+03[39m
      5 Linear |R| = [32m1.225904e+03[39m
      6 Linear |R| = [32m8.761644e+02[39m
      7 Linear |R| = [32m5.556639e+02[39m
      8 Linear |R| = [32m3.115399e+02[39m
      9 Linear |R| = [32m1.702090e+02[39m
     10 Linear |R| = [32m9.257043e+01[39m
     11 Linear |R| = [32m5.470955e+01[39m
     12 Linear |R| = [32m3.309004e+01[39m
     13 Linear |R| = [32m2.230075e+01[39m
     14 Linear |R| = [32m1.412824e+01[39m
     15 Linear |R| = [32m8.841422e+00[39m
     16 Linear |R| = [32m5.384570e+00[39m
     17 Linear |R| = [32m3.230251e+00[39m
     18 Linear |R| = [32m2.004017e+00[39m
     19 Linear |R| = [32m1.318675e+00[39m
     20 Linear |R| = [32m9.121590e-01[39m
     21 Linear |R| = [32m6.563600e-01[39m
     22 Linear |R| = [32m5.074842e-01[39m
     23 Linear |R| = [32m3.921279e-01[39m
     24 Linear |R| = [32m2.989108e-01[39m
     25 Linear |R| = [32m2.117009e-01[39m
     26 Linear |R| = [32m1.477851e-01[39m
     27 Linear |R| = [32m9.678872e-02[39m
     28 Linear |R| = [32m6.234872e-02[39m
     29 Linear |R| = [32m3.882182e-02[39m
     30 Linear |R| = [32m2.319080e-02[39m
 1 Nonlinear |R| = [32m1.286622e+03[39m
      0 Linear |R| = [32m1.286622e+03[39m
      1 Linear |R| = [32m3.247454e+02[39m
      2 Linear |R| = [32m9.005192e+01[39m
      3 Linear |R| = [32m3.708521e+01[39m
      4 Linear |R| = [32m1.504047e+01[39m
      5 Linear |R| = [32m6.329321e+00[39m
      6 Linear |R| = [32m2.873033e+00[39m
      7 Linear |R| = [32m1.394918e+00[39m
      8 Linear |R| = [32m6.681665e-01[39m
      9 Linear |R| = [32m3.103003e-01[39m
     10 Linear |R| = [32m1.433372e-01[39m
     11 Linear |R| = [32m6.551294e-02[39m
     12 Linear |R| = [32m2.757257e-02[39m
     13 Linear |R| = [32m1.087639e-02[39m
 2 Nonlinear |R| = [32m1.488166e+00[39m
      0 Linear |R| = [32m1.488166e+00[39m
      1 Linear |R| = [32m3.514961e-01[39m
      2 Linear |R| = [32m1.034739e-01[39m
      3 Linear |R| = [32m3.373411e-02[39m
      4 Linear |R| = [32m1.197530e-02[39m
      5 Linear |R| = [32m4.671824e-03[39m
      6 Linear |R| = [32m2.252237e-03[39m
      7 Linear |R| = [32m1.112897e-03[39m
      8 Linear |R| = [32m5.482833e-04[39m
      9 Linear |R| = [32m2.913733e-04[39m
     10 Linear |R| = [32m1.790392e-04[39m
     11 Linear |R| = [32m1.133247e-04[39m
     12 Linear |R| = [32m7.009738e-05[39m
     13 Linear |R| = [32m4.107164e-05[39m
     14 Linear |R| = [32m2.302443e-05[39m
     15 Linear |R| = [32m1.126483e-05[39m
 3 Nonlinear |R| = [32m5.896997e-02[39m
      0 Linear |R| = [32m5.896997e-02[39m
      1 Linear |R| = [32m1.574568e-02[39m
      2 Linear |R| = [32m4.794311e-03[39m
      3 Linear |R| = [32m1.494462e-03[39m
      4 Linear |R| = [32m5.475743e-04[39m
      5 Linear |R| = [32m2.278258e-04[39m
      6 Linear |R| = [32m1.087402e-04[39m
      7 Linear |R| = [32m5.057262e-05[39m
      8 Linear |R| = [32m2.274488e-05[39m
      9 Linear |R| = [32m1.022043e-05[39m
     10 Linear |R| = [32m4.846441e-06[39m
     11 Linear |R| = [32m2.264525e-06[39m
     12 Linear |R| = [32m9.827057e-07[39m
     13 Linear |R| = [32m4.137483e-07[39m
 4 Nonlinear |R| = [32m1.385527e-06[39m
  Finished Solving                                                                       [[33m  6.43 s[39m] [[33m  221 MB[39m]
[32m Solve Converged![39m

Outlier Variable Residual Norms:
  disp_y: [33m1.135696e-06[39m

Postprocessor Values:
+----------------+------------------+----------------+----------------+
| time           | reaction_force_z | top_disp_z     | vonmises_max   |
+----------------+------------------+----------------+----------------+
|   0.000000e+00 |     0.000000e+00 |   0.000000e+00 |   0.000000e+00 |
|   5.000000e-02 |     8.358701e-06 |  -1.500000e-04 |   1.647977e+06 |
|   1.000000e-01 |    -2.954241e-06 |  -3.000000e-04 |   3.230259e+06 |
+----------------+------------------+----------------+----------------+


Time Step 3, time = 0.15, dt = 0.05
 0 Nonlinear |R| = [32m2.295389e+03[39m
      0 Linear |R| = [32m2.295389e+03[39m
      1 Linear |R| = [33m2.223427e+03[39m
      2 Linear |R| = [32m1.727951e+03[39m
      3 Linear |R| = [32m1.502905e+03[39m
      4 Linear |R| = [32m1.372488e+03[39m
      5 Linear |R| = [32m1.177985e+03[39m
      6 Linear |R| = [32m8.485197e+02[39m
      7 Linear |R| = [32m5.289602e+02[39m
      8 Linear |R| = [32m2.960461e+02[39m
      9 Linear |R| = [32m1.631192e+02[39m
     10 Linear |R| = [32m9.108740e+01[39m
     11 Linear |R| = [32m5.562461e+01[39m
     12 Linear |R| = [32m3.385947e+01[39m
     13 Linear |R| = [32m2.232491e+01[39m
     14 Linear |R| = [32m1.393598e+01[39m
     15 Linear |R| = [32m8.693662e+00[39m
     16 Linear |R| = [32m5.326714e+00[39m
     17 Linear |R| = [32m3.245505e+00[39m
     18 Linear |R| = [32m2.010756e+00[39m
     19 Linear |R| = [32m1.272599e+00[39m
     20 Linear |R| = [32m8.437924e-01[39m
     21 Linear |R| = [32m5.866154e-01[39m
     22 Linear |R| = [32m4.496368e-01[39m
     23 Linear |R| = [32m3.481362e-01[39m
     24 Linear |R| = [32m2.667307e-01[39m
     25 Linear |R| = [32m1.910111e-01[39m
     26 Linear |R| = [32m1.385116e-01[39m
     27 Linear |R| = [32m9.435204e-02[39m
     28 Linear |R| = [32m6.199256e-02[39m
     29 Linear |R| = [32m3.867360e-02[39m
     30 Linear |R| = [31m2.116237e+02[39m
     31 Linear |R| = [32m6.228597e+01[39m
     32 Linear |R| = [32m1.864490e+01[39m
     33 Linear |R| = [32m6.885239e+00[39m
     34 Linear |R| = [32m4.153035e+00[39m
     35 Linear |R| = [32m3.659189e+00[39m
     36 Linear |R| = [33m3.533126e+00[39m
     37 Linear |R| = [32m3.304558e+00[39m
     38 Linear |R| = [32m2.878753e+00[39m
     39 Linear |R| = [32m2.361178e+00[39m
     40 Linear |R| = [32m1.749600e+00[39m
     41 Linear |R| = [32m1.093008e+00[39m
     42 Linear |R| = [32m6.229017e-01[39m
     43 Linear |R| = [32m3.353736e-01[39m
     44 Linear |R| = [32m1.926946e-01[39m
     45 Linear |R| = [32m1.128361e-01[39m
     46 Linear |R| = [32m6.340389e-02[39m
     47 Linear |R| = [32m3.551321e-02[39m
     48 Linear |R| = [32m2.117080e-02[39m
 1 Nonlinear |R| = [32m2.051253e+03[39m
      0 Linear |R| = [32m2.051253e+03[39m
      1 Linear |R| = [33m1.969865e+03[39m
      2 Linear |R| = [32m1.604460e+03[39m
      3 Linear |R| = [32m1.439809e+03[39m
      4 Linear |R| = [32m1.283567e+03[39m
      5 Linear |R| = [32m1.080757e+03[39m
      6 Linear |R| = [32m6.944742e+02[39m
      7 Linear |R| = [32m3.642811e+02[39m
      8 Linear |R| = [32m1.964469e+02[39m
      9 Linear |R| = [32m1.014952e+02[39m
     10 Linear |R| = [32m5.000235e+01[39m
     11 Linear |R| = [32m2.306939e+01[39m
     12 Linear |R| = [32m1.198873e+01[39m
     13 Linear |R| = [32m7.431199e+00[39m
     14 Linear |R| = [32m4.317228e+00[39m
     15 Linear |R| = [32m2.481428e+00[39m
     16 Linear |R| = [32m1.694402e+00[39m
     17 Linear |R| = [32m1.288093e+00[39m
     18 Linear |R| = [32m1.012680e+00[39m
     19 Linear |R| = [32m7.988252e-01[39m
     20 Linear |R| = [32m5.853326e-01[39m
     21 Linear |R| = [32m3.929537e-01[39m
     22 Linear |R| = [32m2.534177e-01[39m
     23 Linear |R| = [32m1.505721e-01[39m
     24 Linear |R| = [32m8.854569e-02[39m
     25 Linear |R| = [32m4.819979e-02[39m
     26 Linear |R| = [32m2.921896e-02[39m
     27 Linear |R| = [32m1.790873e-02[39m
 2 Nonlinear |R| = [33m2.031027e+03[39m
      0 Linear |R| = [32m2.031027e+03[39m
      1 Linear |R| = [33m1.951542e+03[39m
      2 Linear |R| = [32m1.613417e+03[39m
      3 Linear |R| = [32m1.433515e+03[39m
      4 Linear |R| = [32m1.291587e+03[39m
      5 Linear |R| = [32m1.095869e+03[39m
      6 Linear |R| = [32m6.969546e+02[39m
      7 Linear |R| = [32m3.642283e+02[39m
      8 Linear |R| = [32m1.969649e+02[39m
      9 Linear |R| = [32m9.939609e+01[39m
     10 Linear |R| = [32m4.649906e+01[39m
     11 Linear |R| = [32m2.165176e+01[39m
     12 Linear |R| = [32m1.169807e+01[39m
     13 Linear |R| = [32m7.118158e+00[39m
     14 Linear |R| = [32m4.051699e+00[39m
     15 Linear |R| = [32m2.416580e+00[39m
     16 Linear |R| = [32m1.737527e+00[39m
     17 Linear |R| = [32m1.325551e+00[39m
     18 Linear |R| = [32m1.034857e+00[39m
     19 Linear |R| = [32m8.077844e-01[39m
     20 Linear |R| = [32m5.930609e-01[39m
     21 Linear |R| = [32m3.986663e-01[39m
     22 Linear |R| = [32m2.535879e-01[39m
     23 Linear |R| = [32m1.434856e-01[39m
     24 Linear |R| = [32m8.060829e-02[39m
     25 Linear |R| = [32m4.416257e-02[39m
     26 Linear |R| = [32m2.732110e-02[39m
     27 Linear |R| = [32m1.725670e-02[39m
 3 Nonlinear |R| = [33m1.976546e+03[39m
      0 Linear |R| = [32m1.976546e+03[39m
      1 Linear |R| = [32m1.744077e+03[39m
      2 Linear |R| = [32m1.399382e+03[39m
      3 Linear |R| = [32m1.037723e+03[39m
      4 Linear |R| = [32m7.540032e+02[39m
      5 Linear |R| = [32m5.277516e+02[39m
      6 Linear |R| = [32m3.041013e+02[39m
      7 Linear |R| = [32m1.579747e+02[39m
      8 Linear |R| = [32m7.382984e+01[39m
      9 Linear |R| = [32m3.444308e+01[39m
     10 Linear |R| = [32m1.669575e+01[39m
     11 Linear |R| = [32m8.590939e+00[39m
     12 Linear |R| = [32m4.412280e+00[39m
     13 Linear |R| = [32m2.434024e+00[39m
     14 Linear |R| = [32m1.468902e+00[39m
     15 Linear |R| = [32m9.195626e-01[39m
     16 Linear |R| = [32m6.253889e-01[39m
     17 Linear |R| = [32m4.825267e-01[39m
     18 Linear |R| = [32m3.719484e-01[39m
     19 Linear |R| = [32m2.634227e-01[39m
     20 Linear |R| = [32m1.662813e-01[39m
     21 Linear |R| = [32m9.770882e-02[39m
     22 Linear |R| = [32m5.197079e-02[39m
     23 Linear |R| = [32m2.657837e-02[39m
     24 Linear |R| = [32m1.263693e-02[39m
 4 Nonlinear |R| = [32m1.070137e+03[39m
      0 Linear |R| = [32m1.070137e+03[39m
      1 Linear |R| = [32m2.374525e+02[39m
      2 Linear |R| = [32m8.819511e+01[39m
      3 Linear |R| = [32m4.143562e+01[39m
      4 Linear |R| = [32m1.963198e+01[39m
      5 Linear |R| = [32m8.226278e+00[39m
      6 Linear |R| = [32m3.296958e+00[39m
      7 Linear |R| = [32m1.290382e+00[39m
      8 Linear |R| = [32m5.073025e-01[39m
      9 Linear |R| = [32m2.115463e-01[39m
     10 Linear |R| = [32m1.004199e-01[39m
     11 Linear |R| = [32m4.800009e-02[39m
     12 Linear |R| = [32m2.184503e-02[39m
     13 Linear |R| = [32m9.905550e-03[39m
 5 Nonlinear |R| = [32m8.626087e+00[39m
      0 Linear |R| = [32m8.626087e+00[39m
      1 Linear |R| = [32m3.363112e+00[39m
      2 Linear |R| = [32m1.415435e+00[39m
      3 Linear |R| = [32m6.195280e-01[39m
      4 Linear |R| = [32m3.035227e-01[39m
      5 Linear |R| = [32m1.166673e-01[39m
      6 Linear |R| = [32m4.131933e-02[39m
      7 Linear |R| = [32m1.763750e-02[39m
      8 Linear |R| = [32m7.692620e-03[39m
      9 Linear |R| = [32m3.387755e-03[39m
     10 Linear |R| = [32m1.446582e-03[39m
     11 Linear |R| = [32m6.422302e-04[39m
     12 Linear |R| = [32m3.027426e-04[39m
     13 Linear |R| = [32m1.408086e-04[39m
     14 Linear |R| = [32m6.193347e-05[39m
 6 Nonlinear |R| = [32m5.539561e-02[39m
      0 Linear |R| = [32m5.539561e-02[39m
      1 Linear |R| = [32m1.462331e-02[39m
      2 Linear |R| = [32m6.271469e-03[39m
      3 Linear |R| = [32m2.593261e-03[39m
      4 Linear |R| = [32m1.085204e-03[39m
      5 Linear |R| = [32m4.592754e-04[39m
      6 Linear |R| = [32m1.851361e-04[39m
      7 Linear |R| = [32m7.528068e-05[39m
      8 Linear |R| = [32m3.249697e-05[39m
      9 Linear |R| = [32m1.371501e-05[39m
     10 Linear |R| = [32m5.914895e-06[39m
     11 Linear |R| = [32m2.455222e-06[39m
     12 Linear |R| = [32m1.119124e-06[39m
     13 Linear |R| = [32m6.000441e-07[39m
     14 Linear |R| = [32m3.481538e-07[39m
 7 Nonlinear |R| = [32m8.238033e-07[39m
[32m Solve Converged![39m
  Finished Solving                                                                       [[33m 14.07 s[39m] [[33m  221 MB[39m]

Postprocessor Values:
+----------------+------------------+----------------+----------------+
| time           | reaction_force_z | top_disp_z     | vonmises_max   |
+----------------+------------------+----------------+----------------+
|   0.000000e+00 |     0.000000e+00 |   0.000000e+00 |   0.000000e+00 |
|   5.000000e-02 |     8.358701e-06 |  -1.500000e-04 |   1.647977e+06 |
|   1.000000e-01 |    -2.954241e-06 |  -3.000000e-04 |   3.230259e+06 |
|   1.500000e-01 |    -1.606740e-06 |  -4.500000e-04 |   3.500000e+06 |
+----------------+------------------+----------------+----------------+


Time Step 4, time = 0.2, dt = 0.05
 0 Nonlinear |R| = [32m1.991803e+03[39m
      0 Linear |R| = [32m1.991803e+03[39m
      1 Linear |R| = [33m1.926256e+03[39m
      2 Linear |R| = [32m1.525741e+03[39m
      3 Linear |R| = [32m1.349173e+03[39m
      4 Linear |R| = [32m1.267515e+03[39m
      5 Linear |R| = [32m1.124066e+03[39m
      6 Linear |R| = [32m8.294526e+02[39m
      7 Linear |R| = [32m5.177222e+02[39m
      8 Linear |R| = [32m2.996201e+02[39m
      9 Linear |R| = [32m1.692738e+02[39m
     10 Linear |R| = [32m9.724542e+01[39m
     11 Linear |R| = [32m6.062154e+01[39m
     12 Linear |R| = [32m3.648929e+01[39m
     13 Linear |R| = [32m2.334562e+01[39m
     14 Linear |R| = [32m1.466966e+01[39m
     15 Linear |R| = [32m9.230991e+00[39m
     16 Linear |R| = [32m5.715076e+00[39m
     17 Linear |R| = [32m3.489903e+00[39m
     18 Linear |R| = [32m2.120289e+00[39m
     19 Linear |R| = [32m1.290458e+00[39m
     20 Linear |R| = [32m8.281371e-01[39m
     21 Linear |R| = [32m5.600274e-01[39m
     22 Linear |R| = [32m4.193268e-01[39m
     23 Linear |R| = [32m3.200010e-01[39m
     24 Linear |R| = [32m2.457135e-01[39m
     25 Linear |R| = [32m1.797481e-01[39m
     26 Linear |R| = [32m1.355881e-01[39m
     27 Linear |R| = [32m9.623173e-02[39m
     28 Linear |R| = [32m6.341276e-02[39m
     29 Linear |R| = [32m4.059717e-02[39m
    Linear solve did not converge due to DIVERGED_BREAKDOWN iterations 30
 1 Nonlinear |R| = [32m1.815338e+03[39m
      0 Linear |R| = [32m1.815338e+03[39m
      1 Linear |R| = [33m1.743747e+03[39m
      2 Linear |R| = [32m1.453091e+03[39m
      3 Linear |R| = [32m1.363369e+03[39m
      4 Linear |R| = [33m1.301472e+03[39m
      5 Linear |R| = [32m1.189112e+03[39m
      6 Linear |R| = [32m9.287498e+02[39m
      7 Linear |R| = [32m5.876380e+02[39m
      8 Linear |R| = [32m3.272593e+02[39m
      9 Linear |R| = [32m1.712328e+02[39m
     10 Linear |R| = [32m9.313165e+01[39m
     11 Linear |R| = [32m4.878511e+01[39m
     12 Linear |R| = [32m2.462758e+01[39m
     13 Linear |R| = [32m1.416578e+01[39m
     14 Linear |R| = [32m8.359722e+00[39m
     15 Linear |R| = [32m4.817272e+00[39m
     16 Linear |R| = [32m2.781394e+00[39m
     17 Linear |R| = [32m1.891796e+00[39m
     18 Linear |R| = [32m1.411386e+00[39m
     19 Linear |R| = [32m1.120161e+00[39m
     20 Linear |R| = [32m8.972168e-01[39m
     21 Linear |R| = [32m6.721962e-01[39m
     22 Linear |R| = [32m4.668074e-01[39m
     23 Linear |R| = [32m2.845747e-01[39m
     24 Linear |R| = [32m1.666933e-01[39m
     25 Linear |R| = [32m9.669713e-02[39m
     26 Linear |R| = [32m5.846069e-02[39m
     27 Linear |R| = [32m3.478417e-02[39m
     28 Linear |R| = [32m2.078245e-02[39m
     29 Linear |R| = [32m1.292088e-02[39m
 2 Nonlinear |R| = [33m1.796979e+03[39m
      0 Linear |R| = [32m1.796979e+03[39m
      1 Linear |R| = [33m1.724306e+03[39m
      2 Linear |R| = [32m1.451093e+03[39m
      3 Linear |R| = [32m1.361370e+03[39m
      4 Linear |R| = [33m1.294475e+03[39m
      5 Linear |R| = [32m1.187427e+03[39m
      6 Linear |R| = [32m9.197132e+02[39m
      7 Linear |R| = [32m5.754010e+02[39m
      8 Linear |R| = [32m3.255497e+02[39m
      9 Linear |R| = [32m1.726204e+02[39m
     10 Linear |R| = [32m9.067225e+01[39m
     11 Linear |R| = [32m4.540260e+01[39m
     12 Linear |R| = [32m2.323993e+01[39m
     13 Linear |R| = [32m1.373243e+01[39m
     14 Linear |R| = [32m7.979290e+00[39m
     15 Linear |R| = [32m4.427775e+00[39m
     16 Linear |R| = [32m2.659767e+00[39m
     17 Linear |R| = [32m1.872847e+00[39m
     18 Linear |R| = [32m1.434605e+00[39m
     19 Linear |R| = [32m1.149430e+00[39m
     20 Linear |R| = [32m9.045345e-01[39m
     21 Linear |R| = [32m6.562258e-01[39m
     22 Linear |R| = [32m4.537983e-01[39m
     23 Linear |R| = [32m2.794171e-01[39m
     24 Linear |R| = [32m1.654281e-01[39m
     25 Linear |R| = [32m9.326724e-02[39m
     26 Linear |R| = [32m5.499994e-02[39m
     27 Linear |R| = [32m3.259743e-02[39m
     28 Linear |R| = [32m1.967076e-02[39m
     29 Linear |R| = [32m1.251861e-02[39m
 3 Nonlinear |R| = [33m1.778798e+03[39m
      0 Linear |R| = [32m1.778798e+03[39m
      1 Linear |R| = [33m1.705013e+03[39m
      2 Linear |R| = [32m1.450643e+03[39m
      3 Linear |R| = [32m1.348219e+03[39m
      4 Linear |R| = [32m1.278006e+03[39m
      5 Linear |R| = [32m1.177835e+03[39m
      6 Linear |R| = [32m8.967806e+02[39m
      7 Linear |R| = [32m5.505064e+02[39m
      8 Linear |R| = [32m3.119251e+02[39m
      9 Linear |R| = [32m1.645581e+02[39m
     10 Linear |R| = [32m8.148642e+01[39m
     11 Linear |R| = [32m3.987403e+01[39m
     12 Linear |R| = [32m2.165963e+01[39m
     13 Linear |R| = [32m1.296262e+01[39m
     14 Linear |R| = [32m7.189060e+00[39m
     15 Linear |R| = [32m3.903163e+00[39m
     16 Linear |R| = [32m2.518518e+00[39m
     17 Linear |R| = [32m1.828864e+00[39m
     18 Linear |R| = [32m1.422117e+00[39m
     19 Linear |R| = [32m1.134873e+00[39m
     20 Linear |R| = [32m8.780238e-01[39m
     21 Linear |R| = [32m6.247258e-01[39m
     22 Linear |R| = [32m4.288753e-01[39m
     23 Linear |R| = [32m2.613466e-01[39m
     24 Linear |R| = [32m1.486957e-01[39m
     25 Linear |R| = [32m8.093659e-02[39m
     26 Linear |R| = [32m4.798929e-02[39m
     27 Linear |R| = [32m2.896341e-02[39m
     28 Linear |R| = [32m1.811830e-02[39m
     29 Linear |R| = [32m1.173500e-02[39m
 4 Nonlinear |R| = [33m1.760689e+03[39m
      0 Linear |R| = [32m1.760689e+03[39m
      1 Linear |R| = [33m1.688120e+03[39m
      2 Linear |R| = [32m1.445687e+03[39m
      3 Linear |R| = [32m1.318700e+03[39m
      4 Linear |R| = [33m1.258436e+03[39m
      5 Linear |R| = [32m1.171138e+03[39m
      6 Linear |R| = [32m8.823343e+02[39m
      7 Linear |R| = [32m5.209631e+02[39m
      8 Linear |R| = [32m2.924899e+02[39m
      9 Linear |R| = [32m1.506776e+02[39m
     10 Linear |R| = [32m7.173954e+01[39m
     11 Linear |R| = [32m3.622907e+01[39m
     12 Linear |R| = [32m2.028927e+01[39m
     13 Linear |R| = [32m1.207332e+01[39m
     14 Linear |R| = [32m6.374777e+00[39m
     15 Linear |R| = [32m3.692681e+00[39m
     16 Linear |R| = [32m2.469211e+00[39m
     17 Linear |R| = [32m1.799974e+00[39m
     18 Linear |R| = [32m1.390061e+00[39m
     19 Linear |R| = [32m1.121334e+00[39m
     20 Linear |R| = [32m8.633962e-01[39m
     21 Linear |R| = [32m6.053517e-01[39m
     22 Linear |R| = [32m3.930873e-01[39m
     23 Linear |R| = [32m2.262368e-01[39m
     24 Linear |R| = [32m1.262311e-01[39m
     25 Linear |R| = [32m7.112538e-02[39m
     26 Linear |R| = [32m4.295974e-02[39m
     27 Linear |R| = [32m2.630814e-02[39m
     28 Linear |R| = [32m1.713785e-02[39m
 5 Nonlinear |R| = [32m1.603622e+03[39m
      0 Linear |R| = [32m1.603622e+03[39m
      1 Linear |R| = [32m1.428500e+03[39m
      2 Linear |R| = [32m1.143158e+03[39m
      3 Linear |R| = [32m8.742352e+02[39m
      4 Linear |R| = [32m7.377365e+02[39m
      5 Linear |R| = [32m5.797079e+02[39m
      6 Linear |R| = [32m3.298821e+02[39m
      7 Linear |R| = [32m1.652126e+02[39m
      8 Linear |R| = [32m7.667718e+01[39m
      9 Linear |R| = [32m3.829857e+01[39m
     10 Linear |R| = [32m1.996482e+01[39m
     11 Linear |R| = [32m1.020330e+01[39m
     12 Linear |R| = [32m5.162816e+00[39m
     13 Linear |R| = [32m2.910046e+00[39m
     14 Linear |R| = [32m1.616262e+00[39m
     15 Linear |R| = [32m9.279047e-01[39m
     16 Linear |R| = [32m6.180034e-01[39m
     17 Linear |R| = [32m4.648671e-01[39m
     18 Linear |R| = [32m3.554668e-01[39m
     19 Linear |R| = [32m2.637642e-01[39m
     20 Linear |R| = [32m1.775138e-01[39m
     21 Linear |R| = [32m1.057271e-01[39m
     22 Linear |R| = [32m5.270414e-02[39m
     23 Linear |R| = [32m2.593174e-02[39m
     24 Linear |R| = [32m1.312020e-02[39m
 6 Nonlinear |R| = [32m9.829498e+02[39m
      0 Linear |R| = [32m9.829498e+02[39m
      1 Linear |R| = [32m2.713009e+02[39m
      2 Linear |R| = [32m1.472486e+02[39m
      3 Linear |R| = [32m9.190923e+01[39m
      4 Linear |R| = [32m4.940428e+01[39m
      5 Linear |R| = [32m2.748166e+01[39m
      6 Linear |R| = [32m1.443045e+01[39m
      7 Linear |R| = [32m7.870008e+00[39m
      8 Linear |R| = [32m4.478164e+00[39m
      9 Linear |R| = [32m2.618695e+00[39m
     10 Linear |R| = [32m1.337558e+00[39m
     11 Linear |R| = [32m6.904065e-01[39m
     12 Linear |R| = [32m3.672568e-01[39m
     13 Linear |R| = [32m1.935490e-01[39m
     14 Linear |R| = [32m9.384570e-02[39m
     15 Linear |R| = [32m4.659961e-02[39m
     16 Linear |R| = [32m2.204735e-02[39m
     17 Linear |R| = [32m1.103062e-02[39m
     18 Linear |R| = [32m5.682799e-03[39m
 7 Nonlinear |R| = [32m3.311108e+01[39m
      0 Linear |R| = [32m3.311108e+01[39m
      1 Linear |R| = [32m8.806745e+00[39m
      2 Linear |R| = [32m4.187042e+00[39m
      3 Linear |R| = [32m2.175893e+00[39m
      4 Linear |R| = [32m1.159705e+00[39m
      5 Linear |R| = [32m6.861639e-01[39m
      6 Linear |R| = [32m3.937308e-01[39m
      7 Linear |R| = [32m1.910462e-01[39m
      8 Linear |R| = [32m1.055385e-01[39m
      9 Linear |R| = [32m6.039266e-02[39m
     10 Linear |R| = [32m3.013055e-02[39m
     11 Linear |R| = [32m1.499595e-02[39m
     12 Linear |R| = [32m7.618578e-03[39m
     13 Linear |R| = [32m4.156682e-03[39m
     14 Linear |R| = [32m2.162658e-03[39m
     15 Linear |R| = [32m1.151102e-03[39m
     16 Linear |R| = [32m6.358959e-04[39m
     17 Linear |R| = [32m3.417692e-04[39m
     18 Linear |R| = [32m1.770172e-04[39m
 8 Nonlinear |R| = [32m6.566248e-01[39m
      0 Linear |R| = [32m6.566248e-01[39m
      1 Linear |R| = [32m2.666856e-01[39m
      2 Linear |R| = [32m1.188790e-01[39m
      3 Linear |R| = [32m6.466332e-02[39m
      4 Linear |R| = [32m3.759142e-02[39m
      5 Linear |R| = [32m1.880706e-02[39m
      6 Linear |R| = [32m9.694967e-03[39m
      7 Linear |R| = [32m4.963961e-03[39m
      8 Linear |R| = [32m2.645567e-03[39m
      9 Linear |R| = [32m1.493282e-03[39m
     10 Linear |R| = [32m8.478748e-04[39m
     11 Linear |R| = [32m4.467868e-04[39m
     12 Linear |R| = [32m2.364482e-04[39m
     13 Linear |R| = [32m1.216386e-04[39m
     14 Linear |R| = [32m6.357125e-05[39m
     15 Linear |R| = [32m3.380791e-05[39m
     16 Linear |R| = [32m1.774838e-05[39m
     17 Linear |R| = [32m9.082978e-06[39m
     18 Linear |R| = [32m4.806890e-06[39m
 9 Nonlinear |R| = [32m1.333704e-04[39m
[32m Solve Converged![39m
  Finished Solving                                                                       [[33m 19.08 s[39m] [[33m  221 MB[39m]

Outlier Variable Residual Norms:
  disp_y: [33m1.123703e-04[39m

Postprocessor Values:
+----------------+------------------+----------------+----------------+
| time           | reaction_force_z | top_disp_z     | vonmises_max   |
+----------------+------------------+----------------+----------------+
|   0.000000e+00 |     0.000000e+00 |   0.000000e+00 |   0.000000e+00 |
|   5.000000e-02 |     8.358701e-06 |  -1.500000e-04 |   1.647977e+06 |
|   1.000000e-01 |    -2.954241e-06 |  -3.000000e-04 |   3.230259e+06 |
|   1.500000e-01 |    -1.606740e-06 |  -4.500000e-04 |   3.500000e+06 |
|   2.000000e-01 |    -2.566079e-06 |  -6.000000e-04 |   3.500000e+06 |
+----------------+------------------+----------------+----------------+


Time Step 5, time = 0.25, dt = 0.05
 0 Nonlinear |R| = [32m1.798193e+03[39m
      0 Linear |R| = [32m1.798193e+03[39m
      1 Linear |R| = [33m1.728944e+03[39m
      2 Linear |R| = [32m1.368379e+03[39m
      3 Linear |R| = [32m1.221016e+03[39m
      4 Linear |R| = [32m1.159243e+03[39m
      5 Linear |R| = [32m1.047106e+03[39m
      6 Linear |R| = [32m7.937229e+02[39m
      7 Linear |R| = [32m5.116750e+02[39m
      8 Linear |R| = [32m3.082843e+02[39m
      9 Linear |R| = [32m1.783964e+02[39m
     10 Linear |R| = [32m1.039529e+02[39m
     11 Linear |R| = [32m6.552544e+01[39m
     12 Linear |R| = [32m3.883680e+01[39m
     13 Linear |R| = [32m2.458471e+01[39m
     14 Linear |R| = [32m1.573510e+01[39m
     15 Linear |R| = [32m9.876966e+00[39m
     16 Linear |R| = [32m6.209907e+00[39m
     17 Linear |R| = [32m3.802723e+00[39m
     18 Linear |R| = [32m2.252990e+00[39m
     19 Linear |R| = [32m1.353929e+00[39m
     20 Linear |R| = [32m8.704412e-01[39m
     21 Linear |R| = [32m5.687231e-01[39m
     22 Linear |R| = [32m4.133472e-01[39m
     23 Linear |R| = [32m3.147125e-01[39m
     24 Linear |R| = [32m2.384915e-01[39m
     25 Linear |R| = [32m1.756789e-01[39m
     26 Linear |R| = [32m1.366758e-01[39m
     27 Linear |R| = [32m9.885320e-02[39m
     28 Linear |R| = [32m6.614333e-02[39m
     29 Linear |R| = [32m4.350083e-02[39m
    Linear solve did not converge due to DIVERGED_BREAKDOWN iterations 30
 1 Nonlinear |R| = [32m1.649392e+03[39m
      0 Linear |R| = [32m1.649392e+03[39m
      1 Linear |R| = [33m1.580238e+03[39m
      2 Linear |R| = [32m1.345789e+03[39m
      3 Linear |R| = [33m1.280520e+03[39m
      4 Linear |R| = [33m1.245097e+03[39m
      5 Linear |R| = [33m1.185719e+03[39m
      6 Linear |R| = [32m1.048542e+03[39m
      7 Linear |R| = [32m7.916204e+02[39m
      8 Linear |R| = [32m4.983078e+02[39m
      9 Linear |R| = [32m2.890403e+02[39m
     10 Linear |R| = [32m1.703566e+02[39m
     11 Linear |R| = [32m9.615381e+01[39m
     12 Linear |R| = [32m5.143924e+01[39m
     13 Linear |R| = [32m2.957987e+01[39m
     14 Linear |R| = [32m1.686121e+01[39m
     15 Linear |R| = [32m9.243441e+00[39m
     16 Linear |R| = [32m5.219865e+00[39m
     17 Linear |R| = [32m3.192271e+00[39m
     18 Linear |R| = [32m2.207439e+00[39m
     19 Linear |R| = [32m1.676585e+00[39m
     20 Linear |R| = [32m1.352582e+00[39m
     21 Linear |R| = [32m1.081891e+00[39m
     22 Linear |R| = [32m8.143927e-01[39m
     23 Linear |R| = [32m5.478822e-01[39m
     24 Linear |R| = [32m3.205893e-01[39m
     25 Linear |R| = [32m1.759952e-01[39m
     26 Linear |R| = [32m1.036459e-01[39m
     27 Linear |R| = [32m6.332716e-02[39m
     28 Linear |R| = [32m3.985368e-02[39m
     29 Linear |R| = [32m2.492359e-02[39m
     30 Linear |R| = [32m1.557424e-02[39m
 2 Nonlinear |R| = [33m1.632476e+03[39m
      0 Linear |R| = [32m1.632476e+03[39m
      1 Linear |R| = [33m1.561462e+03[39m
      2 Linear |R| = [32m1.341306e+03[39m
      3 Linear |R| = [33m1.275207e+03[39m
      4 Linear |R| = [33m1.235186e+03[39m
      5 Linear |R| = [33m1.180667e+03[39m
      6 Linear |R| = [32m1.049306e+03[39m
      7 Linear |R| = [32m7.917609e+02[39m
      8 Linear |R| = [32m5.003724e+02[39m
      9 Linear |R| = [32m2.936169e+02[39m
     10 Linear |R| = [32m1.725146e+02[39m
     11 Linear |R| = [32m9.627786e+01[39m
     12 Linear |R| = [32m5.404053e+01[39m
     13 Linear |R| = [32m3.257657e+01[39m
     14 Linear |R| = [32m1.855384e+01[39m
     15 Linear |R| = [32m9.837891e+00[39m
     16 Linear |R| = [32m5.777673e+00[39m
     17 Linear |R| = [32m3.565632e+00[39m
     18 Linear |R| = [32m2.414837e+00[39m
     19 Linear |R| = [32m1.812391e+00[39m
     20 Linear |R| = [32m1.467848e+00[39m
     21 Linear |R| = [32m1.174568e+00[39m
     22 Linear |R| = [32m9.045328e-01[39m
     23 Linear |R| = [32m6.088915e-01[39m
     24 Linear |R| = [32m3.679758e-01[39m
     25 Linear |R| = [32m2.045121e-01[39m
     26 Linear |R| = [32m1.121536e-01[39m
     27 Linear |R| = [32m6.297252e-02[39m
     28 Linear |R| = [32m3.729775e-02[39m
     29 Linear |R| = [32m2.440432e-02[39m
     30 Linear |R| = [31m1.747449e-01[39m
     31 Linear |R| = [32m6.248574e-02[39m
     32 Linear |R| = [32m4.390272e-02[39m
     33 Linear |R| = [32m2.991371e-02[39m
     34 Linear |R| = [32m1.692609e-02[39m
     35 Linear |R| = [32m1.353725e-02[39m
 3 Nonlinear |R| = [33m1.615579e+03[39m
      0 Linear |R| = [32m1.615579e+03[39m
      1 Linear |R| = [33m1.542289e+03[39m
      2 Linear |R| = [32m1.339743e+03[39m
      3 Linear |R| = [32m1.259605e+03[39m
      4 Linear |R| = [33m1.216401e+03[39m
      5 Linear |R| = [33m1.172000e+03[39m
      6 Linear |R| = [32m1.044713e+03[39m
      7 Linear |R| = [32m7.799282e+02[39m
      8 Linear |R| = [32m4.865076e+02[39m
      9 Linear |R| = [32m2.833029e+02[39m
     10 Linear |R| = [32m1.621682e+02[39m
     11 Linear |R| = [32m9.381897e+01[39m
     12 Linear |R| = [32m5.743986e+01[39m
     13 Linear |R| = [32m3.479363e+01[39m
     14 Linear |R| = [32m1.910984e+01[39m
     15 Linear |R| = [32m1.039994e+01[39m
     16 Linear |R| = [32m6.442524e+00[39m
     17 Linear |R| = [32m3.826237e+00[39m
     18 Linear |R| = [32m2.491889e+00[39m
     19 Linear |R| = [32m1.842967e+00[39m
     20 Linear |R| = [32m1.474432e+00[39m
     21 Linear |R| = [32m1.198415e+00[39m
     22 Linear |R| = [32m9.534852e-01[39m
     23 Linear |R| = [32m6.424156e-01[39m
     24 Linear |R| = [32m3.842203e-01[39m
     25 Linear |R| = [32m2.193489e-01[39m
     26 Linear |R| = [32m1.215769e-01[39m
     27 Linear |R| = [32m6.670984e-02[39m
     28 Linear |R| = [32m3.786043e-02[39m
     29 Linear |R| = [32m2.454690e-02[39m
     30 Linear |R| = [31m3.579559e-01[39m
     31 Linear |R| = [32m1.124242e-01[39m
     32 Linear |R| = [32m7.946074e-02[39m
     33 Linear |R| = [32m5.138814e-02[39m
     34 Linear |R| = [32m2.773260e-02[39m
     35 Linear |R| = [32m2.286083e-02[39m
     36 Linear |R| = [32m2.166465e-02[39m
     37 Linear |R| = [32m2.052200e-02[39m
     38 Linear |R| = [33m1.954785e-02[39m
     39 Linear |R| = [33m1.881939e-02[39m
     40 Linear |R| = [32m1.726503e-02[39m
     41 Linear |R| = [32m1.488400e-02[39m
 4 Nonlinear |R| = [33m1.575898e+03[39m
      0 Linear |R| = [32m1.575898e+03[39m
      1 Linear |R| = [32m1.329914e+03[39m
      2 Linear |R| = [32m1.117661e+03[39m
      3 Linear |R| = [32m9.532619e+02[39m
      4 Linear |R| = [32m8.541873e+02[39m
      5 Linear |R| = [32m7.441189e+02[39m
      6 Linear |R| = [32m5.179666e+02[39m
      7 Linear |R| = [32m2.971487e+02[39m
      8 Linear |R| = [32m1.436311e+02[39m
      9 Linear |R| = [32m7.823928e+01[39m
     10 Linear |R| = [32m4.514412e+01[39m
     11 Linear |R| = [32m2.656107e+01[39m
     12 Linear |R| = [32m1.603143e+01[39m
     13 Linear |R| = [32m9.774155e+00[39m
     14 Linear |R| = [32m5.646811e+00[39m
     15 Linear |R| = [32m3.181911e+00[39m
     16 Linear |R| = [32m1.914346e+00[39m
     17 Linear |R| = [32m1.189578e+00[39m
     18 Linear |R| = [32m7.110439e-01[39m
     19 Linear |R| = [32m4.807219e-01[39m
     20 Linear |R| = [32m3.626983e-01[39m
     21 Linear |R| = [32m2.776337e-01[39m
     22 Linear |R| = [32m2.111335e-01[39m
     23 Linear |R| = [32m1.540448e-01[39m
     24 Linear |R| = [32m9.877893e-02[39m
     25 Linear |R| = [32m5.782860e-02[39m
     26 Linear |R| = [32m3.072448e-02[39m
     27 Linear |R| = [32m1.662576e-02[39m
     28 Linear |R| = [32m8.558400e-03[39m
 5 Nonlinear |R| = [32m1.095652e+03[39m
      0 Linear |R| = [32m1.095652e+03[39m
      1 Linear |R| = [32m3.137811e+02[39m
      2 Linear |R| = [32m1.510222e+02[39m
      3 Linear |R| = [32m9.880378e+01[39m
      4 Linear |R| = [32m6.019784e+01[39m
      5 Linear |R| = [32m3.847663e+01[39m
      6 Linear |R| = [32m2.233268e+01[39m
      7 Linear |R| = [32m1.326892e+01[39m
      8 Linear |R| = [32m7.833931e+00[39m
      9 Linear |R| = [32m4.839399e+00[39m
     10 Linear |R| = [32m3.011273e+00[39m
     11 Linear |R| = [32m1.807440e+00[39m
     12 Linear |R| = [32m9.806105e-01[39m
     13 Linear |R| = [32m5.383574e-01[39m
     14 Linear |R| = [32m3.148625e-01[39m
     15 Linear |R| = [32m1.722963e-01[39m
     16 Linear |R| = [32m9.407847e-02[39m
     17 Linear |R| = [32m5.382690e-02[39m
     18 Linear |R| = [32m3.079024e-02[39m
     19 Linear |R| = [32m1.646107e-02[39m
     20 Linear |R| = [32m8.852416e-03[39m
 6 Nonlinear |R| = [32m5.394238e+01[39m
      0 Linear |R| = [32m5.394238e+01[39m
      1 Linear |R| = [32m1.518314e+01[39m
      2 Linear |R| = [32m6.283740e+00[39m
      3 Linear |R| = [32m3.305597e+00[39m
      4 Linear |R| = [32m1.879659e+00[39m
      5 Linear |R| = [32m1.089436e+00[39m
      6 Linear |R| = [32m6.368828e-01[39m
      7 Linear |R| = [32m3.457619e-01[39m
      8 Linear |R| = [32m1.867379e-01[39m
      9 Linear |R| = [32m1.025268e-01[39m
     10 Linear |R| = [32m5.364347e-02[39m
     11 Linear |R| = [32m3.011880e-02[39m
     12 Linear |R| = [32m1.830703e-02[39m
     13 Linear |R| = [32m1.070298e-02[39m
     14 Linear |R| = [32m6.079575e-03[39m
     15 Linear |R| = [32m3.698615e-03[39m
     16 Linear |R| = [32m2.146873e-03[39m
     17 Linear |R| = [32m1.225674e-03[39m
     18 Linear |R| = [32m7.229408e-04[39m
     19 Linear |R| = [32m4.345911e-04[39m
 7 Nonlinear |R| = [32m2.167921e+00[39m
      0 Linear |R| = [32m2.167921e+00[39m
      1 Linear |R| = [32m6.620910e-01[39m
      2 Linear |R| = [32m3.384853e-01[39m
      3 Linear |R| = [32m1.926647e-01[39m
      4 Linear |R| = [32m1.187106e-01[39m
      5 Linear |R| = [32m7.187628e-02[39m
      6 Linear |R| = [32m4.175578e-02[39m
      7 Linear |R| = [32m2.261895e-02[39m
      8 Linear |R| = [32m1.311124e-02[39m
      9 Linear |R| = [32m7.968072e-03[39m
     10 Linear |R| = [32m4.776936e-03[39m
     11 Linear |R| = [32m2.873599e-03[39m
     12 Linear |R| = [32m1.605222e-03[39m
     13 Linear |R| = [32m9.197850e-04[39m
     14 Linear |R| = [32m5.228865e-04[39m
     15 Linear |R| = [32m2.956104e-04[39m
     16 Linear |R| = [32m1.636528e-04[39m
     17 Linear |R| = [32m9.749001e-05[39m
     18 Linear |R| = [32m5.824098e-05[39m
     19 Linear |R| = [32m3.374145e-05[39m
     20 Linear |R| = [32m1.918449e-05[39m
 8 Nonlinear |R| = [32m5.564189e-04[39m
  Finished Solving                                                                       [[33m 18.77 s[39m] [[33m  221 MB[39m]
[32m Solve Converged![39m

Outlier Variable Residual Norms:
  disp_z: [33m4.760823e-04[39m

Postprocessor Values:
+----------------+------------------+----------------+----------------+
| time           | reaction_force_z | top_disp_z     | vonmises_max   |
+----------------+------------------+----------------+----------------+
|   0.000000e+00 |     0.000000e+00 |   0.000000e+00 |   0.000000e+00 |
|   5.000000e-02 |     8.358701e-06 |  -1.500000e-04 |   1.647977e+06 |
|   1.000000e-01 |    -2.954241e-06 |  -3.000000e-04 |   3.230259e+06 |
|   1.500000e-01 |    -1.606740e-06 |  -4.500000e-04 |   3.500000e+06 |
|   2.000000e-01 |    -2.566079e-06 |  -6.000000e-04 |   3.500000e+06 |
|   2.500000e-01 |     4.969035e-05 |  -7.500000e-04 |   3.500000e+06 |
+----------------+------------------+----------------+----------------+


Time Step 6, time = 0.3, dt = 0.05
 0 Nonlinear |R| = [32m1.693981e+03[39m
      0 Linear |R| = [32m1.693981e+03[39m
      1 Linear |R| = [33m1.618190e+03[39m
      2 Linear |R| = [32m1.273127e+03[39m
      3 Linear |R| = [32m1.135407e+03[39m
      4 Linear |R| = [32m1.078427e+03[39m
      5 Linear |R| = [32m9.845564e+02[39m
      6 Linear |R| = [32m7.663618e+02[39m
      7 Linear |R| = [32m5.101373e+02[39m
      8 Linear |R| = [32m3.142248e+02[39m
      9 Linear |R| = [32m1.855732e+02[39m
     10 Linear |R| = [32m1.092136e+02[39m
     11 Linear |R| = [32m6.862805e+01[39m
     12 Linear |R| = [32m4.052879e+01[39m
     13 Linear |R| = [32m2.548390e+01[39m
     14 Linear |R| = [32m1.645182e+01[39m
     15 Linear |R| = [32m1.039640e+01[39m
     16 Linear |R| = [32m6.524305e+00[39m
     17 Linear |R| = [32m4.018679e+00[39m
     18 Linear |R| = [32m2.353985e+00[39m
     19 Linear |R| = [32m1.426183e+00[39m
     20 Linear |R| = [32m9.208001e-01[39m
     21 Linear |R| = [32m5.968655e-01[39m
     22 Linear |R| = [32m4.339447e-01[39m
     23 Linear |R| = [32m3.280263e-01[39m
     24 Linear |R| = [32m2.488735e-01[39m
     25 Linear |R| = [32m1.850350e-01[39m
     26 Linear |R| = [32m1.414111e-01[39m
     27 Linear |R| = [32m1.049416e-01[39m
     28 Linear |R| = [32m7.025703e-02[39m
     29 Linear |R| = [32m4.597772e-02[39m
    Linear solve did not converge due to DIVERGED_BREAKDOWN iterations 30
 1 Nonlinear |R| = [32m1.559640e+03[39m
      0 Linear |R| = [32m1.559640e+03[39m
      1 Linear |R| = [33m1.491137e+03[39m
      2 Linear |R| = [32m1.282864e+03[39m
      3 Linear |R| = [33m1.229785e+03[39m
      4 Linear |R| = [33m1.204366e+03[39m
      5 Linear |R| = [33m1.172671e+03[39m
      6 Linear |R| = [33m1.121969e+03[39m
      7 Linear |R| = [32m1.026622e+03[39m
      8 Linear |R| = [32m8.562911e+02[39m
      9 Linear |R| = [32m6.434353e+02[39m
     10 Linear |R| = [32m4.601742e+02[39m
     11 Linear |R| = [32m3.072478e+02[39m
     12 Linear |R| = [32m1.940323e+02[39m
     13 Linear |R| = [32m1.232257e+02[39m
     14 Linear |R| = [32m7.281564e+01[39m
     15 Linear |R| = [32m4.033906e+01[39m
     16 Linear |R| = [32m2.390546e+01[39m
     17 Linear |R| = [32m1.446664e+01[39m
     18 Linear |R| = [32m8.912417e+00[39m
     19 Linear |R| = [32m5.181114e+00[39m
     20 Linear |R| = [32m3.331936e+00[39m
     21 Linear |R| = [32m2.372500e+00[39m
     22 Linear |R| = [32m1.903732e+00[39m
     23 Linear |R| = [32m1.557700e+00[39m
     24 Linear |R| = [32m1.235618e+00[39m
     25 Linear |R| = [32m9.142405e-01[39m
     26 Linear |R| = [32m6.076904e-01[39m
     27 Linear |R| = [32m3.658397e-01[39m
     28 Linear |R| = [32m1.941501e-01[39m
     29 Linear |R| = [32m1.053589e-01[39m
     30 Linear |R| = [31m3.105123e-01[39m
     31 Linear |R| = [32m1.227757e-01[39m
     32 Linear |R| = [32m6.499083e-02[39m
     33 Linear |R| = [32m4.283202e-02[39m
     34 Linear |R| = [32m2.881894e-02[39m
     35 Linear |R| = [32m1.984590e-02[39m
     36 Linear |R| = [32m1.574371e-02[39m
     37 Linear |R| = [32m1.410958e-02[39m
 2 Nonlinear |R| = [33m1.543366e+03[39m
      0 Linear |R| = [32m1.543366e+03[39m
      1 Linear |R| = [33m1.470835e+03[39m
      2 Linear |R| = [32m1.281423e+03[39m
      3 Linear |R| = [33m1.221715e+03[39m
      4 Linear |R| = [33m1.190155e+03[39m
      5 Linear |R| = [33m1.166611e+03[39m
      6 Linear |R| = [33m1.133591e+03[39m
      7 Linear |R| = [32m1.066387e+03[39m
      8 Linear |R| = [32m9.398937e+02[39m
      9 Linear |R| = [32m7.866819e+02[39m
     10 Linear |R| = [32m6.279282e+02[39m
     11 Linear |R| = [32m4.696613e+02[39m
     12 Linear |R| = [32m3.305422e+02[39m
     13 Linear |R| = [32m2.119308e+02[39m
     14 Linear |R| = [32m1.255332e+02[39m
     15 Linear |R| = [32m7.706533e+01[39m
     16 Linear |R| = [32m5.220764e+01[39m
     17 Linear |R| = [32m3.292568e+01[39m
     18 Linear |R| = [32m2.102434e+01[39m
     19 Linear |R| = [32m1.269644e+01[39m
     20 Linear |R| = [32m7.320140e+00[39m
     21 Linear |R| = [32m4.227978e+00[39m
     22 Linear |R| = [32m2.812637e+00[39m
     23 Linear |R| = [32m2.001341e+00[39m
     24 Linear |R| = [32m1.602251e+00[39m
     25 Linear |R| = [32m1.338360e+00[39m
     26 Linear |R| = [32m1.084662e+00[39m
     27 Linear |R| = [32m7.923903e-01[39m
     28 Linear |R| = [32m5.150186e-01[39m
     29 Linear |R| = [32m3.127137e-01[39m
     30 Linear |R| = [31m5.817670e-01[39m
     31 Linear |R| = [32m2.314621e-01[39m
     32 Linear |R| = [32m1.630195e-01[39m
     33 Linear |R| = [32m1.136510e-01[39m
     34 Linear |R| = [32m6.599590e-02[39m
     35 Linear |R| = [32m5.114387e-02[39m
     36 Linear |R| = [32m4.796948e-02[39m
     37 Linear |R| = [32m4.498345e-02[39m
     38 Linear |R| = [32m4.222351e-02[39m
     39 Linear |R| = [33m4.071160e-02[39m
     40 Linear |R| = [33m3.871993e-02[39m
     41 Linear |R| = [32m3.672534e-02[39m
     42 Linear |R| = [33m3.561322e-02[39m
     43 Linear |R| = [33m3.504028e-02[39m
     44 Linear |R| = [33m3.414841e-02[39m
     45 Linear |R| = [32m3.236329e-02[39m
     46 Linear |R| = [32m3.048908e-02[39m
     47 Linear |R| = [32m2.651693e-02[39m
     48 Linear |R| = [32m2.069589e-02[39m
     49 Linear |R| = [32m1.466273e-02[39m
 3 Nonlinear |R| = [32m1.314119e+03[39m
      0 Linear |R| = [32m1.314119e+03[39m
      1 Linear |R| = [32m1.164433e+03[39m
      2 Linear |R| = [32m9.504612e+02[39m
      3 Linear |R| = [32m8.013773e+02[39m
      4 Linear |R| = [32m7.469070e+02[39m
      5 Linear |R| = [32m6.543816e+02[39m
      6 Linear |R| = [32m4.635625e+02[39m
      7 Linear |R| = [32m3.198443e+02[39m
      8 Linear |R| = [32m2.367449e+02[39m
      9 Linear |R| = [32m1.842627e+02[39m
     10 Linear |R| = [32m1.359989e+02[39m
     11 Linear |R| = [32m8.895140e+01[39m
     12 Linear |R| = [32m5.265192e+01[39m
     13 Linear |R| = [32m2.943900e+01[39m
     14 Linear |R| = [32m1.601026e+01[39m
     15 Linear |R| = [32m8.948753e+00[39m
     16 Linear |R| = [32m5.132585e+00[39m
     17 Linear |R| = [32m3.173711e+00[39m
     18 Linear |R| = [32m2.157433e+00[39m
     19 Linear |R| = [32m1.549225e+00[39m
     20 Linear |R| = [32m1.104644e+00[39m
     21 Linear |R| = [32m7.977108e-01[39m
     22 Linear |R| = [32m5.629172e-01[39m
     23 Linear |R| = [32m3.587181e-01[39m
     24 Linear |R| = [32m2.135377e-01[39m
     25 Linear |R| = [32m1.259812e-01[39m
     26 Linear |R| = [32m7.926433e-02[39m
     27 Linear |R| = [32m5.384375e-02[39m
     28 Linear |R| = [32m3.801986e-02[39m
     29 Linear |R| = [32m2.880271e-02[39m
     30 Linear |R| = [31m4.975135e-02[39m
     31 Linear |R| = [32m2.242258e-02[39m
     32 Linear |R| = [32m1.837347e-02[39m
     33 Linear |R| = [32m1.551656e-02[39m
     34 Linear |R| = [32m1.216799e-02[39m
 4 Nonlinear |R| = [32m1.098516e+03[39m
      0 Linear |R| = [32m1.098516e+03[39m
      1 Linear |R| = [32m7.853704e+02[39m
      2 Linear |R| = [32m6.233981e+02[39m
      3 Linear |R| = [32m4.384790e+02[39m
      4 Linear |R| = [32m3.112505e+02[39m
      5 Linear |R| = [32m1.978940e+02[39m
      6 Linear |R| = [32m1.201888e+02[39m
      7 Linear |R| = [32m8.857517e+01[39m
      8 Linear |R| = [32m7.057640e+01[39m
      9 Linear |R| = [32m5.390322e+01[39m
     10 Linear |R| = [32m3.630061e+01[39m
     11 Linear |R| = [32m2.204016e+01[39m
     12 Linear |R| = [32m1.286397e+01[39m
     13 Linear |R| = [32m7.397996e+00[39m
     14 Linear |R| = [32m4.369975e+00[39m
     15 Linear |R| = [32m2.602898e+00[39m
     16 Linear |R| = [32m1.718325e+00[39m
     17 Linear |R| = [32m1.225825e+00[39m
     18 Linear |R| = [32m9.145864e-01[39m
     19 Linear |R| = [32m6.907448e-01[39m
     20 Linear |R| = [32m5.027118e-01[39m
     21 Linear |R| = [32m3.446286e-01[39m
     22 Linear |R| = [32m2.264723e-01[39m
     23 Linear |R| = [32m1.387067e-01[39m
     24 Linear |R| = [32m7.944302e-02[39m
     25 Linear |R| = [32m4.478853e-02[39m
     26 Linear |R| = [32m2.646582e-02[39m
     27 Linear |R| = [32m1.593196e-02[39m
     28 Linear |R| = [32m9.282409e-03[39m
 5 Nonlinear |R| = [32m9.067638e+02[39m
      0 Linear |R| = [32m9.067638e+02[39m
      1 Linear |R| = [32m4.980475e+02[39m
      2 Linear |R| = [32m3.730337e+02[39m
      3 Linear |R| = [32m2.221628e+02[39m
      4 Linear |R| = [32m1.284036e+02[39m
      5 Linear |R| = [32m7.713880e+01[39m
      6 Linear |R| = [32m5.527807e+01[39m
      7 Linear |R| = [32m4.456535e+01[39m
      8 Linear |R| = [32m3.455981e+01[39m
      9 Linear |R| = [32m2.427291e+01[39m
     10 Linear |R| = [32m1.525709e+01[39m
     11 Linear |R| = [32m9.095523e+00[39m
     12 Linear |R| = [32m5.522804e+00[39m
     13 Linear |R| = [32m3.454917e+00[39m
     14 Linear |R| = [32m2.444717e+00[39m
     15 Linear |R| = [32m1.849542e+00[39m
     16 Linear |R| = [32m1.417625e+00[39m
     17 Linear |R| = [32m1.045579e+00[39m
     18 Linear |R| = [32m7.362067e-01[39m
     19 Linear |R| = [32m4.736581e-01[39m
     20 Linear |R| = [32m2.868975e-01[39m
     21 Linear |R| = [32m1.807842e-01[39m
     22 Linear |R| = [32m1.124714e-01[39m
     23 Linear |R| = [32m6.649026e-02[39m
     24 Linear |R| = [32m3.840927e-02[39m
     25 Linear |R| = [32m2.225173e-02[39m
     26 Linear |R| = [32m1.326353e-02[39m
     27 Linear |R| = [32m8.132849e-03[39m
 6 Nonlinear |R| = [32m7.503682e+02[39m
      0 Linear |R| = [32m7.503682e+02[39m
      1 Linear |R| = [32m2.906705e+02[39m
      2 Linear |R| = [32m1.889085e+02[39m
      3 Linear |R| = [32m1.086029e+02[39m
      4 Linear |R| = [32m7.153627e+01[39m
      5 Linear |R| = [32m5.039444e+01[39m
      6 Linear |R| = [32m3.748917e+01[39m
      7 Linear |R| = [32m2.740291e+01[39m
      8 Linear |R| = [32m1.951430e+01[39m
      9 Linear |R| = [32m1.328399e+01[39m
     10 Linear |R| = [32m8.608434e+00[39m
     11 Linear |R| = [32m5.560794e+00[39m
     12 Linear |R| = [32m3.759619e+00[39m
     13 Linear |R| = [32m2.605143e+00[39m
     14 Linear |R| = [32m1.855578e+00[39m
     15 Linear |R| = [32m1.356882e+00[39m
     16 Linear |R| = [32m9.854593e-01[39m
     17 Linear |R| = [32m6.866935e-01[39m
     18 Linear |R| = [32m4.536663e-01[39m
     19 Linear |R| = [32m2.867505e-01[39m
     20 Linear |R| = [32m1.719064e-01[39m
     21 Linear |R| = [32m1.057977e-01[39m
     22 Linear |R| = [32m6.465223e-02[39m
     23 Linear |R| = [32m3.858536e-02[39m
     24 Linear |R| = [32m2.333323e-02[39m
     25 Linear |R| = [32m1.425320e-02[39m
     26 Linear |R| = [32m8.452722e-03[39m
     27 Linear |R| = [32m5.008113e-03[39m
 7 Nonlinear |R| = [32m4.652659e+02[39m
      0 Linear |R| = [32m4.652659e+02[39m
      1 Linear |R| = [32m1.275919e+02[39m
      2 Linear |R| = [32m3.263171e+01[39m
      3 Linear |R| = [32m1.393464e+01[39m
      4 Linear |R| = [32m8.467296e+00[39m
      5 Linear |R| = [32m5.977230e+00[39m
      6 Linear |R| = [32m4.625184e+00[39m
      7 Linear |R| = [32m3.620102e+00[39m
      8 Linear |R| = [32m2.617896e+00[39m
      9 Linear |R| = [32m1.867086e+00[39m
     10 Linear |R| = [32m1.249870e+00[39m
     11 Linear |R| = [32m7.556892e-01[39m
     12 Linear |R| = [32m4.305813e-01[39m
     13 Linear |R| = [32m2.404618e-01[39m
     14 Linear |R| = [32m1.375613e-01[39m
     15 Linear |R| = [32m7.857688e-02[39m
     16 Linear |R| = [32m4.699690e-02[39m
     17 Linear |R| = [32m2.828050e-02[39m
     18 Linear |R| = [32m1.720019e-02[39m
     19 Linear |R| = [32m1.080665e-02[39m
     20 Linear |R| = [32m7.294170e-03[39m
     21 Linear |R| = [32m4.960340e-03[39m
     22 Linear |R| = [32m3.409213e-03[39m
 8 Nonlinear |R| = [32m2.257864e+00[39m
      0 Linear |R| = [32m2.257864e+00[39m
      1 Linear |R| = [32m7.319818e-01[39m
      2 Linear |R| = [32m3.439887e-01[39m
      3 Linear |R| = [32m1.922555e-01[39m
      4 Linear |R| = [32m1.185516e-01[39m
      5 Linear |R| = [32m7.411519e-02[39m
      6 Linear |R| = [32m5.083020e-02[39m
      7 Linear |R| = [32m3.512440e-02[39m
      8 Linear |R| = [32m2.469430e-02[39m
      9 Linear |R| = [32m1.746439e-02[39m
     10 Linear |R| = [32m1.271021e-02[39m
     11 Linear |R| = [32m9.268298e-03[39m
     12 Linear |R| = [32m6.609525e-03[39m
     13 Linear |R| = [32m4.480600e-03[39m
     14 Linear |R| = [32m3.111508e-03[39m
     15 Linear |R| = [32m2.219737e-03[39m
     16 Linear |R| = [32m1.538151e-03[39m
     17 Linear |R| = [32m1.061498e-03[39m
     18 Linear |R| = [32m7.166669e-04[39m
     19 Linear |R| = [32m4.603420e-04[39m
     20 Linear |R| = [32m2.981804e-04[39m
     21 Linear |R| = [32m1.898638e-04[39m
     22 Linear |R| = [32m1.182790e-04[39m
     23 Linear |R| = [32m7.010089e-05[39m
     24 Linear |R| = [32m4.123815e-05[39m
     25 Linear |R| = [32m2.409623e-05[39m
     26 Linear |R| = [32m1.403979e-05[39m
 9 Nonlinear |R| = [32m8.188720e-03[39m
      0 Linear |R| = [32m8.188720e-03[39m
      1 Linear |R| = [32m3.061529e-03[39m
      2 Linear |R| = [32m1.110189e-03[39m
      3 Linear |R| = [32m5.017871e-04[39m
      4 Linear |R| = [32m2.801615e-04[39m
      5 Linear |R| = [32m1.670112e-04[39m
      6 Linear |R| = [32m1.036973e-04[39m
      7 Linear |R| = [32m6.533425e-05[39m
      8 Linear |R| = [32m4.165167e-05[39m
      9 Linear |R| = [32m2.799119e-05[39m
     10 Linear |R| = [32m1.936957e-05[39m
     11 Linear |R| = [32m1.388896e-05[39m
     12 Linear |R| = [32m1.041057e-05[39m
     13 Linear |R| = [32m7.626742e-06[39m
     14 Linear |R| = [32m5.319072e-06[39m
     15 Linear |R| = [32m3.640327e-06[39m
     16 Linear |R| = [32m2.525770e-06[39m
     17 Linear |R| = [32m1.792693e-06[39m
     18 Linear |R| = [32m1.262722e-06[39m
     19 Linear |R| = [32m8.500816e-07[39m
     20 Linear |R| = [32m5.674120e-07[39m
     21 Linear |R| = [32m3.687673e-07[39m
     22 Linear |R| = [32m2.374845e-07[39m
     23 Linear |R| = [32m1.487506e-07[39m
     24 Linear |R| = [32m9.047884e-08[39m
     25 Linear |R| = [32m5.473170e-08[39m
10 Nonlinear |R| = [32m7.165518e-04[39m
  Finished Solving                                                                       [[33m 28.07 s[39m] [[33m  222 MB[39m]
[32m Solve Converged![39m

Postprocessor Values:
+----------------+------------------+----------------+----------------+
| time           | reaction_force_z | top_disp_z     | vonmises_max   |
+----------------+------------------+----------------+----------------+
|   0.000000e+00 |     0.000000e+00 |   0.000000e+00 |   0.000000e+00 |
|   5.000000e-02 |     8.358701e-06 |  -1.500000e-04 |   1.647977e+06 |
|   1.000000e-01 |    -2.954241e-06 |  -3.000000e-04 |   3.230259e+06 |
|   1.500000e-01 |    -1.606740e-06 |  -4.500000e-04 |   3.500000e+06 |
|   2.000000e-01 |    -2.566079e-06 |  -6.000000e-04 |   3.500000e+06 |
|   2.500000e-01 |     4.969035e-05 |  -7.500000e-04 |   3.500000e+06 |
|   3.000000e-01 |     9.995144e-07 |  -9.000000e-04 |   3.500000e+06 |
+----------------+------------------+----------------+----------------+


Time Step 7, time = 0.35, dt = 0.05
 0 Nonlinear |R| = [32m1.653689e+03[39m
      0 Linear |R| = [32m1.653689e+03[39m
      1 Linear |R| = [33m1.573746e+03[39m
      2 Linear |R| = [32m1.232823e+03[39m
      3 Linear |R| = [32m1.097449e+03[39m
      4 Linear |R| = [32m1.041125e+03[39m
      5 Linear |R| = [32m9.550830e+02[39m
      6 Linear |R| = [32m7.541708e+02[39m
      7 Linear |R| = [32m5.118261e+02[39m
      8 Linear |R| = [32m3.198127e+02[39m
      9 Linear |R| = [32m1.905778e+02[39m
     10 Linear |R| = [32m1.124655e+02[39m
     11 Linear |R| = [32m7.076076e+01[39m
     12 Linear |R| = [32m4.162231e+01[39m
     13 Linear |R| = [32m2.619808e+01[39m
     14 Linear |R| = [32m1.693457e+01[39m
     15 Linear |R| = [32m1.075151e+01[39m
     16 Linear |R| = [32m6.800780e+00[39m
     17 Linear |R| = [32m4.238227e+00[39m
     18 Linear |R| = [32m2.539865e+00[39m
     19 Linear |R| = [32m1.596175e+00[39m
     20 Linear |R| = [32m1.097309e+00[39m
     21 Linear |R| = [32m7.611276e-01[39m
     22 Linear |R| = [32m5.921455e-01[39m
     23 Linear |R| = [32m4.633257e-01[39m
     24 Linear |R| = [32m3.537963e-01[39m
     25 Linear |R| = [32m2.574801e-01[39m
     26 Linear |R| = [32m1.866822e-01[39m
     27 Linear |R| = [32m1.311754e-01[39m
     28 Linear |R| = [32m8.334144e-02[39m
     29 Linear |R| = [32m5.243632e-02[39m
    Linear solve did not converge due to DIVERGED_BREAKDOWN iterations 30
 1 Nonlinear |R| = [32m1.525783e+03[39m
      0 Linear |R| = [32m1.525783e+03[39m
      1 Linear |R| = [33m1.458653e+03[39m
      2 Linear |R| = [32m1.259936e+03[39m
      3 Linear |R| = [33m1.210590e+03[39m
      4 Linear |R| = [33m1.188773e+03[39m
      5 Linear |R| = [33m1.166138e+03[39m
      6 Linear |R| = [33m1.145278e+03[39m
      7 Linear |R| = [33m1.122636e+03[39m
      8 Linear |R| = [33m1.087708e+03[39m
      9 Linear |R| = [33m1.033374e+03[39m
     10 Linear |R| = [32m9.600454e+02[39m
     11 Linear |R| = [32m8.549555e+02[39m
     12 Linear |R| = [32m7.178938e+02[39m
     13 Linear |R| = [32m5.479534e+02[39m
     14 Linear |R| = [32m3.659956e+02[39m
     15 Linear |R| = [32m2.163779e+02[39m
     16 Linear |R| = [32m1.404866e+02[39m
     17 Linear |R| = [32m9.546167e+01[39m
     18 Linear |R| = [32m6.820689e+01[39m
     19 Linear |R| = [32m4.854632e+01[39m
     20 Linear |R| = [32m3.449352e+01[39m
     21 Linear |R| = [32m2.408706e+01[39m
     22 Linear |R| = [32m1.667090e+01[39m
     23 Linear |R| = [32m1.087590e+01[39m
     24 Linear |R| = [32m6.853455e+00[39m
     25 Linear |R| = [32m4.598365e+00[39m
     26 Linear |R| = [32m3.090883e+00[39m
     27 Linear |R| = [32m2.212113e+00[39m
     28 Linear |R| = [32m1.665986e+00[39m
     29 Linear |R| = [32m1.338844e+00[39m
     30 Linear |R| = [32m1.162320e+00[39m
     31 Linear |R| = [32m9.827768e-01[39m
     32 Linear |R| = [32m8.546943e-01[39m
     33 Linear |R| = [32m7.161344e-01[39m
     34 Linear |R| = [32m5.428913e-01[39m
     35 Linear |R| = [32m3.870718e-01[39m
     36 Linear |R| = [32m2.721557e-01[39m
     37 Linear |R| = [32m1.761964e-01[39m
     38 Linear |R| = [32m1.238544e-01[39m
     39 Linear |R| = [32m8.876483e-02[39m
     40 Linear |R| = [32m7.042706e-02[39m
     41 Linear |R| = [32m5.806455e-02[39m
     42 Linear |R| = [32m5.297115e-02[39m
     43 Linear |R| = [32m5.002125e-02[39m
     44 Linear |R| = [33m4.779943e-02[39m
     45 Linear |R| = [33m4.625997e-02[39m
     46 Linear |R| = [33m4.553146e-02[39m
     47 Linear |R| = [33m4.481498e-02[39m
     48 Linear |R| = [33m4.418754e-02[39m
     49 Linear |R| = [33m4.384701e-02[39m
     50 Linear |R| = [33m4.313386e-02[39m
     51 Linear |R| = [33m4.140783e-02[39m
     52 Linear |R| = [32m3.660463e-02[39m
     53 Linear |R| = [32m2.888540e-02[39m
     54 Linear |R| = [32m2.159278e-02[39m
     55 Linear |R| = [32m1.516524e-02[39m
 2 Nonlinear |R| = [32m1.267672e+03[39m
      0 Linear |R| = [32m1.267672e+03[39m
      1 Linear |R| = [32m1.131982e+03[39m
      2 Linear |R| = [32m9.175817e+02[39m
      3 Linear |R| = [32m7.876658e+02[39m
      4 Linear |R| = [32m7.401220e+02[39m
      5 Linear |R| = [32m6.498251e+02[39m
      6 Linear |R| = [32m4.465924e+02[39m
      7 Linear |R| = [32m2.887018e+02[39m
      8 Linear |R| = [32m2.024204e+02[39m
      9 Linear |R| = [32m1.556145e+02[39m
     10 Linear |R| = [32m1.183037e+02[39m
     11 Linear |R| = [32m8.458446e+01[39m
     12 Linear |R| = [32m5.861126e+01[39m
     13 Linear |R| = [32m4.001353e+01[39m
     14 Linear |R| = [32m2.783407e+01[39m
     15 Linear |R| = [32m1.992560e+01[39m
     16 Linear |R| = [32m1.461810e+01[39m
     17 Linear |R| = [32m1.057086e+01[39m
     18 Linear |R| = [32m7.456739e+00[39m
     19 Linear |R| = [32m4.802864e+00[39m
     20 Linear |R| = [32m3.058735e+00[39m
     21 Linear |R| = [32m1.988618e+00[39m
     22 Linear |R| = [32m1.316801e+00[39m
     23 Linear |R| = [32m9.162526e-01[39m
     24 Linear |R| = [32m6.656828e-01[39m
     25 Linear |R| = [32m4.882231e-01[39m
     26 Linear |R| = [32m3.582470e-01[39m
     27 Linear |R| = [32m2.582084e-01[39m
     28 Linear |R| = [32m1.774585e-01[39m
     29 Linear |R| = [32m1.178012e-01[39m
     30 Linear |R| = [32m8.891173e-02[39m
     31 Linear |R| = [32m6.059949e-02[39m
     32 Linear |R| = [32m4.743070e-02[39m
     33 Linear |R| = [32m3.361328e-02[39m
     34 Linear |R| = [32m2.431641e-02[39m
     35 Linear |R| = [32m1.709018e-02[39m
     36 Linear |R| = [32m1.185482e-02[39m
 3 Nonlinear |R| = [32m1.176103e+03[39m
      0 Linear |R| = [32m1.176103e+03[39m
      1 Linear |R| = [32m9.143302e+02[39m
      2 Linear |R| = [32m7.417743e+02[39m
      3 Linear |R| = [32m5.803099e+02[39m
      4 Linear |R| = [32m4.676492e+02[39m
      5 Linear |R| = [32m3.484698e+02[39m
      6 Linear |R| = [32m2.027609e+02[39m
      7 Linear |R| = [32m1.254146e+02[39m
      8 Linear |R| = [32m9.344054e+01[39m
      9 Linear |R| = [32m7.363056e+01[39m
     10 Linear |R| = [32m5.542469e+01[39m
     11 Linear |R| = [32m3.772757e+01[39m
     12 Linear |R| = [32m2.568406e+01[39m
     13 Linear |R| = [32m1.793990e+01[39m
     14 Linear |R| = [32m1.323156e+01[39m
     15 Linear |R| = [32m9.653712e+00[39m
     16 Linear |R| = [32m7.273197e+00[39m
     17 Linear |R| = [32m5.218576e+00[39m
     18 Linear |R| = [32m3.602956e+00[39m
     19 Linear |R| = [32m2.333394e+00[39m
     20 Linear |R| = [32m1.473239e+00[39m
     21 Linear |R| = [32m9.837693e-01[39m
     22 Linear |R| = [32m6.682292e-01[39m
     23 Linear |R| = [32m4.593049e-01[39m
     24 Linear |R| = [32m3.300378e-01[39m
     25 Linear |R| = [32m2.435241e-01[39m
     26 Linear |R| = [32m1.782379e-01[39m
     27 Linear |R| = [32m1.264428e-01[39m
     28 Linear |R| = [32m8.723983e-02[39m
     29 Linear |R| = [32m5.842608e-02[39m
     30 Linear |R| = [32m4.104280e-02[39m
     31 Linear |R| = [32m2.979335e-02[39m
     32 Linear |R| = [32m2.365250e-02[39m
     33 Linear |R| = [32m1.713770e-02[39m
     34 Linear |R| = [32m1.186984e-02[39m
     35 Linear |R| = [32m7.992219e-03[39m
 4 Nonlinear |R| = [32m9.087604e+02[39m
      0 Linear |R| = [32m9.087604e+02[39m
      1 Linear |R| = [32m4.681566e+02[39m
      2 Linear |R| = [32m3.376244e+02[39m
      3 Linear |R| = [32m2.162110e+02[39m
      4 Linear |R| = [32m1.293149e+02[39m
      5 Linear |R| = [32m8.226500e+01[39m
      6 Linear |R| = [32m6.029629e+01[39m
      7 Linear |R| = [32m4.869767e+01[39m
      8 Linear |R| = [32m3.871313e+01[39m
      9 Linear |R| = [32m2.884625e+01[39m
     10 Linear |R| = [32m2.015442e+01[39m
     11 Linear |R| = [32m1.386898e+01[39m
     12 Linear |R| = [32m1.019988e+01[39m
     13 Linear |R| = [32m7.553766e+00[39m
     14 Linear |R| = [32m5.655147e+00[39m
     15 Linear |R| = [32m4.057038e+00[39m
     16 Linear |R| = [32m2.807506e+00[39m
     17 Linear |R| = [32m1.817506e+00[39m
     18 Linear |R| = [32m1.203976e+00[39m
     19 Linear |R| = [32m8.212892e-01[39m
     20 Linear |R| = [32m5.526071e-01[39m
     21 Linear |R| = [32m4.015488e-01[39m
     22 Linear |R| = [32m2.974522e-01[39m
     23 Linear |R| = [32m2.144662e-01[39m
     24 Linear |R| = [32m1.506256e-01[39m
     25 Linear |R| = [32m1.067158e-01[39m
     26 Linear |R| = [32m7.217073e-02[39m
     27 Linear |R| = [32m4.915963e-02[39m
     28 Linear |R| = [32m3.297260e-02[39m
     29 Linear |R| = [32m2.290834e-02[39m
     30 Linear |R| = [32m1.625339e-02[39m
     31 Linear |R| = [32m1.288840e-02[39m
     32 Linear |R| = [32m9.895368e-03[39m
     33 Linear |R| = [32m6.834310e-03[39m
 5 Nonlinear |R| = [32m7.141867e+02[39m
      0 Linear |R| = [32m7.141867e+02[39m
      1 Linear |R| = [32m2.706352e+02[39m
      2 Linear |R| = [32m1.589307e+02[39m
      3 Linear |R| = [32m1.020138e+02[39m
      4 Linear |R| = [32m7.199589e+01[39m
      5 Linear |R| = [32m5.455393e+01[39m
      6 Linear |R| = [32m4.326121e+01[39m
      7 Linear |R| = [32m3.408726e+01[39m
      8 Linear |R| = [32m2.573782e+01[39m
      9 Linear |R| = [32m1.847479e+01[39m
     10 Linear |R| = [32m1.281201e+01[39m
     11 Linear |R| = [32m8.570433e+00[39m
     12 Linear |R| = [32m6.008042e+00[39m
     13 Linear |R| = [32m4.156215e+00[39m
     14 Linear |R| = [32m2.917654e+00[39m
     15 Linear |R| = [32m2.064557e+00[39m
     16 Linear |R| = [32m1.463961e+00[39m
     17 Linear |R| = [32m9.766437e-01[39m
     18 Linear |R| = [32m6.623836e-01[39m
     19 Linear |R| = [32m4.770717e-01[39m
     20 Linear |R| = [32m3.474831e-01[39m
     21 Linear |R| = [32m2.575049e-01[39m
     22 Linear |R| = [32m1.913469e-01[39m
     23 Linear |R| = [32m1.359012e-01[39m
     24 Linear |R| = [32m9.026252e-02[39m
     25 Linear |R| = [32m5.956332e-02[39m
     26 Linear |R| = [32m3.812750e-02[39m
     27 Linear |R| = [32m2.621354e-02[39m
     28 Linear |R| = [32m1.821578e-02[39m
     29 Linear |R| = [32m1.283527e-02[39m
     30 Linear |R| = [32m9.066619e-03[39m
     31 Linear |R| = [32m7.223444e-03[39m
     32 Linear |R| = [32m5.398014e-03[39m
 6 Nonlinear |R| = [32m3.168324e+02[39m
      0 Linear |R| = [32m3.168324e+02[39m
      1 Linear |R| = [32m9.361398e+01[39m
      2 Linear |R| = [32m2.935058e+01[39m
      3 Linear |R| = [32m1.492261e+01[39m
      4 Linear |R| = [32m8.871206e+00[39m
      5 Linear |R| = [32m5.893947e+00[39m
      6 Linear |R| = [32m4.448272e+00[39m
      7 Linear |R| = [32m3.477237e+00[39m
      8 Linear |R| = [32m2.533488e+00[39m
      9 Linear |R| = [32m1.797218e+00[39m
     10 Linear |R| = [32m1.276863e+00[39m
     11 Linear |R| = [32m8.433430e-01[39m
     12 Linear |R| = [32m5.458260e-01[39m
     13 Linear |R| = [32m3.692899e-01[39m
     14 Linear |R| = [32m2.645578e-01[39m
     15 Linear |R| = [32m1.925669e-01[39m
     16 Linear |R| = [32m1.408036e-01[39m
     17 Linear |R| = [32m1.022512e-01[39m
     18 Linear |R| = [32m7.555225e-02[39m
     19 Linear |R| = [32m5.382584e-02[39m
     20 Linear |R| = [32m3.493324e-02[39m
     21 Linear |R| = [32m2.293814e-02[39m
     22 Linear |R| = [32m1.601444e-02[39m
     23 Linear |R| = [32m1.133548e-02[39m
     24 Linear |R| = [32m8.069080e-03[39m
     25 Linear |R| = [32m5.706406e-03[39m
     26 Linear |R| = [32m3.806158e-03[39m
     27 Linear |R| = [32m2.609017e-03[39m
 7 Nonlinear |R| = [32m1.012553e+01[39m
      0 Linear |R| = [32m1.012553e+01[39m
      1 Linear |R| = [32m4.315964e+00[39m
      2 Linear |R| = [32m2.058893e+00[39m
      3 Linear |R| = [32m1.236455e+00[39m
      4 Linear |R| = [32m8.006906e-01[39m
      5 Linear |R| = [32m5.288943e-01[39m
      6 Linear |R| = [32m3.615688e-01[39m
      7 Linear |R| = [32m2.510235e-01[39m
      8 Linear |R| = [32m1.739114e-01[39m
      9 Linear |R| = [32m1.173425e-01[39m
     10 Linear |R| = [32m8.036233e-02[39m
     11 Linear |R| = [32m5.700375e-02[39m
     12 Linear |R| = [32m4.303647e-02[39m
     13 Linear |R| = [32m3.080669e-02[39m
     14 Linear |R| = [32m2.130443e-02[39m
     15 Linear |R| = [32m1.550458e-02[39m
     16 Linear |R| = [32m1.166413e-02[39m
     17 Linear |R| = [32m8.799004e-03[39m
     18 Linear |R| = [32m6.335785e-03[39m
     19 Linear |R| = [32m4.131374e-03[39m
     20 Linear |R| = [32m2.620590e-03[39m
     21 Linear |R| = [32m1.657284e-03[39m
     22 Linear |R| = [32m1.117130e-03[39m
     23 Linear |R| = [32m7.950401e-04[39m
     24 Linear |R| = [32m5.513971e-04[39m
     25 Linear |R| = [32m3.805595e-04[39m
     26 Linear |R| = [32m2.623758e-04[39m
     27 Linear |R| = [32m1.853350e-04[39m
     28 Linear |R| = [32m1.240077e-04[39m
     29 Linear |R| = [32m7.856773e-05[39m
 8 Nonlinear |R| = [32m9.347921e-01[39m
      0 Linear |R| = [32m9.347921e-01[39m
      1 Linear |R| = [32m3.828338e-01[39m
      2 Linear |R| = [32m1.687171e-01[39m
      3 Linear |R| = [32m8.995816e-02[39m
      4 Linear |R| = [32m5.456656e-02[39m
      5 Linear |R| = [32m3.540900e-02[39m
      6 Linear |R| = [32m2.352748e-02[39m
      7 Linear |R| = [32m1.555015e-02[39m
      8 Linear |R| = [32m1.049402e-02[39m
      9 Linear |R| = [32m7.053245e-03[39m
     10 Linear |R| = [32m4.915724e-03[39m
     11 Linear |R| = [32m3.537412e-03[39m
     12 Linear |R| = [32m2.653800e-03[39m
     13 Linear |R| = [32m1.978034e-03[39m
     14 Linear |R| = [32m1.416837e-03[39m
     15 Linear |R| = [32m9.997734e-04[39m
     16 Linear |R| = [32m7.312121e-04[39m
     17 Linear |R| = [32m5.442148e-04[39m
     18 Linear |R| = [32m4.007060e-04[39m
     19 Linear |R| = [32m2.779797e-04[39m
     20 Linear |R| = [32m1.881748e-04[39m
     21 Linear |R| = [32m1.180973e-04[39m
     22 Linear |R| = [32m7.680648e-05[39m
     23 Linear |R| = [32m5.144961e-05[39m
     24 Linear |R| = [32m3.463282e-05[39m
     25 Linear |R| = [32m2.366192e-05[39m
     26 Linear |R| = [32m1.608774e-05[39m
     27 Linear |R| = [32m1.129681e-05[39m
     28 Linear |R| = [32m7.878354e-06[39m
 9 Nonlinear |R| = [32m1.746275e-04[39m
[32m Solve Converged![39m
  Finished Solving                                                                       [[33m 26.94 s[39m] [[33m  222 MB[39m]

Postprocessor Values:
+----------------+------------------+----------------+----------------+
| time           | reaction_force_z | top_disp_z     | vonmises_max   |
+----------------+------------------+----------------+----------------+
|   0.000000e+00 |     0.000000e+00 |   0.000000e+00 |   0.000000e+00 |
|   5.000000e-02 |     8.358701e-06 |  -1.500000e-04 |   1.647977e+06 |
|   1.000000e-01 |    -2.954241e-06 |  -3.000000e-04 |   3.230259e+06 |
|   1.500000e-01 |    -1.606740e-06 |  -4.500000e-04 |   3.500000e+06 |
|   2.000000e-01 |    -2.566079e-06 |  -6.000000e-04 |   3.500000e+06 |
|   2.500000e-01 |     4.969035e-05 |  -7.500000e-04 |   3.500000e+06 |
|   3.000000e-01 |     9.995144e-07 |  -9.000000e-04 |   3.500000e+06 |
|   3.500000e-01 |    -1.527458e-05 |  -1.050000e-03 |   3.500000e+06 |
+----------------+------------------+----------------+----------------+


Time Step 8, time = 0.4, dt = 0.05
 0 Nonlinear |R| = [32m1.637258e+03[39m
      0 Linear |R| = [32m1.637258e+03[39m
      1 Linear |R| = [32m1.554889e+03[39m
      2 Linear |R| = [32m1.215117e+03[39m
      3 Linear |R| = [32m1.080210e+03[39m
      4 Linear |R| = [32m1.023473e+03[39m
      5 Linear |R| = [32m9.405897e+02[39m
      6 Linear |R| = [32m7.478500e+02[39m
      7 Linear |R| = [32m5.123301e+02[39m
      8 Linear |R| = [32m3.218345e+02[39m
      9 Linear |R| = [32m1.926284e+02[39m
     10 Linear |R| = [32m1.137404e+02[39m
     11 Linear |R| = [32m7.170691e+01[39m
     12 Linear |R| = [32m4.207331e+01[39m
     13 Linear |R| = [32m2.645164e+01[39m
     14 Linear |R| = [32m1.707286e+01[39m
     15 Linear |R| = [32m1.086430e+01[39m
     16 Linear |R| = [32m6.890450e+00[39m
     17 Linear |R| = [32m4.280868e+00[39m
     18 Linear |R| = [32m2.600900e+00[39m
     19 Linear |R| = [32m1.649791e+00[39m
     20 Linear |R| = [32m1.145475e+00[39m
     21 Linear |R| = [32m8.103672e-01[39m
     22 Linear |R| = [32m6.343973e-01[39m
     23 Linear |R| = [32m4.995634e-01[39m
     24 Linear |R| = [32m3.809876e-01[39m
     25 Linear |R| = [32m2.758301e-01[39m
     26 Linear |R| = [32m1.976034e-01[39m
     27 Linear |R| = [32m1.374211e-01[39m
     28 Linear |R| = [32m8.770407e-02[39m
     29 Linear |R| = [32m5.429189e-02[39m
    Linear solve did not converge due to DIVERGED_BREAKDOWN iterations 30
 1 Nonlinear |R| = [32m1.512596e+03[39m
      0 Linear |R| = [32m1.512596e+03[39m
      1 Linear |R| = [33m1.443869e+03[39m
      2 Linear |R| = [32m1.245974e+03[39m
      3 Linear |R| = [33m1.196666e+03[39m
      4 Linear |R| = [33m1.175309e+03[39m
      5 Linear |R| = [33m1.154017e+03[39m
      6 Linear |R| = [33m1.136824e+03[39m
      7 Linear |R| = [33m1.121958e+03[39m
      8 Linear |R| = [33m1.104762e+03[39m
      9 Linear |R| = [33m1.080123e+03[39m
     10 Linear |R| = [33m1.039424e+03[39m
     11 Linear |R| = [32m9.727962e+02[39m
     12 Linear |R| = [32m8.874375e+02[39m
     13 Linear |R| = [32m7.733164e+02[39m
     14 Linear |R| = [32m6.148532e+02[39m
     15 Linear |R| = [32m4.545337e+02[39m
     16 Linear |R| = [32m3.527513e+02[39m
     17 Linear |R| = [32m2.701435e+02[39m
     18 Linear |R| = [32m2.001077e+02[39m
     19 Linear |R| = [32m1.377905e+02[39m
     20 Linear |R| = [32m9.094166e+01[39m
     21 Linear |R| = [32m5.760956e+01[39m
     22 Linear |R| = [32m3.738520e+01[39m
     23 Linear |R| = [32m2.492195e+01[39m
     24 Linear |R| = [32m1.716581e+01[39m
     25 Linear |R| = [32m1.236014e+01[39m
     26 Linear |R| = [32m8.698896e+00[39m
     27 Linear |R| = [32m6.189925e+00[39m
     28 Linear |R| = [32m4.476028e+00[39m
     29 Linear |R| = [32m3.295721e+00[39m
     30 Linear |R| = [32m2.458900e+00[39m
     31 Linear |R| = [32m2.001049e+00[39m
     32 Linear |R| = [32m1.643605e+00[39m
     33 Linear |R| = [32m1.332087e+00[39m
     34 Linear |R| = [32m1.028968e+00[39m
     35 Linear |R| = [32m7.946860e-01[39m
     36 Linear |R| = [32m6.252856e-01[39m
     37 Linear |R| = [32m4.857438e-01[39m
     38 Linear |R| = [32m3.826334e-01[39m
     39 Linear |R| = [32m2.847175e-01[39m
     40 Linear |R| = [32m2.163682e-01[39m
     41 Linear |R| = [32m1.655459e-01[39m
     42 Linear |R| = [32m1.377958e-01[39m
     43 Linear |R| = [32m1.163087e-01[39m
     44 Linear |R| = [32m9.850523e-02[39m
     45 Linear |R| = [32m9.029150e-02[39m
     46 Linear |R| = [33m8.703644e-02[39m
     47 Linear |R| = [33m8.511493e-02[39m
     48 Linear |R| = [33m8.434316e-02[39m
     49 Linear |R| = [33m8.411270e-02[39m
     50 Linear |R| = [33m8.371001e-02[39m
     51 Linear |R| = [33m8.293524e-02[39m
     52 Linear |R| = [33m8.135393e-02[39m
     53 Linear |R| = [33m7.834524e-02[39m
     54 Linear |R| = [32m7.398611e-02[39m
     55 Linear |R| = [32m6.608448e-02[39m
     56 Linear |R| = [32m5.635378e-02[39m
     57 Linear |R| = [32m4.632826e-02[39m
     58 Linear |R| = [32m3.570322e-02[39m
     59 Linear |R| = [32m2.644142e-02[39m
     60 Linear |R| = [32m1.917368e-02[39m
     61 Linear |R| = [32m1.610743e-02[39m
     62 Linear |R| = [32m1.337329e-02[39m
 2 Nonlinear |R| = [32m9.579930e+02[39m
      0 Linear |R| = [32m9.579930e+02[39m
      1 Linear |R| = [32m3.280986e+02[39m
      2 Linear |R| = [32m1.742530e+02[39m
      3 Linear |R| = [32m1.147949e+02[39m
      4 Linear |R| = [32m8.423903e+01[39m
      5 Linear |R| = [32m6.165813e+01[39m
      6 Linear |R| = [32m4.520739e+01[39m
      7 Linear |R| = [32m3.454454e+01[39m
      8 Linear |R| = [32m2.664370e+01[39m
      9 Linear |R| = [32m1.967436e+01[39m
     10 Linear |R| = [32m1.392902e+01[39m
     11 Linear |R| = [32m9.911553e+00[39m
     12 Linear |R| = [32m7.210128e+00[39m
     13 Linear |R| = [32m5.411726e+00[39m
     14 Linear |R| = [32m4.037606e+00[39m
     15 Linear |R| = [32m2.923687e+00[39m
     16 Linear |R| = [32m2.127392e+00[39m
     17 Linear |R| = [32m1.388709e+00[39m
     18 Linear |R| = [32m9.127894e-01[39m
     19 Linear |R| = [32m6.395011e-01[39m
     20 Linear |R| = [32m4.519098e-01[39m
     21 Linear |R| = [32m3.307759e-01[39m
     22 Linear |R| = [32m2.448885e-01[39m
     23 Linear |R| = [32m1.775238e-01[39m
     24 Linear |R| = [32m1.276888e-01[39m
     25 Linear |R| = [32m9.067314e-02[39m
     26 Linear |R| = [32m6.433684e-02[39m
     27 Linear |R| = [32m4.590751e-02[39m
     28 Linear |R| = [32m3.256779e-02[39m
     29 Linear |R| = [32m2.262435e-02[39m
     30 Linear |R| = [32m1.578704e-02[39m
     31 Linear |R| = [32m1.259444e-02[39m
     32 Linear |R| = [32m9.330086e-03[39m
 3 Nonlinear |R| = [32m2.957446e+02[39m
      0 Linear |R| = [32m2.957446e+02[39m
      1 Linear |R| = [32m8.481251e+01[39m
      2 Linear |R| = [32m2.736490e+01[39m
      3 Linear |R| = [32m1.523802e+01[39m
      4 Linear |R| = [32m1.025157e+01[39m
      5 Linear |R| = [32m7.273210e+00[39m
      6 Linear |R| = [32m5.304993e+00[39m
      7 Linear |R| = [32m3.842701e+00[39m
      8 Linear |R| = [32m2.745225e+00[39m
      9 Linear |R| = [32m1.930478e+00[39m
     10 Linear |R| = [32m1.316264e+00[39m
     11 Linear |R| = [32m8.573634e-01[39m
     12 Linear |R| = [32m5.714706e-01[39m
     13 Linear |R| = [32m4.197575e-01[39m
     14 Linear |R| = [32m3.179093e-01[39m
     15 Linear |R| = [32m2.410791e-01[39m
     16 Linear |R| = [32m1.817631e-01[39m
     17 Linear |R| = [32m1.332739e-01[39m
     18 Linear |R| = [32m9.256203e-02[39m
     19 Linear |R| = [32m6.059055e-02[39m
     20 Linear |R| = [32m4.039880e-02[39m
     21 Linear |R| = [32m2.859982e-02[39m
     22 Linear |R| = [32m2.057711e-02[39m
     23 Linear |R| = [32m1.504752e-02[39m
     24 Linear |R| = [32m1.137255e-02[39m
     25 Linear |R| = [32m8.599851e-03[39m
     26 Linear |R| = [32m6.276234e-03[39m
     27 Linear |R| = [32m4.500349e-03[39m
     28 Linear |R| = [32m3.299677e-03[39m
     29 Linear |R| = [32m2.443737e-03[39m
 4 Nonlinear |R| = [32m6.996471e+00[39m
      0 Linear |R| = [32m6.996471e+00[39m
      1 Linear |R| = [32m2.821054e+00[39m
      2 Linear |R| = [32m1.308633e+00[39m
      3 Linear |R| = [32m7.604130e-01[39m
      4 Linear |R| = [32m4.867598e-01[39m
      5 Linear |R| = [32m3.184905e-01[39m
      6 Linear |R| = [32m2.113340e-01[39m
      7 Linear |R| = [32m1.418490e-01[39m
      8 Linear |R| = [32m9.990305e-02[39m
      9 Linear |R| = [32m7.164827e-02[39m
     10 Linear |R| = [32m5.183159e-02[39m
     11 Linear |R| = [32m3.698882e-02[39m
     12 Linear |R| = [32m2.672423e-02[39m
     13 Linear |R| = [32m2.013191e-02[39m
     14 Linear |R| = [32m1.560269e-02[39m
     15 Linear |R| = [32m1.201349e-02[39m
     16 Linear |R| = [32m9.025397e-03[39m
     17 Linear |R| = [32m6.515200e-03[39m
     18 Linear |R| = [32m4.467965e-03[39m
     19 Linear |R| = [32m3.032785e-03[39m
     20 Linear |R| = [32m2.078350e-03[39m
     21 Linear |R| = [32m1.464285e-03[39m
     22 Linear |R| = [32m1.033522e-03[39m
     23 Linear |R| = [32m7.352065e-04[39m
     24 Linear |R| = [32m5.400023e-04[39m
     25 Linear |R| = [32m4.030067e-04[39m
     26 Linear |R| = [32m3.002273e-04[39m
     27 Linear |R| = [32m2.140532e-04[39m
     28 Linear |R| = [32m1.483254e-04[39m
     29 Linear |R| = [32m1.020819e-04[39m
     30 Linear |R| = [32m9.240706e-05[39m
     31 Linear |R| = [32m6.114954e-05[39m
 5 Nonlinear |R| = [32m2.979067e-01[39m
      0 Linear |R| = [32m2.979067e-01[39m
      1 Linear |R| = [32m1.100966e-01[39m
      2 Linear |R| = [32m4.771990e-02[39m
      3 Linear |R| = [32m2.674693e-02[39m
      4 Linear |R| = [32m1.614134e-02[39m
      5 Linear |R| = [32m1.019712e-02[39m
      6 Linear |R| = [32m6.509034e-03[39m
      7 Linear |R| = [32m4.230024e-03[39m
      8 Linear |R| = [32m2.845228e-03[39m
      9 Linear |R| = [32m1.911398e-03[39m
     10 Linear |R| = [32m1.317960e-03[39m
     11 Linear |R| = [32m9.398954e-04[39m
     12 Linear |R| = [32m6.759280e-04[39m
     13 Linear |R| = [32m4.855261e-04[39m
     14 Linear |R| = [32m3.605812e-04[39m
     15 Linear |R| = [32m2.738281e-04[39m
     16 Linear |R| = [32m2.064839e-04[39m
     17 Linear |R| = [32m1.561150e-04[39m
     18 Linear |R| = [32m1.175342e-04[39m
     19 Linear |R| = [32m8.555738e-05[39m
     20 Linear |R| = [32m6.066729e-05[39m
     21 Linear |R| = [32m4.276374e-05[39m
     22 Linear |R| = [32m2.941449e-05[39m
     23 Linear |R| = [32m1.950068e-05[39m
     24 Linear |R| = [32m1.352203e-05[39m
     25 Linear |R| = [32m9.740170e-06[39m
     26 Linear |R| = [32m7.080691e-06[39m
     27 Linear |R| = [32m5.013910e-06[39m
     28 Linear |R| = [32m3.521761e-06[39m
     29 Linear |R| = [32m2.486203e-06[39m
 6 Nonlinear |R| = [32m1.258701e-05[39m
[32m Solve Converged![39m
  Finished Solving                                                                       [[33m 17.30 s[39m] [[33m  231 MB[39m]

Postprocessor Values:
+----------------+------------------+----------------+----------------+
| time           | reaction_force_z | top_disp_z     | vonmises_max   |
+----------------+------------------+----------------+----------------+
|   0.000000e+00 |     0.000000e+00 |   0.000000e+00 |   0.000000e+00 |
|   5.000000e-02 |     8.358701e-06 |  -1.500000e-04 |   1.647977e+06 |
|   1.000000e-01 |    -2.954241e-06 |  -3.000000e-04 |   3.230259e+06 |
|   1.500000e-01 |    -1.606740e-06 |  -4.500000e-04 |   3.500000e+06 |
|   2.000000e-01 |    -2.566079e-06 |  -6.000000e-04 |   3.500000e+06 |
|   2.500000e-01 |     4.969035e-05 |  -7.500000e-04 |   3.500000e+06 |
|   3.000000e-01 |     9.995144e-07 |  -9.000000e-04 |   3.500000e+06 |
|   3.500000e-01 |    -1.527458e-05 |  -1.050000e-03 |   3.500000e+06 |
|   4.000000e-01 |    -6.849320e-07 |  -1.200000e-03 |   3.500000e+06 |
+----------------+------------------+----------------+----------------+


Time Step 9, time = 0.45, dt = 0.05
 0 Nonlinear |R| = [32m1.627630e+03[39m
      0 Linear |R| = [32m1.627630e+03[39m
      1 Linear |R| = [32m1.543369e+03[39m
      2 Linear |R| = [32m1.204100e+03[39m
      3 Linear |R| = [32m1.069311e+03[39m
      4 Linear |R| = [32m1.012103e+03[39m
      5 Linear |R| = [32m9.314968e+02[39m
      6 Linear |R| = [32m7.446154e+02[39m
      7 Linear |R| = [32m5.135958e+02[39m
      8 Linear |R| = [32m3.239143e+02[39m
      9 Linear |R| = [32m1.945263e+02[39m
     10 Linear |R| = [32m1.149324e+02[39m
     11 Linear |R| = [32m7.251288e+01[39m
     12 Linear |R| = [32m4.252395e+01[39m
     13 Linear |R| = [32m2.668722e+01[39m
     14 Linear |R| = [32m1.721635e+01[39m
     15 Linear |R| = [32m1.099105e+01[39m
     16 Linear |R| = [32m6.981072e+00[39m
     17 Linear |R| = [32m4.325303e+00[39m
     18 Linear |R| = [32m2.645754e+00[39m
     19 Linear |R| = [32m1.681297e+00[39m
     20 Linear |R| = [32m1.166594e+00[39m
     21 Linear |R| = [32m8.319670e-01[39m
     22 Linear |R| = [32m6.508637e-01[39m
     23 Linear |R| = [32m5.159922e-01[39m
     24 Linear |R| = [32m3.931467e-01[39m
     25 Linear |R| = [32m2.837597e-01[39m
     26 Linear |R| = [32m2.038923e-01[39m
     27 Linear |R| = [32m1.407120e-01[39m
     28 Linear |R| = [32m9.013966e-02[39m
     29 Linear |R| = [32m5.592424e-02[39m
    Linear solve did not converge due to DIVERGED_BREAKDOWN iterations 30
 1 Nonlinear |R| = [32m1.503215e+03[39m
      0 Linear |R| = [32m1.503215e+03[39m
      1 Linear |R| = [33m1.434029e+03[39m
      2 Linear |R| = [32m1.236187e+03[39m
      3 Linear |R| = [33m1.185444e+03[39m
      4 Linear |R| = [33m1.164002e+03[39m
      5 Linear |R| = [33m1.142876e+03[39m
      6 Linear |R| = [33m1.127172e+03[39m
      7 Linear |R| = [33m1.114974e+03[39m
      8 Linear |R| = [33m1.102464e+03[39m
      9 Linear |R| = [33m1.086127e+03[39m
     10 Linear |R| = [33m1.059823e+03[39m
     11 Linear |R| = [33m1.016062e+03[39m
     12 Linear |R| = [32m9.590550e+02[39m
     13 Linear |R| = [32m8.811781e+02[39m
     14 Linear |R| = [32m7.501836e+02[39m
     15 Linear |R| = [32m5.882119e+02[39m
     16 Linear |R| = [32m4.688847e+02[39m
     17 Linear |R| = [32m3.655024e+02[39m
     18 Linear |R| = [32m2.751571e+02[39m
     19 Linear |R| = [32m1.937096e+02[39m
     20 Linear |R| = [32m1.323292e+02[39m
     21 Linear |R| = [32m8.859681e+01[39m
     22 Linear |R| = [32m5.993529e+01[39m
     23 Linear |R| = [32m4.125902e+01[39m
     24 Linear |R| = [32m2.904555e+01[39m
     25 Linear |R| = [32m2.082415e+01[39m
     26 Linear |R| = [32m1.434988e+01[39m
     27 Linear |R| = [32m9.833018e+00[39m
     28 Linear |R| = [32m6.942612e+00[39m
     29 Linear |R| = [32m5.082846e+00[39m
     30 Linear |R| = [32m3.777645e+00[39m
     31 Linear |R| = [32m3.112221e+00[39m
     32 Linear |R| = [32m2.517175e+00[39m
     33 Linear |R| = [32m1.945017e+00[39m
     34 Linear |R| = [32m1.414367e+00[39m
     35 Linear |R| = [32m1.053036e+00[39m
     36 Linear |R| = [32m8.275519e-01[39m
     37 Linear |R| = [32m6.699633e-01[39m
     38 Linear |R| = [32m5.466774e-01[39m
     39 Linear |R| = [32m4.232695e-01[39m
     40 Linear |R| = [32m3.211843e-01[39m
     41 Linear |R| = [32m2.384379e-01[39m
     42 Linear |R| = [32m1.903100e-01[39m
     43 Linear |R| = [32m1.565383e-01[39m
     44 Linear |R| = [32m1.280540e-01[39m
     45 Linear |R| = [32m1.116588e-01[39m
     46 Linear |R| = [32m1.022563e-01[39m
     47 Linear |R| = [32m9.623062e-02[39m
     48 Linear |R| = [33m9.328745e-02[39m
     49 Linear |R| = [33m9.221833e-02[39m
     50 Linear |R| = [33m9.139581e-02[39m
     51 Linear |R| = [33m9.067192e-02[39m
     52 Linear |R| = [33m9.001535e-02[39m
     53 Linear |R| = [33m8.933116e-02[39m
     54 Linear |R| = [33m8.847184e-02[39m
     55 Linear |R| = [33m8.636872e-02[39m
     56 Linear |R| = [33m8.365978e-02[39m
     57 Linear |R| = [33m8.076844e-02[39m
     58 Linear |R| = [32m7.530452e-02[39m
     59 Linear |R| = [32m6.532421e-02[39m
     60 Linear |R| = [32m5.264222e-02[39m
     61 Linear |R| = [32m4.551922e-02[39m
     62 Linear |R| = [32m4.075922e-02[39m
     63 Linear |R| = [32m3.640714e-02[39m
     64 Linear |R| = [32m3.320271e-02[39m
     65 Linear |R| = [33m3.157982e-02[39m
     66 Linear |R| = [33m3.090681e-02[39m
     67 Linear |R| = [33m3.030638e-02[39m
     68 Linear |R| = [33m2.978255e-02[39m
     69 Linear |R| = [33m2.952628e-02[39m
     70 Linear |R| = [33m2.932847e-02[39m
     71 Linear |R| = [33m2.915838e-02[39m
     72 Linear |R| = [33m2.898610e-02[39m
     73 Linear |R| = [33m2.860942e-02[39m
     74 Linear |R| = [33m2.787179e-02[39m
     75 Linear |R| = [33m2.666411e-02[39m
     76 Linear |R| = [32m2.452015e-02[39m
     77 Linear |R| = [32m2.166950e-02[39m
     78 Linear |R| = [32m1.819436e-02[39m
     79 Linear |R| = [32m1.411430e-02[39m
 2 Nonlinear |R| = [33m1.501625e+03[39m
      0 Linear |R| = [32m1.501625e+03[39m
      1 Linear |R| = [33m1.430636e+03[39m
      2 Linear |R| = [32m1.235979e+03[39m
      3 Linear |R| = [33m1.184513e+03[39m
      4 Linear |R| = [33m1.160545e+03[39m
      5 Linear |R| = [33m1.139559e+03[39m
      6 Linear |R| = [33m1.124894e+03[39m
      7 Linear |R| = [33m1.112872e+03[39m
      8 Linear |R| = [33m1.099329e+03[39m
      9 Linear |R| = [33m1.081797e+03[39m
     10 Linear |R| = [33m1.054889e+03[39m
     11 Linear |R| = [33m1.011835e+03[39m
     12 Linear |R| = [32m9.573468e+02[39m
     13 Linear |R| = [32m8.806842e+02[39m
     14 Linear |R| = [32m7.478432e+02[39m
     15 Linear |R| = [32m5.866090e+02[39m
     16 Linear |R| = [32m4.689681e+02[39m
     17 Linear |R| = [32m3.675531e+02[39m
     18 Linear |R| = [32m2.782584e+02[39m
     19 Linear |R| = [32m1.974962e+02[39m
     20 Linear |R| = [32m1.337339e+02[39m
     21 Linear |R| = [32m9.045247e+01[39m
     22 Linear |R| = [32m6.168283e+01[39m
     23 Linear |R| = [32m4.311498e+01[39m
     24 Linear |R| = [32m3.054616e+01[39m
     25 Linear |R| = [32m2.198668e+01[39m
     26 Linear |R| = [32m1.523815e+01[39m
     27 Linear |R| = [32m1.054173e+01[39m
     28 Linear |R| = [32m7.383900e+00[39m
     29 Linear |R| = [32m5.312141e+00[39m
     30 Linear |R| = [31m6.130307e+00[39m
     31 Linear |R| = [32m3.418914e+00[39m
     32 Linear |R| = [32m2.886655e+00[39m
     33 Linear |R| = [32m2.315673e+00[39m
     34 Linear |R| = [32m1.700717e+00[39m
     35 Linear |R| = [32m1.234262e+00[39m
     36 Linear |R| = [32m9.268599e-01[39m
     37 Linear |R| = [32m7.389341e-01[39m
     38 Linear |R| = [32m6.015187e-01[39m
     39 Linear |R| = [32m4.849436e-01[39m
     40 Linear |R| = [32m3.796632e-01[39m
     41 Linear |R| = [32m2.831936e-01[39m
     42 Linear |R| = [32m2.172361e-01[39m
     43 Linear |R| = [32m1.741249e-01[39m
     44 Linear |R| = [32m1.440552e-01[39m
     45 Linear |R| = [32m1.207955e-01[39m
     46 Linear |R| = [32m1.066049e-01[39m
     47 Linear |R| = [32m9.835516e-02[39m
     48 Linear |R| = [33m9.419776e-02[39m
     49 Linear |R| = [33m9.194447e-02[39m
     50 Linear |R| = [33m9.042282e-02[39m
     51 Linear |R| = [33m8.939661e-02[39m
     52 Linear |R| = [33m8.867760e-02[39m
     53 Linear |R| = [33m8.800442e-02[39m
     54 Linear |R| = [33m8.737034e-02[39m
     55 Linear |R| = [33m8.611380e-02[39m
     56 Linear |R| = [33m8.430720e-02[39m
     57 Linear |R| = [33m8.204790e-02[39m
     58 Linear |R| = [33m7.850564e-02[39m
     59 Linear |R| = [32m7.275285e-02[39m
     60 Linear |R| = [31m2.920958e-01[39m
     61 Linear |R| = [32m8.470027e-02[39m
     62 Linear |R| = [32m6.154791e-02[39m
     63 Linear |R| = [32m5.619851e-02[39m
     64 Linear |R| = [32m5.287389e-02[39m
     65 Linear |R| = [33m5.045963e-02[39m
     66 Linear |R| = [33m4.877253e-02[39m
     67 Linear |R| = [33m4.779330e-02[39m
     68 Linear |R| = [33m4.728600e-02[39m
     69 Linear |R| = [33m4.682034e-02[39m
     70 Linear |R| = [33m4.646585e-02[39m
     71 Linear |R| = [33m4.608095e-02[39m
     72 Linear |R| = [33m4.567578e-02[39m
     73 Linear |R| = [33m4.506911e-02[39m
     74 Linear |R| = [33m4.406730e-02[39m
     75 Linear |R| = [33m4.223545e-02[39m
     76 Linear |R| = [32m3.900834e-02[39m
     77 Linear |R| = [32m3.447573e-02[39m
     78 Linear |R| = [32m2.926826e-02[39m
     79 Linear |R| = [32m2.389715e-02[39m
     80 Linear |R| = [32m1.884044e-02[39m
     81 Linear |R| = [32m1.429209e-02[39m
 3 Nonlinear |R| = [33m1.499996e+03[39m
      0 Linear |R| = [32m1.499996e+03[39m
      1 Linear |R| = [33m1.426817e+03[39m
      2 Linear |R| = [32m1.236814e+03[39m
      3 Linear |R| = [33m1.182433e+03[39m
      4 Linear |R| = [33m1.155284e+03[39m
      5 Linear |R| = [33m1.135476e+03[39m
      6 Linear |R| = [33m1.122511e+03[39m
      7 Linear |R| = [33m1.110621e+03[39m
      8 Linear |R| = [33m1.094846e+03[39m
      9 Linear |R| = [33m1.075083e+03[39m
     10 Linear |R| = [33m1.048159e+03[39m
     11 Linear |R| = [33m1.007196e+03[39m
     12 Linear |R| = [32m9.546121e+02[39m
     13 Linear |R| = [32m8.738871e+02[39m
     14 Linear |R| = [32m7.382934e+02[39m
     15 Linear |R| = [32m5.846422e+02[39m
     16 Linear |R| = [32m4.677265e+02[39m
     17 Linear |R| = [32m3.656540e+02[39m
     18 Linear |R| = [32m2.780347e+02[39m
     19 Linear |R| = [32m1.970323e+02[39m
     20 Linear |R| = [32m1.338204e+02[39m
     21 Linear |R| = [32m9.241673e+01[39m
     22 Linear |R| = [32m6.287200e+01[39m
     23 Linear |R| = [32m4.369863e+01[39m
     24 Linear |R| = [32m3.115641e+01[39m
     25 Linear |R| = [32m2.278357e+01[39m
     26 Linear |R| = [32m1.618555e+01[39m
     27 Linear |R| = [32m1.122755e+01[39m
     28 Linear |R| = [32m7.745708e+00[39m
     29 Linear |R| = [32m5.464075e+00[39m
     30 Linear |R| = [32m4.198271e+00[39m
     31 Linear |R| = [32m3.409839e+00[39m
     32 Linear |R| = [32m2.798849e+00[39m
     33 Linear |R| = [32m2.153299e+00[39m
     34 Linear |R| = [32m1.557760e+00[39m
     35 Linear |R| = [32m1.161609e+00[39m
     36 Linear |R| = [32m8.923564e-01[39m
     37 Linear |R| = [32m7.084847e-01[39m
     38 Linear |R| = [32m5.779316e-01[39m
     39 Linear |R| = [32m4.545637e-01[39m
     40 Linear |R| = [32m3.600935e-01[39m
     41 Linear |R| = [32m2.720599e-01[39m
     42 Linear |R| = [32m2.110623e-01[39m
     43 Linear |R| = [32m1.696051e-01[39m
     44 Linear |R| = [32m1.387108e-01[39m
     45 Linear |R| = [32m1.189493e-01[39m
     46 Linear |R| = [32m1.066379e-01[39m
     47 Linear |R| = [32m9.973969e-02[39m
     48 Linear |R| = [33m9.542971e-02[39m
     49 Linear |R| = [33m9.244498e-02[39m
     50 Linear |R| = [33m9.068964e-02[39m
     51 Linear |R| = [33m8.997606e-02[39m
     52 Linear |R| = [33m8.929552e-02[39m
     53 Linear |R| = [33m8.839510e-02[39m
     54 Linear |R| = [33m8.760620e-02[39m
     55 Linear |R| = [33m8.638374e-02[39m
     56 Linear |R| = [33m8.463560e-02[39m
     57 Linear |R| = [33m8.208481e-02[39m
     58 Linear |R| = [33m7.823282e-02[39m
     59 Linear |R| = [32m7.158607e-02[39m
     60 Linear |R| = [32m6.389920e-02[39m
     61 Linear |R| = [32m5.903168e-02[39m
     62 Linear |R| = [32m5.572272e-02[39m
     63 Linear |R| = [32m5.157371e-02[39m
     64 Linear |R| = [32m4.813771e-02[39m
     65 Linear |R| = [33m4.689166e-02[39m
     66 Linear |R| = [33m4.637637e-02[39m
     67 Linear |R| = [33m4.598808e-02[39m
     68 Linear |R| = [33m4.555677e-02[39m
     69 Linear |R| = [33m4.500984e-02[39m
     70 Linear |R| = [33m4.452959e-02[39m
     71 Linear |R| = [33m4.431782e-02[39m
     72 Linear |R| = [33m4.392186e-02[39m
     73 Linear |R| = [33m4.239389e-02[39m
     74 Linear |R| = [32m4.021566e-02[39m
     75 Linear |R| = [32m3.741445e-02[39m
     76 Linear |R| = [32m3.249988e-02[39m
     77 Linear |R| = [32m2.785144e-02[39m
     78 Linear |R| = [32m2.261398e-02[39m
     79 Linear |R| = [32m1.789716e-02[39m
     80 Linear |R| = [32m1.405272e-02[39m
 4 Nonlinear |R| = [33m1.498316e+03[39m
      0 Linear |R| = [32m1.498316e+03[39m
      1 Linear |R| = [32m1.422730e+03[39m
      2 Linear |R| = [32m1.238602e+03[39m
      3 Linear |R| = [33m1.177340e+03[39m
      4 Linear |R| = [33m1.147351e+03[39m
      5 Linear |R| = [33m1.130516e+03[39m
      6 Linear |R| = [33m1.119983e+03[39m
      7 Linear |R| = [33m1.107481e+03[39m
      8 Linear |R| = [33m1.086375e+03[39m
      9 Linear |R| = [33m1.063048e+03[39m
     10 Linear |R| = [33m1.037396e+03[39m
     11 Linear |R| = [33m9.990739e+02[39m
     12 Linear |R| = [32m9.424928e+02[39m
     13 Linear |R| = [32m8.495706e+02[39m
     14 Linear |R| = [32m7.143022e+02[39m
     15 Linear |R| = [32m5.719715e+02[39m
     16 Linear |R| = [32m4.532436e+02[39m
     17 Linear |R| = [32m3.530556e+02[39m
     18 Linear |R| = [32m2.690884e+02[39m
     19 Linear |R| = [32m1.888088e+02[39m
     20 Linear |R| = [32m1.297240e+02[39m
     21 Linear |R| = [32m9.090983e+01[39m
     22 Linear |R| = [32m6.132456e+01[39m
     23 Linear |R| = [32m4.299014e+01[39m
     24 Linear |R| = [32m3.106013e+01[39m
     25 Linear |R| = [32m2.284724e+01[39m
     26 Linear |R| = [32m1.617122e+01[39m
     27 Linear |R| = [32m1.119368e+01[39m
     28 Linear |R| = [32m7.739993e+00[39m
     29 Linear |R| = [32m5.449604e+00[39m
     30 Linear |R| = [32m4.354418e+00[39m
     31 Linear |R| = [32m3.405353e+00[39m
     32 Linear |R| = [32m2.838266e+00[39m
     33 Linear |R| = [32m2.172323e+00[39m
     34 Linear |R| = [32m1.584639e+00[39m
     35 Linear |R| = [32m1.184055e+00[39m
     36 Linear |R| = [32m8.796762e-01[39m
     37 Linear |R| = [32m6.861132e-01[39m
     38 Linear |R| = [32m5.549725e-01[39m
     39 Linear |R| = [32m4.445575e-01[39m
     40 Linear |R| = [32m3.593584e-01[39m
     41 Linear |R| = [32m2.842335e-01[39m
     42 Linear |R| = [32m2.229976e-01[39m
     43 Linear |R| = [32m1.818271e-01[39m
     44 Linear |R| = [32m1.538735e-01[39m
     45 Linear |R| = [32m1.357244e-01[39m
     46 Linear |R| = [32m1.256659e-01[39m
     47 Linear |R| = [33m1.197406e-01[39m
     48 Linear |R| = [33m1.149602e-01[39m
     49 Linear |R| = [33m1.110387e-01[39m
     50 Linear |R| = [33m1.092205e-01[39m
     51 Linear |R| = [33m1.085852e-01[39m
     52 Linear |R| = [33m1.078702e-01[39m
     53 Linear |R| = [33m1.066658e-01[39m
     54 Linear |R| = [33m1.054999e-01[39m
     55 Linear |R| = [33m1.038908e-01[39m
     56 Linear |R| = [33m1.013065e-01[39m
     57 Linear |R| = [33m9.712197e-02[39m
     58 Linear |R| = [32m9.039939e-02[39m
     59 Linear |R| = [32m8.159865e-02[39m
     60 Linear |R| = [32m7.231840e-02[39m
     61 Linear |R| = [32m6.674182e-02[39m
     62 Linear |R| = [32m6.296678e-02[39m
     63 Linear |R| = [32m5.692686e-02[39m
     64 Linear |R| = [32m5.206954e-02[39m
     65 Linear |R| = [33m5.029372e-02[39m
     66 Linear |R| = [33m4.964496e-02[39m
     67 Linear |R| = [33m4.924709e-02[39m
     68 Linear |R| = [33m4.875487e-02[39m
     69 Linear |R| = [33m4.807774e-02[39m
     70 Linear |R| = [33m4.750488e-02[39m
     71 Linear |R| = [33m4.730139e-02[39m
     72 Linear |R| = [33m4.689629e-02[39m
     73 Linear |R| = [33m4.529971e-02[39m
     74 Linear |R| = [33m4.306359e-02[39m
     75 Linear |R| = [33m4.120834e-02[39m
     76 Linear |R| = [32m3.673803e-02[39m
     77 Linear |R| = [32m3.165839e-02[39m
     78 Linear |R| = [32m2.633189e-02[39m
     79 Linear |R| = [32m2.153470e-02[39m
     80 Linear |R| = [32m1.763711e-02[39m
     81 Linear |R| = [32m1.414795e-02[39m
 5 Nonlinear |R| = [33m1.496567e+03[39m
      0 Linear |R| = [32m1.496567e+03[39m
      1 Linear |R| = [32m1.418914e+03[39m
      2 Linear |R| = [32m1.240094e+03[39m
      3 Linear |R| = [32m1.166443e+03[39m
      4 Linear |R| = [33m1.136622e+03[39m
      5 Linear |R| = [33m1.124818e+03[39m
      6 Linear |R| = [33m1.117200e+03[39m
      7 Linear |R| = [33m1.101238e+03[39m
      8 Linear |R| = [33m1.068941e+03[39m
      9 Linear |R| = [33m1.043810e+03[39m
     10 Linear |R| = [33m1.022951e+03[39m
     11 Linear |R| = [33m9.842094e+02[39m
     12 Linear |R| = [32m9.105846e+02[39m
     13 Linear |R| = [32m8.061836e+02[39m
     14 Linear |R| = [32m6.801083e+02[39m
     15 Linear |R| = [32m5.468797e+02[39m
     16 Linear |R| = [32m4.220475e+02[39m
     17 Linear |R| = [32m3.293587e+02[39m
     18 Linear |R| = [32m2.504964e+02[39m
     19 Linear |R| = [32m1.757575e+02[39m
     20 Linear |R| = [32m1.217398e+02[39m
     21 Linear |R| = [32m8.530019e+01[39m
     22 Linear |R| = [32m5.741501e+01[39m
     23 Linear |R| = [32m4.086715e+01[39m
     24 Linear |R| = [32m2.977165e+01[39m
     25 Linear |R| = [32m2.172157e+01[39m
     26 Linear |R| = [32m1.532442e+01[39m
     27 Linear |R| = [32m1.076776e+01[39m
     28 Linear |R| = [32m7.445916e+00[39m
     29 Linear |R| = [32m5.284327e+00[39m
     30 Linear |R| = [32m4.538036e+00[39m
     31 Linear |R| = [32m3.287302e+00[39m
     32 Linear |R| = [32m2.811928e+00[39m
     33 Linear |R| = [32m2.142009e+00[39m
     34 Linear |R| = [32m1.575050e+00[39m
     35 Linear |R| = [32m1.189940e+00[39m
     36 Linear |R| = [32m8.618066e-01[39m
     37 Linear |R| = [32m6.603156e-01[39m
     38 Linear |R| = [32m5.292290e-01[39m
     39 Linear |R| = [32m4.312849e-01[39m
     40 Linear |R| = [32m3.530855e-01[39m
     41 Linear |R| = [32m2.827689e-01[39m
     42 Linear |R| = [32m2.249144e-01[39m
     43 Linear |R| = [32m1.885839e-01[39m
     44 Linear |R| = [32m1.647846e-01[39m
     45 Linear |R| = [32m1.484229e-01[39m
     46 Linear |R| = [32m1.392828e-01[39m
     47 Linear |R| = [33m1.341517e-01[39m
     48 Linear |R| = [33m1.294826e-01[39m
     49 Linear |R| = [33m1.256674e-01[39m
     50 Linear |R| = [33m1.238054e-01[39m
     51 Linear |R| = [33m1.230705e-01[39m
     52 Linear |R| = [33m1.222481e-01[39m
     53 Linear |R| = [33m1.207396e-01[39m
     54 Linear |R| = [33m1.190228e-01[39m
     55 Linear |R| = [33m1.167532e-01[39m
     56 Linear |R| = [33m1.130025e-01[39m
     57 Linear |R| = [32m1.070831e-01[39m
     58 Linear |R| = [32m9.779425e-02[39m
     59 Linear |R| = [32m8.661004e-02[39m
     60 Linear |R| = [32m7.413665e-02[39m
     61 Linear |R| = [32m6.805343e-02[39m
     62 Linear |R| = [32m6.370178e-02[39m
     63 Linear |R| = [32m5.538970e-02[39m
     64 Linear |R| = [32m4.976010e-02[39m
     65 Linear |R| = [33m4.747097e-02[39m
     66 Linear |R| = [33m4.651423e-02[39m
     67 Linear |R| = [33m4.608233e-02[39m
     68 Linear |R| = [33m4.557197e-02[39m
     69 Linear |R| = [33m4.481168e-02[39m
     70 Linear |R| = [33m4.431117e-02[39m
     71 Linear |R| = [33m4.410299e-02[39m
     72 Linear |R| = [33m4.354948e-02[39m
     73 Linear |R| = [33m4.223537e-02[39m
     74 Linear |R| = [33m4.079871e-02[39m
     75 Linear |R| = [33m3.947864e-02[39m
     76 Linear |R| = [32m3.583860e-02[39m
     77 Linear |R| = [32m3.128570e-02[39m
     78 Linear |R| = [32m2.690351e-02[39m
     79 Linear |R| = [32m2.303677e-02[39m
     80 Linear |R| = [32m1.913438e-02[39m
     81 Linear |R| = [32m1.558782e-02[39m
     82 Linear |R| = [32m1.239575e-02[39m
 6 Nonlinear |R| = [33m1.494736e+03[39m
      0 Linear |R| = [32m1.494736e+03[39m
      1 Linear |R| = [32m1.416994e+03[39m
      2 Linear |R| = [32m1.237166e+03[39m
      3 Linear |R| = [32m1.148930e+03[39m
      4 Linear |R| = [33m1.124125e+03[39m
      5 Linear |R| = [33m1.118100e+03[39m
      6 Linear |R| = [33m1.112029e+03[39m
      7 Linear |R| = [33m1.084809e+03[39m
      8 Linear |R| = [33m1.039344e+03[39m
      9 Linear |R| = [33m1.019769e+03[39m
     10 Linear |R| = [33m1.002887e+03[39m
     11 Linear |R| = [32m9.488564e+02[39m
     12 Linear |R| = [32m8.558894e+02[39m
     13 Linear |R| = [32m7.568271e+02[39m
     14 Linear |R| = [32m6.397008e+02[39m
     15 Linear |R| = [32m5.026686e+02[39m
     16 Linear |R| = [32m3.786993e+02[39m
     17 Linear |R| = [32m2.968719e+02[39m
     18 Linear |R| = [32m2.264555e+02[39m
     19 Linear |R| = [32m1.595793e+02[39m
     20 Linear |R| = [32m1.110703e+02[39m
     21 Linear |R| = [32m7.757000e+01[39m
     22 Linear |R| = [32m5.293071e+01[39m
     23 Linear |R| = [32m3.808074e+01[39m
     24 Linear |R| = [32m2.742749e+01[39m
     25 Linear |R| = [32m1.976873e+01[39m
     26 Linear |R| = [32m1.413640e+01[39m
     27 Linear |R| = [32m1.011304e+01[39m
     28 Linear |R| = [32m7.111771e+00[39m
     29 Linear |R| = [32m5.070201e+00[39m
     30 Linear |R| = [33m4.998490e+00[39m
     31 Linear |R| = [32m3.064941e+00[39m
     32 Linear |R| = [32m2.646121e+00[39m
     33 Linear |R| = [32m2.027494e+00[39m
     34 Linear |R| = [32m1.501063e+00[39m
     35 Linear |R| = [32m1.154691e+00[39m
     36 Linear |R| = [32m8.265202e-01[39m
     37 Linear |R| = [32m6.126154e-01[39m
     38 Linear |R| = [32m4.808936e-01[39m
     39 Linear |R| = [32m3.843658e-01[39m
     40 Linear |R| = [32m3.065190e-01[39m
     41 Linear |R| = [32m2.364277e-01[39m
     42 Linear |R| = [32m1.827989e-01[39m
     43 Linear |R| = [32m1.453231e-01[39m
     44 Linear |R| = [32m1.155958e-01[39m
     45 Linear |R| = [32m9.199206e-02[39m
     46 Linear |R| = [32m7.623339e-02[39m
     47 Linear |R| = [32m6.766818e-02[39m
     48 Linear |R| = [32m6.013875e-02[39m
     49 Linear |R| = [32m5.493360e-02[39m
     50 Linear |R| = [33m5.229326e-02[39m
     51 Linear |R| = [33m5.074449e-02[39m
     52 Linear |R| = [33m4.943154e-02[39m
     53 Linear |R| = [33m4.862463e-02[39m
     54 Linear |R| = [33m4.817916e-02[39m
     55 Linear |R| = [33m4.759267e-02[39m
     56 Linear |R| = [33m4.696867e-02[39m
     57 Linear |R| = [33m4.626749e-02[39m
     58 Linear |R| = [33m4.509106e-02[39m
     59 Linear |R| = [33m4.310293e-02[39m
     60 Linear |R| = [32m4.050270e-02[39m
     61 Linear |R| = [33m3.979301e-02[39m
     62 Linear |R| = [33m3.937716e-02[39m
     63 Linear |R| = [32m3.674710e-02[39m
     64 Linear |R| = [33m3.527176e-02[39m
     65 Linear |R| = [33m3.469706e-02[39m
     66 Linear |R| = [33m3.440653e-02[39m
     67 Linear |R| = [33m3.424684e-02[39m
     68 Linear |R| = [33m3.392755e-02[39m
     69 Linear |R| = [33m3.333477e-02[39m
     70 Linear |R| = [33m3.267299e-02[39m
     71 Linear |R| = [33m3.193518e-02[39m
     72 Linear |R| = [33m3.051114e-02[39m
     73 Linear |R| = [32m2.866577e-02[39m
     74 Linear |R| = [32m2.647636e-02[39m
     75 Linear |R| = [32m2.314456e-02[39m
     76 Linear |R| = [32m1.775019e-02[39m
     77 Linear |R| = [32m1.359417e-02[39m
 7 Nonlinear |R| = [32m1.361350e+03[39m
      0 Linear |R| = [32m1.361350e+03[39m
      1 Linear |R| = [32m1.127419e+03[39m
      2 Linear |R| = [32m9.286592e+02[39m
      3 Linear |R| = [32m7.856235e+02[39m
      4 Linear |R| = [32m7.341544e+02[39m
      5 Linear |R| = [32m6.617795e+02[39m
      6 Linear |R| = [32m4.743695e+02[39m
      7 Linear |R| = [32m3.097792e+02[39m
      8 Linear |R| = [32m2.203187e+02[39m
      9 Linear |R| = [32m1.747167e+02[39m
     10 Linear |R| = [32m1.405367e+02[39m
     11 Linear |R| = [32m1.079136e+02[39m
     12 Linear |R| = [32m7.973618e+01[39m
     13 Linear |R| = [32m5.678229e+01[39m
     14 Linear |R| = [32m4.112268e+01[39m
     15 Linear |R| = [32m3.036891e+01[39m
     16 Linear |R| = [32m2.230357e+01[39m
     17 Linear |R| = [32m1.664279e+01[39m
     18 Linear |R| = [32m1.249468e+01[39m
     19 Linear |R| = [32m8.814970e+00[39m
     20 Linear |R| = [32m6.067707e+00[39m
     21 Linear |R| = [32m4.233720e+00[39m
     22 Linear |R| = [32m2.965530e+00[39m
     23 Linear |R| = [32m2.152970e+00[39m
     24 Linear |R| = [32m1.552645e+00[39m
     25 Linear |R| = [32m1.114550e+00[39m
     26 Linear |R| = [32m7.811037e-01[39m
     27 Linear |R| = [32m5.483107e-01[39m
     28 Linear |R| = [32m3.869017e-01[39m
     29 Linear |R| = [32m2.714430e-01[39m
     30 Linear |R| = [31m4.783862e-01[39m
     31 Linear |R| = [32m2.048306e-01[39m
     32 Linear |R| = [32m1.453706e-01[39m
     33 Linear |R| = [32m1.204508e-01[39m
     34 Linear |R| = [32m9.345937e-02[39m
     35 Linear |R| = [32m6.525202e-02[39m
     36 Linear |R| = [32m4.482224e-02[39m
     37 Linear |R| = [32m3.024075e-02[39m
     38 Linear |R| = [32m2.126001e-02[39m
     39 Linear |R| = [32m1.542123e-02[39m
     40 Linear |R| = [32m1.158485e-02[39m
 8 Nonlinear |R| = [33m1.308678e+03[39m
      0 Linear |R| = [32m1.308678e+03[39m
      1 Linear |R| = [32m3.452565e+02[39m
      2 Linear |R| = [32m1.477781e+02[39m
      3 Linear |R| = [32m9.583969e+01[39m
      4 Linear |R| = [32m6.738783e+01[39m
      5 Linear |R| = [32m5.055149e+01[39m
      6 Linear |R| = [32m3.621317e+01[39m
      7 Linear |R| = [32m2.689014e+01[39m
      8 Linear |R| = [32m2.076729e+01[39m
      9 Linear |R| = [32m1.546627e+01[39m
     10 Linear |R| = [32m1.110983e+01[39m
     11 Linear |R| = [32m8.037429e+00[39m
     12 Linear |R| = [32m5.809354e+00[39m
     13 Linear |R| = [32m4.258818e+00[39m
     14 Linear |R| = [32m3.079626e+00[39m
     15 Linear |R| = [32m2.220647e+00[39m
     16 Linear |R| = [32m1.696158e+00[39m
     17 Linear |R| = [32m1.275019e+00[39m
     18 Linear |R| = [32m8.809934e-01[39m
     19 Linear |R| = [32m6.050240e-01[39m
     20 Linear |R| = [32m4.360106e-01[39m
     21 Linear |R| = [32m3.155128e-01[39m
     22 Linear |R| = [32m2.319389e-01[39m
     23 Linear |R| = [32m1.718760e-01[39m
     24 Linear |R| = [32m1.252224e-01[39m
     25 Linear |R| = [32m9.124661e-02[39m
     26 Linear |R| = [32m6.390578e-02[39m
     27 Linear |R| = [32m4.691903e-02[39m
     28 Linear |R| = [32m3.437460e-02[39m
     29 Linear |R| = [32m2.463627e-02[39m
     30 Linear |R| = [32m1.786456e-02[39m
     31 Linear |R| = [32m1.471396e-02[39m
     32 Linear |R| = [32m1.113037e-02[39m
 9 Nonlinear |R| = [32m1.408871e+02[39m
      0 Linear |R| = [32m1.408871e+02[39m
      1 Linear |R| = [32m3.738512e+01[39m
      2 Linear |R| = [32m1.766682e+01[39m
      3 Linear |R| = [32m1.101769e+01[39m
      4 Linear |R| = [32m7.218771e+00[39m
      5 Linear |R| = [32m4.942847e+00[39m
      6 Linear |R| = [32m3.458336e+00[39m
      7 Linear |R| = [32m2.499658e+00[39m
      8 Linear |R| = [32m1.852021e+00[39m
      9 Linear |R| = [32m1.305983e+00[39m
     10 Linear |R| = [32m9.056833e-01[39m
     11 Linear |R| = [32m6.394686e-01[39m
     12 Linear |R| = [32m4.714413e-01[39m
     13 Linear |R| = [32m3.609256e-01[39m
     14 Linear |R| = [32m2.832101e-01[39m
     15 Linear |R| = [32m2.203867e-01[39m
     16 Linear |R| = [32m1.706351e-01[39m
     17 Linear |R| = [32m1.241844e-01[39m
     18 Linear |R| = [32m8.174110e-02[39m
     19 Linear |R| = [32m5.306622e-02[39m
     20 Linear |R| = [32m3.662821e-02[39m
     21 Linear |R| = [32m2.662483e-02[39m
     22 Linear |R| = [32m2.029805e-02[39m
     23 Linear |R| = [32m1.527685e-02[39m
     24 Linear |R| = [32m1.138617e-02[39m
     25 Linear |R| = [32m8.504296e-03[39m
     26 Linear |R| = [32m6.024397e-03[39m
     27 Linear |R| = [32m4.234442e-03[39m
     28 Linear |R| = [32m3.032688e-03[39m
     29 Linear |R| = [32m2.176668e-03[39m
     30 Linear |R| = [32m1.602372e-03[39m
     31 Linear |R| = [32m1.311195e-03[39m
10 Nonlinear |R| = [32m1.349083e+01[39m
      0 Linear |R| = [32m1.349083e+01[39m
      1 Linear |R| = [32m4.942329e+00[39m
      2 Linear |R| = [32m2.381062e+00[39m
      3 Linear |R| = [32m1.369784e+00[39m
      4 Linear |R| = [32m8.789772e-01[39m
      5 Linear |R| = [32m5.877191e-01[39m
      6 Linear |R| = [32m4.141215e-01[39m
      7 Linear |R| = [32m2.952912e-01[39m
      8 Linear |R| = [32m2.146288e-01[39m
      9 Linear |R| = [32m1.505492e-01[39m
     10 Linear |R| = [32m1.063189e-01[39m
     11 Linear |R| = [32m7.699294e-02[39m
     12 Linear |R| = [32m5.744218e-02[39m
     13 Linear |R| = [32m4.395643e-02[39m
     14 Linear |R| = [32m3.459387e-02[39m
     15 Linear |R| = [32m2.673074e-02[39m
     16 Linear |R| = [32m2.039457e-02[39m
     17 Linear |R| = [32m1.495183e-02[39m
     18 Linear |R| = [32m1.037035e-02[39m
     19 Linear |R| = [32m6.913773e-03[39m
     20 Linear |R| = [32m4.729988e-03[39m
     21 Linear |R| = [32m3.415003e-03[39m
     22 Linear |R| = [32m2.514183e-03[39m
     23 Linear |R| = [32m1.807712e-03[39m
     24 Linear |R| = [32m1.313030e-03[39m
     25 Linear |R| = [32m9.587431e-04[39m
     26 Linear |R| = [32m6.941268e-04[39m
     27 Linear |R| = [32m4.941659e-04[39m
     28 Linear |R| = [32m3.569295e-04[39m
     29 Linear |R| = [32m2.523956e-04[39m
     30 Linear |R| = [32m1.952832e-04[39m
     31 Linear |R| = [32m1.446705e-04[39m
     32 Linear |R| = [32m1.169388e-04[39m
11 Nonlinear |R| = [32m1.144656e+00[39m
      0 Linear |R| = [32m1.144656e+00[39m
      1 Linear |R| = [32m4.917456e-01[39m
      2 Linear |R| = [32m2.405362e-01[39m
      3 Linear |R| = [32m1.463611e-01[39m
      4 Linear |R| = [32m9.507163e-02[39m
      5 Linear |R| = [32m6.395013e-02[39m
      6 Linear |R| = [32m4.382729e-02[39m
      7 Linear |R| = [32m2.909719e-02[39m
      8 Linear |R| = [32m1.812326e-02[39m
      9 Linear |R| = [32m1.091943e-02[39m
     10 Linear |R| = [32m6.932244e-03[39m
     11 Linear |R| = [32m4.558825e-03[39m
     12 Linear |R| = [32m3.118932e-03[39m
     13 Linear |R| = [32m2.325110e-03[39m
     14 Linear |R| = [32m1.881491e-03[39m
     15 Linear |R| = [32m1.478925e-03[39m
     16 Linear |R| = [32m1.145361e-03[39m
     17 Linear |R| = [32m8.387820e-04[39m
     18 Linear |R| = [32m5.786303e-04[39m
     19 Linear |R| = [32m3.870870e-04[39m
     20 Linear |R| = [32m2.732767e-04[39m
     21 Linear |R| = [32m2.069100e-04[39m
     22 Linear |R| = [32m1.592040e-04[39m
     23 Linear |R| = [32m1.186586e-04[39m
     24 Linear |R| = [32m8.557137e-05[39m
     25 Linear |R| = [32m5.786084e-05[39m
     26 Linear |R| = [32m3.732053e-05[39m
     27 Linear |R| = [32m2.464438e-05[39m
     28 Linear |R| = [32m1.669403e-05[39m
     29 Linear |R| = [32m1.204754e-05[39m
     30 Linear |R| = [32m9.381633e-06[39m
12 Nonlinear |R| = [32m3.086451e-04[39m
[32m Solve Converged![39m
  Finished Solving                                                                       [[33m 52.95 s[39m] [[33m  227 MB[39m]

Postprocessor Values:
+----------------+------------------+----------------+----------------+
| time           | reaction_force_z | top_disp_z     | vonmises_max   |
+----------------+------------------+----------------+----------------+
|   0.000000e+00 |     0.000000e+00 |   0.000000e+00 |   0.000000e+00 |
|   5.000000e-02 |     8.358701e-06 |  -1.500000e-04 |   1.647977e+06 |
|   1.000000e-01 |    -2.954241e-06 |  -3.000000e-04 |   3.230259e+06 |
|   1.500000e-01 |    -1.606740e-06 |  -4.500000e-04 |   3.500000e+06 |
|   2.000000e-01 |    -2.566079e-06 |  -6.000000e-04 |   3.500000e+06 |
|   2.500000e-01 |     4.969035e-05 |  -7.500000e-04 |   3.500000e+06 |
|   3.000000e-01 |     9.995144e-07 |  -9.000000e-04 |   3.500000e+06 |
|   3.500000e-01 |    -1.527458e-05 |  -1.050000e-03 |   3.500000e+06 |
|   4.000000e-01 |    -6.849320e-07 |  -1.200000e-03 |   3.500000e+06 |
|   4.500000e-01 |     7.913526e-05 |  -1.350000e-03 |   3.500000e+06 |
+----------------+------------------+----------------+----------------+


Time Step 10, time = 0.5, dt = 0.05
 0 Nonlinear |R| = [32m1.620594e+03[39m
      0 Linear |R| = [32m1.620594e+03[39m
      1 Linear |R| = [32m1.534612e+03[39m
      2 Linear |R| = [32m1.195659e+03[39m
      3 Linear |R| = [32m1.060839e+03[39m
      4 Linear |R| = [32m1.003207e+03[39m
      5 Linear |R| = [32m9.244887e+02[39m
      6 Linear |R| = [32m7.425371e+02[39m
      7 Linear |R| = [32m5.153813e+02[39m
      8 Linear |R| = [32m3.259596e+02[39m
      9 Linear |R| = [32m1.963058e+02[39m
     10 Linear |R| = [32m1.160639e+02[39m
     11 Linear |R| = [32m7.323128e+01[39m
     12 Linear |R| = [32m4.295060e+01[39m
     13 Linear |R| = [32m2.692142e+01[39m
     14 Linear |R| = [32m1.735809e+01[39m
     15 Linear |R| = [32m1.110369e+01[39m
     16 Linear |R| = [32m7.045972e+00[39m
     17 Linear |R| = [32m4.353842e+00[39m
     18 Linear |R| = [32m2.666803e+00[39m
     19 Linear |R| = [32m1.693632e+00[39m
     20 Linear |R| = [32m1.166100e+00[39m
     21 Linear |R| = [32m8.333540e-01[39m
     22 Linear |R| = [32m6.497197e-01[39m
     23 Linear |R| = [32m5.160296e-01[39m
     24 Linear |R| = [32m3.948918e-01[39m
     25 Linear |R| = [32m2.863587e-01[39m
     26 Linear |R| = [32m2.065048e-01[39m
     27 Linear |R| = [32m1.430516e-01[39m
     28 Linear |R| = [32m9.201279e-02[39m
     29 Linear |R| = [32m5.720634e-02[39m
    Linear solve did not converge due to DIVERGED_BREAKDOWN iterations 30
 1 Nonlinear |R| = [32m1.495436e+03[39m
      0 Linear |R| = [32m1.495436e+03[39m
      1 Linear |R| = [33m1.425556e+03[39m
      2 Linear |R| = [32m1.228587e+03[39m
      3 Linear |R| = [33m1.176434e+03[39m
      4 Linear |R| = [33m1.154764e+03[39m
      5 Linear |R| = [33m1.133457e+03[39m
      6 Linear |R| = [33m1.118671e+03[39m
      7 Linear |R| = [33m1.108479e+03[39m
      8 Linear |R| = [33m1.098710e+03[39m
      9 Linear |R| = [33m1.086841e+03[39m
     10 Linear |R| = [33m1.068433e+03[39m
     11 Linear |R| = [33m1.037894e+03[39m
     12 Linear |R| = [33m9.976242e+02[39m
     13 Linear |R| = [32m9.420793e+02[39m
     14 Linear |R| = [32m8.368892e+02[39m
     15 Linear |R| = [32m6.882491e+02[39m
     16 Linear |R| = [32m5.603678e+02[39m
     17 Linear |R| = [32m4.463843e+02[39m
     18 Linear |R| = [32m3.451501e+02[39m
     19 Linear |R| = [32m2.512296e+02[39m
     20 Linear |R| = [32m1.770970e+02[39m
     21 Linear |R| = [32m1.222237e+02[39m
     22 Linear |R| = [32m8.555299e+01[39m
     23 Linear |R| = [32m6.046807e+01[39m
     24 Linear |R| = [32m4.339706e+01[39m
     25 Linear |R| = [32m3.125455e+01[39m
     26 Linear |R| = [32m2.205465e+01[39m
     27 Linear |R| = [32m1.562179e+01[39m
     28 Linear |R| = [32m1.096010e+01[39m
     29 Linear |R| = [32m7.614802e+00[39m
     30 Linear |R| = [32m5.299273e+00[39m
     31 Linear |R| = [32m4.256071e+00[39m
     32 Linear |R| = [32m3.351218e+00[39m
     33 Linear |R| = [32m2.566284e+00[39m
     34 Linear |R| = [32m1.926012e+00[39m
     35 Linear |R| = [32m1.479699e+00[39m
     36 Linear |R| = [32m1.161920e+00[39m
     37 Linear |R| = [32m9.184121e-01[39m
     38 Linear |R| = [32m7.308097e-01[39m
     39 Linear |R| = [32m5.686375e-01[39m
     40 Linear |R| = [32m4.452095e-01[39m
     41 Linear |R| = [32m3.434576e-01[39m
     42 Linear |R| = [32m2.699189e-01[39m
     43 Linear |R| = [32m2.124712e-01[39m
     44 Linear |R| = [32m1.633092e-01[39m
     45 Linear |R| = [32m1.317844e-01[39m
     46 Linear |R| = [32m1.120461e-01[39m
     47 Linear |R| = [32m1.003684e-01[39m
     48 Linear |R| = [32m9.413629e-02[39m
     49 Linear |R| = [33m9.116498e-02[39m
     50 Linear |R| = [33m8.890352e-02[39m
     51 Linear |R| = [33m8.738058e-02[39m
     52 Linear |R| = [33m8.650751e-02[39m
     53 Linear |R| = [33m8.599923e-02[39m
     54 Linear |R| = [33m8.558187e-02[39m
     55 Linear |R| = [33m8.461008e-02[39m
     56 Linear |R| = [33m8.344160e-02[39m
     57 Linear |R| = [33m8.249630e-02[39m
     58 Linear |R| = [33m8.061937e-02[39m
     59 Linear |R| = [32m7.643593e-02[39m
     60 Linear |R| = [31m2.026752e-01[39m
     61 Linear |R| = [32m9.169940e-02[39m
     62 Linear |R| = [32m7.243564e-02[39m
     63 Linear |R| = [32m6.730682e-02[39m
     64 Linear |R| = [33m6.453957e-02[39m
     65 Linear |R| = [33m6.267410e-02[39m
     66 Linear |R| = [33m6.147408e-02[39m
     67 Linear |R| = [33m6.075438e-02[39m
     68 Linear |R| = [33m6.019298e-02[39m
     69 Linear |R| = [33m5.974765e-02[39m
     70 Linear |R| = [33m5.939142e-02[39m
     71 Linear |R| = [33m5.896386e-02[39m
     72 Linear |R| = [33m5.840945e-02[39m
     73 Linear |R| = [33m5.746566e-02[39m
     74 Linear |R| = [33m5.580566e-02[39m
     75 Linear |R| = [33m5.373303e-02[39m
     76 Linear |R| = [32m5.026956e-02[39m
     77 Linear |R| = [32m4.468379e-02[39m
     78 Linear |R| = [32m3.656437e-02[39m
     79 Linear |R| = [32m2.859653e-02[39m
     80 Linear |R| = [32m2.214155e-02[39m
     81 Linear |R| = [32m1.680870e-02[39m
     82 Linear |R| = [32m1.290203e-02[39m
 2 Nonlinear |R| = [33m1.493812e+03[39m
      0 Linear |R| = [32m1.493812e+03[39m
      1 Linear |R| = [33m1.421774e+03[39m
      2 Linear |R| = [32m1.228424e+03[39m
      3 Linear |R| = [33m1.175229e+03[39m
      4 Linear |R| = [33m1.150610e+03[39m
      5 Linear |R| = [33m1.129515e+03[39m
      6 Linear |R| = [33m1.115822e+03[39m
      7 Linear |R| = [33m1.105866e+03[39m
      8 Linear |R| = [33m1.095176e+03[39m
      9 Linear |R| = [33m1.081715e+03[39m
     10 Linear |R| = [33m1.062028e+03[39m
     11 Linear |R| = [33m1.032019e+03[39m
     12 Linear |R| = [33m9.939224e+02[39m
     13 Linear |R| = [32m9.388887e+02[39m
     14 Linear |R| = [32m8.313744e+02[39m
     15 Linear |R| = [32m6.825842e+02[39m
     16 Linear |R| = [32m5.554896e+02[39m
     17 Linear |R| = [32m4.423061e+02[39m
     18 Linear |R| = [32m3.437474e+02[39m
     19 Linear |R| = [32m2.527042e+02[39m
     20 Linear |R| = [32m1.778955e+02[39m
     21 Linear |R| = [32m1.251675e+02[39m
     22 Linear |R| = [32m8.805993e+01[39m
     23 Linear |R| = [32m6.253968e+01[39m
     24 Linear |R| = [32m4.481213e+01[39m
     25 Linear |R| = [32m3.258694e+01[39m
     26 Linear |R| = [32m2.334922e+01[39m
     27 Linear |R| = [32m1.693166e+01[39m
     28 Linear |R| = [32m1.186433e+01[39m
     29 Linear |R| = [32m8.111322e+00[39m
     30 Linear |R| = [32m5.600923e+00[39m
     31 Linear |R| = [32m4.466735e+00[39m
     32 Linear |R| = [32m3.493744e+00[39m
     33 Linear |R| = [32m2.648915e+00[39m
     34 Linear |R| = [32m1.987380e+00[39m
     35 Linear |R| = [32m1.517281e+00[39m
     36 Linear |R| = [32m1.178923e+00[39m
     37 Linear |R| = [32m9.219275e-01[39m
     38 Linear |R| = [32m7.227303e-01[39m
     39 Linear |R| = [32m5.583858e-01[39m
     40 Linear |R| = [32m4.458730e-01[39m
     41 Linear |R| = [32m3.478472e-01[39m
     42 Linear |R| = [32m2.736164e-01[39m
     43 Linear |R| = [32m2.174539e-01[39m
     44 Linear |R| = [32m1.700775e-01[39m
     45 Linear |R| = [32m1.373602e-01[39m
     46 Linear |R| = [32m1.130446e-01[39m
     47 Linear |R| = [32m9.960464e-02[39m
     48 Linear |R| = [32m9.228875e-02[39m
     49 Linear |R| = [33m8.784427e-02[39m
     50 Linear |R| = [33m8.457325e-02[39m
     51 Linear |R| = [33m8.256479e-02[39m
     52 Linear |R| = [33m8.129169e-02[39m
     53 Linear |R| = [33m8.049682e-02[39m
     54 Linear |R| = [33m8.004336e-02[39m
     55 Linear |R| = [33m7.931199e-02[39m
     56 Linear |R| = [33m7.848128e-02[39m
     57 Linear |R| = [33m7.774365e-02[39m
     58 Linear |R| = [33m7.658141e-02[39m
     59 Linear |R| = [33m7.374999e-02[39m
     60 Linear |R| = [33m7.072136e-02[39m
     61 Linear |R| = [33m6.876792e-02[39m
     62 Linear |R| = [33m6.734950e-02[39m
     63 Linear |R| = [33m6.497993e-02[39m
     64 Linear |R| = [33m6.328409e-02[39m
     65 Linear |R| = [33m6.265111e-02[39m
     66 Linear |R| = [33m6.234439e-02[39m
     67 Linear |R| = [33m6.209959e-02[39m
     68 Linear |R| = [33m6.163897e-02[39m
     69 Linear |R| = [33m6.091811e-02[39m
     70 Linear |R| = [33m6.001271e-02[39m
     71 Linear |R| = [33m5.881605e-02[39m
     72 Linear |R| = [33m5.753333e-02[39m
     73 Linear |R| = [33m5.503195e-02[39m
     74 Linear |R| = [32m5.132066e-02[39m
     75 Linear |R| = [32m4.545455e-02[39m
     76 Linear |R| = [32m3.547255e-02[39m
     77 Linear |R| = [32m2.832536e-02[39m
     78 Linear |R| = [32m2.286390e-02[39m
     79 Linear |R| = [32m1.789251e-02[39m
     80 Linear |R| = [32m1.430821e-02[39m
 3 Nonlinear |R| = [33m1.492137e+03[39m
      0 Linear |R| = [32m1.492137e+03[39m
      1 Linear |R| = [32m1.417488e+03[39m
      2 Linear |R| = [32m1.229627e+03[39m
      3 Linear |R| = [33m1.172229e+03[39m
      4 Linear |R| = [33m1.143953e+03[39m
      5 Linear |R| = [33m1.124618e+03[39m
      6 Linear |R| = [33m1.112945e+03[39m
      7 Linear |R| = [33m1.103080e+03[39m
      8 Linear |R| = [33m1.089680e+03[39m
      9 Linear |R| = [33m1.073052e+03[39m
     10 Linear |R| = [33m1.052419e+03[39m
     11 Linear |R| = [33m1.023781e+03[39m
     12 Linear |R| = [33m9.859188e+02[39m
     13 Linear |R| = [32m9.245479e+02[39m
     14 Linear |R| = [32m8.133407e+02[39m
     15 Linear |R| = [32m6.724255e+02[39m
     16 Linear |R| = [32m5.433951e+02[39m
     17 Linear |R| = [32m4.273580e+02[39m
     18 Linear |R| = [32m3.312578e+02[39m
     19 Linear |R| = [32m2.438056e+02[39m
     20 Linear |R| = [32m1.754586e+02[39m
     21 Linear |R| = [32m1.282044e+02[39m
     22 Linear |R| = [32m8.992613e+01[39m
     23 Linear |R| = [32m6.327791e+01[39m
     24 Linear |R| = [32m4.537891e+01[39m
     25 Linear |R| = [32m3.332595e+01[39m
     26 Linear |R| = [32m2.418572e+01[39m
     27 Linear |R| = [32m1.765283e+01[39m
     28 Linear |R| = [32m1.254150e+01[39m
     29 Linear |R| = [32m8.735443e+00[39m
     30 Linear |R| = [31m1.493256e+01[39m
     31 Linear |R| = [32m6.795384e+00[39m
     32 Linear |R| = [32m4.544664e+00[39m
     33 Linear |R| = [32m3.679979e+00[39m
     34 Linear |R| = [32m2.857513e+00[39m
     35 Linear |R| = [32m2.203345e+00[39m
     36 Linear |R| = [32m1.654871e+00[39m
     37 Linear |R| = [32m1.264291e+00[39m
     38 Linear |R| = [32m9.775668e-01[39m
     39 Linear |R| = [32m7.641935e-01[39m
     40 Linear |R| = [32m5.848773e-01[39m
     41 Linear |R| = [32m4.531406e-01[39m
     42 Linear |R| = [32m3.609892e-01[39m
     43 Linear |R| = [32m2.859088e-01[39m
     44 Linear |R| = [32m2.245630e-01[39m
     45 Linear |R| = [32m1.786819e-01[39m
     46 Linear |R| = [32m1.463512e-01[39m
     47 Linear |R| = [32m1.229907e-01[39m
     48 Linear |R| = [32m1.069415e-01[39m
     49 Linear |R| = [32m9.631880e-02[39m
     50 Linear |R| = [32m8.920592e-02[39m
     51 Linear |R| = [33m8.500045e-02[39m
     52 Linear |R| = [33m8.249141e-02[39m
     53 Linear |R| = [33m8.082840e-02[39m
     54 Linear |R| = [33m7.982700e-02[39m
     55 Linear |R| = [33m7.892259e-02[39m
     56 Linear |R| = [33m7.827383e-02[39m
     57 Linear |R| = [33m7.778128e-02[39m
     58 Linear |R| = [33m7.716600e-02[39m
     59 Linear |R| = [33m7.608182e-02[39m
    Linear solve did not converge due to DIVERGED_BREAKDOWN iterations 60
 4 Nonlinear |R| = [33m1.490370e+03[39m
      0 Linear |R| = [32m1.490370e+03[39m
      1 Linear |R| = [32m1.412913e+03[39m
      2 Linear |R| = [32m1.231745e+03[39m
      3 Linear |R| = [32m1.164383e+03[39m
      4 Linear |R| = [33m1.133805e+03[39m
      5 Linear |R| = [33m1.118731e+03[39m
      6 Linear |R| = [33m1.110066e+03[39m
      7 Linear |R| = [33m1.099022e+03[39m
      8 Linear |R| = [33m1.078192e+03[39m
      9 Linear |R| = [33m1.057582e+03[39m
     10 Linear |R| = [33m1.038572e+03[39m
     11 Linear |R| = [33m1.010331e+03[39m
     12 Linear |R| = [33m9.630648e+02[39m
     13 Linear |R| = [32m8.859638e+02[39m
     14 Linear |R| = [32m7.772067e+02[39m
     15 Linear |R| = [32m6.491700e+02[39m
     16 Linear |R| = [32m5.154955e+02[39m
     17 Linear |R| = [32m4.026574e+02[39m
     18 Linear |R| = [32m3.104435e+02[39m
     19 Linear |R| = [32m2.256819e+02[39m
     20 Linear |R| = [32m1.634631e+02[39m
     21 Linear |R| = [32m1.199483e+02[39m
     22 Linear |R| = [32m8.336916e+01[39m
     23 Linear |R| = [32m5.985261e+01[39m
     24 Linear |R| = [32m4.388631e+01[39m
     25 Linear |R| = [32m3.252735e+01[39m
     26 Linear |R| = [32m2.336332e+01[39m
     27 Linear |R| = [32m1.703273e+01[39m
     28 Linear |R| = [32m1.224367e+01[39m
     29 Linear |R| = [32m8.697397e+00[39m
     30 Linear |R| = [32m6.510894e+00[39m
     31 Linear |R| = [32m5.003656e+00[39m
     32 Linear |R| = [32m3.985882e+00[39m
     33 Linear |R| = [32m2.970550e+00[39m
     34 Linear |R| = [32m2.241516e+00[39m
     35 Linear |R| = [32m1.710859e+00[39m
     36 Linear |R| = [32m1.290803e+00[39m
     37 Linear |R| = [32m1.015106e+00[39m
     38 Linear |R| = [32m7.868959e-01[39m
     39 Linear |R| = [32m5.998391e-01[39m
     40 Linear |R| = [32m4.699704e-01[39m
     41 Linear |R| = [32m3.729110e-01[39m
     42 Linear |R| = [32m2.955843e-01[39m
     43 Linear |R| = [32m2.418216e-01[39m
     44 Linear |R| = [32m2.049975e-01[39m
     45 Linear |R| = [32m1.784864e-01[39m
     46 Linear |R| = [32m1.615926e-01[39m
     47 Linear |R| = [32m1.493848e-01[39m
     48 Linear |R| = [32m1.394378e-01[39m
     49 Linear |R| = [33m1.325552e-01[39m
     50 Linear |R| = [33m1.293453e-01[39m
     51 Linear |R| = [33m1.280578e-01[39m
     52 Linear |R| = [33m1.267059e-01[39m
     53 Linear |R| = [33m1.248582e-01[39m
     54 Linear |R| = [33m1.234037e-01[39m
     55 Linear |R| = [33m1.223098e-01[39m
     56 Linear |R| = [33m1.212133e-01[39m
     57 Linear |R| = [33m1.197465e-01[39m
     58 Linear |R| = [33m1.166913e-01[39m
     59 Linear |R| = [32m1.103918e-01[39m
     60 Linear |R| = [32m1.031509e-01[39m
     61 Linear |R| = [33m9.928553e-02[39m
     62 Linear |R| = [33m9.756311e-02[39m
     63 Linear |R| = [32m9.254408e-02[39m
     64 Linear |R| = [33m8.825145e-02[39m
     65 Linear |R| = [33m8.654748e-02[39m
     66 Linear |R| = [33m8.577623e-02[39m
     67 Linear |R| = [33m8.545732e-02[39m
     68 Linear |R| = [33m8.482742e-02[39m
     69 Linear |R| = [33m8.369690e-02[39m
     70 Linear |R| = [33m8.279664e-02[39m
     71 Linear |R| = [33m8.228671e-02[39m
     72 Linear |R| = [33m8.120961e-02[39m
     73 Linear |R| = [33m7.757342e-02[39m
     74 Linear |R| = [32m7.365635e-02[39m
     75 Linear |R| = [32m6.984589e-02[39m
     76 Linear |R| = [32m6.066888e-02[39m
     77 Linear |R| = [32m5.192756e-02[39m
     78 Linear |R| = [32m4.379418e-02[39m
     79 Linear |R| = [32m3.696391e-02[39m
     80 Linear |R| = [32m3.054094e-02[39m
     81 Linear |R| = [32m2.504555e-02[39m
     82 Linear |R| = [32m1.938580e-02[39m
     83 Linear |R| = [32m1.514451e-02[39m
     84 Linear |R| = [32m1.176123e-02[39m
 5 Nonlinear |R| = [33m1.488516e+03[39m
      0 Linear |R| = [32m1.488516e+03[39m
      1 Linear |R| = [32m1.409551e+03[39m
      2 Linear |R| = [32m1.231718e+03[39m
      3 Linear |R| = [32m1.147966e+03[39m
      4 Linear |R| = [33m1.120388e+03[39m
      5 Linear |R| = [33m1.111831e+03[39m
      6 Linear |R| = [33m1.105906e+03[39m
      7 Linear |R| = [33m1.087779e+03[39m
      8 Linear |R| = [33m1.052682e+03[39m
      9 Linear |R| = [33m1.033243e+03[39m
     10 Linear |R| = [33m1.019128e+03[39m
     11 Linear |R| = [33m9.824797e+02[39m
     12 Linear |R| = [32m9.101968e+02[39m
     13 Linear |R| = [32m8.263425e+02[39m
     14 Linear |R| = [32m7.284257e+02[39m
     15 Linear |R| = [32m6.043815e+02[39m
     16 Linear |R| = [32m4.641418e+02[39m
     17 Linear |R| = [32m3.617227e+02[39m
     18 Linear |R| = [32m2.752783e+02[39m
     19 Linear |R| = [32m2.002781e+02[39m
     20 Linear |R| = [32m1.448504e+02[39m
     21 Linear |R| = [32m1.062228e+02[39m
     22 Linear |R| = [32m7.410778e+01[39m
     23 Linear |R| = [32m5.436242e+01[39m
     24 Linear |R| = [32m4.014249e+01[39m
     25 Linear |R| = [32m2.956860e+01[39m
     26 Linear |R| = [32m2.126061e+01[39m
     27 Linear |R| = [32m1.557718e+01[39m
     28 Linear |R| = [32m1.130839e+01[39m
     29 Linear |R| = [32m8.206833e+00[39m
     30 Linear |R| = [32m6.569674e+00[39m
     31 Linear |R| = [32m4.641293e+00[39m
     32 Linear |R| = [32m3.847244e+00[39m
     33 Linear |R| = [32m2.829952e+00[39m
     34 Linear |R| = [32m2.145504e+00[39m
     35 Linear |R| = [32m1.646501e+00[39m
     36 Linear |R| = [32m1.219265e+00[39m
     37 Linear |R| = [32m9.396294e-01[39m
     38 Linear |R| = [32m7.305410e-01[39m
     39 Linear |R| = [32m5.631615e-01[39m
     40 Linear |R| = [32m4.376771e-01[39m
     41 Linear |R| = [32m3.350040e-01[39m
     42 Linear |R| = [32m2.602347e-01[39m
     43 Linear |R| = [32m2.118911e-01[39m
     44 Linear |R| = [32m1.808028e-01[39m
     45 Linear |R| = [32m1.561481e-01[39m
     46 Linear |R| = [32m1.387567e-01[39m
     47 Linear |R| = [32m1.275568e-01[39m
     48 Linear |R| = [32m1.178022e-01[39m
     49 Linear |R| = [32m1.110162e-01[39m
     50 Linear |R| = [33m1.080087e-01[39m
     51 Linear |R| = [33m1.065269e-01[39m
     52 Linear |R| = [33m1.048627e-01[39m
     53 Linear |R| = [33m1.030860e-01[39m
     54 Linear |R| = [33m1.018926e-01[39m
     55 Linear |R| = [33m1.008996e-01[39m
     56 Linear |R| = [33m9.969308e-02[39m
     57 Linear |R| = [33m9.848276e-02[39m
     58 Linear |R| = [33m9.650519e-02[39m
     59 Linear |R| = [33m9.216954e-02[39m
     60 Linear |R| = [32m8.557788e-02[39m
     61 Linear |R| = [33m8.327197e-02[39m
     62 Linear |R| = [33m8.224862e-02[39m
     63 Linear |R| = [32m7.749013e-02[39m
     64 Linear |R| = [33m7.439306e-02[39m
     65 Linear |R| = [33m7.305037e-02[39m
     66 Linear |R| = [33m7.221548e-02[39m
     67 Linear |R| = [33m7.182823e-02[39m
     68 Linear |R| = [33m7.120094e-02[39m
     69 Linear |R| = [33m7.020471e-02[39m
     70 Linear |R| = [33m6.937886e-02[39m
     71 Linear |R| = [33m6.878269e-02[39m
     72 Linear |R| = [33m6.730174e-02[39m
     73 Linear |R| = [33m6.434018e-02[39m
     74 Linear |R| = [33m6.116047e-02[39m
     75 Linear |R| = [32m5.692826e-02[39m
     76 Linear |R| = [32m4.918825e-02[39m
     77 Linear |R| = [32m4.211214e-02[39m
     78 Linear |R| = [32m3.601047e-02[39m
     79 Linear |R| = [32m3.008171e-02[39m
     80 Linear |R| = [32m2.421750e-02[39m
     81 Linear |R| = [32m2.000839e-02[39m
     82 Linear |R| = [32m1.559388e-02[39m
     83 Linear |R| = [32m1.201417e-02[39m
 6 Nonlinear |R| = [32m1.407341e+03[39m
      0 Linear |R| = [32m1.407341e+03[39m
      1 Linear |R| = [32m1.130236e+03[39m
      2 Linear |R| = [32m9.359962e+02[39m
      3 Linear |R| = [32m7.921310e+02[39m
      4 Linear |R| = [32m7.383443e+02[39m
      5 Linear |R| = [32m6.789397e+02[39m
      6 Linear |R| = [32m4.989298e+02[39m
      7 Linear |R| = [32m3.306325e+02[39m
      8 Linear |R| = [32m2.346744e+02[39m
      9 Linear |R| = [32m1.848005e+02[39m
     10 Linear |R| = [32m1.475680e+02[39m
     11 Linear |R| = [32m1.152295e+02[39m
     12 Linear |R| = [32m8.723923e+01[39m
     13 Linear |R| = [32m6.394327e+01[39m
     14 Linear |R| = [32m4.786631e+01[39m
     15 Linear |R| = [32m3.601359e+01[39m
     16 Linear |R| = [32m2.621941e+01[39m
     17 Linear |R| = [32m1.884541e+01[39m
     18 Linear |R| = [32m1.379423e+01[39m
     19 Linear |R| = [32m1.011894e+01[39m
     20 Linear |R| = [32m7.216554e+00[39m
     21 Linear |R| = [32m5.251484e+00[39m
     22 Linear |R| = [32m3.765842e+00[39m
     23 Linear |R| = [32m2.824347e+00[39m
     24 Linear |R| = [32m2.109940e+00[39m
     25 Linear |R| = [32m1.533752e+00[39m
     26 Linear |R| = [32m1.092200e+00[39m
     27 Linear |R| = [32m7.894940e-01[39m
     28 Linear |R| = [32m5.809541e-01[39m
     29 Linear |R| = [32m4.108908e-01[39m
     30 Linear |R| = [32m2.839451e-01[39m
     31 Linear |R| = [32m2.257644e-01[39m
     32 Linear |R| = [32m1.729941e-01[39m
     33 Linear |R| = [32m1.297356e-01[39m
     34 Linear |R| = [32m9.426789e-02[39m
     35 Linear |R| = [32m6.666601e-02[39m
     36 Linear |R| = [32m4.854307e-02[39m
     37 Linear |R| = [32m3.572684e-02[39m
     38 Linear |R| = [32m2.698422e-02[39m
     39 Linear |R| = [32m2.022172e-02[39m
     40 Linear |R| = [32m1.481098e-02[39m
     41 Linear |R| = [32m1.060053e-02[39m
 7 Nonlinear |R| = [32m1.270061e+03[39m
      0 Linear |R| = [32m1.270061e+03[39m
      1 Linear |R| = [32m3.333639e+02[39m
      2 Linear |R| = [32m1.431370e+02[39m
      3 Linear |R| = [32m9.651682e+01[39m
      4 Linear |R| = [32m7.156937e+01[39m
      5 Linear |R| = [32m5.714532e+01[39m
      6 Linear |R| = [32m4.442347e+01[39m
      7 Linear |R| = [32m3.475630e+01[39m
      8 Linear |R| = [32m2.714631e+01[39m
      9 Linear |R| = [32m1.991083e+01[39m
     10 Linear |R| = [32m1.410585e+01[39m
     11 Linear |R| = [32m9.850087e+00[39m
     12 Linear |R| = [32m7.178289e+00[39m
     13 Linear |R| = [32m5.442262e+00[39m
     14 Linear |R| = [32m4.105561e+00[39m
     15 Linear |R| = [32m3.066481e+00[39m
     16 Linear |R| = [32m2.347425e+00[39m
     17 Linear |R| = [32m1.732900e+00[39m
     18 Linear |R| = [32m1.225850e+00[39m
     19 Linear |R| = [32m9.109679e-01[39m
     20 Linear |R| = [32m7.154273e-01[39m
     21 Linear |R| = [32m5.460142e-01[39m
     22 Linear |R| = [32m4.059596e-01[39m
     23 Linear |R| = [32m2.961533e-01[39m
     24 Linear |R| = [32m2.022750e-01[39m
     25 Linear |R| = [32m1.342354e-01[39m
     26 Linear |R| = [32m8.880854e-02[39m
     27 Linear |R| = [32m6.300454e-02[39m
     28 Linear |R| = [32m4.494812e-02[39m
     29 Linear |R| = [32m3.227050e-02[39m
     30 Linear |R| = [32m2.400579e-02[39m
     31 Linear |R| = [32m2.007167e-02[39m
     32 Linear |R| = [32m1.548680e-02[39m
     33 Linear |R| = [32m1.148001e-02[39m
 8 Nonlinear |R| = [32m2.920115e+02[39m
      0 Linear |R| = [32m2.920115e+02[39m
      1 Linear |R| = [32m6.120645e+01[39m
      2 Linear |R| = [32m3.007387e+01[39m
      3 Linear |R| = [32m1.886478e+01[39m
      4 Linear |R| = [32m1.227796e+01[39m
      5 Linear |R| = [32m8.373410e+00[39m
      6 Linear |R| = [32m5.814095e+00[39m
      7 Linear |R| = [32m4.164653e+00[39m
      8 Linear |R| = [32m3.057883e+00[39m
      9 Linear |R| = [32m2.182993e+00[39m
     10 Linear |R| = [32m1.642151e+00[39m
     11 Linear |R| = [32m1.260899e+00[39m
     12 Linear |R| = [32m9.634471e-01[39m
     13 Linear |R| = [32m7.153664e-01[39m
     14 Linear |R| = [32m5.500608e-01[39m
     15 Linear |R| = [32m4.292144e-01[39m
     16 Linear |R| = [32m3.399932e-01[39m
     17 Linear |R| = [32m2.610908e-01[39m
     18 Linear |R| = [32m1.789302e-01[39m
     19 Linear |R| = [32m1.196220e-01[39m
     20 Linear |R| = [32m8.402458e-02[39m
     21 Linear |R| = [32m6.095011e-02[39m
     22 Linear |R| = [32m4.593924e-02[39m
     23 Linear |R| = [32m3.361643e-02[39m
     24 Linear |R| = [32m2.414130e-02[39m
     25 Linear |R| = [32m1.751529e-02[39m
     26 Linear |R| = [32m1.269126e-02[39m
     27 Linear |R| = [32m9.360478e-03[39m
     28 Linear |R| = [32m7.091254e-03[39m
     29 Linear |R| = [32m5.316125e-03[39m
     30 Linear |R| = [32m3.831432e-03[39m
     31 Linear |R| = [32m3.032657e-03[39m
     32 Linear |R| = [32m2.330721e-03[39m
 9 Nonlinear |R| = [32m2.757038e+01[39m
      0 Linear |R| = [32m2.757038e+01[39m
      1 Linear |R| = [32m1.020560e+01[39m
      2 Linear |R| = [32m5.694510e+00[39m
      3 Linear |R| = [32m3.455659e+00[39m
      4 Linear |R| = [32m2.223803e+00[39m
      5 Linear |R| = [32m1.519789e+00[39m
      6 Linear |R| = [32m1.070224e+00[39m
      7 Linear |R| = [32m7.771431e-01[39m
      8 Linear |R| = [32m5.819346e-01[39m
      9 Linear |R| = [32m4.289841e-01[39m
     10 Linear |R| = [32m3.262017e-01[39m
     11 Linear |R| = [32m2.444177e-01[39m
     12 Linear |R| = [32m1.779841e-01[39m
     13 Linear |R| = [32m1.337738e-01[39m
     14 Linear |R| = [32m1.057651e-01[39m
     15 Linear |R| = [32m8.299621e-02[39m
     16 Linear |R| = [32m6.560008e-02[39m
     17 Linear |R| = [32m4.883299e-02[39m
     18 Linear |R| = [32m3.403382e-02[39m
     19 Linear |R| = [32m2.316052e-02[39m
     20 Linear |R| = [32m1.598841e-02[39m
     21 Linear |R| = [32m1.121019e-02[39m
     22 Linear |R| = [32m8.250641e-03[39m
     23 Linear |R| = [32m5.985093e-03[39m
     24 Linear |R| = [32m4.389960e-03[39m
     25 Linear |R| = [32m3.211284e-03[39m
     26 Linear |R| = [32m2.278237e-03[39m
     27 Linear |R| = [32m1.609356e-03[39m
     28 Linear |R| = [32m1.180873e-03[39m
     29 Linear |R| = [32m8.791627e-04[39m
     30 Linear |R| = [31m3.161515e-01[39m
     31 Linear |R| = [32m1.063685e-01[39m
     32 Linear |R| = [32m4.213232e-02[39m
     33 Linear |R| = [32m2.221772e-02[39m
     34 Linear |R| = [32m1.258839e-02[39m
     35 Linear |R| = [32m7.280903e-03[39m
     36 Linear |R| = [32m4.371355e-03[39m
     37 Linear |R| = [32m2.643474e-03[39m
     38 Linear |R| = [32m1.765426e-03[39m
     39 Linear |R| = [32m1.243700e-03[39m
     40 Linear |R| = [32m9.193928e-04[39m
     41 Linear |R| = [32m6.907750e-04[39m
     42 Linear |R| = [32m5.258365e-04[39m
     43 Linear |R| = [32m4.100091e-04[39m
     44 Linear |R| = [32m3.311850e-04[39m
     45 Linear |R| = [32m2.664934e-04[39m
10 Nonlinear |R| = [32m1.692289e+00[39m
      0 Linear |R| = [32m1.692289e+00[39m
      1 Linear |R| = [32m7.941562e-01[39m
      2 Linear |R| = [32m4.299795e-01[39m
      3 Linear |R| = [32m2.676568e-01[39m
      4 Linear |R| = [32m1.716655e-01[39m
      5 Linear |R| = [32m1.133306e-01[39m
      6 Linear |R| = [32m7.720941e-02[39m
      7 Linear |R| = [32m5.415826e-02[39m
      8 Linear |R| = [32m3.823976e-02[39m
      9 Linear |R| = [32m2.687869e-02[39m
     10 Linear |R| = [32m1.876006e-02[39m
     11 Linear |R| = [32m1.346182e-02[39m
     12 Linear |R| = [32m9.681880e-03[39m
     13 Linear |R| = [32m7.073563e-03[39m
     14 Linear |R| = [32m5.418726e-03[39m
     15 Linear |R| = [32m4.197772e-03[39m
     16 Linear |R| = [32m3.294352e-03[39m
     17 Linear |R| = [32m2.583213e-03[39m
     18 Linear |R| = [32m1.963239e-03[39m
     19 Linear |R| = [32m1.434511e-03[39m
     20 Linear |R| = [32m1.027765e-03[39m
     21 Linear |R| = [32m7.470799e-04[39m
     22 Linear |R| = [32m5.236024e-04[39m
     23 Linear |R| = [32m3.584765e-04[39m
     24 Linear |R| = [32m2.501771e-04[39m
     25 Linear |R| = [32m1.758076e-04[39m
     26 Linear |R| = [32m1.271682e-04[39m
     27 Linear |R| = [32m9.247387e-05[39m
     28 Linear |R| = [32m6.927795e-05[39m
     29 Linear |R| = [32m5.101828e-05[39m
     30 Linear |R| = [31m6.107038e-05[39m
     31 Linear |R| = [32m3.148406e-05[39m
     32 Linear |R| = [32m2.540174e-05[39m
     33 Linear |R| = [32m2.009010e-05[39m
     34 Linear |R| = [32m1.486959e-05[39m
11 Nonlinear |R| = [32m7.801627e-04[39m
[32m Solve Converged![39m
  Finished Solving                                                                       [[33m 48.32 s[39m] [[33m  233 MB[39m]

Postprocessor Values:
+----------------+------------------+----------------+----------------+
| time           | reaction_force_z | top_disp_z     | vonmises_max   |
+----------------+------------------+----------------+----------------+
|   0.000000e+00 |     0.000000e+00 |   0.000000e+00 |   0.000000e+00 |
|   5.000000e-02 |     8.358701e-06 |  -1.500000e-04 |   1.647977e+06 |
|   1.000000e-01 |    -2.954241e-06 |  -3.000000e-04 |   3.230259e+06 |
|   1.500000e-01 |    -1.606740e-06 |  -4.500000e-04 |   3.500000e+06 |
|   2.000000e-01 |    -2.566079e-06 |  -6.000000e-04 |   3.500000e+06 |
|   2.500000e-01 |     4.969035e-05 |  -7.500000e-04 |   3.500000e+06 |
|   3.000000e-01 |     9.995144e-07 |  -9.000000e-04 |   3.500000e+06 |
|   3.500000e-01 |    -1.527458e-05 |  -1.050000e-03 |   3.500000e+06 |
|   4.000000e-01 |    -6.849320e-07 |  -1.200000e-03 |   3.500000e+06 |
|   4.500000e-01 |     7.913526e-05 |  -1.350000e-03 |   3.500000e+06 |
|   5.000000e-01 |     2.707347e-05 |  -1.500000e-03 |   3.500000e+06 |
+----------------+------------------+----------------+----------------+


Time Step 11, time = 0.55, dt = 0.05
 0 Nonlinear |R| = [32m1.615041e+03[39m
      0 Linear |R| = [32m1.615041e+03[39m
      1 Linear |R| = [32m1.527446e+03[39m
      2 Linear |R| = [32m1.188783e+03[39m
      3 Linear |R| = [32m1.053817e+03[39m
      4 Linear |R| = [32m9.957987e+02[39m
      5 Linear |R| = [32m9.187957e+02[39m
      6 Linear |R| = [32m7.414036e+02[39m
      7 Linear |R| = [32m5.177329e+02[39m
      8 Linear |R| = [32m3.283799e+02[39m
      9 Linear |R| = [32m1.981797e+02[39m
     10 Linear |R| = [32m1.171937e+02[39m
     11 Linear |R| = [32m7.388087e+01[39m
     12 Linear |R| = [32m4.340417e+01[39m
     13 Linear |R| = [32m2.715619e+01[39m
     14 Linear |R| = [32m1.753116e+01[39m
     15 Linear |R| = [32m1.122409e+01[39m
     16 Linear |R| = [32m7.104525e+00[39m
     17 Linear |R| = [32m4.379441e+00[39m
     18 Linear |R| = [32m2.678571e+00[39m
     19 Linear |R| = [32m1.699544e+00[39m
     20 Linear |R| = [32m1.158559e+00[39m
     21 Linear |R| = [32m8.277240e-01[39m
     22 Linear |R| = [32m6.427959e-01[39m
     23 Linear |R| = [32m5.110867e-01[39m
     24 Linear |R| = [32m3.934270e-01[39m
     25 Linear |R| = [32m2.869360e-01[39m
     26 Linear |R| = [32m2.085641e-01[39m
     27 Linear |R| = [32m1.453519e-01[39m
     28 Linear |R| = [32m9.419541e-02[39m
     29 Linear |R| = [32m5.880256e-02[39m
    Linear solve did not converge due to DIVERGED_BREAKDOWN iterations 30
 1 Nonlinear |R| = [32m1.490386e+03[39m
      0 Linear |R| = [32m1.490386e+03[39m
      1 Linear |R| = [33m1.419042e+03[39m
      2 Linear |R| = [32m1.222786e+03[39m
      3 Linear |R| = [33m1.169667e+03[39m
      4 Linear |R| = [33m1.147389e+03[39m
      5 Linear |R| = [33m1.125732e+03[39m
      6 Linear |R| = [33m1.111320e+03[39m
      7 Linear |R| = [33m1.102304e+03[39m
      8 Linear |R| = [33m1.094538e+03[39m
      9 Linear |R| = [33m1.085527e+03[39m
     10 Linear |R| = [33m1.071121e+03[39m
     11 Linear |R| = [33m1.048358e+03[39m
     12 Linear |R| = [33m1.021179e+03[39m
     13 Linear |R| = [33m9.834100e+02[39m
     14 Linear |R| = [32m9.069675e+02[39m
     15 Linear |R| = [32m7.925458e+02[39m
     16 Linear |R| = [32m6.739248e+02[39m
     17 Linear |R| = [32m5.419664e+02[39m
     18 Linear |R| = [32m4.206611e+02[39m
     19 Linear |R| = [32m3.144987e+02[39m
     20 Linear |R| = [32m2.294460e+02[39m
     21 Linear |R| = [32m1.640129e+02[39m
     22 Linear |R| = [32m1.187615e+02[39m
     23 Linear |R| = [32m8.693752e+01[39m
     24 Linear |R| = [32m6.397756e+01[39m
     25 Linear |R| = [32m4.658990e+01[39m
     26 Linear |R| = [32m3.334973e+01[39m
     27 Linear |R| = [32m2.428502e+01[39m
     28 Linear |R| = [32m1.737411e+01[39m
     29 Linear |R| = [32m1.205715e+01[39m
     30 Linear |R| = [32m8.224533e+00[39m
     31 Linear |R| = [32m6.531607e+00[39m
     32 Linear |R| = [32m4.976043e+00[39m
     33 Linear |R| = [32m3.685137e+00[39m
     34 Linear |R| = [32m2.692994e+00[39m
     35 Linear |R| = [32m2.008594e+00[39m
     36 Linear |R| = [32m1.545757e+00[39m
     37 Linear |R| = [32m1.233537e+00[39m
     38 Linear |R| = [32m1.000950e+00[39m
     39 Linear |R| = [32m7.817778e-01[39m
     40 Linear |R| = [32m6.031994e-01[39m
     41 Linear |R| = [32m4.638479e-01[39m
     42 Linear |R| = [32m3.600032e-01[39m
     43 Linear |R| = [32m2.880921e-01[39m
     44 Linear |R| = [32m2.334949e-01[39m
     45 Linear |R| = [32m1.960360e-01[39m
     46 Linear |R| = [32m1.653469e-01[39m
     47 Linear |R| = [32m1.441621e-01[39m
     48 Linear |R| = [32m1.302825e-01[39m
     49 Linear |R| = [32m1.233807e-01[39m
     50 Linear |R| = [33m1.189409e-01[39m
     51 Linear |R| = [33m1.160946e-01[39m
     52 Linear |R| = [33m1.144189e-01[39m
     53 Linear |R| = [33m1.133679e-01[39m
     54 Linear |R| = [33m1.126645e-01[39m
     55 Linear |R| = [33m1.114917e-01[39m
     56 Linear |R| = [33m1.103519e-01[39m
     57 Linear |R| = [33m1.098631e-01[39m
     58 Linear |R| = [33m1.091305e-01[39m
     59 Linear |R| = [33m1.065188e-01[39m
     60 Linear |R| = [33m1.039433e-01[39m
     61 Linear |R| = [33m1.022793e-01[39m
     62 Linear |R| = [33m1.010066e-01[39m
     63 Linear |R| = [33m9.879907e-02[39m
     64 Linear |R| = [33m9.751052e-02[39m
     65 Linear |R| = [33m9.657397e-02[39m
     66 Linear |R| = [33m9.604626e-02[39m
     67 Linear |R| = [33m9.565337e-02[39m
     68 Linear |R| = [33m9.481989e-02[39m
     69 Linear |R| = [33m9.402591e-02[39m
     70 Linear |R| = [33m9.311662e-02[39m
     71 Linear |R| = [33m9.120927e-02[39m
     72 Linear |R| = [33m8.910927e-02[39m
     73 Linear |R| = [33m8.519821e-02[39m
     74 Linear |R| = [32m7.874179e-02[39m
     75 Linear |R| = [32m7.106069e-02[39m
     76 Linear |R| = [32m5.865760e-02[39m
     77 Linear |R| = [32m4.829330e-02[39m
     78 Linear |R| = [32m4.007141e-02[39m
     79 Linear |R| = [32m3.105511e-02[39m
     80 Linear |R| = [32m2.461911e-02[39m
     81 Linear |R| = [32m1.944292e-02[39m
     82 Linear |R| = [32m1.528203e-02[39m
     83 Linear |R| = [32m1.236432e-02[39m
 2 Nonlinear |R| = [33m1.488744e+03[39m
      0 Linear |R| = [32m1.488744e+03[39m
      1 Linear |R| = [33m1.414910e+03[39m
      2 Linear |R| = [32m1.222499e+03[39m
      3 Linear |R| = [33m1.168211e+03[39m
      4 Linear |R| = [33m1.142539e+03[39m
      5 Linear |R| = [33m1.121465e+03[39m
      6 Linear |R| = [33m1.108166e+03[39m
      7 Linear |R| = [33m1.099088e+03[39m
      8 Linear |R| = [33m1.090192e+03[39m
      9 Linear |R| = [33m1.079426e+03[39m
     10 Linear |R| = [33m1.063822e+03[39m
     11 Linear |R| = [33m1.041372e+03[39m
     12 Linear |R| = [33m1.014808e+03[39m
     13 Linear |R| = [33m9.755224e+02[39m
     14 Linear |R| = [32m8.947144e+02[39m
     15 Linear |R| = [32m7.778865e+02[39m
     16 Linear |R| = [32m6.612159e+02[39m
     17 Linear |R| = [32m5.335777e+02[39m
     18 Linear |R| = [32m4.151410e+02[39m
     19 Linear |R| = [32m3.110943e+02[39m
     20 Linear |R| = [32m2.249646e+02[39m
     21 Linear |R| = [32m1.637007e+02[39m
     22 Linear |R| = [32m1.184127e+02[39m
     23 Linear |R| = [32m8.690444e+01[39m
     24 Linear |R| = [32m6.382847e+01[39m
     25 Linear |R| = [32m4.727975e+01[39m
     26 Linear |R| = [32m3.444478e+01[39m
     27 Linear |R| = [32m2.564296e+01[39m
     28 Linear |R| = [32m1.828656e+01[39m
     29 Linear |R| = [32m1.257036e+01[39m
     30 Linear |R| = [32m8.770395e+00[39m
     31 Linear |R| = [32m7.033585e+00[39m
     32 Linear |R| = [32m5.398904e+00[39m
     33 Linear |R| = [32m3.966491e+00[39m
     34 Linear |R| = [32m2.898861e+00[39m
     35 Linear |R| = [32m2.138252e+00[39m
     36 Linear |R| = [32m1.620280e+00[39m
     37 Linear |R| = [32m1.274986e+00[39m
     38 Linear |R| = [32m1.016399e+00[39m
     39 Linear |R| = [32m7.941262e-01[39m
     40 Linear |R| = [32m6.216845e-01[39m
     41 Linear |R| = [32m4.759573e-01[39m
     42 Linear |R| = [32m3.594400e-01[39m
     43 Linear |R| = [32m2.777643e-01[39m
     44 Linear |R| = [32m2.183582e-01[39m
     45 Linear |R| = [32m1.769046e-01[39m
     46 Linear |R| = [32m1.414177e-01[39m
     47 Linear |R| = [32m1.160738e-01[39m
     48 Linear |R| = [32m9.562167e-02[39m
     49 Linear |R| = [32m8.142564e-02[39m
     50 Linear |R| = [32m7.216282e-02[39m
     51 Linear |R| = [32m6.694737e-02[39m
     52 Linear |R| = [33m6.386594e-02[39m
     53 Linear |R| = [33m6.179267e-02[39m
     54 Linear |R| = [33m6.060142e-02[39m
     55 Linear |R| = [33m5.950728e-02[39m
     56 Linear |R| = [33m5.876937e-02[39m
     57 Linear |R| = [33m5.853124e-02[39m
     58 Linear |R| = [33m5.842850e-02[39m
     59 Linear |R| = [33m5.798872e-02[39m
     60 Linear |R| = [31m2.435162e-01[39m
     61 Linear |R| = [32m1.025054e-01[39m
     62 Linear |R| = [32m6.751056e-02[39m
     63 Linear |R| = [32m6.057244e-02[39m
     64 Linear |R| = [33m5.847128e-02[39m
     65 Linear |R| = [33m5.758668e-02[39m
     66 Linear |R| = [33m5.712277e-02[39m
     67 Linear |R| = [33m5.681601e-02[39m
     68 Linear |R| = [33m5.651555e-02[39m
     69 Linear |R| = [33m5.617660e-02[39m
     70 Linear |R| = [33m5.569955e-02[39m
     71 Linear |R| = [33m5.505689e-02[39m
     72 Linear |R| = [33m5.384433e-02[39m
     73 Linear |R| = [33m5.161333e-02[39m
     74 Linear |R| = [32m4.779051e-02[39m
     75 Linear |R| = [32m4.239893e-02[39m
     76 Linear |R| = [32m3.564191e-02[39m
     77 Linear |R| = [32m2.839711e-02[39m
     78 Linear |R| = [32m2.152430e-02[39m
     79 Linear |R| = [32m1.620039e-02[39m
     80 Linear |R| = [32m1.247886e-02[39m
 3 Nonlinear |R| = [33m1.487031e+03[39m
      0 Linear |R| = [32m1.487031e+03[39m
      1 Linear |R| = [32m1.410059e+03[39m
      2 Linear |R| = [32m1.223939e+03[39m
      3 Linear |R| = [33m1.164291e+03[39m
      4 Linear |R| = [33m1.134678e+03[39m
      5 Linear |R| = [33m1.116187e+03[39m
      6 Linear |R| = [33m1.105390e+03[39m
      7 Linear |R| = [33m1.095963e+03[39m
      8 Linear |R| = [33m1.083672e+03[39m
      9 Linear |R| = [33m1.069796e+03[39m
     10 Linear |R| = [33m1.053218e+03[39m
     11 Linear |R| = [33m1.030226e+03[39m
     12 Linear |R| = [33m1.000077e+03[39m
     13 Linear |R| = [33m9.507696e+02[39m
     14 Linear |R| = [32m8.664143e+02[39m
     15 Linear |R| = [32m7.622688e+02[39m
     16 Linear |R| = [32m6.520026e+02[39m
     17 Linear |R| = [32m5.281626e+02[39m
     18 Linear |R| = [32m4.086081e+02[39m
     19 Linear |R| = [32m2.994273e+02[39m
     20 Linear |R| = [32m2.158460e+02[39m
     21 Linear |R| = [32m1.601747e+02[39m
     22 Linear |R| = [32m1.142558e+02[39m
     23 Linear |R| = [32m8.338964e+01[39m
     24 Linear |R| = [32m6.235488e+01[39m
     25 Linear |R| = [32m4.760213e+01[39m
     26 Linear |R| = [32m3.567412e+01[39m
     27 Linear |R| = [32m2.673000e+01[39m
     28 Linear |R| = [32m1.924749e+01[39m
     29 Linear |R| = [32m1.333743e+01[39m
     30 Linear |R| = [32m9.616640e+00[39m
     31 Linear |R| = [32m7.738952e+00[39m
     32 Linear |R| = [32m5.924515e+00[39m
     33 Linear |R| = [32m4.300362e+00[39m
     34 Linear |R| = [32m3.161534e+00[39m
     35 Linear |R| = [32m2.313395e+00[39m
     36 Linear |R| = [32m1.711115e+00[39m
     37 Linear |R| = [32m1.323138e+00[39m
     38 Linear |R| = [32m1.042128e+00[39m
     39 Linear |R| = [32m8.048422e-01[39m
     40 Linear |R| = [32m6.278846e-01[39m
     41 Linear |R| = [32m4.858125e-01[39m
     42 Linear |R| = [32m3.629066e-01[39m
     43 Linear |R| = [32m2.746899e-01[39m
     44 Linear |R| = [32m2.122261e-01[39m
     45 Linear |R| = [32m1.690430e-01[39m
     46 Linear |R| = [32m1.392421e-01[39m
     47 Linear |R| = [32m1.163723e-01[39m
     48 Linear |R| = [32m9.528914e-02[39m
     49 Linear |R| = [32m7.848297e-02[39m
     50 Linear |R| = [32m6.729809e-02[39m
     51 Linear |R| = [32m6.182695e-02[39m
     52 Linear |R| = [32m5.822804e-02[39m
     53 Linear |R| = [32m5.524839e-02[39m
     54 Linear |R| = [33m5.331709e-02[39m
     55 Linear |R| = [33m5.202466e-02[39m
     56 Linear |R| = [33m5.133152e-02[39m
     57 Linear |R| = [33m5.103501e-02[39m
     58 Linear |R| = [33m5.089363e-02[39m
     59 Linear |R| = [33m5.052381e-02[39m
     60 Linear |R| = [33m5.052269e-02[39m
     61 Linear |R| = [33m5.040136e-02[39m
     62 Linear |R| = [33m5.038239e-02[39m
     63 Linear |R| = [33m5.028213e-02[39m
     64 Linear |R| = [33m4.963769e-02[39m
     65 Linear |R| = [33m4.893056e-02[39m
     66 Linear |R| = [33m4.831495e-02[39m
     67 Linear |R| = [33m4.742434e-02[39m
     68 Linear |R| = [33m4.565465e-02[39m
     69 Linear |R| = [33m4.347902e-02[39m
     70 Linear |R| = [32m4.099932e-02[39m
     71 Linear |R| = [32m3.703231e-02[39m
     72 Linear |R| = [32m3.266721e-02[39m
     73 Linear |R| = [32m2.884218e-02[39m
     74 Linear |R| = [32m2.344379e-02[39m
     75 Linear |R| = [32m1.887357e-02[39m
     76 Linear |R| = [32m1.502406e-02[39m
     77 Linear |R| = [32m1.180322e-02[39m
 4 Nonlinear |R| = [33m1.485187e+03[39m
      0 Linear |R| = [32m1.485187e+03[39m
      1 Linear |R| = [32m1.405281e+03[39m
      2 Linear |R| = [32m1.226023e+03[39m
      3 Linear |R| = [32m1.152574e+03[39m
      4 Linear |R| = [33m1.121931e+03[39m
      5 Linear |R| = [33m1.109399e+03[39m
      6 Linear |R| = [33m1.102172e+03[39m
      7 Linear |R| = [33m1.089838e+03[39m
      8 Linear |R| = [33m1.067262e+03[39m
      9 Linear |R| = [33m1.050339e+03[39m
     10 Linear |R| = [33m1.036831e+03[39m
     11 Linear |R| = [33m1.012134e+03[39m
     12 Linear |R| = [33m9.646455e+02[39m
     13 Linear |R| = [32m8.963190e+02[39m
     14 Linear |R| = [32m8.129752e+02[39m
     15 Linear |R| = [32m7.144472e+02[39m
     16 Linear |R| = [32m5.952097e+02[39m
     17 Linear |R| = [32m4.790747e+02[39m
     18 Linear |R| = [32m3.679096e+02[39m
     19 Linear |R| = [32m2.681023e+02[39m
     20 Linear |R| = [32m1.953579e+02[39m
     21 Linear |R| = [32m1.446374e+02[39m
     22 Linear |R| = [32m1.012462e+02[39m
     23 Linear |R| = [32m7.393992e+01[39m
     24 Linear |R| = [32m5.596306e+01[39m
     25 Linear |R| = [32m4.305762e+01[39m
     26 Linear |R| = [32m3.255251e+01[39m
     27 Linear |R| = [32m2.449037e+01[39m
     28 Linear |R| = [32m1.785611e+01[39m
     29 Linear |R| = [32m1.284636e+01[39m
     30 Linear |R| = [32m9.576435e+00[39m
     31 Linear |R| = [32m7.550064e+00[39m
     32 Linear |R| = [32m5.999748e+00[39m
     33 Linear |R| = [32m4.354571e+00[39m
     34 Linear |R| = [32m3.238540e+00[39m
     35 Linear |R| = [32m2.397573e+00[39m
     36 Linear |R| = [32m1.743292e+00[39m
     37 Linear |R| = [32m1.350599e+00[39m
     38 Linear |R| = [32m1.052645e+00[39m
     39 Linear |R| = [32m8.117960e-01[39m
     40 Linear |R| = [32m6.291115e-01[39m
     41 Linear |R| = [32m4.848840e-01[39m
     42 Linear |R| = [32m3.680226e-01[39m
     43 Linear |R| = [32m2.819527e-01[39m
     44 Linear |R| = [32m2.292531e-01[39m
     45 Linear |R| = [32m1.916645e-01[39m
     46 Linear |R| = [32m1.688747e-01[39m
     47 Linear |R| = [32m1.530023e-01[39m
     48 Linear |R| = [32m1.388580e-01[39m
     49 Linear |R| = [32m1.283519e-01[39m
     50 Linear |R| = [33m1.222805e-01[39m
     51 Linear |R| = [33m1.196363e-01[39m
     52 Linear |R| = [33m1.176719e-01[39m
     53 Linear |R| = [33m1.154731e-01[39m
     54 Linear |R| = [33m1.135719e-01[39m
     55 Linear |R| = [33m1.121834e-01[39m
     56 Linear |R| = [33m1.112972e-01[39m
     57 Linear |R| = [33m1.106439e-01[39m
     58 Linear |R| = [33m1.099192e-01[39m
     59 Linear |R| = [33m1.081103e-01[39m
     60 Linear |R| = [31m1.101566e-01[39m
     61 Linear |R| = [33m1.068052e-01[39m
     62 Linear |R| = [33m1.061651e-01[39m
     63 Linear |R| = [33m1.046617e-01[39m
     64 Linear |R| = [33m1.025884e-01[39m
     65 Linear |R| = [33m1.010568e-01[39m
     66 Linear |R| = [33m1.004028e-01[39m
     67 Linear |R| = [33m9.975236e-02[39m
     68 Linear |R| = [33m9.847180e-02[39m
     69 Linear |R| = [33m9.710894e-02[39m
     70 Linear |R| = [33m9.594054e-02[39m
     71 Linear |R| = [33m9.436611e-02[39m
     72 Linear |R| = [33m9.145982e-02[39m
     73 Linear |R| = [32m8.540330e-02[39m
     74 Linear |R| = [32m7.840776e-02[39m
     75 Linear |R| = [32m7.119170e-02[39m
     76 Linear |R| = [32m6.230788e-02[39m
     77 Linear |R| = [32m5.321210e-02[39m
     78 Linear |R| = [32m4.474048e-02[39m
     79 Linear |R| = [32m3.703849e-02[39m
     80 Linear |R| = [32m2.876781e-02[39m
     81 Linear |R| = [32m2.216425e-02[39m
     82 Linear |R| = [32m1.701813e-02[39m
     83 Linear |R| = [32m1.311107e-02[39m
 5 Nonlinear |R| = [33m1.479471e+03[39m
      0 Linear |R| = [32m1.479471e+03[39m
      1 Linear |R| = [32m1.296577e+03[39m
      2 Linear |R| = [32m1.106180e+03[39m
      3 Linear |R| = [32m9.892400e+02[39m
      4 Linear |R| = [33m9.464731e+02[39m
      5 Linear |R| = [33m9.186435e+02[39m
      6 Linear |R| = [32m8.416731e+02[39m
      7 Linear |R| = [32m6.923499e+02[39m
      8 Linear |R| = [32m5.312289e+02[39m
      9 Linear |R| = [32m4.338387e+02[39m
     10 Linear |R| = [32m3.574944e+02[39m
     11 Linear |R| = [32m2.840210e+02[39m
     12 Linear |R| = [32m2.223427e+02[39m
     13 Linear |R| = [32m1.688211e+02[39m
     14 Linear |R| = [32m1.300445e+02[39m
     15 Linear |R| = [32m9.899584e+01[39m
     16 Linear |R| = [32m7.534326e+01[39m
     17 Linear |R| = [32m5.517924e+01[39m
     18 Linear |R| = [32m3.986595e+01[39m
     19 Linear |R| = [32m2.908457e+01[39m
     20 Linear |R| = [32m2.088461e+01[39m
     21 Linear |R| = [32m1.522880e+01[39m
     22 Linear |R| = [32m1.082439e+01[39m
     23 Linear |R| = [32m7.859720e+00[39m
     24 Linear |R| = [32m5.927807e+00[39m
     25 Linear |R| = [32m4.546755e+00[39m
     26 Linear |R| = [32m3.445492e+00[39m
     27 Linear |R| = [32m2.541818e+00[39m
     28 Linear |R| = [32m1.921218e+00[39m
     29 Linear |R| = [32m1.386387e+00[39m
    Linear solve did not converge due to DIVERGED_BREAKDOWN iterations 30
 6 Nonlinear |R| = [32m1.343640e+03[39m
      0 Linear |R| = [32m1.343640e+03[39m
      1 Linear |R| = [32m1.099351e+03[39m
      2 Linear |R| = [32m9.031916e+02[39m
      3 Linear |R| = [32m7.609500e+02[39m
      4 Linear |R| = [32m7.119905e+02[39m
      5 Linear |R| = [32m6.453118e+02[39m
      6 Linear |R| = [32m4.703247e+02[39m
      7 Linear |R| = [32m3.100958e+02[39m
      8 Linear |R| = [32m2.229212e+02[39m
      9 Linear |R| = [32m1.761403e+02[39m
     10 Linear |R| = [32m1.418184e+02[39m
     11 Linear |R| = [32m1.111542e+02[39m
     12 Linear |R| = [32m8.558345e+01[39m
     13 Linear |R| = [32m6.294657e+01[39m
     14 Linear |R| = [32m4.800890e+01[39m
     15 Linear |R| = [32m3.738183e+01[39m
     16 Linear |R| = [32m2.816328e+01[39m
     17 Linear |R| = [32m2.053050e+01[39m
     18 Linear |R| = [32m1.506085e+01[39m
     19 Linear |R| = [32m1.089726e+01[39m
     20 Linear |R| = [32m7.814682e+00[39m
     21 Linear |R| = [32m5.706316e+00[39m
     22 Linear |R| = [32m4.112226e+00[39m
     23 Linear |R| = [32m3.118320e+00[39m
     24 Linear |R| = [32m2.404114e+00[39m
     25 Linear |R| = [32m1.805369e+00[39m
     26 Linear |R| = [32m1.320441e+00[39m
     27 Linear |R| = [32m9.757505e-01[39m
     28 Linear |R| = [32m7.404317e-01[39m
     29 Linear |R| = [32m5.354394e-01[39m
     30 Linear |R| = [32m3.740992e-01[39m
     31 Linear |R| = [32m2.994126e-01[39m
     32 Linear |R| = [32m2.324425e-01[39m
     33 Linear |R| = [32m1.738387e-01[39m
     34 Linear |R| = [32m1.255142e-01[39m
     35 Linear |R| = [32m8.811574e-02[39m
     36 Linear |R| = [32m6.324998e-02[39m
     37 Linear |R| = [32m4.730841e-02[39m
     38 Linear |R| = [32m3.654861e-02[39m
     39 Linear |R| = [32m2.855572e-02[39m
     40 Linear |R| = [32m2.173554e-02[39m
     41 Linear |R| = [32m1.620228e-02[39m
     42 Linear |R| = [32m1.155750e-02[39m
 7 Nonlinear |R| = [32m1.249848e+03[39m
      0 Linear |R| = [32m1.249848e+03[39m
      1 Linear |R| = [32m8.797740e+02[39m
      2 Linear |R| = [32m7.026352e+02[39m
      3 Linear |R| = [32m5.454384e+02[39m
      4 Linear |R| = [32m4.490159e+02[39m
      5 Linear |R| = [32m3.519656e+02[39m
      6 Linear |R| = [32m2.184013e+02[39m
      7 Linear |R| = [32m1.331164e+02[39m
      8 Linear |R| = [32m9.938545e+01[39m
      9 Linear |R| = [32m8.019913e+01[39m
     10 Linear |R| = [32m6.434822e+01[39m
     11 Linear |R| = [32m4.961992e+01[39m
     12 Linear |R| = [32m3.779483e+01[39m
     13 Linear |R| = [32m2.800456e+01[39m
     14 Linear |R| = [32m2.163862e+01[39m
     15 Linear |R| = [32m1.647437e+01[39m
     16 Linear |R| = [32m1.237664e+01[39m
     17 Linear |R| = [32m8.940604e+00[39m
     18 Linear |R| = [32m6.540538e+00[39m
     19 Linear |R| = [32m4.755620e+00[39m
     20 Linear |R| = [32m3.427072e+00[39m
     21 Linear |R| = [32m2.546217e+00[39m
     22 Linear |R| = [32m1.891175e+00[39m
     23 Linear |R| = [32m1.445336e+00[39m
     24 Linear |R| = [32m1.099912e+00[39m
     25 Linear |R| = [32m8.196669e-01[39m
     26 Linear |R| = [32m6.068596e-01[39m
     27 Linear |R| = [32m4.453832e-01[39m
     28 Linear |R| = [32m3.334024e-01[39m
     29 Linear |R| = [32m2.400302e-01[39m
     30 Linear |R| = [32m1.655090e-01[39m
     31 Linear |R| = [32m1.313182e-01[39m
     32 Linear |R| = [32m1.003223e-01[39m
     33 Linear |R| = [32m7.443660e-02[39m
     34 Linear |R| = [32m5.284253e-02[39m
     35 Linear |R| = [32m3.658474e-02[39m
     36 Linear |R| = [32m2.626506e-02[39m
     37 Linear |R| = [32m1.944990e-02[39m
     38 Linear |R| = [32m1.521091e-02[39m
     39 Linear |R| = [32m1.200081e-02[39m
 8 Nonlinear |R| = [32m9.998165e+02[39m
      0 Linear |R| = [32m9.998165e+02[39m
      1 Linear |R| = [32m4.473607e+02[39m
      2 Linear |R| = [32m3.112164e+02[39m
      3 Linear |R| = [32m2.065598e+02[39m
      4 Linear |R| = [32m1.286202e+02[39m
      5 Linear |R| = [32m8.115885e+01[39m
      6 Linear |R| = [32m5.559816e+01[39m
      7 Linear |R| = [32m4.236793e+01[39m
      8 Linear |R| = [32m3.496592e+01[39m
      9 Linear |R| = [32m2.871158e+01[39m
     10 Linear |R| = [32m2.183735e+01[39m
     11 Linear |R| = [32m1.598214e+01[39m
     12 Linear |R| = [32m1.225763e+01[39m
     13 Linear |R| = [32m9.119859e+00[39m
     14 Linear |R| = [32m6.801614e+00[39m
     15 Linear |R| = [32m5.004070e+00[39m
     16 Linear |R| = [32m3.752304e+00[39m
     17 Linear |R| = [32m2.773269e+00[39m
     18 Linear |R| = [32m1.997321e+00[39m
     19 Linear |R| = [32m1.484932e+00[39m
     20 Linear |R| = [32m1.115583e+00[39m
     21 Linear |R| = [32m8.345929e-01[39m
     22 Linear |R| = [32m6.411009e-01[39m
     23 Linear |R| = [32m5.055521e-01[39m
     24 Linear |R| = [32m3.735151e-01[39m
     25 Linear |R| = [32m2.684119e-01[39m
     26 Linear |R| = [32m1.973038e-01[39m
     27 Linear |R| = [32m1.427783e-01[39m
     28 Linear |R| = [32m1.008782e-01[39m
     29 Linear |R| = [32m6.862673e-02[39m
     30 Linear |R| = [32m4.603847e-02[39m
     31 Linear |R| = [32m3.572033e-02[39m
     32 Linear |R| = [32m2.651271e-02[39m
     33 Linear |R| = [32m1.905601e-02[39m
     34 Linear |R| = [32m1.330891e-02[39m
     35 Linear |R| = [32m9.429261e-03[39m
 9 Nonlinear |R| = [32m7.489109e+02[39m
      0 Linear |R| = [32m7.489109e+02[39m
      1 Linear |R| = [32m2.434679e+02[39m
      2 Linear |R| = [32m1.247020e+02[39m
      3 Linear |R| = [32m7.761505e+01[39m
      4 Linear |R| = [32m5.270590e+01[39m
      5 Linear |R| = [32m3.894122e+01[39m
      6 Linear |R| = [32m3.023306e+01[39m
      7 Linear |R| = [32m2.374986e+01[39m
      8 Linear |R| = [32m1.893933e+01[39m
      9 Linear |R| = [32m1.487711e+01[39m
     10 Linear |R| = [32m1.128076e+01[39m
     11 Linear |R| = [32m8.150172e+00[39m
     12 Linear |R| = [32m5.969957e+00[39m
     13 Linear |R| = [32m4.277259e+00[39m
     14 Linear |R| = [32m3.128217e+00[39m
     15 Linear |R| = [32m2.330043e+00[39m
     16 Linear |R| = [32m1.764453e+00[39m
     17 Linear |R| = [32m1.312130e+00[39m
     18 Linear |R| = [32m9.292244e-01[39m
     19 Linear |R| = [32m6.832028e-01[39m
     20 Linear |R| = [32m5.373448e-01[39m
     21 Linear |R| = [32m4.247446e-01[39m
     22 Linear |R| = [32m3.334810e-01[39m
     23 Linear |R| = [32m2.625653e-01[39m
     24 Linear |R| = [32m1.912484e-01[39m
     25 Linear |R| = [32m1.324597e-01[39m
     26 Linear |R| = [32m9.031473e-02[39m
     27 Linear |R| = [32m6.119131e-02[39m
     28 Linear |R| = [32m4.134753e-02[39m
     29 Linear |R| = [32m2.827337e-02[39m
     30 Linear |R| = [32m2.052668e-02[39m
     31 Linear |R| = [32m1.683789e-02[39m
     32 Linear |R| = [32m1.288475e-02[39m
     33 Linear |R| = [32m9.376573e-03[39m
     34 Linear |R| = [32m6.706512e-03[39m
10 Nonlinear |R| = [32m1.996608e+02[39m
      0 Linear |R| = [32m1.996608e+02[39m
      1 Linear |R| = [32m6.097861e+01[39m
      2 Linear |R| = [32m1.894159e+01[39m
      3 Linear |R| = [32m8.550604e+00[39m
      4 Linear |R| = [32m4.437822e+00[39m
      5 Linear |R| = [32m3.034848e+00[39m
      6 Linear |R| = [32m2.302994e+00[39m
      7 Linear |R| = [32m1.707355e+00[39m
      8 Linear |R| = [32m1.299633e+00[39m
      9 Linear |R| = [32m9.773814e-01[39m
     10 Linear |R| = [32m7.424256e-01[39m
     11 Linear |R| = [32m5.417161e-01[39m
     12 Linear |R| = [32m3.853812e-01[39m
     13 Linear |R| = [32m2.766088e-01[39m
     14 Linear |R| = [32m2.046587e-01[39m
     15 Linear |R| = [32m1.570532e-01[39m
     16 Linear |R| = [32m1.206550e-01[39m
     17 Linear |R| = [32m8.912341e-02[39m
     18 Linear |R| = [32m6.387922e-02[39m
     19 Linear |R| = [32m4.609185e-02[39m
     20 Linear |R| = [32m3.373736e-02[39m
     21 Linear |R| = [32m2.627858e-02[39m
     22 Linear |R| = [32m2.043918e-02[39m
     23 Linear |R| = [32m1.582559e-02[39m
     24 Linear |R| = [32m1.210717e-02[39m
     25 Linear |R| = [32m9.137349e-03[39m
     26 Linear |R| = [32m6.567526e-03[39m
     27 Linear |R| = [32m4.553329e-03[39m
     28 Linear |R| = [32m3.232421e-03[39m
     29 Linear |R| = [32m2.387773e-03[39m
     30 Linear |R| = [32m1.809497e-03[39m
11 Nonlinear |R| = [32m2.909140e+01[39m
      0 Linear |R| = [32m2.909140e+01[39m
      1 Linear |R| = [32m6.567777e+00[39m
      2 Linear |R| = [32m1.477742e+00[39m
      3 Linear |R| = [32m6.688287e-01[39m
      4 Linear |R| = [32m3.848364e-01[39m
      5 Linear |R| = [32m2.424034e-01[39m
      6 Linear |R| = [32m1.657790e-01[39m
      7 Linear |R| = [32m1.264110e-01[39m
      8 Linear |R| = [32m9.360618e-02[39m
      9 Linear |R| = [32m7.062549e-02[39m
     10 Linear |R| = [32m5.404637e-02[39m
     11 Linear |R| = [32m3.993656e-02[39m
     12 Linear |R| = [32m3.000811e-02[39m
     13 Linear |R| = [32m2.240833e-02[39m
     14 Linear |R| = [32m1.643623e-02[39m
     15 Linear |R| = [32m1.209682e-02[39m
     16 Linear |R| = [32m9.395178e-03[39m
     17 Linear |R| = [32m7.042771e-03[39m
     18 Linear |R| = [32m5.127185e-03[39m
     19 Linear |R| = [32m3.700536e-03[39m
     20 Linear |R| = [32m2.773556e-03[39m
     21 Linear |R| = [32m2.135027e-03[39m
     22 Linear |R| = [32m1.623780e-03[39m
     23 Linear |R| = [32m1.264014e-03[39m
     24 Linear |R| = [32m9.500590e-04[39m
     25 Linear |R| = [32m7.075282e-04[39m
     26 Linear |R| = [32m5.287613e-04[39m
     27 Linear |R| = [32m3.856889e-04[39m
     28 Linear |R| = [32m2.674267e-04[39m
12 Nonlinear |R| = [32m6.552366e-01[39m
      0 Linear |R| = [32m6.552366e-01[39m
      1 Linear |R| = [32m2.220454e-01[39m
      2 Linear |R| = [32m6.626483e-02[39m
      3 Linear |R| = [32m2.953925e-02[39m
      4 Linear |R| = [32m1.450572e-02[39m
      5 Linear |R| = [32m8.375577e-03[39m
      6 Linear |R| = [32m5.531454e-03[39m
      7 Linear |R| = [32m3.964664e-03[39m
      8 Linear |R| = [32m2.892959e-03[39m
      9 Linear |R| = [32m2.201117e-03[39m
     10 Linear |R| = [32m1.653331e-03[39m
     11 Linear |R| = [32m1.262188e-03[39m
     12 Linear |R| = [32m9.431662e-04[39m
     13 Linear |R| = [32m6.892238e-04[39m
     14 Linear |R| = [32m4.894978e-04[39m
     15 Linear |R| = [32m3.357448e-04[39m
     16 Linear |R| = [32m2.414456e-04[39m
     17 Linear |R| = [32m1.803076e-04[39m
     18 Linear |R| = [32m1.324824e-04[39m
     19 Linear |R| = [32m9.560526e-05[39m
     20 Linear |R| = [32m7.181181e-05[39m
     21 Linear |R| = [32m5.475164e-05[39m
     22 Linear |R| = [32m4.167679e-05[39m
     23 Linear |R| = [32m3.233085e-05[39m
     24 Linear |R| = [32m2.506624e-05[39m
     25 Linear |R| = [32m1.861304e-05[39m
     26 Linear |R| = [32m1.372779e-05[39m
     27 Linear |R| = [32m1.022567e-05[39m
     28 Linear |R| = [32m7.326394e-06[39m
     29 Linear |R| = [32m5.073993e-06[39m
13 Nonlinear |R| = [32m2.935689e-02[39m
      0 Linear |R| = [32m2.935689e-02[39m
      1 Linear |R| = [32m8.557403e-03[39m
      2 Linear |R| = [32m3.011874e-03[39m
      3 Linear |R| = [32m1.341140e-03[39m
      4 Linear |R| = [32m6.344392e-04[39m
      5 Linear |R| = [32m3.613310e-04[39m
      6 Linear |R| = [32m2.241795e-04[39m
      7 Linear |R| = [32m1.551880e-04[39m
      8 Linear |R| = [32m1.077905e-04[39m
      9 Linear |R| = [32m7.593392e-05[39m
     10 Linear |R| = [32m5.483236e-05[39m
     11 Linear |R| = [32m4.064452e-05[39m
     12 Linear |R| = [32m2.963974e-05[39m
     13 Linear |R| = [32m2.245759e-05[39m
     14 Linear |R| = [32m1.667638e-05[39m
     15 Linear |R| = [32m1.205618e-05[39m
     16 Linear |R| = [32m8.571074e-06[39m
     17 Linear |R| = [32m5.872682e-06[39m
     18 Linear |R| = [32m4.176459e-06[39m
     19 Linear |R| = [32m3.108484e-06[39m
     20 Linear |R| = [32m2.357169e-06[39m
     21 Linear |R| = [32m1.780541e-06[39m
     22 Linear |R| = [32m1.366690e-06[39m
     23 Linear |R| = [32m1.043433e-06[39m
     24 Linear |R| = [32m8.024552e-07[39m
     25 Linear |R| = [32m6.088025e-07[39m
     26 Linear |R| = [32m4.616151e-07[39m
     27 Linear |R| = [32m3.518063e-07[39m
     28 Linear |R| = [32m2.536830e-07[39m
14 Nonlinear |R| = [32m5.672796e-07[39m
  Finished Solving                                                                       [[33m 51.01 s[39m] [[33m  233 MB[39m]
[32m Solve Converged![39m

Postprocessor Values:
+----------------+------------------+----------------+----------------+
| time           | reaction_force_z | top_disp_z     | vonmises_max   |
+----------------+------------------+----------------+----------------+
|   0.000000e+00 |     0.000000e+00 |   0.000000e+00 |   0.000000e+00 |
|   5.000000e-02 |     8.358701e-06 |  -1.500000e-04 |   1.647977e+06 |
|   1.000000e-01 |    -2.954241e-06 |  -3.000000e-04 |   3.230259e+06 |
|   1.500000e-01 |    -1.606740e-06 |  -4.500000e-04 |   3.500000e+06 |
|   2.000000e-01 |    -2.566079e-06 |  -6.000000e-04 |   3.500000e+06 |
|   2.500000e-01 |     4.969035e-05 |  -7.500000e-04 |   3.500000e+06 |
|   3.000000e-01 |     9.995144e-07 |  -9.000000e-04 |   3.500000e+06 |
|   3.500000e-01 |    -1.527458e-05 |  -1.050000e-03 |   3.500000e+06 |
|   4.000000e-01 |    -6.849320e-07 |  -1.200000e-03 |   3.500000e+06 |
|   4.500000e-01 |     7.913526e-05 |  -1.350000e-03 |   3.500000e+06 |
|   5.000000e-01 |     2.707347e-05 |  -1.500000e-03 |   3.500000e+06 |
|   5.500000e-01 |     1.150767e-05 |  -1.650000e-03 |   3.500000e+06 |
+----------------+------------------+----------------+----------------+


Time Step 12, time = 0.6, dt = 0.05
 0 Nonlinear |R| = [32m1.610794e+03[39m
      0 Linear |R| = [32m1.610794e+03[39m
      1 Linear |R| = [32m1.521629e+03[39m
      2 Linear |R| = [32m1.183281e+03[39m
      3 Linear |R| = [32m1.048001e+03[39m
      4 Linear |R| = [32m9.895987e+02[39m
      5 Linear |R| = [32m9.139575e+02[39m
      6 Linear |R| = [32m7.410170e+02[39m
      7 Linear |R| = [32m5.208328e+02[39m
      8 Linear |R| = [32m3.310898e+02[39m
      9 Linear |R| = [32m2.004547e+02[39m
     10 Linear |R| = [32m1.184144e+02[39m
     11 Linear |R| = [32m7.459177e+01[39m
     12 Linear |R| = [32m4.401597e+01[39m
     13 Linear |R| = [32m2.740264e+01[39m
     14 Linear |R| = [32m1.776659e+01[39m
     15 Linear |R| = [32m1.135314e+01[39m
     16 Linear |R| = [32m7.173257e+00[39m
     17 Linear |R| = [32m4.418557e+00[39m
     18 Linear |R| = [32m2.693691e+00[39m
     19 Linear |R| = [32m1.706667e+00[39m
     20 Linear |R| = [32m1.149641e+00[39m
     21 Linear |R| = [32m8.160035e-01[39m
     22 Linear |R| = [32m6.300390e-01[39m
     23 Linear |R| = [32m5.015905e-01[39m
     24 Linear |R| = [32m3.898158e-01[39m
     25 Linear |R| = [32m2.861185e-01[39m
     26 Linear |R| = [32m2.094355e-01[39m
     27 Linear |R| = [32m1.477036e-01[39m
     28 Linear |R| = [32m9.709647e-02[39m
     29 Linear |R| = [32m6.049088e-02[39m
    Linear solve did not converge due to DIVERGED_BREAKDOWN iterations 30
 1 Nonlinear |R| = [32m1.488228e+03[39m
      0 Linear |R| = [32m1.488228e+03[39m
      1 Linear |R| = [33m1.414948e+03[39m
      2 Linear |R| = [32m1.218028e+03[39m
      3 Linear |R| = [33m1.164027e+03[39m
      4 Linear |R| = [33m1.140953e+03[39m
      5 Linear |R| = [33m1.120020e+03[39m
      6 Linear |R| = [33m1.105535e+03[39m
      7 Linear |R| = [33m1.096988e+03[39m
      8 Linear |R| = [33m1.090723e+03[39m
      9 Linear |R| = [33m1.082991e+03[39m
     10 Linear |R| = [33m1.071117e+03[39m
     11 Linear |R| = [33m1.054127e+03[39m
     12 Linear |R| = [33m1.034532e+03[39m
     13 Linear |R| = [33m1.007220e+03[39m
     14 Linear |R| = [32m9.509715e+02[39m
     15 Linear |R| = [32m8.677841e+02[39m
     16 Linear |R| = [32m7.734524e+02[39m
     17 Linear |R| = [32m6.498161e+02[39m
     18 Linear |R| = [32m5.151566e+02[39m
     19 Linear |R| = [32m3.927821e+02[39m
     20 Linear |R| = [32m2.905716e+02[39m
     21 Linear |R| = [32m2.108587e+02[39m
     22 Linear |R| = [32m1.545489e+02[39m
     23 Linear |R| = [32m1.148172e+02[39m
     24 Linear |R| = [32m8.649316e+01[39m
     25 Linear |R| = [32m6.356394e+01[39m
     26 Linear |R| = [32m4.606689e+01[39m
     27 Linear |R| = [32m3.450194e+01[39m
     28 Linear |R| = [32m2.524645e+01[39m
     29 Linear |R| = [32m1.761477e+01[39m
     30 Linear |R| = [31m8.475534e+01[39m
     31 Linear |R| = [32m2.754300e+01[39m
     32 Linear |R| = [32m1.345596e+01[39m
     33 Linear |R| = [32m9.213822e+00[39m
     34 Linear |R| = [32m6.978530e+00[39m
     35 Linear |R| = [32m5.114921e+00[39m
     36 Linear |R| = [32m3.767633e+00[39m
     37 Linear |R| = [32m2.815371e+00[39m
     38 Linear |R| = [32m2.105768e+00[39m
     39 Linear |R| = [32m1.609013e+00[39m
     40 Linear |R| = [32m1.250163e+00[39m
     41 Linear |R| = [32m9.822693e-01[39m
     42 Linear |R| = [32m7.648634e-01[39m
     43 Linear |R| = [32m5.898249e-01[39m
     44 Linear |R| = [32m4.458816e-01[39m
     45 Linear |R| = [32m3.416394e-01[39m
     46 Linear |R| = [32m2.586623e-01[39m
     47 Linear |R| = [32m2.027646e-01[39m
     48 Linear |R| = [32m1.619326e-01[39m
     49 Linear |R| = [32m1.315788e-01[39m
     50 Linear |R| = [32m1.046369e-01[39m
     51 Linear |R| = [32m8.477543e-02[39m
     52 Linear |R| = [32m6.861302e-02[39m
     53 Linear |R| = [32m5.759982e-02[39m
     54 Linear |R| = [32m5.069087e-02[39m
     55 Linear |R| = [32m4.608834e-02[39m
     56 Linear |R| = [32m4.346187e-02[39m
     57 Linear |R| = [33m4.185321e-02[39m
     58 Linear |R| = [33m4.090744e-02[39m
     59 Linear |R| = [33m4.024140e-02[39m
     60 Linear |R| = [31m6.960479e-02[39m
     61 Linear |R| = [32m4.351215e-02[39m
     62 Linear |R| = [32m4.059385e-02[39m
     63 Linear |R| = [33m3.994776e-02[39m
     64 Linear |R| = [33m3.977842e-02[39m
     65 Linear |R| = [33m3.965403e-02[39m
     66 Linear |R| = [33m3.951641e-02[39m
     67 Linear |R| = [33m3.942061e-02[39m
     68 Linear |R| = [33m3.922588e-02[39m
     69 Linear |R| = [33m3.874755e-02[39m
     70 Linear |R| = [33m3.790015e-02[39m
     71 Linear |R| = [33m3.689062e-02[39m
     72 Linear |R| = [33m3.507585e-02[39m
     73 Linear |R| = [32m3.241954e-02[39m
     74 Linear |R| = [32m2.921089e-02[39m
     75 Linear |R| = [32m2.586835e-02[39m
     76 Linear |R| = [32m2.103739e-02[39m
     77 Linear |R| = [32m1.584321e-02[39m
     78 Linear |R| = [32m1.155160e-02[39m
 2 Nonlinear |R| = [33m1.486549e+03[39m
      0 Linear |R| = [32m1.486549e+03[39m
      1 Linear |R| = [32m1.410285e+03[39m
      2 Linear |R| = [32m1.217584e+03[39m
      3 Linear |R| = [33m1.162372e+03[39m
      4 Linear |R| = [33m1.135405e+03[39m
      5 Linear |R| = [33m1.115114e+03[39m
      6 Linear |R| = [33m1.102271e+03[39m
      7 Linear |R| = [33m1.093527e+03[39m
      8 Linear |R| = [33m1.085804e+03[39m
      9 Linear |R| = [33m1.076252e+03[39m
     10 Linear |R| = [33m1.062832e+03[39m
     11 Linear |R| = [33m1.045263e+03[39m
     12 Linear |R| = [33m1.025753e+03[39m
     13 Linear |R| = [33m9.962822e+02[39m
     14 Linear |R| = [32m9.333186e+02[39m
     15 Linear |R| = [32m8.441774e+02[39m
     16 Linear |R| = [32m7.506009e+02[39m
     17 Linear |R| = [32m6.340482e+02[39m
     18 Linear |R| = [32m5.006268e+02[39m
     19 Linear |R| = [32m3.770570e+02[39m
     20 Linear |R| = [32m2.766715e+02[39m
     21 Linear |R| = [32m2.062863e+02[39m
     22 Linear |R| = [32m1.511203e+02[39m
     23 Linear |R| = [32m1.116677e+02[39m
     24 Linear |R| = [32m8.394790e+01[39m
     25 Linear |R| = [32m6.309396e+01[39m
     26 Linear |R| = [32m4.635610e+01[39m
     27 Linear |R| = [32m3.506288e+01[39m
     28 Linear |R| = [32m2.557327e+01[39m
     29 Linear |R| = [32m1.785226e+01[39m
     30 Linear |R| = [32m1.233857e+01[39m
     31 Linear |R| = [32m9.982219e+00[39m
     32 Linear |R| = [32m7.640699e+00[39m
     33 Linear |R| = [32m5.598690e+00[39m
     34 Linear |R| = [32m4.078624e+00[39m
     35 Linear |R| = [32m2.935839e+00[39m
     36 Linear |R| = [32m2.177572e+00[39m
     37 Linear |R| = [32m1.672897e+00[39m
     38 Linear |R| = [32m1.303675e+00[39m
     39 Linear |R| = [32m1.018692e+00[39m
     40 Linear |R| = [32m8.049455e-01[39m
     41 Linear |R| = [32m6.300839e-01[39m
     42 Linear |R| = [32m4.715985e-01[39m
     43 Linear |R| = [32m3.465976e-01[39m
     44 Linear |R| = [32m2.637820e-01[39m
     45 Linear |R| = [32m2.101150e-01[39m
     46 Linear |R| = [32m1.692750e-01[39m
     47 Linear |R| = [32m1.431550e-01[39m
     48 Linear |R| = [32m1.186913e-01[39m
     49 Linear |R| = [32m9.788764e-02[39m
     50 Linear |R| = [32m8.351660e-02[39m
     51 Linear |R| = [32m7.457159e-02[39m
     52 Linear |R| = [32m6.848006e-02[39m
     53 Linear |R| = [32m6.461056e-02[39m
     54 Linear |R| = [33m6.258804e-02[39m
     55 Linear |R| = [33m6.158605e-02[39m
     56 Linear |R| = [33m6.115691e-02[39m
     57 Linear |R| = [33m6.050746e-02[39m
     58 Linear |R| = [33m5.974226e-02[39m
     59 Linear |R| = [33m5.947123e-02[39m
     60 Linear |R| = [33m5.899939e-02[39m
     61 Linear |R| = [33m5.878731e-02[39m
     62 Linear |R| = [33m5.876449e-02[39m
     63 Linear |R| = [33m5.866484e-02[39m
     64 Linear |R| = [33m5.838320e-02[39m
     65 Linear |R| = [33m5.796014e-02[39m
     66 Linear |R| = [33m5.733321e-02[39m
     67 Linear |R| = [33m5.661621e-02[39m
     68 Linear |R| = [33m5.581025e-02[39m
     69 Linear |R| = [33m5.389847e-02[39m
     70 Linear |R| = [33m5.137538e-02[39m
     71 Linear |R| = [32m4.833658e-02[39m
     72 Linear |R| = [32m4.379946e-02[39m
     73 Linear |R| = [32m3.895626e-02[39m
     74 Linear |R| = [32m3.327190e-02[39m
     75 Linear |R| = [32m2.662859e-02[39m
     76 Linear |R| = [32m2.086338e-02[39m
     77 Linear |R| = [32m1.641243e-02[39m
     78 Linear |R| = [32m1.260919e-02[39m
 3 Nonlinear |R| = [33m1.484759e+03[39m
      0 Linear |R| = [32m1.484759e+03[39m
      1 Linear |R| = [32m1.405055e+03[39m
      2 Linear |R| = [32m1.219355e+03[39m
      3 Linear |R| = [32m1.156667e+03[39m
      4 Linear |R| = [33m1.125454e+03[39m
      5 Linear |R| = [33m1.108452e+03[39m
      6 Linear |R| = [33m1.098547e+03[39m
      7 Linear |R| = [33m1.089000e+03[39m
      8 Linear |R| = [33m1.076545e+03[39m
      9 Linear |R| = [33m1.063385e+03[39m
     10 Linear |R| = [33m1.049922e+03[39m
     11 Linear |R| = [33m1.032825e+03[39m
     12 Linear |R| = [33m1.009254e+03[39m
     13 Linear |R| = [33m9.674213e+02[39m
     14 Linear |R| = [32m8.948237e+02[39m
     15 Linear |R| = [32m8.059674e+02[39m
     16 Linear |R| = [32m7.071245e+02[39m
     17 Linear |R| = [32m5.913710e+02[39m
     18 Linear |R| = [32m4.618338e+02[39m
     19 Linear |R| = [32m3.411235e+02[39m
     20 Linear |R| = [32m2.524496e+02[39m
     21 Linear |R| = [32m1.913186e+02[39m
     22 Linear |R| = [32m1.374394e+02[39m
     23 Linear |R| = [32m1.016070e+02[39m
     24 Linear |R| = [32m7.722071e+01[39m
     25 Linear |R| = [32m5.897756e+01[39m
     26 Linear |R| = [32m4.373590e+01[39m
     27 Linear |R| = [32m3.280378e+01[39m
     28 Linear |R| = [32m2.405121e+01[39m
     29 Linear |R| = [32m1.696478e+01[39m
     30 Linear |R| = [32m1.219408e+01[39m
     31 Linear |R| = [32m9.892543e+00[39m
     32 Linear |R| = [32m7.658850e+00[39m
     33 Linear |R| = [32m5.653389e+00[39m
     34 Linear |R| = [32m4.178115e+00[39m
     35 Linear |R| = [32m3.014894e+00[39m
     36 Linear |R| = [32m2.209869e+00[39m
     37 Linear |R| = [32m1.698556e+00[39m
     38 Linear |R| = [32m1.319994e+00[39m
     39 Linear |R| = [32m1.013173e+00[39m
     40 Linear |R| = [32m7.932093e-01[39m
     41 Linear |R| = [32m6.219791e-01[39m
     42 Linear |R| = [32m4.643326e-01[39m
     43 Linear |R| = [32m3.397002e-01[39m
     44 Linear |R| = [32m2.504825e-01[39m
     45 Linear |R| = [32m1.891255e-01[39m
     46 Linear |R| = [32m1.512591e-01[39m
     47 Linear |R| = [32m1.258693e-01[39m
     48 Linear |R| = [32m1.028462e-01[39m
     49 Linear |R| = [32m8.272614e-02[39m
     50 Linear |R| = [32m6.582297e-02[39m
     51 Linear |R| = [32m5.402974e-02[39m
     52 Linear |R| = [32m4.581973e-02[39m
     53 Linear |R| = [32m4.089150e-02[39m
     54 Linear |R| = [32m3.803555e-02[39m
     55 Linear |R| = [32m3.596727e-02[39m
     56 Linear |R| = [33m3.491523e-02[39m
     57 Linear |R| = [33m3.402902e-02[39m
     58 Linear |R| = [33m3.322875e-02[39m
     59 Linear |R| = [33m3.293926e-02[39m
     60 Linear |R| = [33m3.278771e-02[39m
     61 Linear |R| = [33m3.257203e-02[39m
     62 Linear |R| = [33m3.256312e-02[39m
     63 Linear |R| = [33m3.252366e-02[39m
     64 Linear |R| = [33m3.233410e-02[39m
     65 Linear |R| = [33m3.203967e-02[39m
     66 Linear |R| = [33m3.158220e-02[39m
     67 Linear |R| = [33m3.099567e-02[39m
     68 Linear |R| = [33m2.980080e-02[39m
     69 Linear |R| = [32m2.759744e-02[39m
     70 Linear |R| = [32m2.504920e-02[39m
     71 Linear |R| = [32m2.190887e-02[39m
     72 Linear |R| = [32m1.818202e-02[39m
     73 Linear |R| = [32m1.440420e-02[39m
 4 Nonlinear |R| = [33m1.482846e+03[39m
      0 Linear |R| = [32m1.482846e+03[39m
      1 Linear |R| = [32m1.400443e+03[39m
      2 Linear |R| = [32m1.220783e+03[39m
      3 Linear |R| = [32m1.141119e+03[39m
      4 Linear |R| = [33m1.110733e+03[39m
      5 Linear |R| = [33m1.100636e+03[39m
      6 Linear |R| = [33m1.094373e+03[39m
      7 Linear |R| = [33m1.079485e+03[39m
      8 Linear |R| = [33m1.054004e+03[39m
      9 Linear |R| = [33m1.039453e+03[39m
     10 Linear |R| = [33m1.029912e+03[39m
     11 Linear |R| = [33m1.008707e+03[39m
     12 Linear |R| = [33m9.643835e+02[39m
     13 Linear |R| = [32m9.064462e+02[39m
     14 Linear |R| = [32m8.355456e+02[39m
     15 Linear |R| = [32m7.459991e+02[39m
     16 Linear |R| = [32m6.292326e+02[39m
     17 Linear |R| = [32m5.156208e+02[39m
     18 Linear |R| = [32m3.944517e+02[39m
     19 Linear |R| = [32m2.893034e+02[39m
     20 Linear |R| = [32m2.149898e+02[39m
     21 Linear |R| = [32m1.624436e+02[39m
     22 Linear |R| = [32m1.156591e+02[39m
     23 Linear |R| = [32m8.616660e+01[39m
     24 Linear |R| = [32m6.597818e+01[39m
     25 Linear |R| = [32m5.043186e+01[39m
     26 Linear |R| = [32m3.754305e+01[39m
     27 Linear |R| = [32m2.810667e+01[39m
     28 Linear |R| = [32m2.077273e+01[39m
     29 Linear |R| = [32m1.510676e+01[39m
     30 Linear |R| = [32m1.118477e+01[39m
     31 Linear |R| = [32m8.831295e+00[39m
     32 Linear |R| = [32m7.107043e+00[39m
     33 Linear |R| = [32m5.201275e+00[39m
     34 Linear |R| = [32m3.894621e+00[39m
     35 Linear |R| = [32m2.865470e+00[39m
     36 Linear |R| = [32m2.076545e+00[39m
     37 Linear |R| = [32m1.588935e+00[39m
     38 Linear |R| = [32m1.226492e+00[39m
     39 Linear |R| = [32m9.441118e-01[39m
     40 Linear |R| = [32m7.318504e-01[39m
     41 Linear |R| = [32m5.605857e-01[39m
     42 Linear |R| = [32m4.191805e-01[39m
     43 Linear |R| = [32m3.041061e-01[39m
     44 Linear |R| = [32m2.253541e-01[39m
     45 Linear |R| = [32m1.646756e-01[39m
     46 Linear |R| = [32m1.286014e-01[39m
     47 Linear |R| = [32m1.072161e-01[39m
     48 Linear |R| = [32m8.748756e-02[39m
     49 Linear |R| = [32m7.056388e-02[39m
     50 Linear |R| = [32m5.736602e-02[39m
     51 Linear |R| = [32m4.832135e-02[39m
     52 Linear |R| = [32m4.193786e-02[39m
     53 Linear |R| = [32m3.732395e-02[39m
     54 Linear |R| = [32m3.409030e-02[39m
     55 Linear |R| = [32m3.197558e-02[39m
     56 Linear |R| = [33m3.075770e-02[39m
     57 Linear |R| = [33m2.997509e-02[39m
     58 Linear |R| = [33m2.956838e-02[39m
     59 Linear |R| = [33m2.919048e-02[39m
     60 Linear |R| = [31m2.922577e-02[39m
     61 Linear |R| = [33m2.913110e-02[39m
     62 Linear |R| = [33m2.913108e-02[39m
     63 Linear |R| = [33m2.905347e-02[39m
     64 Linear |R| = [33m2.874714e-02[39m
     65 Linear |R| = [33m2.840658e-02[39m
     66 Linear |R| = [33m2.794802e-02[39m
     67 Linear |R| = [33m2.723707e-02[39m
     68 Linear |R| = [32m2.546545e-02[39m
     69 Linear |R| = [32m2.303050e-02[39m
     70 Linear |R| = [32m2.072966e-02[39m
     71 Linear |R| = [32m1.728160e-02[39m
     72 Linear |R| = [32m1.360105e-02[39m
 5 Nonlinear |R| = [33m1.424752e+03[39m
      0 Linear |R| = [32m1.424752e+03[39m
      1 Linear |R| = [32m1.131674e+03[39m
      2 Linear |R| = [32m9.328198e+02[39m
      3 Linear |R| = [32m7.960885e+02[39m
      4 Linear |R| = [32m7.400008e+02[39m
      5 Linear |R| = [32m6.839814e+02[39m
      6 Linear |R| = [32m5.219199e+02[39m
      7 Linear |R| = [32m3.488827e+02[39m
      8 Linear |R| = [32m2.508794e+02[39m
      9 Linear |R| = [32m2.010504e+02[39m
     10 Linear |R| = [32m1.622230e+02[39m
     11 Linear |R| = [32m1.305485e+02[39m
     12 Linear |R| = [32m1.018484e+02[39m
     13 Linear |R| = [32m7.581914e+01[39m
     14 Linear |R| = [32m5.713940e+01[39m
     15 Linear |R| = [32m4.400541e+01[39m
     16 Linear |R| = [32m3.299944e+01[39m
     17 Linear |R| = [32m2.414450e+01[39m
     18 Linear |R| = [32m1.756438e+01[39m
     19 Linear |R| = [32m1.289907e+01[39m
     20 Linear |R| = [32m9.361120e+00[39m
     21 Linear |R| = [32m6.957248e+00[39m
     22 Linear |R| = [32m5.038251e+00[39m
     23 Linear |R| = [32m3.774059e+00[39m
     24 Linear |R| = [32m2.914247e+00[39m
     25 Linear |R| = [32m2.212389e+00[39m
     26 Linear |R| = [32m1.613128e+00[39m
     27 Linear |R| = [32m1.169283e+00[39m
     28 Linear |R| = [32m8.858919e-01[39m
     29 Linear |R| = [32m6.510629e-01[39m
     30 Linear |R| = [31m6.772558e+01[39m
     31 Linear |R| = [32m1.900799e+01[39m
     32 Linear |R| = [32m6.176931e+00[39m
     33 Linear |R| = [32m3.162597e+00[39m
     34 Linear |R| = [32m2.223133e+00[39m
     35 Linear |R| = [32m1.610420e+00[39m
     36 Linear |R| = [32m1.215260e+00[39m
     37 Linear |R| = [32m1.033692e+00[39m
     38 Linear |R| = [32m9.132174e-01[39m
     39 Linear |R| = [32m7.908728e-01[39m
     40 Linear |R| = [32m6.765897e-01[39m
     41 Linear |R| = [32m5.641813e-01[39m
     42 Linear |R| = [32m4.542510e-01[39m
     43 Linear |R| = [32m3.741822e-01[39m
     44 Linear |R| = [32m3.130069e-01[39m
     45 Linear |R| = [32m2.612293e-01[39m
     46 Linear |R| = [32m2.214462e-01[39m
     47 Linear |R| = [32m1.871264e-01[39m
     48 Linear |R| = [32m1.510668e-01[39m
     49 Linear |R| = [32m1.168545e-01[39m
     50 Linear |R| = [32m8.808839e-02[39m
     51 Linear |R| = [32m6.332700e-02[39m
     52 Linear |R| = [32m4.641842e-02[39m
     53 Linear |R| = [32m3.395028e-02[39m
     54 Linear |R| = [32m2.505832e-02[39m
     55 Linear |R| = [32m1.818526e-02[39m
     56 Linear |R| = [32m1.300460e-02[39m
 6 Nonlinear |R| = [32m1.281754e+03[39m
      0 Linear |R| = [32m1.281754e+03[39m
      1 Linear |R| = [32m3.320392e+02[39m
      2 Linear |R| = [32m1.313786e+02[39m
      3 Linear |R| = [32m8.009302e+01[39m
      4 Linear |R| = [32m5.406153e+01[39m
      5 Linear |R| = [32m4.024461e+01[39m
      6 Linear |R| = [32m2.953180e+01[39m
      7 Linear |R| = [32m2.263052e+01[39m
      8 Linear |R| = [32m1.793562e+01[39m
      9 Linear |R| = [32m1.409009e+01[39m
     10 Linear |R| = [32m1.080037e+01[39m
     11 Linear |R| = [32m7.868356e+00[39m
     12 Linear |R| = [32m5.608508e+00[39m
     13 Linear |R| = [32m4.155531e+00[39m
     14 Linear |R| = [32m3.058854e+00[39m
     15 Linear |R| = [32m2.211718e+00[39m
     16 Linear |R| = [32m1.689922e+00[39m
     17 Linear |R| = [32m1.273967e+00[39m
     18 Linear |R| = [32m8.995711e-01[39m
     19 Linear |R| = [32m6.294064e-01[39m
     20 Linear |R| = [32m4.780610e-01[39m
     21 Linear |R| = [32m3.757796e-01[39m
     22 Linear |R| = [32m2.997130e-01[39m
     23 Linear |R| = [32m2.420003e-01[39m
     24 Linear |R| = [32m1.879512e-01[39m
     25 Linear |R| = [32m1.393126e-01[39m
     26 Linear |R| = [32m9.820837e-02[39m
     27 Linear |R| = [32m7.153867e-02[39m
     28 Linear |R| = [32m5.061359e-02[39m
     29 Linear |R| = [32m3.425906e-02[39m
     30 Linear |R| = [32m2.346451e-02[39m
     31 Linear |R| = [32m1.871180e-02[39m
     32 Linear |R| = [32m1.362105e-02[39m
     33 Linear |R| = [32m9.678751e-03[39m
 7 Nonlinear |R| = [32m7.867450e+01[39m
      0 Linear |R| = [32m7.867450e+01[39m
      1 Linear |R| = [32m2.387635e+01[39m
      2 Linear |R| = [32m1.016713e+01[39m
      3 Linear |R| = [32m6.152796e+00[39m
      4 Linear |R| = [32m3.999033e+00[39m
      5 Linear |R| = [32m2.792217e+00[39m
      6 Linear |R| = [32m1.946044e+00[39m
      7 Linear |R| = [32m1.376088e+00[39m
      8 Linear |R| = [32m9.748576e-01[39m
      9 Linear |R| = [32m6.943573e-01[39m
     10 Linear |R| = [32m5.053705e-01[39m
     11 Linear |R| = [32m3.579047e-01[39m
     12 Linear |R| = [32m2.466465e-01[39m
     13 Linear |R| = [32m1.768407e-01[39m
     14 Linear |R| = [32m1.354864e-01[39m
     15 Linear |R| = [32m1.047163e-01[39m
     16 Linear |R| = [32m8.033909e-02[39m
     17 Linear |R| = [32m5.939153e-02[39m
     18 Linear |R| = [32m4.037772e-02[39m
     19 Linear |R| = [32m2.587541e-02[39m
     20 Linear |R| = [32m1.667305e-02[39m
     21 Linear |R| = [32m1.108372e-02[39m
     22 Linear |R| = [32m7.513690e-03[39m
     23 Linear |R| = [32m5.250837e-03[39m
     24 Linear |R| = [32m3.720638e-03[39m
     25 Linear |R| = [32m2.740095e-03[39m
     26 Linear |R| = [32m1.996844e-03[39m
     27 Linear |R| = [32m1.390143e-03[39m
     28 Linear |R| = [32m9.851151e-04[39m
     29 Linear |R| = [32m7.181881e-04[39m
 8 Nonlinear |R| = [32m4.593643e+00[39m
      0 Linear |R| = [32m4.593643e+00[39m
      1 Linear |R| = [32m2.199886e+00[39m
      2 Linear |R| = [32m1.143958e+00[39m
      3 Linear |R| = [32m7.216339e-01[39m
      4 Linear |R| = [32m4.806999e-01[39m
      5 Linear |R| = [32m3.499438e-01[39m
      6 Linear |R| = [32m2.533272e-01[39m
      7 Linear |R| = [32m1.844954e-01[39m
      8 Linear |R| = [32m1.371289e-01[39m
      9 Linear |R| = [32m1.012716e-01[39m
     10 Linear |R| = [32m7.537224e-02[39m
     11 Linear |R| = [32m5.514992e-02[39m
     12 Linear |R| = [32m3.969040e-02[39m
     13 Linear |R| = [32m2.773619e-02[39m
     14 Linear |R| = [32m1.848802e-02[39m
     15 Linear |R| = [32m1.227155e-02[39m
     16 Linear |R| = [32m8.225104e-03[39m
     17 Linear |R| = [32m5.786350e-03[39m
     18 Linear |R| = [32m4.121564e-03[39m
     19 Linear |R| = [32m2.924978e-03[39m
     20 Linear |R| = [32m2.079636e-03[39m
     21 Linear |R| = [32m1.495395e-03[39m
     22 Linear |R| = [32m1.110605e-03[39m
     23 Linear |R| = [32m8.545510e-04[39m
     24 Linear |R| = [32m6.913244e-04[39m
     25 Linear |R| = [32m5.581146e-04[39m
     26 Linear |R| = [32m4.385898e-04[39m
     27 Linear |R| = [32m3.314859e-04[39m
     28 Linear |R| = [32m2.410383e-04[39m
     29 Linear |R| = [32m1.683114e-04[39m
     30 Linear |R| = [31m1.662223e-03[39m
     31 Linear |R| = [32m5.217931e-04[39m
     32 Linear |R| = [32m2.366309e-04[39m
     33 Linear |R| = [32m1.458997e-04[39m
     34 Linear |R| = [32m9.906498e-05[39m
     35 Linear |R| = [32m7.105575e-05[39m
     36 Linear |R| = [32m5.209316e-05[39m
     37 Linear |R| = [32m4.022141e-05[39m
 9 Nonlinear |R| = [32m5.957727e-02[39m
      0 Linear |R| = [32m5.957727e-02[39m
      1 Linear |R| = [32m1.871596e-02[39m
      2 Linear |R| = [32m8.508672e-03[39m
      3 Linear |R| = [32m5.021397e-03[39m
      4 Linear |R| = [32m3.173035e-03[39m
      5 Linear |R| = [32m2.158857e-03[39m
      6 Linear |R| = [32m1.525211e-03[39m
      7 Linear |R| = [32m1.150722e-03[39m
      8 Linear |R| = [32m8.477297e-04[39m
      9 Linear |R| = [32m6.165347e-04[39m
     10 Linear |R| = [32m4.680126e-04[39m
     11 Linear |R| = [32m3.535171e-04[39m
     12 Linear |R| = [32m2.697003e-04[39m
     13 Linear |R| = [32m1.946393e-04[39m
     14 Linear |R| = [32m1.276295e-04[39m
     15 Linear |R| = [32m8.352020e-05[39m
     16 Linear |R| = [32m5.511569e-05[39m
     17 Linear |R| = [32m3.760462e-05[39m
     18 Linear |R| = [32m2.663838e-05[39m
     19 Linear |R| = [32m1.955251e-05[39m
     20 Linear |R| = [32m1.460362e-05[39m
     21 Linear |R| = [32m1.108339e-05[39m
     22 Linear |R| = [32m8.557840e-06[39m
     23 Linear |R| = [32m6.790388e-06[39m
     24 Linear |R| = [32m5.381344e-06[39m
     25 Linear |R| = [32m4.250617e-06[39m
     26 Linear |R| = [32m3.302277e-06[39m
     27 Linear |R| = [32m2.485930e-06[39m
     28 Linear |R| = [32m1.809569e-06[39m
     29 Linear |R| = [32m1.277830e-06[39m
     30 Linear |R| = [31m1.583904e-06[39m
     31 Linear |R| = [32m7.984822e-07[39m
     32 Linear |R| = [32m6.226472e-07[39m
     33 Linear |R| = [32m4.839190e-07[39m
10 Nonlinear |R| = [32m1.293705e-06[39m
[32m Solve Converged![39m
  Finished Solving                                                                       [[33m 41.29 s[39m] [[33m  234 MB[39m]

Postprocessor Values:
+----------------+------------------+----------------+----------------+
| time           | reaction_force_z | top_disp_z     | vonmises_max   |
+----------------+------------------+----------------+----------------+
|   0.000000e+00 |     0.000000e+00 |   0.000000e+00 |   0.000000e+00 |
|   5.000000e-02 |     8.358701e-06 |  -1.500000e-04 |   1.647977e+06 |
|   1.000000e-01 |    -2.954241e-06 |  -3.000000e-04 |   3.230259e+06 |
|   1.500000e-01 |    -1.606740e-06 |  -4.500000e-04 |   3.500000e+06 |
|   2.000000e-01 |    -2.566079e-06 |  -6.000000e-04 |   3.500000e+06 |
|   2.500000e-01 |     4.969035e-05 |  -7.500000e-04 |   3.500000e+06 |
|   3.000000e-01 |     9.995144e-07 |  -9.000000e-04 |   3.500000e+06 |
|   3.500000e-01 |    -1.527458e-05 |  -1.050000e-03 |   3.500000e+06 |
|   4.000000e-01 |    -6.849320e-07 |  -1.200000e-03 |   3.500000e+06 |
|   4.500000e-01 |     7.913526e-05 |  -1.350000e-03 |   3.500000e+06 |
|   5.000000e-01 |     2.707347e-05 |  -1.500000e-03 |   3.500000e+06 |
|   5.500000e-01 |     1.150767e-05 |  -1.650000e-03 |   3.500000e+06 |
|   6.000000e-01 |     1.171393e-05 |  -1.800000e-03 |   3.500000e+06 |
+----------------+------------------+----------------+----------------+


Time Step 13, time = 0.65, dt = 0.05
 0 Nonlinear |R| = [32m1.607601e+03[39m
      0 Linear |R| = [32m1.607601e+03[39m
      1 Linear |R| = [32m1.516994e+03[39m
      2 Linear |R| = [32m1.179022e+03[39m
      3 Linear |R| = [32m1.043475e+03[39m
      4 Linear |R| = [32m9.849923e+02[39m
      5 Linear |R| = [32m9.104449e+02[39m
      6 Linear |R| = [32m7.411881e+02[39m
      7 Linear |R| = [32m5.238707e+02[39m
      8 Linear |R| = [32m3.342181e+02[39m
      9 Linear |R| = [32m2.028556e+02[39m
     10 Linear |R| = [32m1.197456e+02[39m
     11 Linear |R| = [32m7.543805e+01[39m
     12 Linear |R| = [32m4.469317e+01[39m
     13 Linear |R| = [32m2.771865e+01[39m
     14 Linear |R| = [32m1.799595e+01[39m
     15 Linear |R| = [32m1.148195e+01[39m
     16 Linear |R| = [32m7.242378e+00[39m
     17 Linear |R| = [32m4.450983e+00[39m
     18 Linear |R| = [32m2.698173e+00[39m
     19 Linear |R| = [32m1.701223e+00[39m
     20 Linear |R| = [32m1.122702e+00[39m
     21 Linear |R| = [32m7.827581e-01[39m
     22 Linear |R| = [32m5.957886e-01[39m
     23 Linear |R| = [32m4.730863e-01[39m
     24 Linear |R| = [32m3.705827e-01[39m
     25 Linear |R| = [32m2.755224e-01[39m
     26 Linear |R| = [32m2.041846e-01[39m
     27 Linear |R| = [32m1.462787e-01[39m
     28 Linear |R| = [32m9.772649e-02[39m
     29 Linear |R| = [32m6.122603e-02[39m
    Linear solve did not converge due to DIVERGED_BREAKDOWN iterations 30
 1 Nonlinear |R| = [32m1.485114e+03[39m
      0 Linear |R| = [32m1.485114e+03[39m
      1 Linear |R| = [32m1.410459e+03[39m
      2 Linear |R| = [32m1.212312e+03[39m
      3 Linear |R| = [33m1.158248e+03[39m
      4 Linear |R| = [33m1.134801e+03[39m
      5 Linear |R| = [33m1.114198e+03[39m
      6 Linear |R| = [33m1.100197e+03[39m
      7 Linear |R| = [33m1.091593e+03[39m
      8 Linear |R| = [33m1.085530e+03[39m
      9 Linear |R| = [33m1.078792e+03[39m
     10 Linear |R| = [33m1.068452e+03[39m
     11 Linear |R| = [33m1.053385e+03[39m
     12 Linear |R| = [33m1.037239e+03[39m
     13 Linear |R| = [33m1.014394e+03[39m
     14 Linear |R| = [33m9.646963e+02[39m
     15 Linear |R| = [32m8.910225e+02[39m
     16 Linear |R| = [32m8.065827e+02[39m
     17 Linear |R| = [32m6.935889e+02[39m
     18 Linear |R| = [32m5.566828e+02[39m
     19 Linear |R| = [32m4.280041e+02[39m
     20 Linear |R| = [32m3.222856e+02[39m
     21 Linear |R| = [32m2.400302e+02[39m
     22 Linear |R| = [32m1.788772e+02[39m
     23 Linear |R| = [32m1.323914e+02[39m
     24 Linear |R| = [32m9.983303e+01[39m
     25 Linear |R| = [32m7.404160e+01[39m
     26 Linear |R| = [32m5.370329e+01[39m
     27 Linear |R| = [32m4.016814e+01[39m
     28 Linear |R| = [32m2.965906e+01[39m
     29 Linear |R| = [32m2.126205e+01[39m
     30 Linear |R| = [32m1.480416e+01[39m
     31 Linear |R| = [32m1.200591e+01[39m
     32 Linear |R| = [32m9.294441e+00[39m
     33 Linear |R| = [32m6.870105e+00[39m
     34 Linear |R| = [32m4.928376e+00[39m
     35 Linear |R| = [32m3.537801e+00[39m
     36 Linear |R| = [32m2.597876e+00[39m
     37 Linear |R| = [32m2.008136e+00[39m
     38 Linear |R| = [32m1.580271e+00[39m
     39 Linear |R| = [32m1.224573e+00[39m
     40 Linear |R| = [32m9.507223e-01[39m
     41 Linear |R| = [32m7.499831e-01[39m
     42 Linear |R| = [32m5.709009e-01[39m
     43 Linear |R| = [32m4.259900e-01[39m
     44 Linear |R| = [32m3.273081e-01[39m
     45 Linear |R| = [32m2.609250e-01[39m
     46 Linear |R| = [32m2.078457e-01[39m
     47 Linear |R| = [32m1.751536e-01[39m
     48 Linear |R| = [32m1.458815e-01[39m
     49 Linear |R| = [32m1.234900e-01[39m
     50 Linear |R| = [32m1.091731e-01[39m
     51 Linear |R| = [32m9.965527e-02[39m
     52 Linear |R| = [32m9.197607e-02[39m
     53 Linear |R| = [32m8.684628e-02[39m
     54 Linear |R| = [33m8.452515e-02[39m
     55 Linear |R| = [33m8.366399e-02[39m
     56 Linear |R| = [33m8.325825e-02[39m
     57 Linear |R| = [33m8.248832e-02[39m
     58 Linear |R| = [33m8.161423e-02[39m
     59 Linear |R| = [33m8.134781e-02[39m
     60 Linear |R| = [33m8.056190e-02[39m
     61 Linear |R| = [33m8.028844e-02[39m
     62 Linear |R| = [33m8.026308e-02[39m
     63 Linear |R| = [33m8.006612e-02[39m
     64 Linear |R| = [33m7.979775e-02[39m
     65 Linear |R| = [33m7.938172e-02[39m
     66 Linear |R| = [33m7.855453e-02[39m
     67 Linear |R| = [33m7.788793e-02[39m
     68 Linear |R| = [33m7.734599e-02[39m
     69 Linear |R| = [33m7.566193e-02[39m
     70 Linear |R| = [33m7.314195e-02[39m
     71 Linear |R| = [32m6.901779e-02[39m
     72 Linear |R| = [32m6.327317e-02[39m
     73 Linear |R| = [32m5.803849e-02[39m
     74 Linear |R| = [32m5.085350e-02[39m
     75 Linear |R| = [32m4.134916e-02[39m
     76 Linear |R| = [32m3.412289e-02[39m
     77 Linear |R| = [32m2.694731e-02[39m
     78 Linear |R| = [32m2.082707e-02[39m
     79 Linear |R| = [32m1.639600e-02[39m
     80 Linear |R| = [32m1.279249e-02[39m
 2 Nonlinear |R| = [33m1.483412e+03[39m
      0 Linear |R| = [32m1.483412e+03[39m
      1 Linear |R| = [32m1.405602e+03[39m
      2 Linear |R| = [32m1.211947e+03[39m
      3 Linear |R| = [33m1.156272e+03[39m
      4 Linear |R| = [33m1.128657e+03[39m
      5 Linear |R| = [33m1.108870e+03[39m
      6 Linear |R| = [33m1.096642e+03[39m
      7 Linear |R| = [33m1.087957e+03[39m
      8 Linear |R| = [33m1.080465e+03[39m
      9 Linear |R| = [33m1.071690e+03[39m
     10 Linear |R| = [33m1.059780e+03[39m
     11 Linear |R| = [33m1.044385e+03[39m
     12 Linear |R| = [33m1.027695e+03[39m
     13 Linear |R| = [33m1.001380e+03[39m
     14 Linear |R| = [32m9.435308e+02[39m
     15 Linear |R| = [32m8.628762e+02[39m
     16 Linear |R| = [32m7.770525e+02[39m
     17 Linear |R| = [32m6.686537e+02[39m
     18 Linear |R| = [32m5.331005e+02[39m
     19 Linear |R| = [32m4.040748e+02[39m
     20 Linear |R| = [32m3.007135e+02[39m
     21 Linear |R| = [32m2.292787e+02[39m
     22 Linear |R| = [32m1.702812e+02[39m
     23 Linear |R| = [32m1.253255e+02[39m
     24 Linear |R| = [32m9.399481e+01[39m
     25 Linear |R| = [32m7.098676e+01[39m
     26 Linear |R| = [32m5.246349e+01[39m
     27 Linear |R| = [32m3.999611e+01[39m
     28 Linear |R| = [32m2.964908e+01[39m
     29 Linear |R| = [32m2.120060e+01[39m
     30 Linear |R| = [32m1.495077e+01[39m
     31 Linear |R| = [32m1.223153e+01[39m
     32 Linear |R| = [32m9.470517e+00[39m
     33 Linear |R| = [32m7.009396e+00[39m
     34 Linear |R| = [32m5.162667e+00[39m
     35 Linear |R| = [32m3.729814e+00[39m
     36 Linear |R| = [32m2.759972e+00[39m
     37 Linear |R| = [32m2.121244e+00[39m
     38 Linear |R| = [32m1.648556e+00[39m
     39 Linear |R| = [32m1.284097e+00[39m
     40 Linear |R| = [32m1.011184e+00[39m
     41 Linear |R| = [32m8.032775e-01[39m
     42 Linear |R| = [32m6.200197e-01[39m
     43 Linear |R| = [32m4.762856e-01[39m
     44 Linear |R| = [32m3.882320e-01[39m
     45 Linear |R| = [32m3.367437e-01[39m
     46 Linear |R| = [32m3.004463e-01[39m
     47 Linear |R| = [32m2.796496e-01[39m
     48 Linear |R| = [32m2.628147e-01[39m
     49 Linear |R| = [33m2.516247e-01[39m
     50 Linear |R| = [33m2.449353e-01[39m
     51 Linear |R| = [33m2.401277e-01[39m
     52 Linear |R| = [33m2.358150e-01[39m
     53 Linear |R| = [33m2.329822e-01[39m
     54 Linear |R| = [33m2.313477e-01[39m
     55 Linear |R| = [33m2.305054e-01[39m
     56 Linear |R| = [33m2.300178e-01[39m
     57 Linear |R| = [33m2.282278e-01[39m
     58 Linear |R| = [33m2.247133e-01[39m
     59 Linear |R| = [33m2.223412e-01[39m
     60 Linear |R| = [33m2.168108e-01[39m
     61 Linear |R| = [33m2.154030e-01[39m
     62 Linear |R| = [33m2.145255e-01[39m
     63 Linear |R| = [33m2.124366e-01[39m
     64 Linear |R| = [33m2.098367e-01[39m
     65 Linear |R| = [33m2.084714e-01[39m
     66 Linear |R| = [33m2.069471e-01[39m
     67 Linear |R| = [33m2.061695e-01[39m
     68 Linear |R| = [33m2.053939e-01[39m
     69 Linear |R| = [33m2.035324e-01[39m
     70 Linear |R| = [33m2.012678e-01[39m
     71 Linear |R| = [33m1.980436e-01[39m
     72 Linear |R| = [33m1.932244e-01[39m
     73 Linear |R| = [33m1.875963e-01[39m
     74 Linear |R| = [33m1.793380e-01[39m
     75 Linear |R| = [32m1.669883e-01[39m
     76 Linear |R| = [32m1.516038e-01[39m
     77 Linear |R| = [32m1.331535e-01[39m
     78 Linear |R| = [32m1.158937e-01[39m
     79 Linear |R| = [32m9.634022e-02[39m
     80 Linear |R| = [32m7.871573e-02[39m
     81 Linear |R| = [32m6.387745e-02[39m
     82 Linear |R| = [32m4.950042e-02[39m
     83 Linear |R| = [32m3.854712e-02[39m
     84 Linear |R| = [32m2.831236e-02[39m
     85 Linear |R| = [32m2.191112e-02[39m
     86 Linear |R| = [32m1.670432e-02[39m
     87 Linear |R| = [32m1.239877e-02[39m
 3 Nonlinear |R| = [33m1.481586e+03[39m
      0 Linear |R| = [32m1.481586e+03[39m
      1 Linear |R| = [32m1.400070e+03[39m
      2 Linear |R| = [32m1.213739e+03[39m
      3 Linear |R| = [32m1.149463e+03[39m
      4 Linear |R| = [33m1.117792e+03[39m
      5 Linear |R| = [33m1.101975e+03[39m
      6 Linear |R| = [33m1.093091e+03[39m
      7 Linear |R| = [33m1.083537e+03[39m
      8 Linear |R| = [33m1.070466e+03[39m
      9 Linear |R| = [33m1.057447e+03[39m
     10 Linear |R| = [33m1.045569e+03[39m
     11 Linear |R| = [33m1.030910e+03[39m
     12 Linear |R| = [33m1.009308e+03[39m
     13 Linear |R| = [33m9.688934e+02[39m
     14 Linear |R| = [32m9.004486e+02[39m
     15 Linear |R| = [32m8.190514e+02[39m
     16 Linear |R| = [32m7.258828e+02[39m
     17 Linear |R| = [32m6.178744e+02[39m
     18 Linear |R| = [32m4.861056e+02[39m
     19 Linear |R| = [32m3.588614e+02[39m
     20 Linear |R| = [32m2.675825e+02[39m
     21 Linear |R| = [32m2.069532e+02[39m
     22 Linear |R| = [32m1.516657e+02[39m
     23 Linear |R| = [32m1.121161e+02[39m
     24 Linear |R| = [32m8.502986e+01[39m
     25 Linear |R| = [32m6.506931e+01[39m
     26 Linear |R| = [32m4.843398e+01[39m
     27 Linear |R| = [32m3.658919e+01[39m
     28 Linear |R| = [32m2.724756e+01[39m
     29 Linear |R| = [32m1.966580e+01[39m
     30 Linear |R| = [32m1.433103e+01[39m
     31 Linear |R| = [32m1.175587e+01[39m
     32 Linear |R| = [32m9.216819e+00[39m
     33 Linear |R| = [32m6.905367e+00[39m
     34 Linear |R| = [32m5.139713e+00[39m
     35 Linear |R| = [32m3.707991e+00[39m
     36 Linear |R| = [32m2.727442e+00[39m
     37 Linear |R| = [32m2.118687e+00[39m
     38 Linear |R| = [32m1.655945e+00[39m
     39 Linear |R| = [32m1.270307e+00[39m
     40 Linear |R| = [32m9.891189e-01[39m
     41 Linear |R| = [32m7.737280e-01[39m
     42 Linear |R| = [32m5.838423e-01[39m
     43 Linear |R| = [32m4.364498e-01[39m
     44 Linear |R| = [32m3.336350e-01[39m
     45 Linear |R| = [32m2.638655e-01[39m
     46 Linear |R| = [32m2.219093e-01[39m
     47 Linear |R| = [32m1.949764e-01[39m
     48 Linear |R| = [32m1.747676e-01[39m
     49 Linear |R| = [32m1.618672e-01[39m
     50 Linear |R| = [32m1.515927e-01[39m
     51 Linear |R| = [32m1.433769e-01[39m
     52 Linear |R| = [33m1.377970e-01[39m
     53 Linear |R| = [33m1.351771e-01[39m
     54 Linear |R| = [33m1.337003e-01[39m
     55 Linear |R| = [33m1.324112e-01[39m
     56 Linear |R| = [33m1.316050e-01[39m
     57 Linear |R| = [33m1.304689e-01[39m
     58 Linear |R| = [33m1.288140e-01[39m
     59 Linear |R| = [33m1.280133e-01[39m
     60 Linear |R| = [33m1.259205e-01[39m
     61 Linear |R| = [33m1.254416e-01[39m
     62 Linear |R| = [33m1.253742e-01[39m
     63 Linear |R| = [33m1.246224e-01[39m
     64 Linear |R| = [33m1.236666e-01[39m
     65 Linear |R| = [33m1.230003e-01[39m
     66 Linear |R| = [33m1.220326e-01[39m
     67 Linear |R| = [33m1.213742e-01[39m
     68 Linear |R| = [33m1.202099e-01[39m
     69 Linear |R| = [33m1.184045e-01[39m
     70 Linear |R| = [33m1.162672e-01[39m
     71 Linear |R| = [33m1.127758e-01[39m
     72 Linear |R| = [33m1.079148e-01[39m
     73 Linear |R| = [32m1.007497e-01[39m
     74 Linear |R| = [32m9.362077e-02[39m
     75 Linear |R| = [32m8.359863e-02[39m
     76 Linear |R| = [32m7.243760e-02[39m
     77 Linear |R| = [32m6.010310e-02[39m
     78 Linear |R| = [32m4.812157e-02[39m
     79 Linear |R| = [32m3.925021e-02[39m
     80 Linear |R| = [32m3.190987e-02[39m
     81 Linear |R| = [32m2.540509e-02[39m
     82 Linear |R| = [32m2.044825e-02[39m
     83 Linear |R| = [32m1.515213e-02[39m
     84 Linear |R| = [32m1.169220e-02[39m
 4 Nonlinear |R| = [33m1.479633e+03[39m
      0 Linear |R| = [32m1.479633e+03[39m
      1 Linear |R| = [32m1.395712e+03[39m
      2 Linear |R| = [32m1.214492e+03[39m
      3 Linear |R| = [32m1.131458e+03[39m
      4 Linear |R| = [33m1.101987e+03[39m
      5 Linear |R| = [33m1.093633e+03[39m
      6 Linear |R| = [33m1.088336e+03[39m
      7 Linear |R| = [33m1.071882e+03[39m
      8 Linear |R| = [33m1.044450e+03[39m
      9 Linear |R| = [33m1.031072e+03[39m
     10 Linear |R| = [33m1.023006e+03[39m
     11 Linear |R| = [33m1.002139e+03[39m
     12 Linear |R| = [33m9.578538e+02[39m
     13 Linear |R| = [32m9.026058e+02[39m
     14 Linear |R| = [32m8.355140e+02[39m
     15 Linear |R| = [32m7.504943e+02[39m
     16 Linear |R| = [32m6.379145e+02[39m
     17 Linear |R| = [32m5.321714e+02[39m
     18 Linear |R| = [32m4.103503e+02[39m
     19 Linear |R| = [32m2.997901e+02[39m
     20 Linear |R| = [32m2.228735e+02[39m
     21 Linear |R| = [32m1.716066e+02[39m
     22 Linear |R| = [32m1.255456e+02[39m
     23 Linear |R| = [32m9.349829e+01[39m
     24 Linear |R| = [32m7.130403e+01[39m
     25 Linear |R| = [32m5.478463e+01[39m
     26 Linear |R| = [32m4.107392e+01[39m
     27 Linear |R| = [32m3.073758e+01[39m
     28 Linear |R| = [32m2.290085e+01[39m
     29 Linear |R| = [32m1.702222e+01[39m
     30 Linear |R| = [32m1.278560e+01[39m
     31 Linear |R| = [32m1.018321e+01[39m
     32 Linear |R| = [32m8.313118e+00[39m
     33 Linear |R| = [32m6.133701e+00[39m
     34 Linear |R| = [32m4.595271e+00[39m
     35 Linear |R| = [32m3.349673e+00[39m
     36 Linear |R| = [32m2.454645e+00[39m
     37 Linear |R| = [32m1.891064e+00[39m
     38 Linear |R| = [32m1.468922e+00[39m
     39 Linear |R| = [32m1.127401e+00[39m
     40 Linear |R| = [32m8.667503e-01[39m
     41 Linear |R| = [32m6.602011e-01[39m
     42 Linear |R| = [32m4.948543e-01[39m
     43 Linear |R| = [32m3.601565e-01[39m
     44 Linear |R| = [32m2.668915e-01[39m
     45 Linear |R| = [32m1.923942e-01[39m
     46 Linear |R| = [32m1.456714e-01[39m
     47 Linear |R| = [32m1.168414e-01[39m
     48 Linear |R| = [32m9.140369e-02[39m
     49 Linear |R| = [32m7.385879e-02[39m
     50 Linear |R| = [32m6.094443e-02[39m
     51 Linear |R| = [32m5.028062e-02[39m
     52 Linear |R| = [32m4.207981e-02[39m
     53 Linear |R| = [32m3.626871e-02[39m
     54 Linear |R| = [32m3.185786e-02[39m
     55 Linear |R| = [32m2.906401e-02[39m
     56 Linear |R| = [32m2.754864e-02[39m
     57 Linear |R| = [33m2.638551e-02[39m
     58 Linear |R| = [33m2.538309e-02[39m
     59 Linear |R| = [33m2.495290e-02[39m
     60 Linear |R| = [33m2.471859e-02[39m
     61 Linear |R| = [33m2.450167e-02[39m
     62 Linear |R| = [33m2.448702e-02[39m
     63 Linear |R| = [33m2.432950e-02[39m
     64 Linear |R| = [33m2.410591e-02[39m
     65 Linear |R| = [33m2.397667e-02[39m
     66 Linear |R| = [33m2.372544e-02[39m
     67 Linear |R| = [33m2.333082e-02[39m
     68 Linear |R| = [33m2.243936e-02[39m
     69 Linear |R| = [32m2.092944e-02[39m
     70 Linear |R| = [32m1.947246e-02[39m
     71 Linear |R| = [32m1.675083e-02[39m
     72 Linear |R| = [32m1.354458e-02[39m
 5 Nonlinear |R| = [32m1.376422e+03[39m
      0 Linear |R| = [32m1.376422e+03[39m
      1 Linear |R| = [32m1.107750e+03[39m
      2 Linear |R| = [32m9.060576e+02[39m
      3 Linear |R| = [32m7.667139e+02[39m
      4 Linear |R| = [32m7.154948e+02[39m
      5 Linear |R| = [32m6.534980e+02[39m
      6 Linear |R| = [32m4.852361e+02[39m
      7 Linear |R| = [32m3.275396e+02[39m
      8 Linear |R| = [32m2.408428e+02[39m
      9 Linear |R| = [32m1.915974e+02[39m
     10 Linear |R| = [32m1.550117e+02[39m
     11 Linear |R| = [32m1.244258e+02[39m
     12 Linear |R| = [32m9.705549e+01[39m
     13 Linear |R| = [32m7.179850e+01[39m
     14 Linear |R| = [32m5.422558e+01[39m
     15 Linear |R| = [32m4.232038e+01[39m
     16 Linear |R| = [32m3.220138e+01[39m
     17 Linear |R| = [32m2.366778e+01[39m
     18 Linear |R| = [32m1.735907e+01[39m
     19 Linear |R| = [32m1.256258e+01[39m
     20 Linear |R| = [32m9.111618e+00[39m
     21 Linear |R| = [32m6.887087e+00[39m
     22 Linear |R| = [32m5.131489e+00[39m
     23 Linear |R| = [32m3.880044e+00[39m
     24 Linear |R| = [32m2.961138e+00[39m
     25 Linear |R| = [32m2.253877e+00[39m
     26 Linear |R| = [32m1.660047e+00[39m
     27 Linear |R| = [32m1.222562e+00[39m
     28 Linear |R| = [32m9.356081e-01[39m
     29 Linear |R| = [32m6.898341e-01[39m
     30 Linear |R| = [32m4.979497e-01[39m
     31 Linear |R| = [32m4.094201e-01[39m
     32 Linear |R| = [32m3.201931e-01[39m
     33 Linear |R| = [32m2.435044e-01[39m
     34 Linear |R| = [32m1.777422e-01[39m
     35 Linear |R| = [32m1.264478e-01[39m
     36 Linear |R| = [32m9.418456e-02[39m
     37 Linear |R| = [32m7.118526e-02[39m
     38 Linear |R| = [32m5.470055e-02[39m
     39 Linear |R| = [32m4.218299e-02[39m
     40 Linear |R| = [32m3.268267e-02[39m
     41 Linear |R| = [32m2.495102e-02[39m
     42 Linear |R| = [32m1.838510e-02[39m
     43 Linear |R| = [32m1.334554e-02[39m
 6 Nonlinear |R| = [32m1.215772e+03[39m
      0 Linear |R| = [32m1.215772e+03[39m
      1 Linear |R| = [32m3.170804e+02[39m
      2 Linear |R| = [32m1.293626e+02[39m
      3 Linear |R| = [32m7.913704e+01[39m
      4 Linear |R| = [32m5.399554e+01[39m
      5 Linear |R| = [32m4.026029e+01[39m
      6 Linear |R| = [32m2.947950e+01[39m
      7 Linear |R| = [32m2.256747e+01[39m
      8 Linear |R| = [32m1.794822e+01[39m
      9 Linear |R| = [32m1.419280e+01[39m
     10 Linear |R| = [32m1.093843e+01[39m
     11 Linear |R| = [32m8.091281e+00[39m
     12 Linear |R| = [32m5.792557e+00[39m
     13 Linear |R| = [32m4.307853e+00[39m
     14 Linear |R| = [32m3.166305e+00[39m
     15 Linear |R| = [32m2.260361e+00[39m
     16 Linear |R| = [32m1.721394e+00[39m
     17 Linear |R| = [32m1.312410e+00[39m
     18 Linear |R| = [32m9.356212e-01[39m
     19 Linear |R| = [32m6.516942e-01[39m
     20 Linear |R| = [32m4.895427e-01[39m
     21 Linear |R| = [32m3.783416e-01[39m
     22 Linear |R| = [32m2.988155e-01[39m
     23 Linear |R| = [32m2.403048e-01[39m
     24 Linear |R| = [32m1.886743e-01[39m
     25 Linear |R| = [32m1.430341e-01[39m
     26 Linear |R| = [32m1.057680e-01[39m
     27 Linear |R| = [32m7.992291e-02[39m
     28 Linear |R| = [32m5.869319e-02[39m
     29 Linear |R| = [32m4.096881e-02[39m
     30 Linear |R| = [32m2.852188e-02[39m
     31 Linear |R| = [32m2.283161e-02[39m
     32 Linear |R| = [32m1.686396e-02[39m
     33 Linear |R| = [32m1.224837e-02[39m
     34 Linear |R| = [32m9.027767e-03[39m
 7 Nonlinear |R| = [32m7.793254e+01[39m
      0 Linear |R| = [32m7.793254e+01[39m
      1 Linear |R| = [32m2.458194e+01[39m
      2 Linear |R| = [32m1.023662e+01[39m
      3 Linear |R| = [32m6.061656e+00[39m
      4 Linear |R| = [32m4.030034e+00[39m
      5 Linear |R| = [32m2.881920e+00[39m
      6 Linear |R| = [32m2.050600e+00[39m
      7 Linear |R| = [32m1.456980e+00[39m
      8 Linear |R| = [32m1.053834e+00[39m
      9 Linear |R| = [32m7.486013e-01[39m
     10 Linear |R| = [32m5.435054e-01[39m
     11 Linear |R| = [32m3.879359e-01[39m
     12 Linear |R| = [32m2.692734e-01[39m
     13 Linear |R| = [32m1.919716e-01[39m
     14 Linear |R| = [32m1.444217e-01[39m
     15 Linear |R| = [32m1.116108e-01[39m
     16 Linear |R| = [32m8.662621e-02[39m
     17 Linear |R| = [32m6.514287e-02[39m
     18 Linear |R| = [32m4.580355e-02[39m
     19 Linear |R| = [32m3.081960e-02[39m
     20 Linear |R| = [32m2.079106e-02[39m
     21 Linear |R| = [32m1.389166e-02[39m
     22 Linear |R| = [32m9.195465e-03[39m
     23 Linear |R| = [32m6.239462e-03[39m
     24 Linear |R| = [32m4.198947e-03[39m
     25 Linear |R| = [32m2.892305e-03[39m
     26 Linear |R| = [32m1.962031e-03[39m
     27 Linear |R| = [32m1.281657e-03[39m
     28 Linear |R| = [32m8.525101e-04[39m
     29 Linear |R| = [32m5.843991e-04[39m
 8 Nonlinear |R| = [32m6.529778e+00[39m
      0 Linear |R| = [32m6.529778e+00[39m
      1 Linear |R| = [32m2.888023e+00[39m
      2 Linear |R| = [32m1.485514e+00[39m
      3 Linear |R| = [32m8.897042e-01[39m
      4 Linear |R| = [32m5.743979e-01[39m
      5 Linear |R| = [32m3.938503e-01[39m
      6 Linear |R| = [32m2.730740e-01[39m
      7 Linear |R| = [32m1.904915e-01[39m
      8 Linear |R| = [32m1.363151e-01[39m
      9 Linear |R| = [32m9.465661e-02[39m
     10 Linear |R| = [32m6.530699e-02[39m
     11 Linear |R| = [32m4.611604e-02[39m
     12 Linear |R| = [32m3.360786e-02[39m
     13 Linear |R| = [32m2.595682e-02[39m
     14 Linear |R| = [32m2.034387e-02[39m
     15 Linear |R| = [32m1.575501e-02[39m
     16 Linear |R| = [32m1.170620e-02[39m
     17 Linear |R| = [32m8.600388e-03[39m
     18 Linear |R| = [32m6.404211e-03[39m
     19 Linear |R| = [32m4.850501e-03[39m
     20 Linear |R| = [32m3.632190e-03[39m
     21 Linear |R| = [32m2.671255e-03[39m
     22 Linear |R| = [32m1.979843e-03[39m
     23 Linear |R| = [32m1.456477e-03[39m
     24 Linear |R| = [32m1.118583e-03[39m
     25 Linear |R| = [32m8.902164e-04[39m
     26 Linear |R| = [32m7.094613e-04[39m
     27 Linear |R| = [32m5.587797e-04[39m
     28 Linear |R| = [32m4.350889e-04[39m
     29 Linear |R| = [32m3.183263e-04[39m
     30 Linear |R| = [32m2.369294e-04[39m
     31 Linear |R| = [32m1.775089e-04[39m
     32 Linear |R| = [32m1.408704e-04[39m
     33 Linear |R| = [32m1.025578e-04[39m
     34 Linear |R| = [32m7.777013e-05[39m
     35 Linear |R| = [32m6.115667e-05[39m
 9 Nonlinear |R| = [32m2.439517e-01[39m
      0 Linear |R| = [32m2.439517e-01[39m
      1 Linear |R| = [32m8.788513e-02[39m
      2 Linear |R| = [32m4.225751e-02[39m
      3 Linear |R| = [32m2.259529e-02[39m
      4 Linear |R| = [32m1.293576e-02[39m
      5 Linear |R| = [32m8.872696e-03[39m
      6 Linear |R| = [32m6.121455e-03[39m
      7 Linear |R| = [32m4.252135e-03[39m
      8 Linear |R| = [32m3.164591e-03[39m
      9 Linear |R| = [32m2.311691e-03[39m
     10 Linear |R| = [32m1.718731e-03[39m
     11 Linear |R| = [32m1.326296e-03[39m
     12 Linear |R| = [32m1.020510e-03[39m
     13 Linear |R| = [32m7.677656e-04[39m
     14 Linear |R| = [32m5.809163e-04[39m
     15 Linear |R| = [32m4.086115e-04[39m
     16 Linear |R| = [32m2.698294e-04[39m
     17 Linear |R| = [32m1.799856e-04[39m
     18 Linear |R| = [32m1.181384e-04[39m
     19 Linear |R| = [32m8.107989e-05[39m
     20 Linear |R| = [32m5.710167e-05[39m
     21 Linear |R| = [32m4.041018e-05[39m
     22 Linear |R| = [32m2.980345e-05[39m
     23 Linear |R| = [32m2.311539e-05[39m
     24 Linear |R| = [32m1.807923e-05[39m
     25 Linear |R| = [32m1.413040e-05[39m
     26 Linear |R| = [32m1.129286e-05[39m
     27 Linear |R| = [32m8.772585e-06[39m
     28 Linear |R| = [32m6.841490e-06[39m
     29 Linear |R| = [32m5.325931e-06[39m
     30 Linear |R| = [31m7.000596e-06[39m
     31 Linear |R| = [32m3.692974e-06[39m
     32 Linear |R| = [32m3.077195e-06[39m
     33 Linear |R| = [32m2.489122e-06[39m
     34 Linear |R| = [32m1.951794e-06[39m
10 Nonlinear |R| = [32m1.495782e-05[39m
[32m Solve Converged![39m
  Finished Solving                                                                       [[33m 46.14 s[39m] [[33m  234 MB[39m]

Postprocessor Values:
+----------------+------------------+----------------+----------------+
| time           | reaction_force_z | top_disp_z     | vonmises_max   |
+----------------+------------------+----------------+----------------+
|   0.000000e+00 |     0.000000e+00 |   0.000000e+00 |   0.000000e+00 |
|   5.000000e-02 |     8.358701e-06 |  -1.500000e-04 |   1.647977e+06 |
|   1.000000e-01 |    -2.954241e-06 |  -3.000000e-04 |   3.230259e+06 |
|   1.500000e-01 |    -1.606740e-06 |  -4.500000e-04 |   3.500000e+06 |
|   2.000000e-01 |    -2.566079e-06 |  -6.000000e-04 |   3.500000e+06 |
|   2.500000e-01 |     4.969035e-05 |  -7.500000e-04 |   3.500000e+06 |
|   3.000000e-01 |     9.995144e-07 |  -9.000000e-04 |   3.500000e+06 |
|   3.500000e-01 |    -1.527458e-05 |  -1.050000e-03 |   3.500000e+06 |
|   4.000000e-01 |    -6.849320e-07 |  -1.200000e-03 |   3.500000e+06 |
|   4.500000e-01 |     7.913526e-05 |  -1.350000e-03 |   3.500000e+06 |
|   5.000000e-01 |     2.707347e-05 |  -1.500000e-03 |   3.500000e+06 |
|   5.500000e-01 |     1.150767e-05 |  -1.650000e-03 |   3.500000e+06 |
|   6.000000e-01 |     1.171393e-05 |  -1.800000e-03 |   3.500000e+06 |
|   6.500000e-01 |     1.102024e-05 |  -1.950000e-03 |   3.500000e+06 |
+----------------+------------------+----------------+----------------+


Time Step 14, time = 0.7, dt = 0.05
 0 Nonlinear |R| = [32m1.604786e+03[39m
      0 Linear |R| = [32m1.604786e+03[39m
      1 Linear |R| = [32m1.512684e+03[39m
      2 Linear |R| = [32m1.174846e+03[39m
      3 Linear |R| = [32m1.038823e+03[39m
      4 Linear |R| = [32m9.800353e+02[39m
      5 Linear |R| = [32m9.065326e+02[39m
      6 Linear |R| = [32m7.407053e+02[39m
      7 Linear |R| = [32m5.247243e+02[39m
      8 Linear |R| = [32m3.361112e+02[39m
      9 Linear |R| = [32m2.043317e+02[39m
     10 Linear |R| = [32m1.206249e+02[39m
     11 Linear |R| = [32m7.599358e+01[39m
     12 Linear |R| = [32m4.507806e+01[39m
     13 Linear |R| = [32m2.787712e+01[39m
     14 Linear |R| = [32m1.812128e+01[39m
     15 Linear |R| = [32m1.156349e+01[39m
     16 Linear |R| = [32m7.285266e+00[39m
     17 Linear |R| = [32m4.464925e+00[39m
     18 Linear |R| = [32m2.690813e+00[39m
     19 Linear |R| = [32m1.688952e+00[39m
     20 Linear |R| = [32m1.091171e+00[39m
     21 Linear |R| = [32m7.475292e-01[39m
     22 Linear |R| = [32m5.613225e-01[39m
     23 Linear |R| = [32m4.419755e-01[39m
     24 Linear |R| = [32m3.472391e-01[39m
     25 Linear |R| = [32m2.621244e-01[39m
     26 Linear |R| = [32m1.966558e-01[39m
     27 Linear |R| = [32m1.428045e-01[39m
     28 Linear |R| = [32m9.724918e-02[39m
     29 Linear |R| = [32m6.162981e-02[39m
    Linear solve did not converge due to DIVERGED_BREAKDOWN iterations 30
 1 Nonlinear |R| = [32m1.482175e+03[39m
      0 Linear |R| = [32m1.482175e+03[39m
      1 Linear |R| = [32m1.406696e+03[39m
      2 Linear |R| = [32m1.208956e+03[39m
      3 Linear |R| = [33m1.152996e+03[39m
      4 Linear |R| = [33m1.128978e+03[39m
      5 Linear |R| = [33m1.109026e+03[39m
      6 Linear |R| = [33m1.095192e+03[39m
      7 Linear |R| = [33m1.087119e+03[39m
      8 Linear |R| = [33m1.081871e+03[39m
      9 Linear |R| = [33m1.075241e+03[39m
     10 Linear |R| = [33m1.065636e+03[39m
     11 Linear |R| = [33m1.052923e+03[39m
     12 Linear |R| = [33m1.039618e+03[39m
     13 Linear |R| = [33m1.019805e+03[39m
     14 Linear |R| = [33m9.745571e+02[39m
     15 Linear |R| = [32m9.082637e+02[39m
     16 Linear |R| = [32m8.332355e+02[39m
     17 Linear |R| = [32m7.339267e+02[39m
     18 Linear |R| = [32m6.022710e+02[39m
     19 Linear |R| = [32m4.706052e+02[39m
     20 Linear |R| = [32m3.582592e+02[39m
     21 Linear |R| = [32m2.696625e+02[39m
     22 Linear |R| = [32m2.034329e+02[39m
     23 Linear |R| = [32m1.517019e+02[39m
     24 Linear |R| = [32m1.151982e+02[39m
     25 Linear |R| = [32m8.578932e+01[39m
     26 Linear |R| = [32m6.257568e+01[39m
     27 Linear |R| = [32m4.725284e+01[39m
     28 Linear |R| = [32m3.517780e+01[39m
     29 Linear |R| = [32m2.530332e+01[39m
     30 Linear |R| = [32m1.770228e+01[39m
     31 Linear |R| = [32m1.447906e+01[39m
     32 Linear |R| = [32m1.129623e+01[39m
     33 Linear |R| = [32m8.373611e+00[39m
     34 Linear |R| = [32m6.037903e+00[39m
     35 Linear |R| = [32m4.356636e+00[39m
     36 Linear |R| = [32m3.203651e+00[39m
     37 Linear |R| = [32m2.476029e+00[39m
     38 Linear |R| = [32m1.953238e+00[39m
     39 Linear |R| = [32m1.531111e+00[39m
     40 Linear |R| = [32m1.205469e+00[39m
     41 Linear |R| = [32m9.652497e-01[39m
     42 Linear |R| = [32m7.536657e-01[39m
     43 Linear |R| = [32m5.906601e-01[39m
     44 Linear |R| = [32m4.893600e-01[39m
     45 Linear |R| = [32m4.272871e-01[39m
     46 Linear |R| = [32m3.812242e-01[39m
     47 Linear |R| = [32m3.570845e-01[39m
     48 Linear |R| = [32m3.375413e-01[39m
     49 Linear |R| = [33m3.232791e-01[39m
     50 Linear |R| = [33m3.158124e-01[39m
     51 Linear |R| = [33m3.115162e-01[39m
     52 Linear |R| = [33m3.069967e-01[39m
     53 Linear |R| = [33m3.031526e-01[39m
     54 Linear |R| = [33m3.008412e-01[39m
     55 Linear |R| = [33m3.001688e-01[39m
     56 Linear |R| = [33m2.997596e-01[39m
     57 Linear |R| = [33m2.978299e-01[39m
     58 Linear |R| = [33m2.941665e-01[39m
     59 Linear |R| = [33m2.915685e-01[39m
     60 Linear |R| = [33m2.828705e-01[39m
     61 Linear |R| = [33m2.807673e-01[39m
     62 Linear |R| = [33m2.797620e-01[39m
     63 Linear |R| = [33m2.769253e-01[39m
     64 Linear |R| = [33m2.742934e-01[39m
     65 Linear |R| = [33m2.731268e-01[39m
     66 Linear |R| = [33m2.709460e-01[39m
     67 Linear |R| = [33m2.700649e-01[39m
     68 Linear |R| = [33m2.694742e-01[39m
     69 Linear |R| = [33m2.674837e-01[39m
     70 Linear |R| = [33m2.652456e-01[39m
     71 Linear |R| = [33m2.616617e-01[39m
     72 Linear |R| = [33m2.568652e-01[39m
     73 Linear |R| = [33m2.511500e-01[39m
     74 Linear |R| = [33m2.416117e-01[39m
     75 Linear |R| = [32m2.264968e-01[39m
     76 Linear |R| = [32m2.097291e-01[39m
     77 Linear |R| = [32m1.889528e-01[39m
     78 Linear |R| = [32m1.670058e-01[39m
     79 Linear |R| = [32m1.410439e-01[39m
     80 Linear |R| = [32m1.170629e-01[39m
     81 Linear |R| = [32m9.400616e-02[39m
     82 Linear |R| = [32m7.606948e-02[39m
     83 Linear |R| = [32m5.871314e-02[39m
     84 Linear |R| = [32m4.490662e-02[39m
     85 Linear |R| = [32m3.448247e-02[39m
     86 Linear |R| = [32m2.640662e-02[39m
     87 Linear |R| = [32m2.036635e-02[39m
     88 Linear |R| = [32m1.482753e-02[39m
     89 Linear |R| = [32m1.251851e-02[39m
 2 Nonlinear |R| = [33m1.480452e+03[39m
      0 Linear |R| = [32m1.480452e+03[39m
      1 Linear |R| = [32m1.401695e+03[39m
      2 Linear |R| = [32m1.208844e+03[39m
      3 Linear |R| = [33m1.150704e+03[39m
      4 Linear |R| = [33m1.122200e+03[39m
      5 Linear |R| = [33m1.103216e+03[39m
      6 Linear |R| = [33m1.091027e+03[39m
      7 Linear |R| = [33m1.082808e+03[39m
      8 Linear |R| = [33m1.076294e+03[39m
      9 Linear |R| = [33m1.067529e+03[39m
     10 Linear |R| = [33m1.056297e+03[39m
     11 Linear |R| = [33m1.043270e+03[39m
     12 Linear |R| = [33m1.029205e+03[39m
     13 Linear |R| = [33m1.005617e+03[39m
     14 Linear |R| = [32m9.521528e+02[39m
     15 Linear |R| = [32m8.785549e+02[39m
     16 Linear |R| = [32m8.005828e+02[39m
     17 Linear |R| = [32m7.042968e+02[39m
     18 Linear |R| = [32m5.731092e+02[39m
     19 Linear |R| = [32m4.416622e+02[39m
     20 Linear |R| = [32m3.321011e+02[39m
     21 Linear |R| = [32m2.551160e+02[39m
     22 Linear |R| = [32m1.919320e+02[39m
     23 Linear |R| = [32m1.426923e+02[39m
     24 Linear |R| = [32m1.076437e+02[39m
     25 Linear |R| = [32m8.153875e+01[39m
     26 Linear |R| = [32m6.066866e+01[39m
     27 Linear |R| = [32m4.647759e+01[39m
     28 Linear |R| = [32m3.460896e+01[39m
     29 Linear |R| = [32m2.489323e+01[39m
     30 Linear |R| = [32m1.768287e+01[39m
     31 Linear |R| = [32m1.458923e+01[39m
     32 Linear |R| = [32m1.139735e+01[39m
     33 Linear |R| = [32m8.444603e+00[39m
     34 Linear |R| = [32m6.242995e+00[39m
     35 Linear |R| = [32m4.520049e+00[39m
     36 Linear |R| = [32m3.341728e+00[39m
     37 Linear |R| = [32m2.561387e+00[39m
     38 Linear |R| = [32m1.999336e+00[39m
     39 Linear |R| = [32m1.589644e+00[39m
     40 Linear |R| = [32m1.275538e+00[39m
     41 Linear |R| = [32m1.034260e+00[39m
     42 Linear |R| = [32m8.272259e-01[39m
     43 Linear |R| = [32m6.725857e-01[39m
     44 Linear |R| = [32m5.826631e-01[39m
     45 Linear |R| = [32m5.344953e-01[39m
     46 Linear |R| = [32m5.032858e-01[39m
     47 Linear |R| = [33m4.847443e-01[39m
     48 Linear |R| = [33m4.704965e-01[39m
     49 Linear |R| = [33m4.620230e-01[39m
     50 Linear |R| = [33m4.572159e-01[39m
     51 Linear |R| = [33m4.537374e-01[39m
     52 Linear |R| = [33m4.495661e-01[39m
     53 Linear |R| = [33m4.458791e-01[39m
     54 Linear |R| = [33m4.427437e-01[39m
     55 Linear |R| = [33m4.407329e-01[39m
     56 Linear |R| = [33m4.393634e-01[39m
     57 Linear |R| = [33m4.349280e-01[39m
     58 Linear |R| = [33m4.252261e-01[39m
     59 Linear |R| = [33m4.159930e-01[39m
     60 Linear |R| = [33m3.961717e-01[39m
     61 Linear |R| = [33m3.894905e-01[39m
     62 Linear |R| = [33m3.844579e-01[39m
     63 Linear |R| = [33m3.782126e-01[39m
     64 Linear |R| = [33m3.716734e-01[39m
     65 Linear |R| = [33m3.682240e-01[39m
     66 Linear |R| = [33m3.641863e-01[39m
     67 Linear |R| = [33m3.621180e-01[39m
     68 Linear |R| = [33m3.607533e-01[39m
     69 Linear |R| = [33m3.584096e-01[39m
     70 Linear |R| = [33m3.555555e-01[39m
     71 Linear |R| = [33m3.524217e-01[39m
     72 Linear |R| = [33m3.486457e-01[39m
     73 Linear |R| = [33m3.437044e-01[39m
     74 Linear |R| = [33m3.361212e-01[39m
     75 Linear |R| = [33m3.245054e-01[39m
     76 Linear |R| = [33m3.096178e-01[39m
     77 Linear |R| = [32m2.901315e-01[39m
     78 Linear |R| = [32m2.691076e-01[39m
     79 Linear |R| = [32m2.377049e-01[39m
     80 Linear |R| = [32m2.040670e-01[39m
     81 Linear |R| = [32m1.718149e-01[39m
     82 Linear |R| = [32m1.368104e-01[39m
     83 Linear |R| = [32m1.067524e-01[39m
     84 Linear |R| = [32m8.197646e-02[39m
     85 Linear |R| = [32m6.247668e-02[39m
     86 Linear |R| = [32m4.796517e-02[39m
     87 Linear |R| = [32m3.613129e-02[39m
     88 Linear |R| = [32m2.711995e-02[39m
     89 Linear |R| = [32m2.255442e-02[39m
     90 Linear |R| = [32m1.831065e-02[39m
     91 Linear |R| = [32m1.457451e-02[39m
 3 Nonlinear |R| = [33m1.478597e+03[39m
      0 Linear |R| = [32m1.478597e+03[39m
      1 Linear |R| = [32m1.396018e+03[39m
      2 Linear |R| = [32m1.210928e+03[39m
      3 Linear |R| = [32m1.142751e+03[39m
      4 Linear |R| = [33m1.110016e+03[39m
      5 Linear |R| = [33m1.095301e+03[39m
      6 Linear |R| = [33m1.086441e+03[39m
      7 Linear |R| = [33m1.076797e+03[39m
      8 Linear |R| = [33m1.064581e+03[39m
      9 Linear |R| = [33m1.051853e+03[39m
     10 Linear |R| = [33m1.040903e+03[39m
     11 Linear |R| = [33m1.028081e+03[39m
     12 Linear |R| = [33m1.007475e+03[39m
     13 Linear |R| = [33m9.681416e+02[39m
     14 Linear |R| = [32m9.034048e+02[39m
     15 Linear |R| = [32m8.264905e+02[39m
     16 Linear |R| = [32m7.375598e+02[39m
     17 Linear |R| = [32m6.384369e+02[39m
     18 Linear |R| = [32m5.093291e+02[39m
     19 Linear |R| = [32m3.807085e+02[39m
     20 Linear |R| = [32m2.850247e+02[39m
     21 Linear |R| = [32m2.209650e+02[39m
     22 Linear |R| = [32m1.637283e+02[39m
     23 Linear |R| = [32m1.218245e+02[39m
     24 Linear |R| = [32m9.243989e+01[39m
     25 Linear |R| = [32m7.091232e+01[39m
     26 Linear |R| = [32m5.321190e+01[39m
     27 Linear |R| = [32m4.051817e+01[39m
     28 Linear |R| = [32m3.052813e+01[39m
     29 Linear |R| = [32m2.233031e+01[39m
     30 Linear |R| = [32m1.624921e+01[39m
     31 Linear |R| = [32m1.334721e+01[39m
     32 Linear |R| = [32m1.055325e+01[39m
     33 Linear |R| = [32m7.962340e+00[39m
     34 Linear |R| = [32m5.967559e+00[39m
     35 Linear |R| = [32m4.330290e+00[39m
     36 Linear |R| = [32m3.172633e+00[39m
     37 Linear |R| = [32m2.449512e+00[39m
     38 Linear |R| = [32m1.911686e+00[39m
     39 Linear |R| = [32m1.483749e+00[39m
     40 Linear |R| = [32m1.159466e+00[39m
     41 Linear |R| = [32m9.048835e-01[39m
     42 Linear |R| = [32m6.875743e-01[39m
     43 Linear |R| = [32m5.217613e-01[39m
     44 Linear |R| = [32m4.091402e-01[39m
     45 Linear |R| = [32m3.363764e-01[39m
     46 Linear |R| = [32m2.954159e-01[39m
     47 Linear |R| = [32m2.680468e-01[39m
     48 Linear |R| = [32m2.493444e-01[39m
     49 Linear |R| = [33m2.396810e-01[39m
     50 Linear |R| = [33m2.323364e-01[39m
     51 Linear |R| = [33m2.267053e-01[39m
     52 Linear |R| = [33m2.228421e-01[39m
     53 Linear |R| = [33m2.207318e-01[39m
     54 Linear |R| = [33m2.191302e-01[39m
     55 Linear |R| = [33m2.173989e-01[39m
     56 Linear |R| = [33m2.161646e-01[39m
     57 Linear |R| = [33m2.143455e-01[39m
     58 Linear |R| = [33m2.113176e-01[39m
     59 Linear |R| = [33m2.094894e-01[39m
     60 Linear |R| = [33m2.039427e-01[39m
     61 Linear |R| = [33m2.023342e-01[39m
     62 Linear |R| = [33m2.019162e-01[39m
     63 Linear |R| = [33m1.997688e-01[39m
     64 Linear |R| = [33m1.976423e-01[39m
     65 Linear |R| = [33m1.965986e-01[39m
     66 Linear |R| = [33m1.950948e-01[39m
     67 Linear |R| = [33m1.940082e-01[39m
     68 Linear |R| = [33m1.922251e-01[39m
     69 Linear |R| = [33m1.900143e-01[39m
     70 Linear |R| = [33m1.880611e-01[39m
     71 Linear |R| = [33m1.853593e-01[39m
     72 Linear |R| = [33m1.814875e-01[39m
     73 Linear |R| = [33m1.743135e-01[39m
     74 Linear |R| = [33m1.669320e-01[39m
     75 Linear |R| = [32m1.540995e-01[39m
     76 Linear |R| = [32m1.375733e-01[39m
     77 Linear |R| = [32m1.189635e-01[39m
     78 Linear |R| = [32m1.003935e-01[39m
     79 Linear |R| = [32m8.418363e-02[39m
     80 Linear |R| = [32m6.866888e-02[39m
     81 Linear |R| = [32m5.497614e-02[39m
     82 Linear |R| = [32m4.398314e-02[39m
     83 Linear |R| = [32m3.280258e-02[39m
     84 Linear |R| = [32m2.582251e-02[39m
     85 Linear |R| = [32m1.892302e-02[39m
     86 Linear |R| = [32m1.464336e-02[39m
 4 Nonlinear |R| = [33m1.476616e+03[39m
      0 Linear |R| = [32m1.476616e+03[39m
      1 Linear |R| = [32m1.391892e+03[39m
      2 Linear |R| = [32m1.210459e+03[39m
      3 Linear |R| = [32m1.122799e+03[39m
      4 Linear |R| = [33m1.093424e+03[39m
      5 Linear |R| = [33m1.086003e+03[39m
      6 Linear |R| = [33m1.080407e+03[39m
      7 Linear |R| = [33m1.061646e+03[39m
      8 Linear |R| = [33m1.035152e+03[39m
      9 Linear |R| = [33m1.023949e+03[39m
     10 Linear |R| = [33m1.016509e+03[39m
     11 Linear |R| = [33m9.943097e+02[39m
     12 Linear |R| = [33m9.489794e+02[39m
     13 Linear |R| = [32m8.962470e+02[39m
     14 Linear |R| = [32m8.316483e+02[39m
     15 Linear |R| = [32m7.462617e+02[39m
     16 Linear |R| = [32m6.359783e+02[39m
     17 Linear |R| = [32m5.378710e+02[39m
     18 Linear |R| = [32m4.194090e+02[39m
     19 Linear |R| = [32m3.090184e+02[39m
     20 Linear |R| = [32m2.303966e+02[39m
     21 Linear |R| = [32m1.776734e+02[39m
     22 Linear |R| = [32m1.313161e+02[39m
     23 Linear |R| = [32m9.802952e+01[39m
     24 Linear |R| = [32m7.415981e+01[39m
     25 Linear |R| = [32m5.694340e+01[39m
     26 Linear |R| = [32m4.326227e+01[39m
     27 Linear |R| = [32m3.289239e+01[39m
     28 Linear |R| = [32m2.495215e+01[39m
     29 Linear |R| = [32m1.869397e+01[39m
     30 Linear |R| = [32m1.396338e+01[39m
     31 Linear |R| = [32m1.108991e+01[39m
     32 Linear |R| = [32m9.132126e+00[39m
     33 Linear |R| = [32m6.792778e+00[39m
     34 Linear |R| = [32m5.169261e+00[39m
     35 Linear |R| = [32m3.802436e+00[39m
     36 Linear |R| = [32m2.804435e+00[39m
     37 Linear |R| = [32m2.147037e+00[39m
     38 Linear |R| = [32m1.673335e+00[39m
     39 Linear |R| = [32m1.292528e+00[39m
     40 Linear |R| = [32m9.953309e-01[39m
     41 Linear |R| = [32m7.580945e-01[39m
     42 Linear |R| = [32m5.713031e-01[39m
     43 Linear |R| = [32m4.190214e-01[39m
     44 Linear |R| = [32m3.154896e-01[39m
     45 Linear |R| = [32m2.369893e-01[39m
     46 Linear |R| = [32m1.909137e-01[39m
     47 Linear |R| = [32m1.622868e-01[39m
     48 Linear |R| = [32m1.385749e-01[39m
     49 Linear |R| = [32m1.255864e-01[39m
     50 Linear |R| = [32m1.174565e-01[39m
     51 Linear |R| = [33m1.116380e-01[39m
     52 Linear |R| = [33m1.083124e-01[39m
     53 Linear |R| = [33m1.063166e-01[39m
     54 Linear |R| = [33m1.045044e-01[39m
     55 Linear |R| = [33m1.031784e-01[39m
     56 Linear |R| = [33m1.023077e-01[39m
     57 Linear |R| = [33m1.013241e-01[39m
     58 Linear |R| = [33m9.976940e-02[39m
     59 Linear |R| = [33m9.890742e-02[39m
     60 Linear |R| = [33m9.715311e-02[39m
     61 Linear |R| = [33m9.683218e-02[39m
     62 Linear |R| = [33m9.676072e-02[39m
     63 Linear |R| = [33m9.560458e-02[39m
     64 Linear |R| = [33m9.484007e-02[39m
     65 Linear |R| = [33m9.438913e-02[39m
     66 Linear |R| = [33m9.342041e-02[39m
     67 Linear |R| = [33m9.234320e-02[39m
     68 Linear |R| = [33m9.058048e-02[39m
     69 Linear |R| = [33m8.858348e-02[39m
     70 Linear |R| = [33m8.707229e-02[39m
     71 Linear |R| = [33m8.395858e-02[39m
     72 Linear |R| = [33m8.078537e-02[39m
     73 Linear |R| = [32m7.471460e-02[39m
     74 Linear |R| = [32m6.877942e-02[39m
     75 Linear |R| = [32m6.105634e-02[39m
     76 Linear |R| = [32m4.906721e-02[39m
     77 Linear |R| = [32m3.819374e-02[39m
     78 Linear |R| = [32m2.822621e-02[39m
     79 Linear |R| = [32m2.178567e-02[39m
     80 Linear |R| = [32m1.744530e-02[39m
     81 Linear |R| = [32m1.376231e-02[39m
 5 Nonlinear |R| = [32m1.340390e+03[39m
      0 Linear |R| = [32m1.340390e+03[39m
      1 Linear |R| = [32m1.096926e+03[39m
      2 Linear |R| = [32m8.942821e+02[39m
      3 Linear |R| = [32m7.572266e+02[39m
      4 Linear |R| = [32m7.077202e+02[39m
      5 Linear |R| = [32m6.439681e+02[39m
      6 Linear |R| = [32m4.761982e+02[39m
      7 Linear |R| = [32m3.228333e+02[39m
      8 Linear |R| = [32m2.410938e+02[39m
      9 Linear |R| = [32m1.928781e+02[39m
     10 Linear |R| = [32m1.555561e+02[39m
     11 Linear |R| = [32m1.246627e+02[39m
     12 Linear |R| = [32m9.737350e+01[39m
     13 Linear |R| = [32m7.219734e+01[39m
     14 Linear |R| = [32m5.437880e+01[39m
     15 Linear |R| = [32m4.247708e+01[39m
     16 Linear |R| = [32m3.266855e+01[39m
     17 Linear |R| = [32m2.421445e+01[39m
     18 Linear |R| = [32m1.787163e+01[39m
     19 Linear |R| = [32m1.298358e+01[39m
     20 Linear |R| = [32m9.463088e+00[39m
     21 Linear |R| = [32m7.161772e+00[39m
     22 Linear |R| = [32m5.365788e+00[39m
     23 Linear |R| = [32m4.052827e+00[39m
     24 Linear |R| = [32m3.082349e+00[39m
     25 Linear |R| = [32m2.337980e+00[39m
     26 Linear |R| = [32m1.750532e+00[39m
     27 Linear |R| = [32m1.317047e+00[39m
     28 Linear |R| = [32m1.012643e+00[39m
     29 Linear |R| = [32m7.534766e-01[39m
     30 Linear |R| = [32m5.452671e-01[39m
     31 Linear |R| = [32m4.509350e-01[39m
     32 Linear |R| = [32m3.570937e-01[39m
     33 Linear |R| = [32m2.732579e-01[39m
     34 Linear |R| = [32m2.022606e-01[39m
     35 Linear |R| = [32m1.460014e-01[39m
     36 Linear |R| = [32m1.091653e-01[39m
     37 Linear |R| = [32m8.300841e-02[39m
     38 Linear |R| = [32m6.418246e-02[39m
     39 Linear |R| = [32m5.011382e-02[39m
     40 Linear |R| = [32m3.915882e-02[39m
     41 Linear |R| = [32m3.004217e-02[39m
     42 Linear |R| = [32m2.217100e-02[39m
     43 Linear |R| = [32m1.615930e-02[39m
     44 Linear |R| = [32m1.172014e-02[39m
 6 Nonlinear |R| = [32m1.231644e+03[39m
      0 Linear |R| = [32m1.231644e+03[39m
      1 Linear |R| = [32m3.188600e+02[39m
      2 Linear |R| = [32m1.265825e+02[39m
      3 Linear |R| = [32m7.680240e+01[39m
      4 Linear |R| = [32m5.246680e+01[39m
      5 Linear |R| = [32m3.927783e+01[39m
      6 Linear |R| = [32m2.868456e+01[39m
      7 Linear |R| = [32m2.190438e+01[39m
      8 Linear |R| = [32m1.747157e+01[39m
      9 Linear |R| = [32m1.381503e+01[39m
     10 Linear |R| = [32m1.067974e+01[39m
     11 Linear |R| = [32m7.997052e+00[39m
     12 Linear |R| = [32m5.736728e+00[39m
     13 Linear |R| = [32m4.243478e+00[39m
     14 Linear |R| = [32m3.128592e+00[39m
     15 Linear |R| = [32m2.228428e+00[39m
     16 Linear |R| = [32m1.686303e+00[39m
     17 Linear |R| = [32m1.293278e+00[39m
     18 Linear |R| = [32m9.353378e-01[39m
     19 Linear |R| = [32m6.519324e-01[39m
     20 Linear |R| = [32m4.849585e-01[39m
     21 Linear |R| = [32m3.734812e-01[39m
     22 Linear |R| = [32m2.944524e-01[39m
     23 Linear |R| = [32m2.380539e-01[39m
     24 Linear |R| = [32m1.887332e-01[39m
     25 Linear |R| = [32m1.450731e-01[39m
     26 Linear |R| = [32m1.086440e-01[39m
     27 Linear |R| = [32m8.233214e-02[39m
     28 Linear |R| = [32m6.143969e-02[39m
     29 Linear |R| = [32m4.444829e-02[39m
     30 Linear |R| = [32m3.169576e-02[39m
     31 Linear |R| = [32m2.574045e-02[39m
     32 Linear |R| = [32m1.961891e-02[39m
     33 Linear |R| = [32m1.463678e-02[39m
     34 Linear |R| = [32m1.090585e-02[39m
 7 Nonlinear |R| = [32m7.307904e+01[39m
      0 Linear |R| = [32m7.307904e+01[39m
      1 Linear |R| = [32m2.232454e+01[39m
      2 Linear |R| = [32m9.746899e+00[39m
      3 Linear |R| = [32m5.901617e+00[39m
      4 Linear |R| = [32m3.851087e+00[39m
      5 Linear |R| = [32m2.694394e+00[39m
      6 Linear |R| = [32m1.925869e+00[39m
      7 Linear |R| = [32m1.388016e+00[39m
      8 Linear |R| = [32m1.008127e+00[39m
      9 Linear |R| = [32m7.215908e-01[39m
     10 Linear |R| = [32m5.356211e-01[39m
     11 Linear |R| = [32m3.896909e-01[39m
     12 Linear |R| = [32m2.781724e-01[39m
     13 Linear |R| = [32m2.015126e-01[39m
     14 Linear |R| = [32m1.504624e-01[39m
     15 Linear |R| = [32m1.150671e-01[39m
     16 Linear |R| = [32m8.794706e-02[39m
     17 Linear |R| = [32m6.580586e-02[39m
     18 Linear |R| = [32m4.683362e-02[39m
     19 Linear |R| = [32m3.251595e-02[39m
     20 Linear |R| = [32m2.270140e-02[39m
     21 Linear |R| = [32m1.540251e-02[39m
     22 Linear |R| = [32m1.041986e-02[39m
     23 Linear |R| = [32m7.187307e-03[39m
     24 Linear |R| = [32m4.736134e-03[39m
     25 Linear |R| = [32m3.181182e-03[39m
     26 Linear |R| = [32m2.095887e-03[39m
     27 Linear |R| = [32m1.319556e-03[39m
     28 Linear |R| = [32m8.496338e-04[39m
     29 Linear |R| = [32m5.778970e-04[39m
 8 Nonlinear |R| = [32m6.728421e+00[39m
      0 Linear |R| = [32m6.728421e+00[39m
      1 Linear |R| = [32m2.969293e+00[39m
      2 Linear |R| = [32m1.640957e+00[39m
      3 Linear |R| = [32m1.045815e+00[39m
      4 Linear |R| = [32m7.031211e-01[39m
      5 Linear |R| = [32m4.984291e-01[39m
      6 Linear |R| = [32m3.678428e-01[39m
      7 Linear |R| = [32m2.781038e-01[39m
      8 Linear |R| = [32m2.122169e-01[39m
      9 Linear |R| = [32m1.588790e-01[39m
     10 Linear |R| = [32m1.199043e-01[39m
     11 Linear |R| = [32m9.077766e-02[39m
     12 Linear |R| = [32m6.817111e-02[39m
     13 Linear |R| = [32m5.090708e-02[39m
     14 Linear |R| = [32m3.619556e-02[39m
     15 Linear |R| = [32m2.468143e-02[39m
     16 Linear |R| = [32m1.649888e-02[39m
     17 Linear |R| = [32m1.103726e-02[39m
     18 Linear |R| = [32m7.731285e-03[39m
     19 Linear |R| = [32m5.632529e-03[39m
     20 Linear |R| = [32m4.167083e-03[39m
     21 Linear |R| = [32m3.088698e-03[39m
     22 Linear |R| = [32m2.293750e-03[39m
     23 Linear |R| = [32m1.745089e-03[39m
     24 Linear |R| = [32m1.361492e-03[39m
     25 Linear |R| = [32m1.104802e-03[39m
     26 Linear |R| = [32m8.885992e-04[39m
     27 Linear |R| = [32m6.951340e-04[39m
     28 Linear |R| = [32m5.391256e-04[39m
     29 Linear |R| = [32m3.952393e-04[39m
     30 Linear |R| = [32m2.993125e-04[39m
     31 Linear |R| = [32m2.328180e-04[39m
     32 Linear |R| = [32m1.895569e-04[39m
     33 Linear |R| = [32m1.441453e-04[39m
     34 Linear |R| = [32m1.099484e-04[39m
     35 Linear |R| = [32m8.384513e-05[39m
     36 Linear |R| = [32m6.727799e-05[39m
 9 Nonlinear |R| = [32m3.543403e-02[39m
      0 Linear |R| = [32m3.543403e-02[39m
      1 Linear |R| = [32m1.293388e-02[39m
      2 Linear |R| = [32m5.813388e-03[39m
      3 Linear |R| = [32m3.513430e-03[39m
      4 Linear |R| = [32m2.285096e-03[39m
      5 Linear |R| = [32m1.640548e-03[39m
      6 Linear |R| = [32m1.222580e-03[39m
      7 Linear |R| = [32m9.332417e-04[39m
      8 Linear |R| = [32m7.296062e-04[39m
      9 Linear |R| = [32m5.549735e-04[39m
     10 Linear |R| = [32m4.225032e-04[39m
     11 Linear |R| = [32m3.185784e-04[39m
     12 Linear |R| = [32m2.324219e-04[39m
     13 Linear |R| = [32m1.626444e-04[39m
     14 Linear |R| = [32m1.109968e-04[39m
     15 Linear |R| = [32m7.526968e-05[39m
     16 Linear |R| = [32m5.081702e-05[39m
     17 Linear |R| = [32m3.482128e-05[39m
     18 Linear |R| = [32m2.458640e-05[39m
     19 Linear |R| = [32m1.828404e-05[39m
     20 Linear |R| = [32m1.428862e-05[39m
     21 Linear |R| = [32m1.137580e-05[39m
     22 Linear |R| = [32m9.040025e-06[39m
     23 Linear |R| = [32m7.180247e-06[39m
     24 Linear |R| = [32m5.589018e-06[39m
     25 Linear |R| = [32m4.256657e-06[39m
     26 Linear |R| = [32m3.250198e-06[39m
     27 Linear |R| = [32m2.460865e-06[39m
     28 Linear |R| = [32m1.816614e-06[39m
     29 Linear |R| = [32m1.287022e-06[39m
     30 Linear |R| = [32m1.129122e-06[39m
     31 Linear |R| = [32m7.476707e-07[39m
     32 Linear |R| = [32m6.077466e-07[39m
     33 Linear |R| = [32m4.578197e-07[39m
     34 Linear |R| = [32m3.354992e-07[39m
10 Nonlinear |R| = [32m1.003286e-06[39m
[32m Solve Converged![39m
  Finished Solving                                                                       [[33m 40.94 s[39m] [[33m  233 MB[39m]

Postprocessor Values:
+----------------+------------------+----------------+----------------+
| time           | reaction_force_z | top_disp_z     | vonmises_max   |
+----------------+------------------+----------------+----------------+
|   0.000000e+00 |     0.000000e+00 |   0.000000e+00 |   0.000000e+00 |
|   5.000000e-02 |     8.358701e-06 |  -1.500000e-04 |   1.647977e+06 |
|   1.000000e-01 |    -2.954241e-06 |  -3.000000e-04 |   3.230259e+06 |
|   1.500000e-01 |    -1.606740e-06 |  -4.500000e-04 |   3.500000e+06 |
|   2.000000e-01 |    -2.566079e-06 |  -6.000000e-04 |   3.500000e+06 |
|   2.500000e-01 |     4.969035e-05 |  -7.500000e-04 |   3.500000e+06 |
|   3.000000e-01 |     9.995144e-07 |  -9.000000e-04 |   3.500000e+06 |
|   3.500000e-01 |    -1.527458e-05 |  -1.050000e-03 |   3.500000e+06 |
|   4.000000e-01 |    -6.849320e-07 |  -1.200000e-03 |   3.500000e+06 |
|   4.500000e-01 |     7.913526e-05 |  -1.350000e-03 |   3.500000e+06 |
|   5.000000e-01 |     2.707347e-05 |  -1.500000e-03 |   3.500000e+06 |
|   5.500000e-01 |     1.150767e-05 |  -1.650000e-03 |   3.500000e+06 |
|   6.000000e-01 |     1.171393e-05 |  -1.800000e-03 |   3.500000e+06 |
|   6.500000e-01 |     1.102024e-05 |  -1.950000e-03 |   3.500000e+06 |
|   7.000000e-01 |     8.329693e-06 |  -2.100000e-03 |   3.500000e+06 |
+----------------+------------------+----------------+----------------+


Time Step 15, time = 0.75, dt = 0.05
 0 Nonlinear |R| = [32m1.602231e+03[39m
      0 Linear |R| = [32m1.602231e+03[39m
      1 Linear |R| = [32m1.508763e+03[39m
      2 Linear |R| = [32m1.171043e+03[39m
      3 Linear |R| = [32m1.034618e+03[39m
      4 Linear |R| = [32m9.759163e+02[39m
      5 Linear |R| = [32m9.036487e+02[39m
      6 Linear |R| = [32m7.410704e+02[39m
      7 Linear |R| = [32m5.272914e+02[39m
      8 Linear |R| = [32m3.381150e+02[39m
      9 Linear |R| = [32m2.062105e+02[39m
     10 Linear |R| = [32m1.219212e+02[39m
     11 Linear |R| = [32m7.673913e+01[39m
     12 Linear |R| = [32m4.567667e+01[39m
     13 Linear |R| = [32m2.819414e+01[39m
     14 Linear |R| = [32m1.830230e+01[39m
     15 Linear |R| = [32m1.169002e+01[39m
     16 Linear |R| = [32m7.363626e+00[39m
     17 Linear |R| = [32m4.511062e+00[39m
     18 Linear |R| = [32m2.709083e+00[39m
     19 Linear |R| = [32m1.697074e+00[39m
     20 Linear |R| = [32m1.073331e+00[39m
     21 Linear |R| = [32m7.198674e-01[39m
     22 Linear |R| = [32m5.313220e-01[39m
     23 Linear |R| = [32m4.118619e-01[39m
     24 Linear |R| = [32m3.220258e-01[39m
     25 Linear |R| = [32m2.458481e-01[39m
     26 Linear |R| = [32m1.873070e-01[39m
     27 Linear |R| = [32m1.385757e-01[39m
     28 Linear |R| = [32m9.623199e-02[39m
     29 Linear |R| = [32m6.266346e-02[39m
    Linear solve did not converge due to DIVERGED_BREAKDOWN iterations 30
 1 Nonlinear |R| = [32m1.479468e+03[39m
      0 Linear |R| = [32m1.479468e+03[39m
      1 Linear |R| = [32m1.402933e+03[39m
      2 Linear |R| = [32m1.204649e+03[39m
      3 Linear |R| = [33m1.148106e+03[39m
      4 Linear |R| = [33m1.123742e+03[39m
      5 Linear |R| = [33m1.104262e+03[39m
      6 Linear |R| = [33m1.090693e+03[39m
      7 Linear |R| = [33m1.082495e+03[39m
      8 Linear |R| = [33m1.077384e+03[39m
      9 Linear |R| = [33m1.071245e+03[39m
     10 Linear |R| = [33m1.062863e+03[39m
     11 Linear |R| = [33m1.051554e+03[39m
     12 Linear |R| = [33m1.039804e+03[39m
     13 Linear |R| = [33m1.022088e+03[39m
     14 Linear |R| = [33m9.803111e+02[39m
     15 Linear |R| = [32m9.199341e+02[39m
     16 Linear |R| = [32m8.518694e+02[39m
     17 Linear |R| = [32m7.639241e+02[39m
     18 Linear |R| = [32m6.398461e+02[39m
     19 Linear |R| = [32m5.077604e+02[39m
     20 Linear |R| = [32m3.895027e+02[39m
     21 Linear |R| = [32m2.951431e+02[39m
     22 Linear |R| = [32m2.255645e+02[39m
     23 Linear |R| = [32m1.703432e+02[39m
     24 Linear |R| = [32m1.303682e+02[39m
     25 Linear |R| = [32m9.739356e+01[39m
     26 Linear |R| = [32m7.093487e+01[39m
     27 Linear |R| = [32m5.368117e+01[39m
     28 Linear |R| = [32m4.005935e+01[39m
     29 Linear |R| = [32m2.906759e+01[39m
     30 Linear |R| = [32m2.037968e+01[39m
     31 Linear |R| = [32m1.672529e+01[39m
     32 Linear |R| = [32m1.316342e+01[39m
     33 Linear |R| = [32m9.754412e+00[39m
     34 Linear |R| = [32m7.045974e+00[39m
     35 Linear |R| = [32m5.077866e+00[39m
     36 Linear |R| = [32m3.704008e+00[39m
     37 Linear |R| = [32m2.864843e+00[39m
     38 Linear |R| = [32m2.267388e+00[39m
     39 Linear |R| = [32m1.798100e+00[39m
     40 Linear |R| = [32m1.431485e+00[39m
     41 Linear |R| = [32m1.154306e+00[39m
     42 Linear |R| = [32m9.121651e-01[39m
     43 Linear |R| = [32m7.327079e-01[39m
     44 Linear |R| = [32m6.285879e-01[39m
     45 Linear |R| = [32m5.717457e-01[39m
     46 Linear |R| = [32m5.317142e-01[39m
     47 Linear |R| = [33m5.117749e-01[39m
     48 Linear |R| = [33m4.960455e-01[39m
     49 Linear |R| = [33m4.843427e-01[39m
     50 Linear |R| = [33m4.786095e-01[39m
     51 Linear |R| = [33m4.755111e-01[39m
     52 Linear |R| = [33m4.715671e-01[39m
     53 Linear |R| = [33m4.674322e-01[39m
     54 Linear |R| = [33m4.643197e-01[39m
     55 Linear |R| = [33m4.631887e-01[39m
     56 Linear |R| = [33m4.622752e-01[39m
     57 Linear |R| = [33m4.585301e-01[39m
     58 Linear |R| = [33m4.515037e-01[39m
     59 Linear |R| = [33m4.461834e-01[39m
     60 Linear |R| = [33m4.286507e-01[39m
     61 Linear |R| = [33m4.235552e-01[39m
     62 Linear |R| = [33m4.206913e-01[39m
     63 Linear |R| = [33m4.156570e-01[39m
     64 Linear |R| = [33m4.111754e-01[39m
     65 Linear |R| = [33m4.088924e-01[39m
     66 Linear |R| = [33m4.045305e-01[39m
     67 Linear |R| = [33m4.028608e-01[39m
     68 Linear |R| = [33m4.018916e-01[39m
     69 Linear |R| = [33m3.990249e-01[39m
     70 Linear |R| = [33m3.964960e-01[39m
     71 Linear |R| = [33m3.932150e-01[39m
     72 Linear |R| = [33m3.893384e-01[39m
     73 Linear |R| = [33m3.845523e-01[39m
     74 Linear |R| = [33m3.746834e-01[39m
     75 Linear |R| = [33m3.593670e-01[39m
     76 Linear |R| = [33m3.418062e-01[39m
     77 Linear |R| = [32m3.197362e-01[39m
     78 Linear |R| = [32m2.924351e-01[39m
     79 Linear |R| = [32m2.569438e-01[39m
     80 Linear |R| = [32m2.189251e-01[39m
     81 Linear |R| = [32m1.796909e-01[39m
     82 Linear |R| = [32m1.461729e-01[39m
     83 Linear |R| = [32m1.150228e-01[39m
     84 Linear |R| = [32m8.944874e-02[39m
     85 Linear |R| = [32m6.866896e-02[39m
     86 Linear |R| = [32m5.102724e-02[39m
     87 Linear |R| = [32m3.838324e-02[39m
     88 Linear |R| = [32m2.744706e-02[39m
     89 Linear |R| = [32m2.315469e-02[39m
     90 Linear |R| = [32m1.937304e-02[39m
     91 Linear |R| = [32m1.522341e-02[39m
     92 Linear |R| = [32m1.315631e-02[39m
 2 Nonlinear |R| = [33m1.477726e+03[39m
      0 Linear |R| = [32m1.477726e+03[39m
      1 Linear |R| = [32m1.397679e+03[39m
      2 Linear |R| = [32m1.204087e+03[39m
      3 Linear |R| = [33m1.145538e+03[39m
      4 Linear |R| = [33m1.116608e+03[39m
      5 Linear |R| = [33m1.098238e+03[39m
      6 Linear |R| = [33m1.086571e+03[39m
      7 Linear |R| = [33m1.078086e+03[39m
      8 Linear |R| = [33m1.071441e+03[39m
      9 Linear |R| = [33m1.063032e+03[39m
     10 Linear |R| = [33m1.052979e+03[39m
     11 Linear |R| = [33m1.041337e+03[39m
     12 Linear |R| = [33m1.028728e+03[39m
     13 Linear |R| = [33m1.006551e+03[39m
     14 Linear |R| = [32m9.544417e+02[39m
     15 Linear |R| = [32m8.841098e+02[39m
     16 Linear |R| = [32m8.108773e+02[39m
     17 Linear |R| = [32m7.258777e+02[39m
     18 Linear |R| = [32m6.033555e+02[39m
     19 Linear |R| = [32m4.707892e+02[39m
     20 Linear |R| = [32m3.554633e+02[39m
     21 Linear |R| = [32m2.728046e+02[39m
     22 Linear |R| = [32m2.067616e+02[39m
     23 Linear |R| = [32m1.555447e+02[39m
     24 Linear |R| = [32m1.184123e+02[39m
     25 Linear |R| = [32m9.016572e+01[39m
     26 Linear |R| = [32m6.707533e+01[39m
     27 Linear |R| = [32m5.123281e+01[39m
     28 Linear |R| = [32m3.830511e+01[39m
     29 Linear |R| = [32m2.821872e+01[39m
     30 Linear |R| = [32m2.030550e+01[39m
     31 Linear |R| = [32m1.683703e+01[39m
     32 Linear |R| = [32m1.330503e+01[39m
     33 Linear |R| = [32m9.884293e+00[39m
     34 Linear |R| = [32m7.331010e+00[39m
     35 Linear |R| = [32m5.325060e+00[39m
     36 Linear |R| = [32m3.948902e+00[39m
     37 Linear |R| = [32m3.056492e+00[39m
     38 Linear |R| = [32m2.412349e+00[39m
     39 Linear |R| = [32m1.932878e+00[39m
     40 Linear |R| = [32m1.552452e+00[39m
     41 Linear |R| = [32m1.251858e+00[39m
     42 Linear |R| = [32m1.001368e+00[39m
     43 Linear |R| = [32m8.205405e-01[39m
     44 Linear |R| = [32m7.179512e-01[39m
     45 Linear |R| = [32m6.649763e-01[39m
     46 Linear |R| = [33m6.319736e-01[39m
     47 Linear |R| = [33m6.110300e-01[39m
     48 Linear |R| = [33m5.960228e-01[39m
     49 Linear |R| = [33m5.875344e-01[39m
     50 Linear |R| = [33m5.823948e-01[39m
     51 Linear |R| = [33m5.787722e-01[39m
     52 Linear |R| = [33m5.742135e-01[39m
     53 Linear |R| = [33m5.699704e-01[39m
     54 Linear |R| = [33m5.662174e-01[39m
     55 Linear |R| = [33m5.631387e-01[39m
     56 Linear |R| = [33m5.606083e-01[39m
     57 Linear |R| = [33m5.539621e-01[39m
     58 Linear |R| = [33m5.409109e-01[39m
     59 Linear |R| = [33m5.299040e-01[39m
     60 Linear |R| = [33m5.050359e-01[39m
     61 Linear |R| = [33m4.959454e-01[39m
     62 Linear |R| = [33m4.885145e-01[39m
     63 Linear |R| = [33m4.803663e-01[39m
     64 Linear |R| = [33m4.727709e-01[39m
     65 Linear |R| = [33m4.682314e-01[39m
     66 Linear |R| = [33m4.622260e-01[39m
     67 Linear |R| = [33m4.590781e-01[39m
     68 Linear |R| = [33m4.571506e-01[39m
     69 Linear |R| = [33m4.542086e-01[39m
     70 Linear |R| = [33m4.508638e-01[39m
     71 Linear |R| = [33m4.471544e-01[39m
     72 Linear |R| = [33m4.433121e-01[39m
     73 Linear |R| = [33m4.384918e-01[39m
     74 Linear |R| = [33m4.300621e-01[39m
     75 Linear |R| = [33m4.156431e-01[39m
     76 Linear |R| = [33m3.965776e-01[39m
     77 Linear |R| = [32m3.710009e-01[39m
     78 Linear |R| = [32m3.443149e-01[39m
     79 Linear |R| = [32m3.052798e-01[39m
     80 Linear |R| = [32m2.613068e-01[39m
     81 Linear |R| = [32m2.217052e-01[39m
     82 Linear |R| = [32m1.768986e-01[39m
     83 Linear |R| = [32m1.401109e-01[39m
     84 Linear |R| = [32m1.099996e-01[39m
     85 Linear |R| = [32m8.571207e-02[39m
     86 Linear |R| = [32m6.461718e-02[39m
     87 Linear |R| = [32m4.646407e-02[39m
     88 Linear |R| = [32m3.328513e-02[39m
     89 Linear |R| = [32m2.764516e-02[39m
     90 Linear |R| = [32m2.286696e-02[39m
     91 Linear |R| = [32m1.893840e-02[39m
     92 Linear |R| = [32m1.637503e-02[39m
     93 Linear |R| = [32m1.237605e-02[39m
 3 Nonlinear |R| = [33m1.475843e+03[39m
      0 Linear |R| = [32m1.475843e+03[39m
      1 Linear |R| = [32m1.391770e+03[39m
      2 Linear |R| = [32m1.206363e+03[39m
      3 Linear |R| = [32m1.136759e+03[39m
      4 Linear |R| = [33m1.103638e+03[39m
      5 Linear |R| = [33m1.089934e+03[39m
      6 Linear |R| = [33m1.081930e+03[39m
      7 Linear |R| = [33m1.071646e+03[39m
      8 Linear |R| = [33m1.058386e+03[39m
      9 Linear |R| = [33m1.046051e+03[39m
     10 Linear |R| = [33m1.036406e+03[39m
     11 Linear |R| = [33m1.024726e+03[39m
     12 Linear |R| = [33m1.004993e+03[39m
     13 Linear |R| = [33m9.661980e+02[39m
     14 Linear |R| = [32m9.024597e+02[39m
     15 Linear |R| = [32m8.298832e+02[39m
     16 Linear |R| = [32m7.448479e+02[39m
     17 Linear |R| = [32m6.550851e+02[39m
     18 Linear |R| = [32m5.324198e+02[39m
     19 Linear |R| = [32m4.035699e+02[39m
     20 Linear |R| = [32m3.036365e+02[39m
     21 Linear |R| = [32m2.344402e+02[39m
     22 Linear |R| = [32m1.755368e+02[39m
     23 Linear |R| = [32m1.327438e+02[39m
     24 Linear |R| = [32m1.016182e+02[39m
     25 Linear |R| = [32m7.808112e+01[39m
     26 Linear |R| = [32m5.836899e+01[39m
     27 Linear |R| = [32m4.433113e+01[39m
     28 Linear |R| = [32m3.359070e+01[39m
     29 Linear |R| = [32m2.516959e+01[39m
     30 Linear |R| = [32m1.846129e+01[39m
     31 Linear |R| = [32m1.520562e+01[39m
     32 Linear |R| = [32m1.215031e+01[39m
     33 Linear |R| = [32m9.179949e+00[39m
     34 Linear |R| = [32m6.855849e+00[39m
     35 Linear |R| = [32m5.002034e+00[39m
     36 Linear |R| = [32m3.676642e+00[39m
     37 Linear |R| = [32m2.861201e+00[39m
     38 Linear |R| = [32m2.255588e+00[39m
     39 Linear |R| = [32m1.770216e+00[39m
     40 Linear |R| = [32m1.378800e+00[39m
     41 Linear |R| = [32m1.054513e+00[39m
     42 Linear |R| = [32m7.970593e-01[39m
     43 Linear |R| = [32m5.994738e-01[39m
     44 Linear |R| = [32m4.657291e-01[39m
     45 Linear |R| = [32m3.765087e-01[39m
     46 Linear |R| = [32m3.269731e-01[39m
     47 Linear |R| = [32m2.930230e-01[39m
     48 Linear |R| = [32m2.693753e-01[39m
     49 Linear |R| = [33m2.574165e-01[39m
     50 Linear |R| = [33m2.489366e-01[39m
     51 Linear |R| = [33m2.427974e-01[39m
     52 Linear |R| = [33m2.389529e-01[39m
     53 Linear |R| = [33m2.369068e-01[39m
     54 Linear |R| = [33m2.354142e-01[39m
     55 Linear |R| = [33m2.336148e-01[39m
     56 Linear |R| = [33m2.322028e-01[39m
     57 Linear |R| = [33m2.301895e-01[39m
     58 Linear |R| = [33m2.268916e-01[39m
     59 Linear |R| = [33m2.252237e-01[39m
     60 Linear |R| = [33m2.201398e-01[39m
     61 Linear |R| = [33m2.186300e-01[39m
     62 Linear |R| = [33m2.182944e-01[39m
     63 Linear |R| = [33m2.159999e-01[39m
     64 Linear |R| = [33m2.137539e-01[39m
     65 Linear |R| = [33m2.126160e-01[39m
     66 Linear |R| = [33m2.108107e-01[39m
     67 Linear |R| = [33m2.095060e-01[39m
     68 Linear |R| = [33m2.074387e-01[39m
     69 Linear |R| = [33m2.047694e-01[39m
     70 Linear |R| = [33m2.026395e-01[39m
     71 Linear |R| = [33m1.996473e-01[39m
     72 Linear |R| = [33m1.959091e-01[39m
     73 Linear |R| = [33m1.884635e-01[39m
     74 Linear |R| = [33m1.804641e-01[39m
     75 Linear |R| = [32m1.666904e-01[39m
     76 Linear |R| = [32m1.459173e-01[39m
     77 Linear |R| = [32m1.225527e-01[39m
     78 Linear |R| = [32m9.811274e-02[39m
     79 Linear |R| = [32m7.919751e-02[39m
     80 Linear |R| = [32m6.365582e-02[39m
     81 Linear |R| = [32m5.067287e-02[39m
     82 Linear |R| = [32m4.073786e-02[39m
     83 Linear |R| = [32m3.073954e-02[39m
     84 Linear |R| = [32m2.464703e-02[39m
     85 Linear |R| = [32m1.908942e-02[39m
     86 Linear |R| = [32m1.500068e-02[39m
     87 Linear |R| = [32m1.033609e-02[39m
 4 Nonlinear |R| = [33m1.473840e+03[39m
      0 Linear |R| = [32m1.473840e+03[39m
      1 Linear |R| = [32m1.388227e+03[39m
      2 Linear |R| = [32m1.205584e+03[39m
      3 Linear |R| = [32m1.114602e+03[39m
      4 Linear |R| = [33m1.086024e+03[39m
      5 Linear |R| = [33m1.079815e+03[39m
      6 Linear |R| = [33m1.074428e+03[39m
      7 Linear |R| = [33m1.053203e+03[39m
      8 Linear |R| = [33m1.026163e+03[39m
      9 Linear |R| = [33m1.016463e+03[39m
     10 Linear |R| = [33m1.009598e+03[39m
     11 Linear |R| = [33m9.862790e+02[39m
     12 Linear |R| = [33m9.413593e+02[39m
     13 Linear |R| = [32m8.912703e+02[39m
     14 Linear |R| = [32m8.261268e+02[39m
     15 Linear |R| = [32m7.396725e+02[39m
     16 Linear |R| = [32m6.352782e+02[39m
     17 Linear |R| = [32m5.466572e+02[39m
     18 Linear |R| = [32m4.346161e+02[39m
     19 Linear |R| = [32m3.218803e+02[39m
     20 Linear |R| = [32m2.396178e+02[39m
     21 Linear |R| = [32m1.838842e+02[39m
     22 Linear |R| = [32m1.381726e+02[39m
     23 Linear |R| = [32m1.048966e+02[39m
     24 Linear |R| = [32m8.007943e+01[39m
     25 Linear |R| = [32m6.148290e+01[39m
     26 Linear |R| = [32m4.649501e+01[39m
     27 Linear |R| = [32m3.513581e+01[39m
     28 Linear |R| = [32m2.690666e+01[39m
     29 Linear |R| = [32m2.053711e+01[39m
     30 Linear |R| = [32m1.550529e+01[39m
     31 Linear |R| = [32m1.231741e+01[39m
     32 Linear |R| = [32m1.020367e+01[39m
     33 Linear |R| = [32m7.620466e+00[39m
     34 Linear |R| = [32m5.814062e+00[39m
     35 Linear |R| = [32m4.254141e+00[39m
     36 Linear |R| = [32m3.145442e+00[39m
     37 Linear |R| = [32m2.417754e+00[39m
     38 Linear |R| = [32m1.915019e+00[39m
     39 Linear |R| = [32m1.504679e+00[39m
     40 Linear |R| = [32m1.164285e+00[39m
     41 Linear |R| = [32m8.761962e-01[39m
     42 Linear |R| = [32m6.593258e-01[39m
     43 Linear |R| = [32m4.865866e-01[39m
     44 Linear |R| = [32m3.714792e-01[39m
     45 Linear |R| = [32m2.872955e-01[39m
     46 Linear |R| = [32m2.389550e-01[39m
     47 Linear |R| = [32m2.071934e-01[39m
     48 Linear |R| = [32m1.822178e-01[39m
     49 Linear |R| = [32m1.691187e-01[39m
     50 Linear |R| = [33m1.610528e-01[39m
     51 Linear |R| = [33m1.556489e-01[39m
     52 Linear |R| = [33m1.529320e-01[39m
     53 Linear |R| = [33m1.512836e-01[39m
     54 Linear |R| = [33m1.495814e-01[39m
     55 Linear |R| = [33m1.482448e-01[39m
     56 Linear |R| = [33m1.471544e-01[39m
     57 Linear |R| = [33m1.456468e-01[39m
     58 Linear |R| = [33m1.430579e-01[39m
     59 Linear |R| = [33m1.415110e-01[39m
     60 Linear |R| = [33m1.382544e-01[39m
     61 Linear |R| = [33m1.374746e-01[39m
     62 Linear |R| = [33m1.372422e-01[39m
     63 Linear |R| = [33m1.346686e-01[39m
     64 Linear |R| = [33m1.331467e-01[39m
     65 Linear |R| = [33m1.323458e-01[39m
     66 Linear |R| = [33m1.309194e-01[39m
     67 Linear |R| = [33m1.293174e-01[39m
     68 Linear |R| = [33m1.272313e-01[39m
     69 Linear |R| = [33m1.253163e-01[39m
     70 Linear |R| = [33m1.237998e-01[39m
     71 Linear |R| = [33m1.205887e-01[39m
     72 Linear |R| = [33m1.174232e-01[39m
     73 Linear |R| = [32m1.110385e-01[39m
     74 Linear |R| = [32m1.049603e-01[39m
     75 Linear |R| = [32m9.601280e-02[39m
     76 Linear |R| = [32m8.151844e-02[39m
     77 Linear |R| = [32m6.464842e-02[39m
     78 Linear |R| = [32m4.806776e-02[39m
     79 Linear |R| = [32m3.601840e-02[39m
     80 Linear |R| = [32m2.769157e-02[39m
     81 Linear |R| = [32m2.129326e-02[39m
     82 Linear |R| = [32m1.637482e-02[39m
     83 Linear |R| = [32m1.280865e-02[39m
 5 Nonlinear |R| = [32m1.311413e+03[39m
      0 Linear |R| = [32m1.311413e+03[39m
      1 Linear |R| = [32m1.087499e+03[39m
      2 Linear |R| = [32m8.834871e+02[39m
      3 Linear |R| = [32m7.487780e+02[39m
      4 Linear |R| = [32m7.008584e+02[39m
      5 Linear |R| = [32m6.367412e+02[39m
      6 Linear |R| = [32m4.725614e+02[39m
      7 Linear |R| = [32m3.230415e+02[39m
      8 Linear |R| = [32m2.436719e+02[39m
      9 Linear |R| = [32m1.957171e+02[39m
     10 Linear |R| = [32m1.577004e+02[39m
     11 Linear |R| = [32m1.266183e+02[39m
     12 Linear |R| = [32m9.890787e+01[39m
     13 Linear |R| = [32m7.333647e+01[39m
     14 Linear |R| = [32m5.524429e+01[39m
     15 Linear |R| = [32m4.327638e+01[39m
     16 Linear |R| = [32m3.364231e+01[39m
     17 Linear |R| = [32m2.537332e+01[39m
     18 Linear |R| = [32m1.900152e+01[39m
     19 Linear |R| = [32m1.381445e+01[39m
     20 Linear |R| = [32m1.001659e+01[39m
     21 Linear |R| = [32m7.583011e+00[39m
     22 Linear |R| = [32m5.775052e+00[39m
     23 Linear |R| = [32m4.426784e+00[39m
     24 Linear |R| = [32m3.392384e+00[39m
     25 Linear |R| = [32m2.564459e+00[39m
     26 Linear |R| = [32m1.908940e+00[39m
     27 Linear |R| = [32m1.438677e+00[39m
     28 Linear |R| = [32m1.109358e+00[39m
     29 Linear |R| = [32m8.349713e-01[39m
     30 Linear |R| = [32m6.115632e-01[39m
     31 Linear |R| = [32m5.083601e-01[39m
     32 Linear |R| = [32m4.046016e-01[39m
     33 Linear |R| = [32m3.102737e-01[39m
     34 Linear |R| = [32m2.312177e-01[39m
     35 Linear |R| = [32m1.664108e-01[39m
     36 Linear |R| = [32m1.242518e-01[39m
     37 Linear |R| = [32m9.480148e-02[39m
     38 Linear |R| = [32m7.459060e-02[39m
     39 Linear |R| = [32m5.954433e-02[39m
     40 Linear |R| = [32m4.666275e-02[39m
     41 Linear |R| = [32m3.524779e-02[39m
     42 Linear |R| = [32m2.598301e-02[39m
     43 Linear |R| = [32m1.913055e-02[39m
     44 Linear |R| = [32m1.402270e-02[39m
     45 Linear |R| = [32m1.094489e-02[39m
 6 Nonlinear |R| = [33m1.248133e+03[39m
      0 Linear |R| = [32m1.248133e+03[39m
      1 Linear |R| = [32m3.204735e+02[39m
      2 Linear |R| = [32m1.246276e+02[39m
      3 Linear |R| = [32m7.527292e+01[39m
      4 Linear |R| = [32m5.206781e+01[39m
      5 Linear |R| = [32m3.944090e+01[39m
      6 Linear |R| = [32m2.889186e+01[39m
      7 Linear |R| = [32m2.189215e+01[39m
      8 Linear |R| = [32m1.739031e+01[39m
      9 Linear |R| = [32m1.370775e+01[39m
     10 Linear |R| = [32m1.060824e+01[39m
     11 Linear |R| = [32m8.035881e+00[39m
     12 Linear |R| = [32m5.827654e+00[39m
     13 Linear |R| = [32m4.351509e+00[39m
     14 Linear |R| = [32m3.223878e+00[39m
     15 Linear |R| = [32m2.277802e+00[39m
     16 Linear |R| = [32m1.696072e+00[39m
     17 Linear |R| = [32m1.306048e+00[39m
     18 Linear |R| = [32m9.646054e-01[39m
     19 Linear |R| = [32m6.801538e-01[39m
     20 Linear |R| = [32m5.022528e-01[39m
     21 Linear |R| = [32m3.861219e-01[39m
     22 Linear |R| = [32m3.039791e-01[39m
     23 Linear |R| = [32m2.472284e-01[39m
     24 Linear |R| = [32m1.975227e-01[39m
     25 Linear |R| = [32m1.530560e-01[39m
     26 Linear |R| = [32m1.159380e-01[39m
     27 Linear |R| = [32m8.782106e-02[39m
     28 Linear |R| = [32m6.558001e-02[39m
     29 Linear |R| = [32m4.831991e-02[39m
     30 Linear |R| = [31m2.611093e-01[39m
     31 Linear |R| = [32m8.471332e-02[39m
     32 Linear |R| = [32m3.882297e-02[39m
     33 Linear |R| = [32m2.592036e-02[39m
     34 Linear |R| = [32m2.037232e-02[39m
     35 Linear |R| = [32m1.667065e-02[39m
     36 Linear |R| = [32m1.276461e-02[39m
     37 Linear |R| = [32m9.345185e-03[39m
 7 Nonlinear |R| = [32m7.859498e+01[39m
      0 Linear |R| = [32m7.859498e+01[39m
      1 Linear |R| = [32m2.247942e+01[39m
      2 Linear |R| = [32m9.880299e+00[39m
      3 Linear |R| = [32m6.215264e+00[39m
      4 Linear |R| = [32m4.053183e+00[39m
      5 Linear |R| = [32m2.822505e+00[39m
      6 Linear |R| = [32m2.000081e+00[39m
      7 Linear |R| = [32m1.437952e+00[39m
      8 Linear |R| = [32m1.047942e+00[39m
      9 Linear |R| = [32m7.672327e-01[39m
     10 Linear |R| = [32m5.759299e-01[39m
     11 Linear |R| = [32m4.351519e-01[39m
     12 Linear |R| = [32m3.227591e-01[39m
     13 Linear |R| = [32m2.355829e-01[39m
     14 Linear |R| = [32m1.739124e-01[39m
     15 Linear |R| = [32m1.314898e-01[39m
     16 Linear |R| = [32m1.016042e-01[39m
     17 Linear |R| = [32m7.723071e-02[39m
     18 Linear |R| = [32m5.618999e-02[39m
     19 Linear |R| = [32m3.949080e-02[39m
     20 Linear |R| = [32m2.775642e-02[39m
     21 Linear |R| = [32m1.953359e-02[39m
     22 Linear |R| = [32m1.377169e-02[39m
     23 Linear |R| = [32m9.982217e-03[39m
     24 Linear |R| = [32m7.170931e-03[39m
     25 Linear |R| = [32m5.327452e-03[39m
     26 Linear |R| = [32m4.008670e-03[39m
     27 Linear |R| = [32m3.069322e-03[39m
     28 Linear |R| = [32m2.522106e-03[39m
     29 Linear |R| = [32m2.128983e-03[39m
     30 Linear |R| = [31m1.265023e-02[39m
     31 Linear |R| = [32m4.544809e-03[39m
     32 Linear |R| = [32m2.472881e-03[39m
     33 Linear |R| = [32m1.756976e-03[39m
     34 Linear |R| = [32m1.403655e-03[39m
     35 Linear |R| = [32m1.163151e-03[39m
     36 Linear |R| = [32m9.600290e-04[39m
     37 Linear |R| = [32m7.863249e-04[39m
     38 Linear |R| = [32m6.255444e-04[39m
 8 Nonlinear |R| = [32m1.012754e+01[39m
      0 Linear |R| = [32m1.012754e+01[39m
      1 Linear |R| = [32m3.976776e+00[39m
      2 Linear |R| = [32m1.975117e+00[39m
      3 Linear |R| = [32m1.160757e+00[39m
      4 Linear |R| = [32m7.334361e-01[39m
      5 Linear |R| = [32m4.870063e-01[39m
      6 Linear |R| = [32m3.311188e-01[39m
      7 Linear |R| = [32m2.316057e-01[39m
      8 Linear |R| = [32m1.696604e-01[39m
      9 Linear |R| = [32m1.252485e-01[39m
     10 Linear |R| = [32m9.462095e-02[39m
     11 Linear |R| = [32m7.345060e-02[39m
     12 Linear |R| = [32m5.626165e-02[39m
     13 Linear |R| = [32m4.292063e-02[39m
     14 Linear |R| = [32m3.281275e-02[39m
     15 Linear |R| = [32m2.555837e-02[39m
     16 Linear |R| = [32m2.049336e-02[39m
     17 Linear |R| = [32m1.599355e-02[39m
     18 Linear |R| = [32m1.208010e-02[39m
     19 Linear |R| = [32m8.979839e-03[39m
     20 Linear |R| = [32m6.634387e-03[39m
     21 Linear |R| = [32m4.976778e-03[39m
     22 Linear |R| = [32m3.804269e-03[39m
     23 Linear |R| = [32m2.947200e-03[39m
     24 Linear |R| = [32m2.273318e-03[39m
     25 Linear |R| = [32m1.784365e-03[39m
     26 Linear |R| = [32m1.406129e-03[39m
     27 Linear |R| = [32m1.065386e-03[39m
     28 Linear |R| = [32m8.018209e-04[39m
     29 Linear |R| = [32m5.931618e-04[39m
     30 Linear |R| = [32m4.370439e-04[39m
     31 Linear |R| = [32m3.532312e-04[39m
     32 Linear |R| = [32m2.795845e-04[39m
     33 Linear |R| = [32m2.097793e-04[39m
     34 Linear |R| = [32m1.565014e-04[39m
     35 Linear |R| = [32m1.196618e-04[39m
     36 Linear |R| = [32m9.378112e-05[39m
 9 Nonlinear |R| = [32m5.834613e-01[39m
      0 Linear |R| = [32m5.834613e-01[39m
      1 Linear |R| = [32m2.278846e-01[39m
      2 Linear |R| = [32m1.105540e-01[39m
      3 Linear |R| = [32m6.648065e-02[39m
      4 Linear |R| = [32m4.225611e-02[39m
      5 Linear |R| = [32m2.857774e-02[39m
      6 Linear |R| = [32m1.982258e-02[39m
      7 Linear |R| = [32m1.405617e-02[39m
      8 Linear |R| = [32m1.016986e-02[39m
      9 Linear |R| = [32m7.242501e-03[39m
     10 Linear |R| = [32m5.147623e-03[39m
     11 Linear |R| = [32m3.641882e-03[39m
     12 Linear |R| = [32m2.645210e-03[39m
     13 Linear |R| = [32m1.994248e-03[39m
     14 Linear |R| = [32m1.525930e-03[39m
     15 Linear |R| = [32m1.198000e-03[39m
     16 Linear |R| = [32m9.662689e-04[39m
     17 Linear |R| = [32m7.594035e-04[39m
     18 Linear |R| = [32m5.641796e-04[39m
     19 Linear |R| = [32m4.034115e-04[39m
     20 Linear |R| = [32m2.864919e-04[39m
     21 Linear |R| = [32m2.103106e-04[39m
     22 Linear |R| = [32m1.590441e-04[39m
     23 Linear |R| = [32m1.222372e-04[39m
     24 Linear |R| = [32m9.464627e-05[39m
     25 Linear |R| = [32m7.453930e-05[39m
     26 Linear |R| = [32m5.969225e-05[39m
     27 Linear |R| = [32m4.695558e-05[39m
     28 Linear |R| = [32m3.550273e-05[39m
     29 Linear |R| = [32m2.618780e-05[39m
     30 Linear |R| = [32m2.175179e-05[39m
     31 Linear |R| = [32m1.638139e-05[39m
     32 Linear |R| = [32m1.335045e-05[39m
     33 Linear |R| = [32m1.030681e-05[39m
     34 Linear |R| = [32m8.013774e-06[39m
     35 Linear |R| = [32m6.397172e-06[39m
     36 Linear |R| = [32m5.107445e-06[39m
10 Nonlinear |R| = [32m7.610719e-05[39m
[32m Solve Converged![39m
  Finished Solving                                                                       [[33m 39.66 s[39m] [[33m  233 MB[39m]

Postprocessor Values:
+----------------+------------------+----------------+----------------+
| time           | reaction_force_z | top_disp_z     | vonmises_max   |
+----------------+------------------+----------------+----------------+
:                :                  :                :                :
|   5.000000e-02 |     8.358701e-06 |  -1.500000e-04 |   1.647977e+06 |
|   1.000000e-01 |    -2.954241e-06 |  -3.000000e-04 |   3.230259e+06 |
|   1.500000e-01 |    -1.606740e-06 |  -4.500000e-04 |   3.500000e+06 |
|   2.000000e-01 |    -2.566079e-06 |  -6.000000e-04 |   3.500000e+06 |
|   2.500000e-01 |     4.969035e-05 |  -7.500000e-04 |   3.500000e+06 |
|   3.000000e-01 |     9.995144e-07 |  -9.000000e-04 |   3.500000e+06 |
|   3.500000e-01 |    -1.527458e-05 |  -1.050000e-03 |   3.500000e+06 |
|   4.000000e-01 |    -6.849320e-07 |  -1.200000e-03 |   3.500000e+06 |
|   4.500000e-01 |     7.913526e-05 |  -1.350000e-03 |   3.500000e+06 |
|   5.000000e-01 |     2.707347e-05 |  -1.500000e-03 |   3.500000e+06 |
|   5.500000e-01 |     1.150767e-05 |  -1.650000e-03 |   3.500000e+06 |
|   6.000000e-01 |     1.171393e-05 |  -1.800000e-03 |   3.500000e+06 |
|   6.500000e-01 |     1.102024e-05 |  -1.950000e-03 |   3.500000e+06 |
|   7.000000e-01 |     8.329693e-06 |  -2.100000e-03 |   3.500000e+06 |
|   7.500000e-01 |     7.055284e-06 |  -2.250000e-03 |   3.500000e+06 |
+----------------+------------------+----------------+----------------+


Time Step 16, time = 0.8, dt = 0.05
 0 Nonlinear |R| = [32m1.599858e+03[39m
      0 Linear |R| = [32m1.599858e+03[39m
      1 Linear |R| = [32m1.505098e+03[39m
      2 Linear |R| = [32m1.167699e+03[39m
      3 Linear |R| = [32m1.030670e+03[39m
      4 Linear |R| = [32m9.716520e+02[39m
      5 Linear |R| = [32m9.005859e+02[39m
      6 Linear |R| = [32m7.405812e+02[39m
      7 Linear |R| = [32m5.285430e+02[39m
      8 Linear |R| = [32m3.401552e+02[39m
      9 Linear |R| = [32m2.074278e+02[39m
     10 Linear |R| = [32m1.225466e+02[39m
     11 Linear |R| = [32m7.717295e+01[39m
     12 Linear |R| = [32m4.596696e+01[39m
     13 Linear |R| = [32m2.839982e+01[39m
     14 Linear |R| = [32m1.841409e+01[39m
     15 Linear |R| = [32m1.176228e+01[39m
     16 Linear |R| = [32m7.408781e+00[39m
     17 Linear |R| = [32m4.528851e+00[39m
     18 Linear |R| = [32m2.721721e+00[39m
     19 Linear |R| = [32m1.693559e+00[39m
     20 Linear |R| = [32m1.055959e+00[39m
     21 Linear |R| = [32m7.007300e-01[39m
     22 Linear |R| = [32m5.096586e-01[39m
     23 Linear |R| = [32m3.903971e-01[39m
     24 Linear |R| = [32m3.041598e-01[39m
     25 Linear |R| = [32m2.331826e-01[39m
     26 Linear |R| = [32m1.792188e-01[39m
     27 Linear |R| = [32m1.339543e-01[39m
     28 Linear |R| = [32m9.458484e-02[39m
     29 Linear |R| = [32m6.261735e-02[39m
    Linear solve did not converge due to DIVERGED_BREAKDOWN iterations 30
 1 Nonlinear |R| = [32m1.476972e+03[39m
      0 Linear |R| = [32m1.476972e+03[39m
      1 Linear |R| = [32m1.399603e+03[39m
      2 Linear |R| = [32m1.201691e+03[39m
      3 Linear |R| = [33m1.143765e+03[39m
      4 Linear |R| = [33m1.118980e+03[39m
      5 Linear |R| = [33m1.099793e+03[39m
      6 Linear |R| = [33m1.086534e+03[39m
      7 Linear |R| = [33m1.078683e+03[39m
      8 Linear |R| = [33m1.073899e+03[39m
      9 Linear |R| = [33m1.068010e+03[39m
     10 Linear |R| = [33m1.060372e+03[39m
     11 Linear |R| = [33m1.050319e+03[39m
     12 Linear |R| = [33m1.040393e+03[39m
     13 Linear |R| = [33m1.025386e+03[39m
     14 Linear |R| = [33m9.875687e+02[39m
     15 Linear |R| = [32m9.327811e+02[39m
     16 Linear |R| = [32m8.708006e+02[39m
     17 Linear |R| = [32m7.967329e+02[39m
     18 Linear |R| = [32m6.863245e+02[39m
     19 Linear |R| = [32m5.567255e+02[39m
     20 Linear |R| = [32m4.329407e+02[39m
     21 Linear |R| = [32m3.315870e+02[39m
     22 Linear |R| = [32m2.557224e+02[39m
     23 Linear |R| = [32m1.960598e+02[39m
     24 Linear |R| = [32m1.522322e+02[39m
     25 Linear |R| = [32m1.149415e+02[39m
     26 Linear |R| = [32m8.407770e+01[39m
     27 Linear |R| = [32m6.365751e+01[39m
     28 Linear |R| = [32m4.732126e+01[39m
     29 Linear |R| = [32m3.442072e+01[39m
     30 Linear |R| = [32m2.427295e+01[39m
     31 Linear |R| = [32m2.004368e+01[39m
     32 Linear |R| = [32m1.584591e+01[39m
     33 Linear |R| = [32m1.169340e+01[39m
     34 Linear |R| = [32m8.495520e+00[39m
     35 Linear |R| = [32m6.193375e+00[39m
     36 Linear |R| = [32m4.578681e+00[39m
     37 Linear |R| = [32m3.590435e+00[39m
     38 Linear |R| = [32m2.874907e+00[39m
     39 Linear |R| = [32m2.299938e+00[39m
     40 Linear |R| = [32m1.838881e+00[39m
     41 Linear |R| = [32m1.480200e+00[39m
     42 Linear |R| = [32m1.168264e+00[39m
     43 Linear |R| = [32m9.452917e-01[39m
     44 Linear |R| = [32m8.199729e-01[39m
     45 Linear |R| = [32m7.557552e-01[39m
     46 Linear |R| = [32m7.110040e-01[39m
     47 Linear |R| = [33m6.879336e-01[39m
     48 Linear |R| = [33m6.705895e-01[39m
     49 Linear |R| = [33m6.576322e-01[39m
     50 Linear |R| = [33m6.511252e-01[39m
     51 Linear |R| = [33m6.477859e-01[39m
     52 Linear |R| = [33m6.438929e-01[39m
     53 Linear |R| = [33m6.392237e-01[39m
     54 Linear |R| = [33m6.350469e-01[39m
     55 Linear |R| = [33m6.331501e-01[39m
     56 Linear |R| = [33m6.313557e-01[39m
     57 Linear |R| = [33m6.252474e-01[39m
     58 Linear |R| = [33m6.146703e-01[39m
     59 Linear |R| = [33m6.071410e-01[39m
     60 Linear |R| = [33m5.852470e-01[39m
     61 Linear |R| = [33m5.779505e-01[39m
     62 Linear |R| = [33m5.736269e-01[39m
     63 Linear |R| = [33m5.664640e-01[39m
     64 Linear |R| = [33m5.598577e-01[39m
     65 Linear |R| = [33m5.558681e-01[39m
     66 Linear |R| = [33m5.489057e-01[39m
     67 Linear |R| = [33m5.459554e-01[39m
     68 Linear |R| = [33m5.446448e-01[39m
     69 Linear |R| = [33m5.410384e-01[39m
     70 Linear |R| = [33m5.377446e-01[39m
     71 Linear |R| = [33m5.337673e-01[39m
     72 Linear |R| = [33m5.299089e-01[39m
     73 Linear |R| = [33m5.251056e-01[39m
     74 Linear |R| = [33m5.151788e-01[39m
     75 Linear |R| = [33m4.967990e-01[39m
     76 Linear |R| = [33m4.726037e-01[39m
     77 Linear |R| = [32m4.402153e-01[39m
     78 Linear |R| = [32m3.991307e-01[39m
     79 Linear |R| = [32m3.517560e-01[39m
     80 Linear |R| = [32m2.989978e-01[39m
     81 Linear |R| = [32m2.462965e-01[39m
     82 Linear |R| = [32m2.006565e-01[39m
     83 Linear |R| = [32m1.585229e-01[39m
     84 Linear |R| = [32m1.249117e-01[39m
     85 Linear |R| = [32m9.835841e-02[39m
     86 Linear |R| = [32m7.407366e-02[39m
     87 Linear |R| = [32m5.471896e-02[39m
     88 Linear |R| = [32m3.694713e-02[39m
     89 Linear |R| = [32m2.968994e-02[39m
    Linear solve did not converge due to DIVERGED_BREAKDOWN iterations 90
 2 Nonlinear |R| = [33m1.475209e+03[39m
      0 Linear |R| = [32m1.475209e+03[39m
      1 Linear |R| = [32m1.394206e+03[39m
      2 Linear |R| = [32m1.201501e+03[39m
      3 Linear |R| = [32m1.141022e+03[39m
      4 Linear |R| = [33m1.111324e+03[39m
      5 Linear |R| = [33m1.093327e+03[39m
      6 Linear |R| = [33m1.081878e+03[39m
      7 Linear |R| = [33m1.073778e+03[39m
      8 Linear |R| = [33m1.067516e+03[39m
      9 Linear |R| = [33m1.059206e+03[39m
     10 Linear |R| = [33m1.049909e+03[39m
     11 Linear |R| = [33m1.039701e+03[39m
     12 Linear |R| = [33m1.028645e+03[39m
     13 Linear |R| = [33m1.008722e+03[39m
     14 Linear |R| = [33m9.601396e+02[39m
     15 Linear |R| = [32m8.952457e+02[39m
     16 Linear |R| = [32m8.272917e+02[39m
     17 Linear |R| = [32m7.540416e+02[39m
     18 Linear |R| = [32m6.430739e+02[39m
     19 Linear |R| = [32m5.124394e+02[39m
     20 Linear |R| = [32m3.926899e+02[39m
     21 Linear |R| = [32m3.034712e+02[39m
     22 Linear |R| = [32m2.308234e+02[39m
     23 Linear |R| = [32m1.763744e+02[39m
     24 Linear |R| = [32m1.363658e+02[39m
     25 Linear |R| = [32m1.053665e+02[39m
     26 Linear |R| = [32m7.899566e+01[39m
     27 Linear |R| = [32m5.994539e+01[39m
     28 Linear |R| = [32m4.429131e+01[39m
     29 Linear |R| = [32m3.251273e+01[39m
     30 Linear |R| = [32m2.363632e+01[39m
     31 Linear |R| = [32m1.974517e+01[39m
     32 Linear |R| = [32m1.563690e+01[39m
     33 Linear |R| = [32m1.154512e+01[39m
     34 Linear |R| = [32m8.540466e+00[39m
     35 Linear |R| = [32m6.259808e+00[39m
     36 Linear |R| = [32m4.692871e+00[39m
     37 Linear |R| = [32m3.674594e+00[39m
     38 Linear |R| = [32m2.934059e+00[39m
     39 Linear |R| = [32m2.365513e+00[39m
     40 Linear |R| = [32m1.900378e+00[39m
     41 Linear |R| = [32m1.525227e+00[39m
     42 Linear |R| = [32m1.218171e+00[39m
     43 Linear |R| = [32m1.005533e+00[39m
     44 Linear |R| = [32m8.852024e-01[39m
     45 Linear |R| = [32m8.257317e-01[39m
     46 Linear |R| = [33m7.881919e-01[39m
     47 Linear |R| = [33m7.623713e-01[39m
     48 Linear |R| = [33m7.457305e-01[39m
     49 Linear |R| = [33m7.366180e-01[39m
     50 Linear |R| = [33m7.305741e-01[39m
     51 Linear |R| = [33m7.263623e-01[39m
     52 Linear |R| = [33m7.217121e-01[39m
     53 Linear |R| = [33m7.171870e-01[39m
     54 Linear |R| = [33m7.124319e-01[39m
     55 Linear |R| = [33m7.079733e-01[39m
     56 Linear |R| = [33m7.038008e-01[39m
     57 Linear |R| = [33m6.934562e-01[39m
     58 Linear |R| = [33m6.751936e-01[39m
     59 Linear |R| = [33m6.609498e-01[39m
     60 Linear |R| = [33m6.323707e-01[39m
     61 Linear |R| = [33m6.217703e-01[39m
     62 Linear |R| = [33m6.122722e-01[39m
     63 Linear |R| = [33m6.004048e-01[39m
     64 Linear |R| = [33m5.889668e-01[39m
     65 Linear |R| = [33m5.821219e-01[39m
     66 Linear |R| = [33m5.730803e-01[39m
     67 Linear |R| = [33m5.686057e-01[39m
     68 Linear |R| = [33m5.660695e-01[39m
     69 Linear |R| = [33m5.625102e-01[39m
     70 Linear |R| = [33m5.587439e-01[39m
     71 Linear |R| = [33m5.548097e-01[39m
     72 Linear |R| = [33m5.507432e-01[39m
     73 Linear |R| = [33m5.454042e-01[39m
     74 Linear |R| = [33m5.372234e-01[39m
     75 Linear |R| = [33m5.222791e-01[39m
     76 Linear |R| = [33m4.992524e-01[39m
     77 Linear |R| = [32m4.611494e-01[39m
     78 Linear |R| = [32m4.189368e-01[39m
     79 Linear |R| = [32m3.648480e-01[39m
     80 Linear |R| = [32m3.065052e-01[39m
     81 Linear |R| = [32m2.597594e-01[39m
     82 Linear |R| = [32m2.082403e-01[39m
     83 Linear |R| = [32m1.654419e-01[39m
     84 Linear |R| = [32m1.308505e-01[39m
     85 Linear |R| = [32m1.038415e-01[39m
     86 Linear |R| = [32m8.003011e-02[39m
     87 Linear |R| = [32m5.738518e-02[39m
     88 Linear |R| = [32m3.887189e-02[39m
     89 Linear |R| = [32m3.079787e-02[39m
     90 Linear |R| = [32m2.496239e-02[39m
     91 Linear |R| = [32m2.032026e-02[39m
     92 Linear |R| = [32m1.722861e-02[39m
     93 Linear |R| = [32m1.284182e-02[39m
 3 Nonlinear |R| = [33m1.473297e+03[39m
      0 Linear |R| = [32m1.473297e+03[39m
      1 Linear |R| = [32m1.388276e+03[39m
      2 Linear |R| = [32m1.203899e+03[39m
      3 Linear |R| = [32m1.130837e+03[39m
      4 Linear |R| = [33m1.097246e+03[39m
      5 Linear |R| = [33m1.084229e+03[39m
      6 Linear |R| = [33m1.076262e+03[39m
      7 Linear |R| = [33m1.066068e+03[39m
      8 Linear |R| = [33m1.053020e+03[39m
      9 Linear |R| = [33m1.040917e+03[39m
     10 Linear |R| = [33m1.032346e+03[39m
     11 Linear |R| = [33m1.021999e+03[39m
     12 Linear |R| = [33m1.002834e+03[39m
     13 Linear |R| = [33m9.658628e+02[39m
     14 Linear |R| = [32m9.050160e+02[39m
     15 Linear |R| = [32m8.341268e+02[39m
     16 Linear |R| = [32m7.494743e+02[39m
     17 Linear |R| = [32m6.669788e+02[39m
     18 Linear |R| = [32m5.537191e+02[39m
     19 Linear |R| = [32m4.309870e+02[39m
     20 Linear |R| = [32m3.304463e+02[39m
     21 Linear |R| = [32m2.557524e+02[39m
     22 Linear |R| = [32m1.906327e+02[39m
     23 Linear |R| = [32m1.452447e+02[39m
     24 Linear |R| = [32m1.119997e+02[39m
     25 Linear |R| = [32m8.688525e+01[39m
     26 Linear |R| = [32m6.581371e+01[39m
     27 Linear |R| = [32m5.001376e+01[39m
     28 Linear |R| = [32m3.757485e+01[39m
     29 Linear |R| = [32m2.818584e+01[39m
     30 Linear |R| = [32m2.085372e+01[39m
     31 Linear |R| = [32m1.730067e+01[39m
     32 Linear |R| = [32m1.386577e+01[39m
     33 Linear |R| = [32m1.047919e+01[39m
     34 Linear |R| = [32m7.856850e+00[39m
     35 Linear |R| = [32m5.839305e+00[39m
     36 Linear |R| = [32m4.340966e+00[39m
     37 Linear |R| = [32m3.394161e+00[39m
     38 Linear |R| = [32m2.690293e+00[39m
     39 Linear |R| = [32m2.106351e+00[39m
     40 Linear |R| = [32m1.631157e+00[39m
     41 Linear |R| = [32m1.237942e+00[39m
     42 Linear |R| = [32m9.319007e-01[39m
     43 Linear |R| = [32m7.028806e-01[39m
     44 Linear |R| = [32m5.544851e-01[39m
     45 Linear |R| = [32m4.602979e-01[39m
     46 Linear |R| = [32m4.083799e-01[39m
     47 Linear |R| = [32m3.733611e-01[39m
     48 Linear |R| = [32m3.498748e-01[39m
     49 Linear |R| = [33m3.376549e-01[39m
     50 Linear |R| = [33m3.286046e-01[39m
     51 Linear |R| = [33m3.222121e-01[39m
     52 Linear |R| = [33m3.185832e-01[39m
     53 Linear |R| = [33m3.167220e-01[39m
     54 Linear |R| = [33m3.151755e-01[39m
     55 Linear |R| = [33m3.131919e-01[39m
     56 Linear |R| = [33m3.114112e-01[39m
     57 Linear |R| = [33m3.080968e-01[39m
     58 Linear |R| = [33m3.021208e-01[39m
     59 Linear |R| = [33m2.988245e-01[39m
     60 Linear |R| = [33m2.911874e-01[39m
     61 Linear |R| = [33m2.890346e-01[39m
     62 Linear |R| = [33m2.883010e-01[39m
     63 Linear |R| = [33m2.836857e-01[39m
     64 Linear |R| = [33m2.795116e-01[39m
     65 Linear |R| = [33m2.775285e-01[39m
     66 Linear |R| = [33m2.745673e-01[39m
     67 Linear |R| = [33m2.726072e-01[39m
     68 Linear |R| = [33m2.699014e-01[39m
     69 Linear |R| = [33m2.670268e-01[39m
     70 Linear |R| = [33m2.650940e-01[39m
     71 Linear |R| = [33m2.621185e-01[39m
     72 Linear |R| = [33m2.581091e-01[39m
     73 Linear |R| = [33m2.501202e-01[39m
     74 Linear |R| = [33m2.426443e-01[39m
     75 Linear |R| = [32m2.299969e-01[39m
     76 Linear |R| = [32m2.086061e-01[39m
     77 Linear |R| = [32m1.792214e-01[39m
     78 Linear |R| = [32m1.406190e-01[39m
     79 Linear |R| = [32m1.094073e-01[39m
     80 Linear |R| = [32m8.404391e-02[39m
     81 Linear |R| = [32m6.465805e-02[39m
     82 Linear |R| = [32m5.222313e-02[39m
     83 Linear |R| = [32m4.030188e-02[39m
     84 Linear |R| = [32m3.282547e-02[39m
     85 Linear |R| = [32m2.559408e-02[39m
     86 Linear |R| = [32m2.041113e-02[39m
     87 Linear |R| = [32m1.446705e-02[39m
 4 Nonlinear |R| = [33m1.471277e+03[39m
      0 Linear |R| = [32m1.471277e+03[39m
      1 Linear |R| = [32m1.385077e+03[39m
      2 Linear |R| = [32m1.201875e+03[39m
      3 Linear |R| = [32m1.107074e+03[39m
      4 Linear |R| = [33m1.078950e+03[39m
      5 Linear |R| = [33m1.073356e+03[39m
      6 Linear |R| = [33m1.067458e+03[39m
      7 Linear |R| = [33m1.044380e+03[39m
      8 Linear |R| = [33m1.018256e+03[39m
      9 Linear |R| = [33m1.010017e+03[39m
     10 Linear |R| = [33m1.003457e+03[39m
     11 Linear |R| = [33m9.787143e+02[39m
     12 Linear |R| = [33m9.338682e+02[39m
     13 Linear |R| = [32m8.870829e+02[39m
     14 Linear |R| = [32m8.229057e+02[39m
     15 Linear |R| = [32m7.321946e+02[39m
     16 Linear |R| = [32m6.265233e+02[39m
     17 Linear |R| = [32m5.442356e+02[39m
     18 Linear |R| = [32m4.424574e+02[39m
     19 Linear |R| = [32m3.363767e+02[39m
     20 Linear |R| = [32m2.540329e+02[39m
     21 Linear |R| = [32m1.942154e+02[39m
     22 Linear |R| = [32m1.455054e+02[39m
     23 Linear |R| = [32m1.106159e+02[39m
     24 Linear |R| = [32m8.446058e+01[39m
     25 Linear |R| = [32m6.520802e+01[39m
     26 Linear |R| = [32m5.009012e+01[39m
     27 Linear |R| = [32m3.794204e+01[39m
     28 Linear |R| = [32m2.898704e+01[39m
     29 Linear |R| = [32m2.205022e+01[39m
     30 Linear |R| = [32m1.679402e+01[39m
     31 Linear |R| = [32m1.344950e+01[39m
     32 Linear |R| = [32m1.120818e+01[39m
     33 Linear |R| = [32m8.393435e+00[39m
     34 Linear |R| = [32m6.441699e+00[39m
     35 Linear |R| = [32m4.780659e+00[39m
     36 Linear |R| = [32m3.588576e+00[39m
     37 Linear |R| = [32m2.777820e+00[39m
     38 Linear |R| = [32m2.215635e+00[39m
     39 Linear |R| = [32m1.731266e+00[39m
     40 Linear |R| = [32m1.322628e+00[39m
     41 Linear |R| = [32m9.891171e-01[39m
     42 Linear |R| = [32m7.432702e-01[39m
     43 Linear |R| = [32m5.480228e-01[39m
     44 Linear |R| = [32m4.227651e-01[39m
     45 Linear |R| = [32m3.400589e-01[39m
     46 Linear |R| = [32m2.934922e-01[39m
     47 Linear |R| = [32m2.622865e-01[39m
     48 Linear |R| = [32m2.394978e-01[39m
     49 Linear |R| = [32m2.271960e-01[39m
     50 Linear |R| = [33m2.192621e-01[39m
     51 Linear |R| = [33m2.139545e-01[39m
     52 Linear |R| = [33m2.111845e-01[39m
     53 Linear |R| = [33m2.095026e-01[39m
     54 Linear |R| = [33m2.077955e-01[39m
     55 Linear |R| = [33m2.064533e-01[39m
     56 Linear |R| = [33m2.049552e-01[39m
     57 Linear |R| = [33m2.020379e-01[39m
     58 Linear |R| = [33m1.965422e-01[39m
     59 Linear |R| = [33m1.929253e-01[39m
     60 Linear |R| = [33m1.869377e-01[39m
     61 Linear |R| = [33m1.852735e-01[39m
     62 Linear |R| = [33m1.844663e-01[39m
     63 Linear |R| = [33m1.786799e-01[39m
     64 Linear |R| = [33m1.755306e-01[39m
     65 Linear |R| = [33m1.738237e-01[39m
     66 Linear |R| = [33m1.715845e-01[39m
     67 Linear |R| = [33m1.693423e-01[39m
     68 Linear |R| = [33m1.669444e-01[39m
     69 Linear |R| = [33m1.650912e-01[39m
     70 Linear |R| = [33m1.637958e-01[39m
     71 Linear |R| = [33m1.606856e-01[39m
     72 Linear |R| = [33m1.574357e-01[39m
     73 Linear |R| = [33m1.511366e-01[39m
     74 Linear |R| = [33m1.462515e-01[39m
     75 Linear |R| = [32m1.386447e-01[39m
     76 Linear |R| = [32m1.251448e-01[39m
     77 Linear |R| = [32m1.062671e-01[39m
     78 Linear |R| = [32m8.282475e-02[39m
     79 Linear |R| = [32m6.222198e-02[39m
     80 Linear |R| = [32m4.494740e-02[39m
     81 Linear |R| = [32m3.367798e-02[39m
     82 Linear |R| = [32m2.511272e-02[39m
     83 Linear |R| = [32m1.955531e-02[39m
     84 Linear |R| = [32m1.510783e-02[39m
     85 Linear |R| = [32m1.196255e-02[39m
 5 Nonlinear |R| = [32m1.288985e+03[39m
      0 Linear |R| = [32m1.288985e+03[39m
      1 Linear |R| = [32m1.079545e+03[39m
      2 Linear |R| = [32m8.746033e+02[39m
      3 Linear |R| = [32m7.416503e+02[39m
      4 Linear |R| = [32m6.946508e+02[39m
      5 Linear |R| = [32m6.287777e+02[39m
      6 Linear |R| = [32m4.639297e+02[39m
      7 Linear |R| = [32m3.204278e+02[39m
      8 Linear |R| = [32m2.454090e+02[39m
      9 Linear |R| = [32m1.985656e+02[39m
     10 Linear |R| = [32m1.604090e+02[39m
     11 Linear |R| = [32m1.290994e+02[39m
     12 Linear |R| = [32m1.004956e+02[39m
     13 Linear |R| = [32m7.451741e+01[39m
     14 Linear |R| = [32m5.613017e+01[39m
     15 Linear |R| = [32m4.380662e+01[39m
     16 Linear |R| = [32m3.400660e+01[39m
     17 Linear |R| = [32m2.596861e+01[39m
     18 Linear |R| = [32m1.991890e+01[39m
     19 Linear |R| = [32m1.478768e+01[39m
     20 Linear |R| = [32m1.082083e+01[39m
     21 Linear |R| = [32m8.163797e+00[39m
     22 Linear |R| = [32m6.198856e+00[39m
     23 Linear |R| = [32m4.726984e+00[39m
     24 Linear |R| = [32m3.632372e+00[39m
     25 Linear |R| = [32m2.771863e+00[39m
     26 Linear |R| = [32m2.086311e+00[39m
     27 Linear |R| = [32m1.581343e+00[39m
     28 Linear |R| = [32m1.216439e+00[39m
     29 Linear |R| = [32m9.158111e-01[39m
     30 Linear |R| = [32m6.771206e-01[39m
     31 Linear |R| = [32m5.672823e-01[39m
     32 Linear |R| = [32m4.543247e-01[39m
     33 Linear |R| = [32m3.488928e-01[39m
     34 Linear |R| = [32m2.620861e-01[39m
     35 Linear |R| = [32m1.918470e-01[39m
     36 Linear |R| = [32m1.458325e-01[39m
     37 Linear |R| = [32m1.128716e-01[39m
     38 Linear |R| = [32m8.893793e-02[39m
     39 Linear |R| = [32m7.048992e-02[39m
     40 Linear |R| = [32m5.459690e-02[39m
     41 Linear |R| = [32m4.041420e-02[39m
     42 Linear |R| = [32m2.924464e-02[39m
     43 Linear |R| = [32m2.132286e-02[39m
     44 Linear |R| = [32m1.549207e-02[39m
     45 Linear |R| = [32m1.209174e-02[39m
 6 Nonlinear |R| = [33m1.262861e+03[39m
      0 Linear |R| = [32m1.262861e+03[39m
      1 Linear |R| = [32m3.215757e+02[39m
      2 Linear |R| = [32m1.232682e+02[39m
      3 Linear |R| = [32m7.447247e+01[39m
      4 Linear |R| = [32m5.237147e+01[39m
      5 Linear |R| = [32m4.056644e+01[39m
      6 Linear |R| = [32m3.012418e+01[39m
      7 Linear |R| = [32m2.273621e+01[39m
      8 Linear |R| = [32m1.783997e+01[39m
      9 Linear |R| = [32m1.384672e+01[39m
     10 Linear |R| = [32m1.067243e+01[39m
     11 Linear |R| = [32m8.139187e+00[39m
     12 Linear |R| = [32m5.999561e+00[39m
     13 Linear |R| = [32m4.546413e+00[39m
     14 Linear |R| = [32m3.426737e+00[39m
     15 Linear |R| = [32m2.447105e+00[39m
     16 Linear |R| = [32m1.796629e+00[39m
     17 Linear |R| = [32m1.376305e+00[39m
     18 Linear |R| = [32m1.029086e+00[39m
     19 Linear |R| = [32m7.424980e-01[39m
     20 Linear |R| = [32m5.530496e-01[39m
     21 Linear |R| = [32m4.251585e-01[39m
     22 Linear |R| = [32m3.296793e-01[39m
     23 Linear |R| = [32m2.663187e-01[39m
     24 Linear |R| = [32m2.155936e-01[39m
     25 Linear |R| = [32m1.702754e-01[39m
     26 Linear |R| = [32m1.314399e-01[39m
     27 Linear |R| = [32m9.939895e-02[39m
     28 Linear |R| = [32m7.376436e-02[39m
     29 Linear |R| = [32m5.466988e-02[39m
     30 Linear |R| = [32m4.047175e-02[39m
     31 Linear |R| = [32m3.376985e-02[39m
     32 Linear |R| = [32m2.667574e-02[39m
     33 Linear |R| = [32m2.072089e-02[39m
     34 Linear |R| = [32m1.561211e-02[39m
     35 Linear |R| = [32m1.140212e-02[39m
 7 Nonlinear |R| = [32m1.197778e+02[39m
      0 Linear |R| = [32m1.197778e+02[39m
      1 Linear |R| = [32m2.984352e+01[39m
      2 Linear |R| = [32m1.312422e+01[39m
      3 Linear |R| = [32m8.255105e+00[39m
      4 Linear |R| = [32m5.399355e+00[39m
      5 Linear |R| = [32m3.693754e+00[39m
      6 Linear |R| = [32m2.578906e+00[39m
      7 Linear |R| = [32m1.856653e+00[39m
      8 Linear |R| = [32m1.342773e+00[39m
      9 Linear |R| = [32m9.822041e-01[39m
     10 Linear |R| = [32m7.457710e-01[39m
     11 Linear |R| = [32m5.815347e-01[39m
     12 Linear |R| = [32m4.505811e-01[39m
     13 Linear |R| = [32m3.340067e-01[39m
     14 Linear |R| = [32m2.478083e-01[39m
     15 Linear |R| = [32m1.891242e-01[39m
     16 Linear |R| = [32m1.467674e-01[39m
     17 Linear |R| = [32m1.124204e-01[39m
     18 Linear |R| = [32m8.211356e-02[39m
     19 Linear |R| = [32m5.850687e-02[39m
     20 Linear |R| = [32m4.302337e-02[39m
     21 Linear |R| = [32m3.190469e-02[39m
     22 Linear |R| = [32m2.423561e-02[39m
     23 Linear |R| = [32m1.839300e-02[39m
     24 Linear |R| = [32m1.391393e-02[39m
     25 Linear |R| = [32m1.098652e-02[39m
     26 Linear |R| = [32m8.739162e-03[39m
     27 Linear |R| = [32m6.877841e-03[39m
     28 Linear |R| = [32m5.580009e-03[39m
     29 Linear |R| = [32m4.488082e-03[39m
     30 Linear |R| = [32m3.517890e-03[39m
     31 Linear |R| = [32m3.033428e-03[39m
     32 Linear |R| = [32m2.510420e-03[39m
     33 Linear |R| = [32m1.959974e-03[39m
     34 Linear |R| = [32m1.522453e-03[39m
     35 Linear |R| = [32m1.216045e-03[39m
     36 Linear |R| = [32m9.797101e-04[39m
 8 Nonlinear |R| = [32m1.268082e+01[39m
      0 Linear |R| = [32m1.268082e+01[39m
      1 Linear |R| = [32m4.988482e+00[39m
      2 Linear |R| = [32m2.605074e+00[39m
      3 Linear |R| = [32m1.549416e+00[39m
      4 Linear |R| = [32m9.955569e-01[39m
      5 Linear |R| = [32m6.765351e-01[39m
      6 Linear |R| = [32m4.641208e-01[39m
      7 Linear |R| = [32m3.302673e-01[39m
      8 Linear |R| = [32m2.433055e-01[39m
      9 Linear |R| = [32m1.843088e-01[39m
     10 Linear |R| = [32m1.456960e-01[39m
     11 Linear |R| = [32m1.176085e-01[39m
     12 Linear |R| = [32m9.289023e-02[39m
     13 Linear |R| = [32m6.995487e-02[39m
     14 Linear |R| = [32m5.159354e-02[39m
     15 Linear |R| = [32m3.836933e-02[39m
     16 Linear |R| = [32m2.948147e-02[39m
     17 Linear |R| = [32m2.215914e-02[39m
     18 Linear |R| = [32m1.616335e-02[39m
     19 Linear |R| = [32m1.195563e-02[39m
     20 Linear |R| = [32m9.104482e-03[39m
     21 Linear |R| = [32m7.041657e-03[39m
     22 Linear |R| = [32m5.594227e-03[39m
     23 Linear |R| = [32m4.421827e-03[39m
     24 Linear |R| = [32m3.432330e-03[39m
     25 Linear |R| = [32m2.659164e-03[39m
     26 Linear |R| = [32m2.076064e-03[39m
     27 Linear |R| = [32m1.583705e-03[39m
     28 Linear |R| = [32m1.198436e-03[39m
     29 Linear |R| = [32m8.770163e-04[39m
     30 Linear |R| = [32m6.707433e-04[39m
     31 Linear |R| = [32m5.610673e-04[39m
     32 Linear |R| = [32m4.515683e-04[39m
     33 Linear |R| = [32m3.444262e-04[39m
     34 Linear |R| = [32m2.651299e-04[39m
     35 Linear |R| = [32m2.048220e-04[39m
     36 Linear |R| = [32m1.622851e-04[39m
     37 Linear |R| = [32m1.287903e-04[39m
     38 Linear |R| = [32m1.015578e-04[39m
 9 Nonlinear |R| = [32m5.181031e-01[39m
      0 Linear |R| = [32m5.181031e-01[39m
      1 Linear |R| = [32m1.983790e-01[39m
      2 Linear |R| = [32m9.206680e-02[39m
      3 Linear |R| = [32m5.275670e-02[39m
      4 Linear |R| = [32m3.141448e-02[39m
      5 Linear |R| = [32m1.941011e-02[39m
      6 Linear |R| = [32m1.249264e-02[39m
      7 Linear |R| = [32m8.089187e-03[39m
      8 Linear |R| = [32m5.406945e-03[39m
      9 Linear |R| = [32m3.682381e-03[39m
     10 Linear |R| = [32m2.682298e-03[39m
     11 Linear |R| = [32m2.006051e-03[39m
     12 Linear |R| = [32m1.550920e-03[39m
     13 Linear |R| = [32m1.240532e-03[39m
     14 Linear |R| = [32m1.012402e-03[39m
     15 Linear |R| = [32m8.105036e-04[39m
     16 Linear |R| = [32m6.289631e-04[39m
     17 Linear |R| = [32m4.726072e-04[39m
     18 Linear |R| = [32m3.530107e-04[39m
     19 Linear |R| = [32m2.678789e-04[39m
     20 Linear |R| = [32m2.064194e-04[39m
     21 Linear |R| = [32m1.588739e-04[39m
     22 Linear |R| = [32m1.208948e-04[39m
     23 Linear |R| = [32m9.402532e-05[39m
     24 Linear |R| = [32m7.374701e-05[39m
     25 Linear |R| = [32m5.733921e-05[39m
     26 Linear |R| = [32m4.423937e-05[39m
     27 Linear |R| = [32m3.354948e-05[39m
     28 Linear |R| = [32m2.434524e-05[39m
     29 Linear |R| = [32m1.680050e-05[39m
     30 Linear |R| = [32m1.332893e-05[39m
     31 Linear |R| = [32m9.490793e-06[39m
     32 Linear |R| = [32m7.698858e-06[39m
     33 Linear |R| = [32m5.783862e-06[39m
     34 Linear |R| = [32m4.292413e-06[39m
10 Nonlinear |R| = [32m4.294416e-05[39m
[32m Solve Converged![39m
  Finished Solving                                                                       [[33m 39.86 s[39m] [[33m  233 MB[39m]

Postprocessor Values:
+----------------+------------------+----------------+----------------+
| time           | reaction_force_z | top_disp_z     | vonmises_max   |
+----------------+------------------+----------------+----------------+
:                :                  :                :                :
|   1.000000e-01 |    -2.954241e-06 |  -3.000000e-04 |   3.230259e+06 |
|   1.500000e-01 |    -1.606740e-06 |  -4.500000e-04 |   3.500000e+06 |
|   2.000000e-01 |    -2.566079e-06 |  -6.000000e-04 |   3.500000e+06 |
|   2.500000e-01 |     4.969035e-05 |  -7.500000e-04 |   3.500000e+06 |
|   3.000000e-01 |     9.995144e-07 |  -9.000000e-04 |   3.500000e+06 |
|   3.500000e-01 |    -1.527458e-05 |  -1.050000e-03 |   3.500000e+06 |
|   4.000000e-01 |    -6.849320e-07 |  -1.200000e-03 |   3.500000e+06 |
|   4.500000e-01 |     7.913526e-05 |  -1.350000e-03 |   3.500000e+06 |
|   5.000000e-01 |     2.707347e-05 |  -1.500000e-03 |   3.500000e+06 |
|   5.500000e-01 |     1.150767e-05 |  -1.650000e-03 |   3.500000e+06 |
|   6.000000e-01 |     1.171393e-05 |  -1.800000e-03 |   3.500000e+06 |
|   6.500000e-01 |     1.102024e-05 |  -1.950000e-03 |   3.500000e+06 |
|   7.000000e-01 |     8.329693e-06 |  -2.100000e-03 |   3.500000e+06 |
|   7.500000e-01 |     7.055284e-06 |  -2.250000e-03 |   3.500000e+06 |
|   8.000000e-01 |     1.672732e-06 |  -2.400000e-03 |   3.500000e+06 |
+----------------+------------------+----------------+----------------+


Time Step 17, time = 0.85, dt = 0.05
 0 Nonlinear |R| = [32m1.597738e+03[39m
      0 Linear |R| = [32m1.597738e+03[39m
      1 Linear |R| = [32m1.501714e+03[39m
      2 Linear |R| = [32m1.164460e+03[39m
      3 Linear |R| = [32m1.026805e+03[39m
      4 Linear |R| = [32m9.675254e+02[39m
      5 Linear |R| = [32m8.975838e+02[39m
      6 Linear |R| = [32m7.405511e+02[39m
      7 Linear |R| = [32m5.299066e+02[39m
      8 Linear |R| = [32m3.415754e+02[39m
      9 Linear |R| = [32m2.086517e+02[39m
     10 Linear |R| = [32m1.234660e+02[39m
     11 Linear |R| = [32m7.774916e+01[39m
     12 Linear |R| = [32m4.627799e+01[39m
     13 Linear |R| = [32m2.859942e+01[39m
     14 Linear |R| = [32m1.851714e+01[39m
     15 Linear |R| = [32m1.184032e+01[39m
     16 Linear |R| = [32m7.455024e+00[39m
     17 Linear |R| = [32m4.558580e+00[39m
     18 Linear |R| = [32m2.740403e+00[39m
     19 Linear |R| = [32m1.698687e+00[39m
     20 Linear |R| = [32m1.052927e+00[39m
     21 Linear |R| = [32m6.916766e-01[39m
     22 Linear |R| = [32m4.981415e-01[39m
     23 Linear |R| = [32m3.783691e-01[39m
     24 Linear |R| = [32m2.934991e-01[39m
     25 Linear |R| = [32m2.253939e-01[39m
     26 Linear |R| = [32m1.744595e-01[39m
     27 Linear |R| = [32m1.312837e-01[39m
     28 Linear |R| = [32m9.364241e-02[39m
     29 Linear |R| = [32m6.299209e-02[39m
    Linear solve did not converge due to DIVERGED_BREAKDOWN iterations 30
 1 Nonlinear |R| = [32m1.474895e+03[39m
      0 Linear |R| = [32m1.474895e+03[39m
      1 Linear |R| = [32m1.396660e+03[39m
      2 Linear |R| = [32m1.199387e+03[39m
      3 Linear |R| = [33m1.139491e+03[39m
      4 Linear |R| = [33m1.114347e+03[39m
      5 Linear |R| = [33m1.095655e+03[39m
      6 Linear |R| = [33m1.082434e+03[39m
      7 Linear |R| = [33m1.075063e+03[39m
      8 Linear |R| = [33m1.070525e+03[39m
      9 Linear |R| = [33m1.064691e+03[39m
     10 Linear |R| = [33m1.057838e+03[39m
     11 Linear |R| = [33m1.049027e+03[39m
     12 Linear |R| = [33m1.040313e+03[39m
     13 Linear |R| = [33m1.027064e+03[39m
     14 Linear |R| = [33m9.924578e+02[39m
     15 Linear |R| = [32m9.419202e+02[39m
     16 Linear |R| = [32m8.823159e+02[39m
     17 Linear |R| = [32m8.136429e+02[39m
     18 Linear |R| = [32m7.154655e+02[39m
     19 Linear |R| = [32m5.961662e+02[39m
     20 Linear |R| = [32m4.742377e+02[39m
     21 Linear |R| = [32m3.668149e+02[39m
     22 Linear |R| = [32m2.836809e+02[39m
     23 Linear |R| = [32m2.175603e+02[39m
     24 Linear |R| = [32m1.694230e+02[39m
     25 Linear |R| = [32m1.288809e+02[39m
     26 Linear |R| = [32m9.531125e+01[39m
     27 Linear |R| = [32m7.279200e+01[39m
     28 Linear |R| = [32m5.404913e+01[39m
     29 Linear |R| = [32m3.920220e+01[39m
     30 Linear |R| = [32m2.793901e+01[39m
     31 Linear |R| = [32m2.323884e+01[39m
     32 Linear |R| = [32m1.845228e+01[39m
     33 Linear |R| = [32m1.362937e+01[39m
     34 Linear |R| = [32m9.977123e+00[39m
     35 Linear |R| = [32m7.361248e+00[39m
     36 Linear |R| = [32m5.475477e+00[39m
     37 Linear |R| = [32m4.321789e+00[39m
     38 Linear |R| = [32m3.477274e+00[39m
     39 Linear |R| = [32m2.783639e+00[39m
     40 Linear |R| = [32m2.227749e+00[39m
     41 Linear |R| = [32m1.792041e+00[39m
     42 Linear |R| = [32m1.421232e+00[39m
     43 Linear |R| = [32m1.170599e+00[39m
     44 Linear |R| = [32m1.035951e+00[39m
     45 Linear |R| = [32m9.704864e-01[39m
     46 Linear |R| = [33m9.228487e-01[39m
     47 Linear |R| = [33m8.978134e-01[39m
     48 Linear |R| = [33m8.796605e-01[39m
     49 Linear |R| = [33m8.661761e-01[39m
     50 Linear |R| = [33m8.589760e-01[39m
     51 Linear |R| = [33m8.549416e-01[39m
     52 Linear |R| = [33m8.507078e-01[39m
     53 Linear |R| = [33m8.451704e-01[39m
     54 Linear |R| = [33m8.399404e-01[39m
     55 Linear |R| = [33m8.376227e-01[39m
     56 Linear |R| = [33m8.347450e-01[39m
     57 Linear |R| = [33m8.255320e-01[39m
     58 Linear |R| = [33m8.097195e-01[39m
     59 Linear |R| = [33m7.978259e-01[39m
     60 Linear |R| = [33m7.672054e-01[39m
     61 Linear |R| = [33m7.578078e-01[39m
     62 Linear |R| = [33m7.514202e-01[39m
     63 Linear |R| = [33m7.409685e-01[39m
     64 Linear |R| = [33m7.298800e-01[39m
     65 Linear |R| = [33m7.240615e-01[39m
     66 Linear |R| = [33m7.136699e-01[39m
     67 Linear |R| = [33m7.094185e-01[39m
     68 Linear |R| = [33m7.077984e-01[39m
     69 Linear |R| = [33m7.035261e-01[39m
     70 Linear |R| = [33m6.995234e-01[39m
     71 Linear |R| = [33m6.949178e-01[39m
     72 Linear |R| = [33m6.904571e-01[39m
     73 Linear |R| = [33m6.853471e-01[39m
     74 Linear |R| = [33m6.749466e-01[39m
     75 Linear |R| = [33m6.558660e-01[39m
     76 Linear |R| = [33m6.275031e-01[39m
     77 Linear |R| = [32m5.847040e-01[39m
     78 Linear |R| = [32m5.299539e-01[39m
     79 Linear |R| = [32m4.673279e-01[39m
     80 Linear |R| = [32m4.021014e-01[39m
     81 Linear |R| = [32m3.356237e-01[39m
     82 Linear |R| = [32m2.777415e-01[39m
     83 Linear |R| = [32m2.214952e-01[39m
     84 Linear |R| = [32m1.766826e-01[39m
     85 Linear |R| = [32m1.397130e-01[39m
     86 Linear |R| = [32m1.051994e-01[39m
     87 Linear |R| = [32m7.755976e-02[39m
     88 Linear |R| = [32m5.186991e-02[39m
     89 Linear |R| = [32m4.182560e-02[39m
     90 Linear |R| = [32m3.391842e-02[39m
     91 Linear |R| = [32m2.799213e-02[39m
     92 Linear |R| = [32m2.386879e-02[39m
     93 Linear |R| = [32m1.762173e-02[39m
     94 Linear |R| = [32m1.275795e-02[39m
 2 Nonlinear |R| = [33m1.473115e+03[39m
      0 Linear |R| = [32m1.473115e+03[39m
      1 Linear |R| = [32m1.391121e+03[39m
      2 Linear |R| = [32m1.199188e+03[39m
      3 Linear |R| = [32m1.136422e+03[39m
      4 Linear |R| = [33m1.106195e+03[39m
      5 Linear |R| = [33m1.088732e+03[39m
      6 Linear |R| = [33m1.077288e+03[39m
      7 Linear |R| = [33m1.069614e+03[39m
      8 Linear |R| = [33m1.063652e+03[39m
      9 Linear |R| = [33m1.055279e+03[39m
     10 Linear |R| = [33m1.046672e+03[39m
     11 Linear |R| = [33m1.037722e+03[39m
     12 Linear |R| = [33m1.027880e+03[39m
     13 Linear |R| = [33m1.009632e+03[39m
     14 Linear |R| = [33m9.642611e+02[39m
     15 Linear |R| = [32m9.043929e+02[39m
     16 Linear |R| = [32m8.388630e+02[39m
     17 Linear |R| = [32m7.686166e+02[39m
     18 Linear |R| = [32m6.657237e+02[39m
     19 Linear |R| = [32m5.431611e+02[39m
     20 Linear |R| = [32m4.267849e+02[39m
     21 Linear |R| = [32m3.342515e+02[39m
     22 Linear |R| = [32m2.556420e+02[39m
     23 Linear |R| = [32m1.960893e+02[39m
     24 Linear |R| = [32m1.519073e+02[39m
     25 Linear |R| = [32m1.175107e+02[39m
     26 Linear |R| = [32m8.866364e+01[39m
     27 Linear |R| = [32m6.782462e+01[39m
     28 Linear |R| = [32m5.032790e+01[39m
     29 Linear |R| = [32m3.725591e+01[39m
     30 Linear |R| = [32m2.729495e+01[39m
     31 Linear |R| = [32m2.291283e+01[39m
     32 Linear |R| = [32m1.822286e+01[39m
     33 Linear |R| = [32m1.355448e+01[39m
     34 Linear |R| = [32m1.015593e+01[39m
     35 Linear |R| = [32m7.548580e+00[39m
     36 Linear |R| = [32m5.678073e+00[39m
     37 Linear |R| = [32m4.456563e+00[39m
     38 Linear |R| = [32m3.565257e+00[39m
     39 Linear |R| = [32m2.857484e+00[39m
     40 Linear |R| = [32m2.288692e+00[39m
     41 Linear |R| = [32m1.834072e+00[39m
     42 Linear |R| = [32m1.460931e+00[39m
     43 Linear |R| = [32m1.214854e+00[39m
     44 Linear |R| = [32m1.074722e+00[39m
     45 Linear |R| = [32m1.007970e+00[39m
     46 Linear |R| = [33m9.671043e-01[39m
     47 Linear |R| = [33m9.380244e-01[39m
     48 Linear |R| = [33m9.198170e-01[39m
     49 Linear |R| = [33m9.102147e-01[39m
     50 Linear |R| = [33m9.033106e-01[39m
     51 Linear |R| = [33m8.986036e-01[39m
     52 Linear |R| = [33m8.940666e-01[39m
     53 Linear |R| = [33m8.891286e-01[39m
     54 Linear |R| = [33m8.833103e-01[39m
     55 Linear |R| = [33m8.774302e-01[39m
     56 Linear |R| = [33m8.708516e-01[39m
     57 Linear |R| = [33m8.554110e-01[39m
     58 Linear |R| = [33m8.259747e-01[39m
     59 Linear |R| = [33m8.006690e-01[39m
     60 Linear |R| = [32m7.588360e-01[39m
     61 Linear |R| = [33m7.433558e-01[39m
     62 Linear |R| = [33m7.289152e-01[39m
     63 Linear |R| = [33m7.095839e-01[39m
     64 Linear |R| = [33m6.903720e-01[39m
     65 Linear |R| = [33m6.796396e-01[39m
     66 Linear |R| = [33m6.665036e-01[39m
     67 Linear |R| = [33m6.594818e-01[39m
     68 Linear |R| = [33m6.562495e-01[39m
     69 Linear |R| = [33m6.525479e-01[39m
     70 Linear |R| = [33m6.483508e-01[39m
     71 Linear |R| = [33m6.441551e-01[39m
     72 Linear |R| = [33m6.401255e-01[39m
     73 Linear |R| = [33m6.348709e-01[39m
     74 Linear |R| = [33m6.281452e-01[39m
     75 Linear |R| = [33m6.162425e-01[39m
     76 Linear |R| = [33m5.966122e-01[39m
     77 Linear |R| = [32m5.601927e-01[39m
     78 Linear |R| = [32m5.084432e-01[39m
     79 Linear |R| = [32m4.345478e-01[39m
     80 Linear |R| = [32m3.551375e-01[39m
     81 Linear |R| = [32m2.947807e-01[39m
     82 Linear |R| = [32m2.417808e-01[39m
     83 Linear |R| = [32m1.961516e-01[39m
     84 Linear |R| = [32m1.585798e-01[39m
     85 Linear |R| = [32m1.259460e-01[39m
     86 Linear |R| = [32m9.621949e-02[39m
     87 Linear |R| = [32m7.109453e-02[39m
     88 Linear |R| = [32m4.905149e-02[39m
     89 Linear |R| = [32m3.840102e-02[39m
     90 Linear |R| = [32m3.085742e-02[39m
     91 Linear |R| = [32m2.479599e-02[39m
     92 Linear |R| = [32m2.050918e-02[39m
     93 Linear |R| = [32m1.530038e-02[39m
     94 Linear |R| = [32m1.148653e-02[39m
 3 Nonlinear |R| = [33m1.471191e+03[39m
      0 Linear |R| = [32m1.471191e+03[39m
      1 Linear |R| = [32m1.385130e+03[39m
      2 Linear |R| = [32m1.201377e+03[39m
      3 Linear |R| = [32m1.125075e+03[39m
      4 Linear |R| = [33m1.091241e+03[39m
      5 Linear |R| = [33m1.078956e+03[39m
      6 Linear |R| = [33m1.071073e+03[39m
      7 Linear |R| = [33m1.060973e+03[39m
      8 Linear |R| = [33m1.047847e+03[39m
      9 Linear |R| = [33m1.035855e+03[39m
     10 Linear |R| = [33m1.027924e+03[39m
     11 Linear |R| = [33m1.018383e+03[39m
     12 Linear |R| = [33m9.995834e+02[39m
     13 Linear |R| = [33m9.637727e+02[39m
     14 Linear |R| = [32m9.060117e+02[39m
     15 Linear |R| = [32m8.394246e+02[39m
     16 Linear |R| = [32m7.561097e+02[39m
     17 Linear |R| = [32m6.743752e+02[39m
     18 Linear |R| = [32m5.650466e+02[39m
     19 Linear |R| = [32m4.473386e+02[39m
     20 Linear |R| = [32m3.479778e+02[39m
     21 Linear |R| = [32m2.715671e+02[39m
     22 Linear |R| = [32m2.041381e+02[39m
     23 Linear |R| = [32m1.569954e+02[39m
     24 Linear |R| = [32m1.213690e+02[39m
     25 Linear |R| = [32m9.386906e+01[39m
     26 Linear |R| = [32m7.105835e+01[39m
     27 Linear |R| = [32m5.418917e+01[39m
     28 Linear |R| = [32m4.097911e+01[39m
     29 Linear |R| = [32m3.113866e+01[39m
     30 Linear |R| = [32m2.314743e+01[39m
     31 Linear |R| = [32m1.930312e+01[39m
     32 Linear |R| = [32m1.556727e+01[39m
     33 Linear |R| = [32m1.181173e+01[39m
     34 Linear |R| = [32m8.941148e+00[39m
     35 Linear |R| = [32m6.734867e+00[39m
     36 Linear |R| = [32m5.019830e+00[39m
     37 Linear |R| = [32m3.925282e+00[39m
     38 Linear |R| = [32m3.115823e+00[39m
     39 Linear |R| = [32m2.442052e+00[39m
     40 Linear |R| = [32m1.888145e+00[39m
     41 Linear |R| = [32m1.424926e+00[39m
     42 Linear |R| = [32m1.070361e+00[39m
     43 Linear |R| = [32m8.123928e-01[39m
     44 Linear |R| = [32m6.450475e-01[39m
     45 Linear |R| = [32m5.399191e-01[39m
     46 Linear |R| = [32m4.824417e-01[39m
     47 Linear |R| = [32m4.437466e-01[39m
     48 Linear |R| = [32m4.176338e-01[39m
     49 Linear |R| = [33m4.038440e-01[39m
     50 Linear |R| = [33m3.934614e-01[39m
     51 Linear |R| = [33m3.865102e-01[39m
     52 Linear |R| = [33m3.829886e-01[39m
     53 Linear |R| = [33m3.811554e-01[39m
     54 Linear |R| = [33m3.795663e-01[39m
     55 Linear |R| = [33m3.775223e-01[39m
     56 Linear |R| = [33m3.753108e-01[39m
     57 Linear |R| = [33m3.710376e-01[39m
     58 Linear |R| = [33m3.622932e-01[39m
     59 Linear |R| = [33m3.560260e-01[39m
     60 Linear |R| = [33m3.440566e-01[39m
     61 Linear |R| = [33m3.405787e-01[39m
     62 Linear |R| = [33m3.390083e-01[39m
     63 Linear |R| = [33m3.313493e-01[39m
     64 Linear |R| = [33m3.250181e-01[39m
     65 Linear |R| = [33m3.222772e-01[39m
     66 Linear |R| = [33m3.183356e-01[39m
     67 Linear |R| = [33m3.157079e-01[39m
     68 Linear |R| = [33m3.125495e-01[39m
     69 Linear |R| = [33m3.094612e-01[39m
     70 Linear |R| = [33m3.076503e-01[39m
     71 Linear |R| = [33m3.049930e-01[39m
     72 Linear |R| = [33m3.009498e-01[39m
     73 Linear |R| = [33m2.929620e-01[39m
     74 Linear |R| = [33m2.863186e-01[39m
     75 Linear |R| = [33m2.759046e-01[39m
     76 Linear |R| = [32m2.576375e-01[39m
     77 Linear |R| = [32m2.295371e-01[39m
     78 Linear |R| = [32m1.880286e-01[39m
     79 Linear |R| = [32m1.456442e-01[39m
     80 Linear |R| = [32m1.078328e-01[39m
     81 Linear |R| = [32m7.874774e-02[39m
     82 Linear |R| = [32m6.107318e-02[39m
     83 Linear |R| = [32m4.658402e-02[39m
     84 Linear |R| = [32m3.783972e-02[39m
     85 Linear |R| = [32m2.977341e-02[39m
     86 Linear |R| = [32m2.403782e-02[39m
     87 Linear |R| = [32m1.750131e-02[39m
     88 Linear |R| = [32m1.259332e-02[39m
 4 Nonlinear |R| = [33m1.467580e+03[39m
      0 Linear |R| = [32m1.467580e+03[39m
      1 Linear |R| = [32m1.315347e+03[39m
      2 Linear |R| = [32m1.106089e+03[39m
      3 Linear |R| = [32m1.003083e+03[39m
      4 Linear |R| = [33m9.656511e+02[39m
      5 Linear |R| = [33m9.440929e+02[39m
      6 Linear |R| = [33m9.005056e+02[39m
      7 Linear |R| = [32m7.979275e+02[39m
      8 Linear |R| = [32m6.808390e+02[39m
      9 Linear |R| = [32m6.082567e+02[39m
     10 Linear |R| = [32m5.291850e+02[39m
     11 Linear |R| = [32m4.415104e+02[39m
     12 Linear |R| = [32m3.663557e+02[39m
     13 Linear |R| = [32m2.952571e+02[39m
     14 Linear |R| = [32m2.265909e+02[39m
     15 Linear |R| = [32m1.713122e+02[39m
     16 Linear |R| = [32m1.327994e+02[39m
     17 Linear |R| = [32m1.039470e+02[39m
     18 Linear |R| = [32m8.044253e+01[39m
     19 Linear |R| = [32m6.064834e+01[39m
     20 Linear |R| = [32m4.493303e+01[39m
     21 Linear |R| = [32m3.384791e+01[39m
     22 Linear |R| = [32m2.551668e+01[39m
     23 Linear |R| = [32m1.932125e+01[39m
     24 Linear |R| = [32m1.487773e+01[39m
     25 Linear |R| = [32m1.138860e+01[39m
     26 Linear |R| = [32m8.619442e+00[39m
     27 Linear |R| = [32m6.612264e+00[39m
     28 Linear |R| = [32m5.136308e+00[39m
     29 Linear |R| = [32m3.895468e+00[39m
     30 Linear |R| = [32m2.916111e+00[39m
     31 Linear |R| = [32m2.420175e+00[39m
     32 Linear |R| = [32m1.966394e+00[39m
     33 Linear |R| = [32m1.517032e+00[39m
     34 Linear |R| = [32m1.159237e+00[39m
     35 Linear |R| = [32m8.654483e-01[39m
     36 Linear |R| = [32m6.647329e-01[39m
     37 Linear |R| = [32m5.190029e-01[39m
     38 Linear |R| = [32m4.109591e-01[39m
     39 Linear |R| = [32m3.231509e-01[39m
     40 Linear |R| = [32m2.482037e-01[39m
     41 Linear |R| = [32m1.846721e-01[39m
     42 Linear |R| = [32m1.405948e-01[39m
     43 Linear |R| = [32m1.079329e-01[39m
     44 Linear |R| = [32m8.472080e-02[39m
     45 Linear |R| = [32m7.177585e-02[39m
     46 Linear |R| = [32m6.380792e-02[39m
     47 Linear |R| = [32m5.759889e-02[39m
     48 Linear |R| = [32m5.276806e-02[39m
     49 Linear |R| = [32m4.984840e-02[39m
     50 Linear |R| = [33m4.775571e-02[39m
     51 Linear |R| = [32m4.512899e-02[39m
     52 Linear |R| = [32m4.245451e-02[39m
     53 Linear |R| = [32m3.994443e-02[39m
     54 Linear |R| = [32m3.713757e-02[39m
     55 Linear |R| = [32m3.296227e-02[39m
     56 Linear |R| = [32m2.767520e-02[39m
     57 Linear |R| = [32m2.190065e-02[39m
     58 Linear |R| = [32m1.650171e-02[39m
     59 Linear |R| = [32m1.281568e-02[39m
 5 Nonlinear |R| = [32m1.211268e+03[39m
      0 Linear |R| = [32m1.211268e+03[39m
      1 Linear |R| = [32m9.097381e+02[39m
      2 Linear |R| = [32m7.192901e+02[39m
      3 Linear |R| = [32m5.779441e+02[39m
      4 Linear |R| = [32m4.978956e+02[39m
      5 Linear |R| = [32m4.038121e+02[39m
      6 Linear |R| = [32m2.613898e+02[39m
      7 Linear |R| = [32m1.698975e+02[39m
      8 Linear |R| = [32m1.314845e+02[39m
      9 Linear |R| = [32m1.068983e+02[39m
     10 Linear |R| = [32m8.632983e+01[39m
     11 Linear |R| = [32m6.817974e+01[39m
     12 Linear |R| = [32m5.232432e+01[39m
     13 Linear |R| = [32m3.897365e+01[39m
     14 Linear |R| = [32m2.971709e+01[39m
     15 Linear |R| = [32m2.286445e+01[39m
     16 Linear |R| = [32m1.797975e+01[39m
     17 Linear |R| = [32m1.355019e+01[39m
     18 Linear |R| = [32m1.016467e+01[39m
     19 Linear |R| = [32m7.784797e+00[39m
     20 Linear |R| = [32m5.850609e+00[39m
     21 Linear |R| = [32m4.421346e+00[39m
     22 Linear |R| = [32m3.413122e+00[39m
     23 Linear |R| = [32m2.650731e+00[39m
     24 Linear |R| = [32m2.031891e+00[39m
     25 Linear |R| = [32m1.536851e+00[39m
     26 Linear |R| = [32m1.175629e+00[39m
     27 Linear |R| = [32m9.031814e-01[39m
     28 Linear |R| = [32m6.947209e-01[39m
     29 Linear |R| = [32m5.205178e-01[39m
     30 Linear |R| = [32m3.855045e-01[39m
     31 Linear |R| = [32m3.215274e-01[39m
     32 Linear |R| = [32m2.581844e-01[39m
     33 Linear |R| = [32m2.007567e-01[39m
     34 Linear |R| = [32m1.509495e-01[39m
     35 Linear |R| = [32m1.112692e-01[39m
     36 Linear |R| = [32m8.549040e-02[39m
     37 Linear |R| = [32m6.660941e-02[39m
     38 Linear |R| = [32m5.269244e-02[39m
     39 Linear |R| = [32m4.172252e-02[39m
     40 Linear |R| = [32m3.257322e-02[39m
     41 Linear |R| = [32m2.478677e-02[39m
     42 Linear |R| = [32m1.818064e-02[39m
     43 Linear |R| = [32m1.272488e-02[39m
     44 Linear |R| = [32m9.111381e-03[39m
 6 Nonlinear |R| = [32m9.193696e+02[39m
      0 Linear |R| = [32m9.193696e+02[39m
      1 Linear |R| = [32m4.354842e+02[39m
      2 Linear |R| = [32m3.104520e+02[39m
      3 Linear |R| = [32m2.135737e+02[39m
      4 Linear |R| = [32m1.409006e+02[39m
      5 Linear |R| = [32m9.250027e+01[39m
      6 Linear |R| = [32m6.232255e+01[39m
      7 Linear |R| = [32m4.622283e+01[39m
      8 Linear |R| = [32m3.750122e+01[39m
      9 Linear |R| = [32m3.055915e+01[39m
     10 Linear |R| = [32m2.375892e+01[39m
     11 Linear |R| = [32m1.771387e+01[39m
     12 Linear |R| = [32m1.371381e+01[39m
     13 Linear |R| = [32m1.050857e+01[39m
     14 Linear |R| = [32m8.184374e+00[39m
     15 Linear |R| = [32m6.211402e+00[39m
     16 Linear |R| = [32m4.685762e+00[39m
     17 Linear |R| = [32m3.488860e+00[39m
     18 Linear |R| = [32m2.589096e+00[39m
     19 Linear |R| = [32m1.994032e+00[39m
     20 Linear |R| = [32m1.494848e+00[39m
     21 Linear |R| = [32m1.112578e+00[39m
     22 Linear |R| = [32m8.580248e-01[39m
     23 Linear |R| = [32m6.790364e-01[39m
     24 Linear |R| = [32m5.256782e-01[39m
     25 Linear |R| = [32m4.060231e-01[39m
     26 Linear |R| = [32m3.169185e-01[39m
     27 Linear |R| = [32m2.433834e-01[39m
     28 Linear |R| = [32m1.828895e-01[39m
     29 Linear |R| = [32m1.379083e-01[39m
     30 Linear |R| = [32m1.033295e-01[39m
     31 Linear |R| = [32m8.698214e-02[39m
     32 Linear |R| = [32m7.056325e-02[39m
     33 Linear |R| = [32m5.420264e-02[39m
     34 Linear |R| = [32m4.050544e-02[39m
     35 Linear |R| = [32m2.985419e-02[39m
     36 Linear |R| = [32m2.288010e-02[39m
     37 Linear |R| = [32m1.815767e-02[39m
     38 Linear |R| = [32m1.458654e-02[39m
     39 Linear |R| = [32m1.154860e-02[39m
     40 Linear |R| = [32m8.995755e-03[39m
 7 Nonlinear |R| = [32m7.430528e+02[39m
      0 Linear |R| = [32m7.430528e+02[39m
      1 Linear |R| = [32m2.691086e+02[39m
      2 Linear |R| = [32m1.519159e+02[39m
      3 Linear |R| = [32m9.523380e+01[39m
      4 Linear |R| = [32m6.273858e+01[39m
      5 Linear |R| = [32m4.272252e+01[39m
      6 Linear |R| = [32m3.036705e+01[39m
      7 Linear |R| = [32m2.320014e+01[39m
      8 Linear |R| = [32m1.858943e+01[39m
      9 Linear |R| = [32m1.481379e+01[39m
     10 Linear |R| = [32m1.163201e+01[39m
     11 Linear |R| = [32m8.825087e+00[39m
     12 Linear |R| = [32m6.758208e+00[39m
     13 Linear |R| = [32m5.018697e+00[39m
     14 Linear |R| = [32m3.791435e+00[39m
     15 Linear |R| = [32m2.781574e+00[39m
     16 Linear |R| = [32m2.053864e+00[39m
     17 Linear |R| = [32m1.562400e+00[39m
     18 Linear |R| = [32m1.159443e+00[39m
     19 Linear |R| = [32m8.387319e-01[39m
     20 Linear |R| = [32m6.058722e-01[39m
     21 Linear |R| = [32m4.577572e-01[39m
     22 Linear |R| = [32m3.576491e-01[39m
     23 Linear |R| = [32m2.879715e-01[39m
     24 Linear |R| = [32m2.282928e-01[39m
     25 Linear |R| = [32m1.785364e-01[39m
     26 Linear |R| = [32m1.401538e-01[39m
     27 Linear |R| = [32m1.096049e-01[39m
     28 Linear |R| = [32m8.244254e-02[39m
     29 Linear |R| = [32m6.201868e-02[39m
     30 Linear |R| = [32m4.751852e-02[39m
     31 Linear |R| = [32m4.057087e-02[39m
     32 Linear |R| = [32m3.288988e-02[39m
     33 Linear |R| = [32m2.553628e-02[39m
     34 Linear |R| = [32m1.942875e-02[39m
     35 Linear |R| = [32m1.440605e-02[39m
     36 Linear |R| = [32m1.086724e-02[39m
     37 Linear |R| = [32m8.611712e-03[39m
     38 Linear |R| = [32m6.926166e-03[39m
 8 Nonlinear |R| = [32m4.100007e+02[39m
      0 Linear |R| = [32m4.100007e+02[39m
      1 Linear |R| = [32m1.159921e+02[39m
      2 Linear |R| = [32m3.560114e+01[39m
      3 Linear |R| = [32m1.619410e+01[39m
      4 Linear |R| = [32m8.956123e+00[39m
      5 Linear |R| = [32m6.353758e+00[39m
      6 Linear |R| = [32m4.759177e+00[39m
      7 Linear |R| = [32m3.502901e+00[39m
      8 Linear |R| = [32m2.636325e+00[39m
      9 Linear |R| = [32m1.946850e+00[39m
     10 Linear |R| = [32m1.460980e+00[39m
     11 Linear |R| = [32m1.100235e+00[39m
     12 Linear |R| = [32m8.571926e-01[39m
     13 Linear |R| = [32m6.619708e-01[39m
     14 Linear |R| = [32m5.036113e-01[39m
     15 Linear |R| = [32m3.812952e-01[39m
     16 Linear |R| = [32m2.888972e-01[39m
     17 Linear |R| = [32m2.174282e-01[39m
     18 Linear |R| = [32m1.624471e-01[39m
     19 Linear |R| = [32m1.160714e-01[39m
     20 Linear |R| = [32m8.352731e-02[39m
     21 Linear |R| = [32m6.357751e-02[39m
     22 Linear |R| = [32m4.797837e-02[39m
     23 Linear |R| = [32m3.637638e-02[39m
     24 Linear |R| = [32m2.690682e-02[39m
     25 Linear |R| = [32m2.080112e-02[39m
     26 Linear |R| = [32m1.660950e-02[39m
     27 Linear |R| = [32m1.299554e-02[39m
     28 Linear |R| = [32m1.026117e-02[39m
     29 Linear |R| = [32m8.216567e-03[39m
     30 Linear |R| = [31m3.268111e-02[39m
     31 Linear |R| = [32m1.228926e-02[39m
     32 Linear |R| = [32m6.880104e-03[39m
     33 Linear |R| = [32m5.420258e-03[39m
     34 Linear |R| = [32m4.644735e-03[39m
     35 Linear |R| = [32m4.005796e-03[39m
 9 Nonlinear |R| = [32m2.157196e+01[39m
      0 Linear |R| = [32m2.157196e+01[39m
      1 Linear |R| = [32m7.392773e+00[39m
      2 Linear |R| = [32m4.162194e+00[39m
      3 Linear |R| = [32m2.668576e+00[39m
      4 Linear |R| = [32m1.705272e+00[39m
      5 Linear |R| = [32m1.144279e+00[39m
      6 Linear |R| = [32m7.968583e-01[39m
      7 Linear |R| = [32m5.654433e-01[39m
      8 Linear |R| = [32m4.081125e-01[39m
      9 Linear |R| = [32m2.927005e-01[39m
     10 Linear |R| = [32m2.177893e-01[39m
     11 Linear |R| = [32m1.595867e-01[39m
     12 Linear |R| = [32m1.196195e-01[39m
     13 Linear |R| = [32m9.244054e-02[39m
     14 Linear |R| = [32m7.411349e-02[39m
     15 Linear |R| = [32m5.835019e-02[39m
     16 Linear |R| = [32m4.394705e-02[39m
     17 Linear |R| = [32m3.317186e-02[39m
     18 Linear |R| = [32m2.545075e-02[39m
     19 Linear |R| = [32m1.941705e-02[39m
     20 Linear |R| = [32m1.447130e-02[39m
     21 Linear |R| = [32m1.044143e-02[39m
     22 Linear |R| = [32m7.248891e-03[39m
     23 Linear |R| = [32m5.110980e-03[39m
     24 Linear |R| = [32m3.725082e-03[39m
     25 Linear |R| = [32m2.800685e-03[39m
     26 Linear |R| = [32m2.158750e-03[39m
     27 Linear |R| = [32m1.697293e-03[39m
     28 Linear |R| = [32m1.381473e-03[39m
     29 Linear |R| = [32m1.120002e-03[39m
     30 Linear |R| = [32m9.247191e-04[39m
     31 Linear |R| = [32m7.874462e-04[39m
     32 Linear |R| = [32m6.844197e-04[39m
     33 Linear |R| = [32m5.608416e-04[39m
     34 Linear |R| = [32m4.472678e-04[39m
     35 Linear |R| = [32m3.433630e-04[39m
     36 Linear |R| = [32m2.619657e-04[39m
     37 Linear |R| = [32m1.952310e-04[39m
10 Nonlinear |R| = [32m6.984253e-01[39m
      0 Linear |R| = [32m6.984253e-01[39m
      1 Linear |R| = [32m2.971712e-01[39m
      2 Linear |R| = [32m1.622526e-01[39m
      3 Linear |R| = [32m1.016259e-01[39m
      4 Linear |R| = [32m7.092018e-02[39m
      5 Linear |R| = [32m5.155356e-02[39m
      6 Linear |R| = [32m3.864206e-02[39m
      7 Linear |R| = [32m2.864158e-02[39m
      8 Linear |R| = [32m2.084219e-02[39m
      9 Linear |R| = [32m1.468703e-02[39m
     10 Linear |R| = [32m1.072411e-02[39m
     11 Linear |R| = [32m8.128067e-03[39m
     12 Linear |R| = [32m6.267787e-03[39m
     13 Linear |R| = [32m4.970628e-03[39m
     14 Linear |R| = [32m3.965887e-03[39m
     15 Linear |R| = [32m3.180787e-03[39m
     16 Linear |R| = [32m2.410385e-03[39m
     17 Linear |R| = [32m1.717050e-03[39m
     18 Linear |R| = [32m1.218233e-03[39m
     19 Linear |R| = [32m8.610329e-04[39m
     20 Linear |R| = [32m6.091749e-04[39m
     21 Linear |R| = [32m4.256163e-04[39m
     22 Linear |R| = [32m2.887158e-04[39m
     23 Linear |R| = [32m2.010431e-04[39m
     24 Linear |R| = [32m1.402308e-04[39m
     25 Linear |R| = [32m9.972484e-05[39m
     26 Linear |R| = [32m7.438807e-05[39m
     27 Linear |R| = [32m5.633263e-05[39m
     28 Linear |R| = [32m4.406443e-05[39m
     29 Linear |R| = [32m3.518270e-05[39m
     30 Linear |R| = [31m3.534953e-05[39m
     31 Linear |R| = [32m2.586364e-05[39m
     32 Linear |R| = [32m2.301114e-05[39m
     33 Linear |R| = [32m1.960772e-05[39m
     34 Linear |R| = [32m1.586178e-05[39m
     35 Linear |R| = [32m1.246648e-05[39m
     36 Linear |R| = [32m9.163118e-06[39m
     37 Linear |R| = [32m6.569103e-06[39m
11 Nonlinear |R| = [32m1.017516e-04[39m
[32m Solve Converged![39m
  Finished Solving                                                                       [[33m 42.82 s[39m] [[33m  233 MB[39m]

Postprocessor Values:
+----------------+------------------+----------------+----------------+
| time           | reaction_force_z | top_disp_z     | vonmises_max   |
+----------------+------------------+----------------+----------------+
:                :                  :                :                :
|   1.500000e-01 |    -1.606740e-06 |  -4.500000e-04 |   3.500000e+06 |
|   2.000000e-01 |    -2.566079e-06 |  -6.000000e-04 |   3.500000e+06 |
|   2.500000e-01 |     4.969035e-05 |  -7.500000e-04 |   3.500000e+06 |
|   3.000000e-01 |     9.995144e-07 |  -9.000000e-04 |   3.500000e+06 |
|   3.500000e-01 |    -1.527458e-05 |  -1.050000e-03 |   3.500000e+06 |
|   4.000000e-01 |    -6.849320e-07 |  -1.200000e-03 |   3.500000e+06 |
|   4.500000e-01 |     7.913526e-05 |  -1.350000e-03 |   3.500000e+06 |
|   5.000000e-01 |     2.707347e-05 |  -1.500000e-03 |   3.500000e+06 |
|   5.500000e-01 |     1.150767e-05 |  -1.650000e-03 |   3.500000e+06 |
|   6.000000e-01 |     1.171393e-05 |  -1.800000e-03 |   3.500000e+06 |
|   6.500000e-01 |     1.102024e-05 |  -1.950000e-03 |   3.500000e+06 |
|   7.000000e-01 |     8.329693e-06 |  -2.100000e-03 |   3.500000e+06 |
|   7.500000e-01 |     7.055284e-06 |  -2.250000e-03 |   3.500000e+06 |
|   8.000000e-01 |     1.672732e-06 |  -2.400000e-03 |   3.500000e+06 |
|   8.500000e-01 |     6.412030e-06 |  -2.550000e-03 |   3.500000e+06 |
+----------------+------------------+----------------+----------------+


Time Step 18, time = 0.9, dt = 0.05
 0 Nonlinear |R| = [32m1.595783e+03[39m
      0 Linear |R| = [32m1.595783e+03[39m
      1 Linear |R| = [32m1.498521e+03[39m
      2 Linear |R| = [32m1.161395e+03[39m
      3 Linear |R| = [32m1.023357e+03[39m
      4 Linear |R| = [32m9.640017e+02[39m
      5 Linear |R| = [32m8.952856e+02[39m
      6 Linear |R| = [32m7.404873e+02[39m
      7 Linear |R| = [32m5.321388e+02[39m
      8 Linear |R| = [32m3.439638e+02[39m
      9 Linear |R| = [32m2.099327e+02[39m
     10 Linear |R| = [32m1.243864e+02[39m
     11 Linear |R| = [32m7.832081e+01[39m
     12 Linear |R| = [32m4.660381e+01[39m
     13 Linear |R| = [32m2.892473e+01[39m
     14 Linear |R| = [32m1.866720e+01[39m
     15 Linear |R| = [32m1.196493e+01[39m
     16 Linear |R| = [32m7.534801e+00[39m
     17 Linear |R| = [32m4.599768e+00[39m
     18 Linear |R| = [32m2.762264e+00[39m
     19 Linear |R| = [32m1.691362e+00[39m
     20 Linear |R| = [32m1.039869e+00[39m
     21 Linear |R| = [32m6.709550e-01[39m
     22 Linear |R| = [32m4.738093e-01[39m
     23 Linear |R| = [32m3.532446e-01[39m
     24 Linear |R| = [32m2.705241e-01[39m
     25 Linear |R| = [32m2.079232e-01[39m
     26 Linear |R| = [32m1.623617e-01[39m
     27 Linear |R| = [32m1.241174e-01[39m
     28 Linear |R| = [32m9.060811e-02[39m
     29 Linear |R| = [32m6.271769e-02[39m
    Linear solve did not converge due to DIVERGED_BREAKDOWN iterations 30
 1 Nonlinear |R| = [32m1.473541e+03[39m
      0 Linear |R| = [32m1.473541e+03[39m
      1 Linear |R| = [32m1.393926e+03[39m
      2 Linear |R| = [32m1.196582e+03[39m
      3 Linear |R| = [32m1.135903e+03[39m
      4 Linear |R| = [33m1.110355e+03[39m
      5 Linear |R| = [33m1.091723e+03[39m
      6 Linear |R| = [33m1.078538e+03[39m
      7 Linear |R| = [33m1.071465e+03[39m
      8 Linear |R| = [33m1.067104e+03[39m
      9 Linear |R| = [33m1.061292e+03[39m
     10 Linear |R| = [33m1.054807e+03[39m
     11 Linear |R| = [33m1.047052e+03[39m
     12 Linear |R| = [33m1.039690e+03[39m
     13 Linear |R| = [33m1.028176e+03[39m
     14 Linear |R| = [33m9.968412e+02[39m
     15 Linear |R| = [33m9.514262e+02[39m
     16 Linear |R| = [32m8.965111e+02[39m
     17 Linear |R| = [32m8.305327e+02[39m
     18 Linear |R| = [32m7.391558e+02[39m
     19 Linear |R| = [32m6.277528e+02[39m
     20 Linear |R| = [32m5.107617e+02[39m
     21 Linear |R| = [32m4.021652e+02[39m
     22 Linear |R| = [32m3.151051e+02[39m
     23 Linear |R| = [32m2.434235e+02[39m
     24 Linear |R| = [32m1.895858e+02[39m
     25 Linear |R| = [32m1.446856e+02[39m
     26 Linear |R| = [32m1.071797e+02[39m
     27 Linear |R| = [32m8.229144e+01[39m
     28 Linear |R| = [32m6.181991e+01[39m
     29 Linear |R| = [32m4.516832e+01[39m
     30 Linear |R| = [32m3.244654e+01[39m
     31 Linear |R| = [32m2.705561e+01[39m
     32 Linear |R| = [32m2.161176e+01[39m
     33 Linear |R| = [32m1.609308e+01[39m
     34 Linear |R| = [32m1.193266e+01[39m
     35 Linear |R| = [32m8.959191e+00[39m
     36 Linear |R| = [32m6.729234e+00[39m
     37 Linear |R| = [32m5.313002e+00[39m
     38 Linear |R| = [32m4.251520e+00[39m
     39 Linear |R| = [32m3.363959e+00[39m
     40 Linear |R| = [32m2.683278e+00[39m
     41 Linear |R| = [32m2.139708e+00[39m
     42 Linear |R| = [32m1.685949e+00[39m
     43 Linear |R| = [32m1.389589e+00[39m
     44 Linear |R| = [32m1.229884e+00[39m
     45 Linear |R| = [32m1.157535e+00[39m
     46 Linear |R| = [33m1.104666e+00[39m
     47 Linear |R| = [33m1.075343e+00[39m
     48 Linear |R| = [33m1.053610e+00[39m
     49 Linear |R| = [33m1.037849e+00[39m
     50 Linear |R| = [33m1.029875e+00[39m
     51 Linear |R| = [33m1.025805e+00[39m
     52 Linear |R| = [33m1.021987e+00[39m
     53 Linear |R| = [33m1.016086e+00[39m
     54 Linear |R| = [33m1.010018e+00[39m
     55 Linear |R| = [33m1.007606e+00[39m
     56 Linear |R| = [33m1.004257e+00[39m
     57 Linear |R| = [33m9.928992e-01[39m
     58 Linear |R| = [33m9.707354e-01[39m
     59 Linear |R| = [33m9.522314e-01[39m
     60 Linear |R| = [33m9.128121e-01[39m
     61 Linear |R| = [33m9.010455e-01[39m
     62 Linear |R| = [33m8.927996e-01[39m
     63 Linear |R| = [33m8.790550e-01[39m
     64 Linear |R| = [33m8.638901e-01[39m
     65 Linear |R| = [33m8.556014e-01[39m
     66 Linear |R| = [33m8.413847e-01[39m
     67 Linear |R| = [33m8.357985e-01[39m
     68 Linear |R| = [33m8.339451e-01[39m
     69 Linear |R| = [33m8.292013e-01[39m
     70 Linear |R| = [33m8.248217e-01[39m
     71 Linear |R| = [33m8.197056e-01[39m
     72 Linear |R| = [33m8.144590e-01[39m
     73 Linear |R| = [33m8.089079e-01[39m
     74 Linear |R| = [33m8.001041e-01[39m
     75 Linear |R| = [33m7.837889e-01[39m
     76 Linear |R| = [33m7.569509e-01[39m
     77 Linear |R| = [32m7.121066e-01[39m
     78 Linear |R| = [32m6.498419e-01[39m
     79 Linear |R| = [32m5.716891e-01[39m
     80 Linear |R| = [32m4.874889e-01[39m
     81 Linear |R| = [32m4.007139e-01[39m
     82 Linear |R| = [32m3.317870e-01[39m
     83 Linear |R| = [32m2.695308e-01[39m
     84 Linear |R| = [32m2.202358e-01[39m
     85 Linear |R| = [32m1.766736e-01[39m
     86 Linear |R| = [32m1.323524e-01[39m
     87 Linear |R| = [32m9.702158e-02[39m
     88 Linear |R| = [32m6.446288e-02[39m
     89 Linear |R| = [32m5.243430e-02[39m
     90 Linear |R| = [32m4.199883e-02[39m
     91 Linear |R| = [32m3.484057e-02[39m
     92 Linear |R| = [32m2.968955e-02[39m
     93 Linear |R| = [32m2.225697e-02[39m
     94 Linear |R| = [32m1.628377e-02[39m
     95 Linear |R| = [32m1.244757e-02[39m
 2 Nonlinear |R| = [33m1.471750e+03[39m
      0 Linear |R| = [32m1.471750e+03[39m
      1 Linear |R| = [32m1.388217e+03[39m
      2 Linear |R| = [32m1.196311e+03[39m
      3 Linear |R| = [32m1.132423e+03[39m
      4 Linear |R| = [33m1.101582e+03[39m
      5 Linear |R| = [33m1.084404e+03[39m
      6 Linear |R| = [33m1.073026e+03[39m
      7 Linear |R| = [33m1.065561e+03[39m
      8 Linear |R| = [33m1.059691e+03[39m
      9 Linear |R| = [33m1.051102e+03[39m
     10 Linear |R| = [33m1.042773e+03[39m
     11 Linear |R| = [33m1.034767e+03[39m
     12 Linear |R| = [33m1.026094e+03[39m
     13 Linear |R| = [33m1.009432e+03[39m
     14 Linear |R| = [33m9.664512e+02[39m
     15 Linear |R| = [32m9.091765e+02[39m
     16 Linear |R| = [32m8.456691e+02[39m
     17 Linear |R| = [32m7.754161e+02[39m
     18 Linear |R| = [32m6.756708e+02[39m
     19 Linear |R| = [32m5.583258e+02[39m
     20 Linear |R| = [32m4.449286e+02[39m
     21 Linear |R| = [32m3.526709e+02[39m
     22 Linear |R| = [32m2.715013e+02[39m
     23 Linear |R| = [32m2.095630e+02[39m
     24 Linear |R| = [32m1.625527e+02[39m
     25 Linear |R| = [32m1.262953e+02[39m
     26 Linear |R| = [32m9.550131e+01[39m
     27 Linear |R| = [32m7.298110e+01[39m
     28 Linear |R| = [32m5.446169e+01[39m
     29 Linear |R| = [32m4.084197e+01[39m
     30 Linear |R| = [32m3.023847e+01[39m
     31 Linear |R| = [32m2.552122e+01[39m
     32 Linear |R| = [32m2.043820e+01[39m
     33 Linear |R| = [32m1.539755e+01[39m
     34 Linear |R| = [32m1.171657e+01[39m
     35 Linear |R| = [32m8.923289e+00[39m
     36 Linear |R| = [32m6.796749e+00[39m
     37 Linear |R| = [32m5.324714e+00[39m
     38 Linear |R| = [32m4.234005e+00[39m
     39 Linear |R| = [32m3.335647e+00[39m
     40 Linear |R| = [32m2.643847e+00[39m
     41 Linear |R| = [32m2.097980e+00[39m
     42 Linear |R| = [32m1.654433e+00[39m
     43 Linear |R| = [32m1.373715e+00[39m
     44 Linear |R| = [32m1.209280e+00[39m
     45 Linear |R| = [32m1.132814e+00[39m
     46 Linear |R| = [33m1.087268e+00[39m
     47 Linear |R| = [33m1.053948e+00[39m
     48 Linear |R| = [33m1.032669e+00[39m
     49 Linear |R| = [33m1.021059e+00[39m
     50 Linear |R| = [33m1.012819e+00[39m
     51 Linear |R| = [33m1.007900e+00[39m
     52 Linear |R| = [33m1.003687e+00[39m
     53 Linear |R| = [33m9.986193e-01[39m
     54 Linear |R| = [33m9.923089e-01[39m
     55 Linear |R| = [33m9.861201e-01[39m
     56 Linear |R| = [33m9.793605e-01[39m
     57 Linear |R| = [33m9.635355e-01[39m
     58 Linear |R| = [33m9.275039e-01[39m
     59 Linear |R| = [33m8.926088e-01[39m
     60 Linear |R| = [32m8.399857e-01[39m
     61 Linear |R| = [33m8.209155e-01[39m
     62 Linear |R| = [33m8.031853e-01[39m
     63 Linear |R| = [33m7.809635e-01[39m
     64 Linear |R| = [33m7.592484e-01[39m
     65 Linear |R| = [33m7.462710e-01[39m
     66 Linear |R| = [33m7.302665e-01[39m
     67 Linear |R| = [33m7.219078e-01[39m
     68 Linear |R| = [33m7.178280e-01[39m
     69 Linear |R| = [33m7.135419e-01[39m
     70 Linear |R| = [33m7.090875e-01[39m
     71 Linear |R| = [33m7.044026e-01[39m
     72 Linear |R| = [33m6.997704e-01[39m
     73 Linear |R| = [33m6.942926e-01[39m
     74 Linear |R| = [33m6.884264e-01[39m
     75 Linear |R| = [33m6.779218e-01[39m
     76 Linear |R| = [33m6.607935e-01[39m
     77 Linear |R| = [33m6.315368e-01[39m
     78 Linear |R| = [32m5.861550e-01[39m
     79 Linear |R| = [32m5.070894e-01[39m
     80 Linear |R| = [32m4.113158e-01[39m
     81 Linear |R| = [32m3.269745e-01[39m
     82 Linear |R| = [32m2.625876e-01[39m
     83 Linear |R| = [32m2.117030e-01[39m
     84 Linear |R| = [32m1.752766e-01[39m
     85 Linear |R| = [32m1.430853e-01[39m
     86 Linear |R| = [32m1.098017e-01[39m
     87 Linear |R| = [32m8.027165e-02[39m
     88 Linear |R| = [32m5.580649e-02[39m
     89 Linear |R| = [32m4.425783e-02[39m
     90 Linear |R| = [32m3.644479e-02[39m
     91 Linear |R| = [32m3.040793e-02[39m
     92 Linear |R| = [32m2.565634e-02[39m
     93 Linear |R| = [32m1.955326e-02[39m
     94 Linear |R| = [32m1.490388e-02[39m
     95 Linear |R| = [32m1.148704e-02[39m
 3 Nonlinear |R| = [33m1.469808e+03[39m
      0 Linear |R| = [32m1.469808e+03[39m
      1 Linear |R| = [32m1.382159e+03[39m
      2 Linear |R| = [32m1.198719e+03[39m
      3 Linear |R| = [32m1.119894e+03[39m
      4 Linear |R| = [33m1.085795e+03[39m
      5 Linear |R| = [33m1.074170e+03[39m
      6 Linear |R| = [33m1.066261e+03[39m
      7 Linear |R| = [33m1.055949e+03[39m
      8 Linear |R| = [33m1.042585e+03[39m
      9 Linear |R| = [33m1.030533e+03[39m
     10 Linear |R| = [33m1.023097e+03[39m
     11 Linear |R| = [33m1.014019e+03[39m
     12 Linear |R| = [33m9.952864e+02[39m
     13 Linear |R| = [33m9.606705e+02[39m
     14 Linear |R| = [32m9.054626e+02[39m
     15 Linear |R| = [32m8.408796e+02[39m
     16 Linear |R| = [32m7.585429e+02[39m
     17 Linear |R| = [32m6.747078e+02[39m
     18 Linear |R| = [32m5.664360e+02[39m
     19 Linear |R| = [32m4.537695e+02[39m
     20 Linear |R| = [32m3.564952e+02[39m
     21 Linear |R| = [32m2.808014e+02[39m
     22 Linear |R| = [32m2.123600e+02[39m
     23 Linear |R| = [32m1.645626e+02[39m
     24 Linear |R| = [32m1.276165e+02[39m
     25 Linear |R| = [32m9.898507e+01[39m
     26 Linear |R| = [32m7.529257e+01[39m
     27 Linear |R| = [32m5.714935e+01[39m
     28 Linear |R| = [32m4.347720e+01[39m
     29 Linear |R| = [32m3.349199e+01[39m
     30 Linear |R| = [32m2.506256e+01[39m
     31 Linear |R| = [32m2.104218e+01[39m
     32 Linear |R| = [32m1.706854e+01[39m
     33 Linear |R| = [32m1.307045e+01[39m
     34 Linear |R| = [32m9.999049e+00[39m
     35 Linear |R| = [32m7.710907e+00[39m
     36 Linear |R| = [32m5.825988e+00[39m
     37 Linear |R| = [32m4.548541e+00[39m
     38 Linear |R| = [32m3.597329e+00[39m
     39 Linear |R| = [32m2.787821e+00[39m
     40 Linear |R| = [32m2.142408e+00[39m
     41 Linear |R| = [32m1.610612e+00[39m
     42 Linear |R| = [32m1.210149e+00[39m
     43 Linear |R| = [32m9.250146e-01[39m
     44 Linear |R| = [32m7.368060e-01[39m
     45 Linear |R| = [32m6.193193e-01[39m
     46 Linear |R| = [32m5.563298e-01[39m
     47 Linear |R| = [32m5.135802e-01[39m
     48 Linear |R| = [32m4.838212e-01[39m
     49 Linear |R| = [33m4.674580e-01[39m
     50 Linear |R| = [33m4.554217e-01[39m
     51 Linear |R| = [33m4.477265e-01[39m
     52 Linear |R| = [33m4.440119e-01[39m
     53 Linear |R| = [33m4.419906e-01[39m
     54 Linear |R| = [33m4.402040e-01[39m
     55 Linear |R| = [33m4.381350e-01[39m
     56 Linear |R| = [33m4.357527e-01[39m
     57 Linear |R| = [33m4.310694e-01[39m
     58 Linear |R| = [33m4.199626e-01[39m
     59 Linear |R| = [33m4.098663e-01[39m
     60 Linear |R| = [33m3.930436e-01[39m
     61 Linear |R| = [33m3.880001e-01[39m
     62 Linear |R| = [33m3.853715e-01[39m
     63 Linear |R| = [33m3.754813e-01[39m
     64 Linear |R| = [33m3.681288e-01[39m
     65 Linear |R| = [33m3.646208e-01[39m
     66 Linear |R| = [33m3.594131e-01[39m
     67 Linear |R| = [33m3.560155e-01[39m
     68 Linear |R| = [33m3.523132e-01[39m
     69 Linear |R| = [33m3.489222e-01[39m
     70 Linear |R| = [33m3.470911e-01[39m
     71 Linear |R| = [33m3.442744e-01[39m
     72 Linear |R| = [33m3.398913e-01[39m
     73 Linear |R| = [33m3.315946e-01[39m
     74 Linear |R| = [33m3.248768e-01[39m
     75 Linear |R| = [33m3.148750e-01[39m
     76 Linear |R| = [32m2.984935e-01[39m
     77 Linear |R| = [32m2.725893e-01[39m
     78 Linear |R| = [32m2.331517e-01[39m
     79 Linear |R| = [32m1.859133e-01[39m
     80 Linear |R| = [32m1.374888e-01[39m
     81 Linear |R| = [32m9.804325e-02[39m
     82 Linear |R| = [32m7.360876e-02[39m
     83 Linear |R| = [32m5.457229e-02[39m
     84 Linear |R| = [32m4.406493e-02[39m
     85 Linear |R| = [32m3.529684e-02[39m
     86 Linear |R| = [32m2.888097e-02[39m
     87 Linear |R| = [32m2.121258e-02[39m
     88 Linear |R| = [32m1.537605e-02[39m
     89 Linear |R| = [32m1.224210e-02[39m
 4 Nonlinear |R| = [33m1.460071e+03[39m
      0 Linear |R| = [32m1.460071e+03[39m
      1 Linear |R| = [32m1.238499e+03[39m
      2 Linear |R| = [32m1.042576e+03[39m
      3 Linear |R| = [32m9.168201e+02[39m
      4 Linear |R| = [32m8.708207e+02[39m
      5 Linear |R| = [33m8.403587e+02[39m
      6 Linear |R| = [32m7.484937e+02[39m
      7 Linear |R| = [32m5.983572e+02[39m
      8 Linear |R| = [32m4.789678e+02[39m
      9 Linear |R| = [32m4.058141e+02[39m
     10 Linear |R| = [32m3.379839e+02[39m
     11 Linear |R| = [32m2.744885e+02[39m
     12 Linear |R| = [32m2.230929e+02[39m
     13 Linear |R| = [32m1.727277e+02[39m
     14 Linear |R| = [32m1.308018e+02[39m
     15 Linear |R| = [32m9.860473e+01[39m
     16 Linear |R| = [32m7.621918e+01[39m
     17 Linear |R| = [32m5.899229e+01[39m
     18 Linear |R| = [32m4.537002e+01[39m
     19 Linear |R| = [32m3.454460e+01[39m
     20 Linear |R| = [32m2.559311e+01[39m
     21 Linear |R| = [32m1.951866e+01[39m
     22 Linear |R| = [32m1.470803e+01[39m
     23 Linear |R| = [32m1.125158e+01[39m
     24 Linear |R| = [32m8.774481e+00[39m
     25 Linear |R| = [32m6.703208e+00[39m
     26 Linear |R| = [32m5.089353e+00[39m
     27 Linear |R| = [32m3.884898e+00[39m
     28 Linear |R| = [32m3.023934e+00[39m
     29 Linear |R| = [32m2.301355e+00[39m
     30 Linear |R| = [32m1.768295e+00[39m
     31 Linear |R| = [32m1.478335e+00[39m
     32 Linear |R| = [32m1.208810e+00[39m
     33 Linear |R| = [32m9.388407e-01[39m
     34 Linear |R| = [32m7.216921e-01[39m
     35 Linear |R| = [32m5.506751e-01[39m
     36 Linear |R| = [32m4.263306e-01[39m
     37 Linear |R| = [32m3.362027e-01[39m
     38 Linear |R| = [32m2.618904e-01[39m
     39 Linear |R| = [32m2.019070e-01[39m
     40 Linear |R| = [32m1.549908e-01[39m
     41 Linear |R| = [32m1.153937e-01[39m
     42 Linear |R| = [32m8.330853e-02[39m
     43 Linear |R| = [32m6.027147e-02[39m
     44 Linear |R| = [32m4.448552e-02[39m
     45 Linear |R| = [32m3.549681e-02[39m
     46 Linear |R| = [32m2.813504e-02[39m
     47 Linear |R| = [32m2.371940e-02[39m
     48 Linear |R| = [32m1.981632e-02[39m
     49 Linear |R| = [32m1.693058e-02[39m
     50 Linear |R| = [32m1.516545e-02[39m
     51 Linear |R| = [32m1.364228e-02[39m
 5 Nonlinear |R| = [32m1.366623e+03[39m
      0 Linear |R| = [32m1.366623e+03[39m
      1 Linear |R| = [32m1.078404e+03[39m
      2 Linear |R| = [32m8.765925e+02[39m
      3 Linear |R| = [32m7.349737e+02[39m
      4 Linear |R| = [32m6.854766e+02[39m
      5 Linear |R| = [32m6.272532e+02[39m
      6 Linear |R| = [32m4.708959e+02[39m
      7 Linear |R| = [32m3.289555e+02[39m
      8 Linear |R| = [32m2.532147e+02[39m
      9 Linear |R| = [32m2.053337e+02[39m
     10 Linear |R| = [32m1.673018e+02[39m
     11 Linear |R| = [32m1.349200e+02[39m
     12 Linear |R| = [32m1.057986e+02[39m
     13 Linear |R| = [32m7.929777e+01[39m
     14 Linear |R| = [32m5.993880e+01[39m
     15 Linear |R| = [32m4.643814e+01[39m
     16 Linear |R| = [32m3.605078e+01[39m
     17 Linear |R| = [32m2.735521e+01[39m
     18 Linear |R| = [32m2.097921e+01[39m
     19 Linear |R| = [32m1.609683e+01[39m
     20 Linear |R| = [32m1.196578e+01[39m
     21 Linear |R| = [32m9.063711e+00[39m
     22 Linear |R| = [32m6.962369e+00[39m
     23 Linear |R| = [32m5.383036e+00[39m
     24 Linear |R| = [32m4.158528e+00[39m
     25 Linear |R| = [32m3.158078e+00[39m
     26 Linear |R| = [32m2.383591e+00[39m
     27 Linear |R| = [32m1.817106e+00[39m
     28 Linear |R| = [32m1.420191e+00[39m
     29 Linear |R| = [32m1.098844e+00[39m
     30 Linear |R| = [32m8.320542e-01[39m
     31 Linear |R| = [32m7.036261e-01[39m
     32 Linear |R| = [32m5.701165e-01[39m
     33 Linear |R| = [32m4.445628e-01[39m
     34 Linear |R| = [32m3.421143e-01[39m
     35 Linear |R| = [32m2.601493e-01[39m
     36 Linear |R| = [32m2.011846e-01[39m
     37 Linear |R| = [32m1.569505e-01[39m
     38 Linear |R| = [32m1.233928e-01[39m
     39 Linear |R| = [32m9.603212e-02[39m
     40 Linear |R| = [32m7.321156e-02[39m
     41 Linear |R| = [32m5.362933e-02[39m
     42 Linear |R| = [32m3.840644e-02[39m
     43 Linear |R| = [32m2.789530e-02[39m
     44 Linear |R| = [32m2.048798e-02[39m
     45 Linear |R| = [32m1.594633e-02[39m
     46 Linear |R| = [32m1.227785e-02[39m
 6 Nonlinear |R| = [33m1.331409e+03[39m
      0 Linear |R| = [32m1.331409e+03[39m
      1 Linear |R| = [32m3.331995e+02[39m
      2 Linear |R| = [32m1.217567e+02[39m
      3 Linear |R| = [32m7.131524e+01[39m
      4 Linear |R| = [32m4.804848e+01[39m
      5 Linear |R| = [32m3.701928e+01[39m
      6 Linear |R| = [32m2.795995e+01[39m
      7 Linear |R| = [32m2.166760e+01[39m
      8 Linear |R| = [32m1.739094e+01[39m
      9 Linear |R| = [32m1.375932e+01[39m
     10 Linear |R| = [32m1.067394e+01[39m
     11 Linear |R| = [32m8.098268e+00[39m
     12 Linear |R| = [32m5.919892e+00[39m
     13 Linear |R| = [32m4.424542e+00[39m
     14 Linear |R| = [32m3.337335e+00[39m
     15 Linear |R| = [32m2.438849e+00[39m
     16 Linear |R| = [32m1.829161e+00[39m
     17 Linear |R| = [32m1.416676e+00[39m
     18 Linear |R| = [32m1.090963e+00[39m
     19 Linear |R| = [32m8.038891e-01[39m
     20 Linear |R| = [32m6.024996e-01[39m
     21 Linear |R| = [32m4.627999e-01[39m
     22 Linear |R| = [32m3.591683e-01[39m
     23 Linear |R| = [32m2.869459e-01[39m
     24 Linear |R| = [32m2.308759e-01[39m
     25 Linear |R| = [32m1.820375e-01[39m
     26 Linear |R| = [32m1.410665e-01[39m
     27 Linear |R| = [32m1.079541e-01[39m
     28 Linear |R| = [32m8.030227e-02[39m
     29 Linear |R| = [32m6.003464e-02[39m
     30 Linear |R| = [32m4.560778e-02[39m
     31 Linear |R| = [32m3.879835e-02[39m
     32 Linear |R| = [32m3.139713e-02[39m
     33 Linear |R| = [32m2.448887e-02[39m
     34 Linear |R| = [32m1.854104e-02[39m
     35 Linear |R| = [32m1.363533e-02[39m
     36 Linear |R| = [32m1.039983e-02[39m
 7 Nonlinear |R| = [32m7.543883e+01[39m
      0 Linear |R| = [32m7.543883e+01[39m
      1 Linear |R| = [32m2.324139e+01[39m
      2 Linear |R| = [32m1.005603e+01[39m
      3 Linear |R| = [32m6.309072e+00[39m
      4 Linear |R| = [32m4.301332e+00[39m
      5 Linear |R| = [32m3.116647e+00[39m
      6 Linear |R| = [32m2.270387e+00[39m
      7 Linear |R| = [32m1.666796e+00[39m
      8 Linear |R| = [32m1.216693e+00[39m
      9 Linear |R| = [32m8.854210e-01[39m
     10 Linear |R| = [32m6.547617e-01[39m
     11 Linear |R| = [32m4.882507e-01[39m
     12 Linear |R| = [32m3.749037e-01[39m
     13 Linear |R| = [32m2.835841e-01[39m
     14 Linear |R| = [32m2.134204e-01[39m
     15 Linear |R| = [32m1.632393e-01[39m
     16 Linear |R| = [32m1.242187e-01[39m
     17 Linear |R| = [32m9.257834e-02[39m
     18 Linear |R| = [32m6.857412e-02[39m
     19 Linear |R| = [32m5.080898e-02[39m
     20 Linear |R| = [32m3.710466e-02[39m
     21 Linear |R| = [32m2.771056e-02[39m
     22 Linear |R| = [32m2.061084e-02[39m
     23 Linear |R| = [32m1.520917e-02[39m
     24 Linear |R| = [32m1.139999e-02[39m
     25 Linear |R| = [32m8.600606e-03[39m
     26 Linear |R| = [32m6.635404e-03[39m
     27 Linear |R| = [32m5.130466e-03[39m
     28 Linear |R| = [32m4.059649e-03[39m
     29 Linear |R| = [32m3.289293e-03[39m
     30 Linear |R| = [31m2.419424e-02[39m
     31 Linear |R| = [32m9.370838e-03[39m
     32 Linear |R| = [32m4.833800e-03[39m
     33 Linear |R| = [32m3.133098e-03[39m
     34 Linear |R| = [32m2.366062e-03[39m
     35 Linear |R| = [32m1.892280e-03[39m
     36 Linear |R| = [32m1.532758e-03[39m
     37 Linear |R| = [32m1.233170e-03[39m
     38 Linear |R| = [32m9.841406e-04[39m
     39 Linear |R| = [32m7.778773e-04[39m
     40 Linear |R| = [32m6.073244e-04[39m
 8 Nonlinear |R| = [32m6.437627e+00[39m
      0 Linear |R| = [32m6.437627e+00[39m
      1 Linear |R| = [32m2.252297e+00[39m
      2 Linear |R| = [32m1.145504e+00[39m
      3 Linear |R| = [32m7.265679e-01[39m
      4 Linear |R| = [32m4.855585e-01[39m
      5 Linear |R| = [32m3.380776e-01[39m
      6 Linear |R| = [32m2.460375e-01[39m
      7 Linear |R| = [32m1.830978e-01[39m
      8 Linear |R| = [32m1.397752e-01[39m
      9 Linear |R| = [32m1.101942e-01[39m
     10 Linear |R| = [32m8.693828e-02[39m
     11 Linear |R| = [32m6.734458e-02[39m
     12 Linear |R| = [32m5.236293e-02[39m
     13 Linear |R| = [32m4.033761e-02[39m
     14 Linear |R| = [32m3.085527e-02[39m
     15 Linear |R| = [32m2.362338e-02[39m
     16 Linear |R| = [32m1.788258e-02[39m
     17 Linear |R| = [32m1.350636e-02[39m
     18 Linear |R| = [32m9.994451e-03[39m
     19 Linear |R| = [32m7.458032e-03[39m
     20 Linear |R| = [32m5.775616e-03[39m
     21 Linear |R| = [32m4.440147e-03[39m
     22 Linear |R| = [32m3.343580e-03[39m
     23 Linear |R| = [32m2.528507e-03[39m
     24 Linear |R| = [32m1.965588e-03[39m
     25 Linear |R| = [32m1.500754e-03[39m
     26 Linear |R| = [32m1.163897e-03[39m
     27 Linear |R| = [32m9.199177e-04[39m
     28 Linear |R| = [32m7.301573e-04[39m
     29 Linear |R| = [32m5.698938e-04[39m
     30 Linear |R| = [32m4.419795e-04[39m
     31 Linear |R| = [32m3.790312e-04[39m
     32 Linear |R| = [32m3.150280e-04[39m
     33 Linear |R| = [32m2.490699e-04[39m
     34 Linear |R| = [32m1.947560e-04[39m
     35 Linear |R| = [32m1.545500e-04[39m
     36 Linear |R| = [32m1.222145e-04[39m
     37 Linear |R| = [32m9.543284e-05[39m
     38 Linear |R| = [32m7.477404e-05[39m
     39 Linear |R| = [32m5.973030e-05[39m
 9 Nonlinear |R| = [32m4.253795e-02[39m
      0 Linear |R| = [32m4.253795e-02[39m
      1 Linear |R| = [32m1.333589e-02[39m
      2 Linear |R| = [32m5.729751e-03[39m
      3 Linear |R| = [32m3.415145e-03[39m
      4 Linear |R| = [32m2.391150e-03[39m
      5 Linear |R| = [32m1.632903e-03[39m
      6 Linear |R| = [32m1.062646e-03[39m
      7 Linear |R| = [32m7.093704e-04[39m
      8 Linear |R| = [32m5.225761e-04[39m
      9 Linear |R| = [32m3.945707e-04[39m
     10 Linear |R| = [32m3.004168e-04[39m
     11 Linear |R| = [32m2.319188e-04[39m
     12 Linear |R| = [32m1.890623e-04[39m
     13 Linear |R| = [32m1.528403e-04[39m
     14 Linear |R| = [32m1.221249e-04[39m
     15 Linear |R| = [32m9.609848e-05[39m
     16 Linear |R| = [32m7.565062e-05[39m
     17 Linear |R| = [32m5.808291e-05[39m
     18 Linear |R| = [32m4.454041e-05[39m
     19 Linear |R| = [32m3.363242e-05[39m
     20 Linear |R| = [32m2.598041e-05[39m
     21 Linear |R| = [32m2.006623e-05[39m
     22 Linear |R| = [32m1.559796e-05[39m
     23 Linear |R| = [32m1.214504e-05[39m
     24 Linear |R| = [32m9.341216e-06[39m
     25 Linear |R| = [32m6.975578e-06[39m
     26 Linear |R| = [32m5.264408e-06[39m
     27 Linear |R| = [32m3.951900e-06[39m
     28 Linear |R| = [32m2.948739e-06[39m
     29 Linear |R| = [32m2.202559e-06[39m
     30 Linear |R| = [32m1.759125e-06[39m
     31 Linear |R| = [32m1.364549e-06[39m
     32 Linear |R| = [32m1.119363e-06[39m
     33 Linear |R| = [32m8.768811e-07[39m
     34 Linear |R| = [32m6.698961e-07[39m
     35 Linear |R| = [32m5.255561e-07[39m
     36 Linear |R| = [32m3.982932e-07[39m
10 Nonlinear |R| = [32m7.403984e-07[39m
[32m Solve Converged![39m
  Finished Solving                                                                       [[33m 39.60 s[39m] [[33m  233 MB[39m]

Postprocessor Values:
+----------------+------------------+----------------+----------------+
| time           | reaction_force_z | top_disp_z     | vonmises_max   |
+----------------+------------------+----------------+----------------+
:                :                  :                :                :
|   2.000000e-01 |    -2.566079e-06 |  -6.000000e-04 |   3.500000e+06 |
|   2.500000e-01 |     4.969035e-05 |  -7.500000e-04 |   3.500000e+06 |
|   3.000000e-01 |     9.995144e-07 |  -9.000000e-04 |   3.500000e+06 |
|   3.500000e-01 |    -1.527458e-05 |  -1.050000e-03 |   3.500000e+06 |
|   4.000000e-01 |    -6.849320e-07 |  -1.200000e-03 |   3.500000e+06 |
|   4.500000e-01 |     7.913526e-05 |  -1.350000e-03 |   3.500000e+06 |
|   5.000000e-01 |     2.707347e-05 |  -1.500000e-03 |   3.500000e+06 |
|   5.500000e-01 |     1.150767e-05 |  -1.650000e-03 |   3.500000e+06 |
|   6.000000e-01 |     1.171393e-05 |  -1.800000e-03 |   3.500000e+06 |
|   6.500000e-01 |     1.102024e-05 |  -1.950000e-03 |   3.500000e+06 |
|   7.000000e-01 |     8.329693e-06 |  -2.100000e-03 |   3.500000e+06 |
|   7.500000e-01 |     7.055284e-06 |  -2.250000e-03 |   3.500000e+06 |
|   8.000000e-01 |     1.672732e-06 |  -2.400000e-03 |   3.500000e+06 |
|   8.500000e-01 |     6.412030e-06 |  -2.550000e-03 |   3.500000e+06 |
|   9.000000e-01 |     5.619976e-06 |  -2.700000e-03 |   3.500000e+06 |
+----------------+------------------+----------------+----------------+


Time Step 19, time = 0.95, dt = 0.05
 0 Nonlinear |R| = [32m1.594175e+03[39m
      0 Linear |R| = [32m1.594175e+03[39m
      1 Linear |R| = [32m1.495736e+03[39m
      2 Linear |R| = [32m1.158729e+03[39m
      3 Linear |R| = [32m1.020284e+03[39m
      4 Linear |R| = [32m9.604550e+02[39m
      5 Linear |R| = [32m8.925716e+02[39m
      6 Linear |R| = [32m7.400658e+02[39m
      7 Linear |R| = [32m5.334684e+02[39m
      8 Linear |R| = [32m3.448496e+02[39m
      9 Linear |R| = [32m2.107586e+02[39m
     10 Linear |R| = [32m1.250593e+02[39m
     11 Linear |R| = [32m7.884435e+01[39m
     12 Linear |R| = [32m4.689830e+01[39m
     13 Linear |R| = [32m2.907539e+01[39m
     14 Linear |R| = [32m1.874459e+01[39m
     15 Linear |R| = [32m1.202614e+01[39m
     16 Linear |R| = [32m7.583184e+00[39m
     17 Linear |R| = [32m4.626438e+00[39m
     18 Linear |R| = [32m2.780164e+00[39m
     19 Linear |R| = [32m1.700067e+00[39m
     20 Linear |R| = [32m1.044658e+00[39m
     21 Linear |R| = [32m6.718429e-01[39m
     22 Linear |R| = [32m4.721466e-01[39m
     23 Linear |R| = [32m3.503382e-01[39m
     24 Linear |R| = [32m2.679059e-01[39m
     25 Linear |R| = [32m2.056804e-01[39m
     26 Linear |R| = [32m1.611162e-01[39m
     27 Linear |R| = [32m1.232282e-01[39m
     28 Linear |R| = [32m9.058451e-02[39m
     29 Linear |R| = [32m6.333206e-02[39m
    Linear solve did not converge due to DIVERGED_BREAKDOWN iterations 30
 1 Nonlinear |R| = [32m1.472366e+03[39m
      0 Linear |R| = [32m1.472366e+03[39m
      1 Linear |R| = [32m1.391704e+03[39m
      2 Linear |R| = [32m1.194638e+03[39m
      3 Linear |R| = [32m1.132466e+03[39m
      4 Linear |R| = [33m1.106351e+03[39m
      5 Linear |R| = [33m1.087998e+03[39m
      6 Linear |R| = [33m1.074753e+03[39m
      7 Linear |R| = [33m1.067798e+03[39m
      8 Linear |R| = [33m1.063526e+03[39m
      9 Linear |R| = [33m1.057710e+03[39m
     10 Linear |R| = [33m1.051605e+03[39m
     11 Linear |R| = [33m1.044684e+03[39m
     12 Linear |R| = [33m1.038299e+03[39m
     13 Linear |R| = [33m1.028072e+03[39m
     14 Linear |R| = [33m9.998181e+02[39m
     15 Linear |R| = [33m9.600003e+02[39m
     16 Linear |R| = [32m9.107849e+02[39m
     17 Linear |R| = [32m8.501977e+02[39m
     18 Linear |R| = [32m7.657268e+02[39m
     19 Linear |R| = [32m6.599867e+02[39m
     20 Linear |R| = [32m5.445002e+02[39m
     21 Linear |R| = [32m4.346057e+02[39m
     22 Linear |R| = [32m3.435499e+02[39m
     23 Linear |R| = [32m2.677539e+02[39m
     24 Linear |R| = [32m2.109448e+02[39m
     25 Linear |R| = [32m1.631529e+02[39m
     26 Linear |R| = [32m1.221551e+02[39m
     27 Linear |R| = [32m9.358784e+01[39m
     28 Linear |R| = [32m7.008304e+01[39m
     29 Linear |R| = [32m5.119598e+01[39m
     30 Linear |R| = [32m3.691292e+01[39m
     31 Linear |R| = [32m3.084543e+01[39m
     32 Linear |R| = [32m2.467626e+01[39m
     33 Linear |R| = [32m1.843084e+01[39m
     34 Linear |R| = [32m1.375723e+01[39m
     35 Linear |R| = [32m1.047004e+01[39m
     36 Linear |R| = [32m7.912293e+00[39m
     37 Linear |R| = [32m6.253707e+00[39m
     38 Linear |R| = [32m5.010598e+00[39m
     39 Linear |R| = [32m3.983226e+00[39m
     40 Linear |R| = [32m3.212262e+00[39m
     41 Linear |R| = [32m2.572224e+00[39m
     42 Linear |R| = [32m2.046190e+00[39m
     43 Linear |R| = [32m1.710560e+00[39m
     44 Linear |R| = [32m1.527973e+00[39m
     45 Linear |R| = [32m1.448148e+00[39m
     46 Linear |R| = [33m1.392054e+00[39m
     47 Linear |R| = [33m1.361502e+00[39m
     48 Linear |R| = [33m1.336995e+00[39m
     49 Linear |R| = [33m1.318114e+00[39m
     50 Linear |R| = [33m1.309369e+00[39m
     51 Linear |R| = [33m1.305443e+00[39m
     52 Linear |R| = [33m1.301436e+00[39m
     53 Linear |R| = [33m1.294324e+00[39m
     54 Linear |R| = [33m1.286430e+00[39m
     55 Linear |R| = [33m1.283002e+00[39m
     56 Linear |R| = [33m1.277910e+00[39m
     57 Linear |R| = [33m1.261939e+00[39m
     58 Linear |R| = [33m1.228277e+00[39m
     59 Linear |R| = [33m1.194130e+00[39m
     60 Linear |R| = [32m1.126197e+00[39m
     61 Linear |R| = [33m1.103738e+00[39m
     62 Linear |R| = [33m1.088260e+00[39m
     63 Linear |R| = [33m1.068479e+00[39m
     64 Linear |R| = [33m1.047465e+00[39m
     65 Linear |R| = [33m1.033721e+00[39m
     66 Linear |R| = [33m1.010501e+00[39m
     67 Linear |R| = [33m1.001247e+00[39m
     68 Linear |R| = [33m9.987077e-01[39m
     69 Linear |R| = [33m9.933167e-01[39m
     70 Linear |R| = [33m9.884627e-01[39m
     71 Linear |R| = [33m9.831419e-01[39m
     72 Linear |R| = [33m9.778998e-01[39m
     73 Linear |R| = [33m9.721203e-01[39m
     74 Linear |R| = [33m9.640044e-01[39m
     75 Linear |R| = [33m9.504526e-01[39m
     76 Linear |R| = [33m9.309912e-01[39m
     77 Linear |R| = [33m8.967402e-01[39m
     78 Linear |R| = [32m8.333452e-01[39m
     79 Linear |R| = [32m7.402376e-01[39m
     80 Linear |R| = [32m6.312566e-01[39m
     81 Linear |R| = [32m5.110902e-01[39m
     82 Linear |R| = [32m4.233400e-01[39m
     83 Linear |R| = [32m3.473407e-01[39m
     84 Linear |R| = [32m2.888389e-01[39m
     85 Linear |R| = [32m2.380734e-01[39m
     86 Linear |R| = [32m1.803293e-01[39m
     87 Linear |R| = [32m1.328819e-01[39m
     88 Linear |R| = [32m8.899629e-02[39m
     89 Linear |R| = [32m7.104640e-02[39m
     90 Linear |R| = [32m5.738509e-02[39m
     91 Linear |R| = [32m4.847274e-02[39m
     92 Linear |R| = [32m4.073634e-02[39m
     93 Linear |R| = [32m2.968446e-02[39m
     94 Linear |R| = [32m2.211519e-02[39m
     95 Linear |R| = [32m1.714099e-02[39m
     96 Linear |R| = [32m1.358360e-02[39m
 2 Nonlinear |R| = [33m1.470571e+03[39m
      0 Linear |R| = [32m1.470571e+03[39m
      1 Linear |R| = [32m1.385772e+03[39m
      2 Linear |R| = [32m1.194091e+03[39m
      3 Linear |R| = [32m1.128950e+03[39m
      4 Linear |R| = [33m1.097294e+03[39m
      5 Linear |R| = [33m1.080368e+03[39m
      6 Linear |R| = [33m1.068903e+03[39m
      7 Linear |R| = [33m1.061400e+03[39m
      8 Linear |R| = [33m1.055616e+03[39m
      9 Linear |R| = [33m1.047060e+03[39m
     10 Linear |R| = [33m1.039066e+03[39m
     11 Linear |R| = [33m1.031678e+03[39m
     12 Linear |R| = [33m1.023787e+03[39m
     13 Linear |R| = [33m1.008473e+03[39m
     14 Linear |R| = [33m9.690333e+02[39m
     15 Linear |R| = [32m9.179202e+02[39m
     16 Linear |R| = [32m8.608726e+02[39m
     17 Linear |R| = [32m7.953469e+02[39m
     18 Linear |R| = [32m6.989648e+02[39m
     19 Linear |R| = [32m5.841234e+02[39m
     20 Linear |R| = [32m4.719951e+02[39m
     21 Linear |R| = [32m3.788921e+02[39m
     22 Linear |R| = [32m2.945045e+02[39m
     23 Linear |R| = [32m2.293109e+02[39m
     24 Linear |R| = [32m1.795157e+02[39m
     25 Linear |R| = [32m1.405637e+02[39m
     26 Linear |R| = [32m1.071939e+02[39m
     27 Linear |R| = [32m8.188322e+01[39m
     28 Linear |R| = [32m6.075956e+01[39m
     29 Linear |R| = [32m4.573915e+01[39m
     30 Linear |R| = [32m3.396875e+01[39m
     31 Linear |R| = [32m2.879635e+01[39m
     32 Linear |R| = [32m2.311504e+01[39m
     33 Linear |R| = [32m1.741765e+01[39m
     34 Linear |R| = [32m1.330725e+01[39m
     35 Linear |R| = [32m1.023168e+01[39m
     36 Linear |R| = [32m7.801834e+00[39m
     37 Linear |R| = [32m6.123248e+00[39m
     38 Linear |R| = [32m4.903431e+00[39m
     39 Linear |R| = [32m3.884049e+00[39m
     40 Linear |R| = [32m3.106209e+00[39m
     41 Linear |R| = [32m2.495118e+00[39m
     42 Linear |R| = [32m1.991041e+00[39m
     43 Linear |R| = [32m1.679239e+00[39m
     44 Linear |R| = [32m1.493047e+00[39m
     45 Linear |R| = [32m1.405833e+00[39m
     46 Linear |R| = [33m1.355845e+00[39m
     47 Linear |R| = [33m1.319829e+00[39m
     48 Linear |R| = [33m1.295844e+00[39m
     49 Linear |R| = [33m1.281531e+00[39m
     50 Linear |R| = [33m1.271602e+00[39m
     51 Linear |R| = [33m1.266167e+00[39m
     52 Linear |R| = [33m1.261557e+00[39m
     53 Linear |R| = [33m1.255318e+00[39m
     54 Linear |R| = [33m1.246566e+00[39m
     55 Linear |R| = [33m1.237948e+00[39m
     56 Linear |R| = [33m1.229329e+00[39m
     57 Linear |R| = [33m1.209491e+00[39m
     58 Linear |R| = [33m1.159217e+00[39m
     59 Linear |R| = [33m1.102589e+00[39m
     60 Linear |R| = [32m1.018605e+00[39m
     61 Linear |R| = [33m9.872484e-01[39m
     62 Linear |R| = [33m9.587286e-01[39m
     63 Linear |R| = [33m9.291958e-01[39m
     64 Linear |R| = [33m9.022967e-01[39m
     65 Linear |R| = [33m8.846774e-01[39m
     66 Linear |R| = [33m8.619344e-01[39m
     67 Linear |R| = [33m8.498094e-01[39m
     68 Linear |R| = [33m8.435369e-01[39m
     69 Linear |R| = [33m8.375397e-01[39m
     70 Linear |R| = [33m8.323451e-01[39m
     71 Linear |R| = [33m8.270107e-01[39m
     72 Linear |R| = [33m8.220514e-01[39m
     73 Linear |R| = [33m8.164169e-01[39m
     74 Linear |R| = [33m8.104230e-01[39m
     75 Linear |R| = [33m8.005313e-01[39m
     76 Linear |R| = [33m7.861347e-01[39m
     77 Linear |R| = [33m7.642638e-01[39m
     78 Linear |R| = [32m7.246639e-01[39m
     79 Linear |R| = [32m6.496383e-01[39m
     80 Linear |R| = [32m5.469089e-01[39m
     81 Linear |R| = [32m4.288861e-01[39m
     82 Linear |R| = [32m3.393100e-01[39m
     83 Linear |R| = [32m2.659472e-01[39m
     84 Linear |R| = [32m2.166255e-01[39m
     85 Linear |R| = [32m1.797131e-01[39m
     86 Linear |R| = [32m1.420735e-01[39m
     87 Linear |R| = [32m1.076046e-01[39m
     88 Linear |R| = [32m7.712551e-02[39m
     89 Linear |R| = [32m6.078511e-02[39m
     90 Linear |R| = [32m5.001779e-02[39m
     91 Linear |R| = [32m4.198041e-02[39m
     92 Linear |R| = [32m3.538121e-02[39m
     93 Linear |R| = [32m2.772527e-02[39m
     94 Linear |R| = [32m2.203024e-02[39m
     95 Linear |R| = [32m1.742957e-02[39m
     96 Linear |R| = [32m1.386916e-02[39m
 3 Nonlinear |R| = [33m1.468620e+03[39m
      0 Linear |R| = [32m1.468620e+03[39m
      1 Linear |R| = [32m1.379635e+03[39m
      2 Linear |R| = [32m1.196121e+03[39m
      3 Linear |R| = [32m1.115388e+03[39m
      4 Linear |R| = [33m1.080789e+03[39m
      5 Linear |R| = [33m1.069619e+03[39m
      6 Linear |R| = [33m1.061701e+03[39m
      7 Linear |R| = [33m1.050826e+03[39m
      8 Linear |R| = [33m1.037073e+03[39m
      9 Linear |R| = [33m1.025412e+03[39m
     10 Linear |R| = [33m1.018475e+03[39m
     11 Linear |R| = [33m1.009510e+03[39m
     12 Linear |R| = [33m9.907289e+02[39m
     13 Linear |R| = [33m9.574746e+02[39m
     14 Linear |R| = [32m9.061587e+02[39m
     15 Linear |R| = [32m8.462618e+02[39m
     16 Linear |R| = [32m7.691094e+02[39m
     17 Linear |R| = [32m6.880859e+02[39m
     18 Linear |R| = [32m5.806570e+02[39m
     19 Linear |R| = [32m4.699027e+02[39m
     20 Linear |R| = [32m3.722961e+02[39m
     21 Linear |R| = [32m2.950440e+02[39m
     22 Linear |R| = [32m2.246847e+02[39m
     23 Linear |R| = [32m1.752900e+02[39m
     24 Linear |R| = [32m1.375678e+02[39m
     25 Linear |R| = [32m1.076529e+02[39m
     26 Linear |R| = [32m8.267056e+01[39m
     27 Linear |R| = [32m6.272292e+01[39m
     28 Linear |R| = [32m4.721079e+01[39m
     29 Linear |R| = [32m3.634537e+01[39m
     30 Linear |R| = [31m1.641010e+02[39m
     31 Linear |R| = [32m5.922314e+01[39m
     32 Linear |R| = [32m2.974260e+01[39m
     33 Linear |R| = [32m2.143370e+01[39m
     34 Linear |R| = [32m1.699367e+01[39m
     35 Linear |R| = [32m1.380578e+01[39m
     36 Linear |R| = [32m1.110313e+01[39m
     37 Linear |R| = [32m8.580276e+00[39m
     38 Linear |R| = [32m6.580257e+00[39m
     39 Linear |R| = [32m4.978967e+00[39m
     40 Linear |R| = [32m3.844269e+00[39m
     41 Linear |R| = [32m3.003935e+00[39m
     42 Linear |R| = [32m2.355014e+00[39m
     43 Linear |R| = [32m1.831060e+00[39m
     44 Linear |R| = [32m1.419139e+00[39m
     45 Linear |R| = [32m1.126353e+00[39m
     46 Linear |R| = [32m9.150974e-01[39m
     47 Linear |R| = [32m7.865722e-01[39m
     48 Linear |R| = [32m7.111598e-01[39m
     49 Linear |R| = [32m6.713828e-01[39m
     50 Linear |R| = [33m6.426830e-01[39m
     51 Linear |R| = [33m6.237211e-01[39m
     52 Linear |R| = [33m6.130854e-01[39m
     53 Linear |R| = [33m6.068383e-01[39m
     54 Linear |R| = [33m6.025755e-01[39m
     55 Linear |R| = [33m5.993101e-01[39m
     56 Linear |R| = [33m5.961261e-01[39m
     57 Linear |R| = [33m5.936701e-01[39m
     58 Linear |R| = [33m5.894006e-01[39m
     59 Linear |R| = [33m5.810133e-01[39m
     60 Linear |R| = [31m1.544243e+01[39m
     61 Linear |R| = [32m5.249530e+00[39m
     62 Linear |R| = [32m2.160524e+00[39m
     63 Linear |R| = [32m1.246808e+00[39m
     64 Linear |R| = [32m8.430213e-01[39m
     65 Linear |R| = [32m6.665714e-01[39m
     66 Linear |R| = [32m5.942392e-01[39m
     67 Linear |R| = [32m5.629110e-01[39m
     68 Linear |R| = [33m5.498806e-01[39m
     69 Linear |R| = [33m5.427314e-01[39m
     70 Linear |R| = [33m5.385788e-01[39m
     71 Linear |R| = [33m5.346640e-01[39m
     72 Linear |R| = [33m5.310645e-01[39m
     73 Linear |R| = [33m5.269850e-01[39m
     74 Linear |R| = [33m5.215974e-01[39m
     75 Linear |R| = [33m5.149903e-01[39m
     76 Linear |R| = [33m5.057088e-01[39m
     77 Linear |R| = [33m4.927006e-01[39m
     78 Linear |R| = [33m4.744721e-01[39m
     79 Linear |R| = [33m4.523348e-01[39m
     80 Linear |R| = [32m4.230543e-01[39m
     81 Linear |R| = [32m3.879869e-01[39m
     82 Linear |R| = [32m3.489077e-01[39m
     83 Linear |R| = [32m3.076885e-01[39m
     84 Linear |R| = [32m2.624402e-01[39m
     85 Linear |R| = [32m2.146977e-01[39m
     86 Linear |R| = [32m1.702810e-01[39m
     87 Linear |R| = [32m1.336012e-01[39m
     88 Linear |R| = [32m1.064315e-01[39m
     89 Linear |R| = [32m8.438900e-02[39m
    Linear solve did not converge due to DIVERGED_BREAKDOWN iterations 90
 4 Nonlinear |R| = [33m1.450974e+03[39m
      0 Linear |R| = [32m1.450974e+03[39m
      1 Linear |R| = [32m1.186971e+03[39m
      2 Linear |R| = [32m9.837086e+02[39m
      3 Linear |R| = [32m8.530561e+02[39m
      4 Linear |R| = [32m8.070267e+02[39m
      5 Linear |R| = [32m7.653995e+02[39m
      6 Linear |R| = [32m6.386790e+02[39m
      7 Linear |R| = [32m4.870108e+02[39m
      8 Linear |R| = [32m3.824072e+02[39m
      9 Linear |R| = [32m3.183891e+02[39m
     10 Linear |R| = [32m2.611937e+02[39m
     11 Linear |R| = [32m2.115840e+02[39m
     12 Linear |R| = [32m1.697818e+02[39m
     13 Linear |R| = [32m1.309020e+02[39m
     14 Linear |R| = [32m9.910636e+01[39m
     15 Linear |R| = [32m7.532189e+01[39m
     16 Linear |R| = [32m5.910441e+01[39m
     17 Linear |R| = [32m4.571179e+01[39m
     18 Linear |R| = [32m3.454665e+01[39m
     19 Linear |R| = [32m2.674375e+01[39m
     20 Linear |R| = [32m1.997024e+01[39m
     21 Linear |R| = [32m1.515083e+01[39m
     22 Linear |R| = [32m1.151094e+01[39m
     23 Linear |R| = [32m8.917090e+00[39m
     24 Linear |R| = [32m6.992389e+00[39m
     25 Linear |R| = [32m5.421943e+00[39m
     26 Linear |R| = [32m4.113971e+00[39m
     27 Linear |R| = [32m3.097088e+00[39m
     28 Linear |R| = [32m2.406546e+00[39m
     29 Linear |R| = [32m1.835319e+00[39m
     30 Linear |R| = [32m1.472638e+00[39m
     31 Linear |R| = [32m1.180269e+00[39m
     32 Linear |R| = [32m9.898253e-01[39m
     33 Linear |R| = [32m7.737483e-01[39m
     34 Linear |R| = [32m5.856836e-01[39m
     35 Linear |R| = [32m4.501045e-01[39m
     36 Linear |R| = [32m3.463152e-01[39m
     37 Linear |R| = [32m2.734922e-01[39m
     38 Linear |R| = [32m2.141688e-01[39m
     39 Linear |R| = [32m1.682227e-01[39m
     40 Linear |R| = [32m1.294450e-01[39m
     41 Linear |R| = [32m9.686858e-02[39m
     42 Linear |R| = [32m7.077604e-02[39m
     43 Linear |R| = [32m5.079358e-02[39m
     44 Linear |R| = [32m3.722768e-02[39m
     45 Linear |R| = [32m2.879552e-02[39m
     46 Linear |R| = [32m2.226750e-02[39m
     47 Linear |R| = [32m1.782509e-02[39m
     48 Linear |R| = [32m1.423229e-02[39m
 5 Nonlinear |R| = [33m1.401877e+03[39m
      0 Linear |R| = [32m1.401877e+03[39m
      1 Linear |R| = [32m1.082742e+03[39m
      2 Linear |R| = [32m8.803722e+02[39m
      3 Linear |R| = [32m7.371549e+02[39m
      4 Linear |R| = [32m6.859451e+02[39m
      5 Linear |R| = [32m6.294888e+02[39m
      6 Linear |R| = [32m4.753214e+02[39m
      7 Linear |R| = [32m3.343439e+02[39m
      8 Linear |R| = [32m2.589458e+02[39m
      9 Linear |R| = [32m2.099119e+02[39m
     10 Linear |R| = [32m1.716024e+02[39m
     11 Linear |R| = [32m1.389699e+02[39m
     12 Linear |R| = [32m1.091054e+02[39m
     13 Linear |R| = [32m8.227963e+01[39m
     14 Linear |R| = [32m6.261152e+01[39m
     15 Linear |R| = [32m4.880174e+01[39m
     16 Linear |R| = [32m3.819942e+01[39m
     17 Linear |R| = [32m2.917749e+01[39m
     18 Linear |R| = [32m2.232630e+01[39m
     19 Linear |R| = [32m1.718146e+01[39m
     20 Linear |R| = [32m1.282801e+01[39m
     21 Linear |R| = [32m9.739997e+00[39m
     22 Linear |R| = [32m7.520308e+00[39m
     23 Linear |R| = [32m5.862148e+00[39m
     24 Linear |R| = [32m4.576063e+00[39m
     25 Linear |R| = [32m3.507302e+00[39m
     26 Linear |R| = [32m2.655336e+00[39m
     27 Linear |R| = [32m2.007769e+00[39m
     28 Linear |R| = [32m1.553737e+00[39m
     29 Linear |R| = [32m1.206090e+00[39m
     30 Linear |R| = [32m9.220318e-01[39m
     31 Linear |R| = [32m7.845549e-01[39m
     32 Linear |R| = [32m6.342705e-01[39m
     33 Linear |R| = [32m4.932292e-01[39m
     34 Linear |R| = [32m3.793662e-01[39m
     35 Linear |R| = [32m2.892689e-01[39m
     36 Linear |R| = [32m2.231421e-01[39m
     37 Linear |R| = [32m1.742486e-01[39m
     38 Linear |R| = [32m1.386207e-01[39m
     39 Linear |R| = [32m1.084188e-01[39m
     40 Linear |R| = [32m8.267581e-02[39m
     41 Linear |R| = [32m6.111446e-02[39m
     42 Linear |R| = [32m4.414537e-02[39m
     43 Linear |R| = [32m3.201289e-02[39m
     44 Linear |R| = [32m2.359616e-02[39m
     45 Linear |R| = [32m1.841652e-02[39m
     46 Linear |R| = [32m1.426308e-02[39m
     47 Linear |R| = [32m1.125053e-02[39m
 6 Nonlinear |R| = [32m1.283724e+03[39m
      0 Linear |R| = [32m1.283724e+03[39m
      1 Linear |R| = [32m3.212446e+02[39m
      2 Linear |R| = [32m1.197150e+02[39m
      3 Linear |R| = [32m6.949989e+01[39m
      4 Linear |R| = [32m4.708021e+01[39m
      5 Linear |R| = [32m3.606978e+01[39m
      6 Linear |R| = [32m2.696809e+01[39m
      7 Linear |R| = [32m2.081553e+01[39m
      8 Linear |R| = [32m1.677920e+01[39m
      9 Linear |R| = [32m1.352114e+01[39m
     10 Linear |R| = [32m1.067785e+01[39m
     11 Linear |R| = [32m8.144855e+00[39m
     12 Linear |R| = [32m5.955443e+00[39m
     13 Linear |R| = [32m4.406050e+00[39m
     14 Linear |R| = [32m3.282512e+00[39m
     15 Linear |R| = [32m2.396734e+00[39m
     16 Linear |R| = [32m1.817757e+00[39m
     17 Linear |R| = [32m1.411043e+00[39m
     18 Linear |R| = [32m1.088730e+00[39m
     19 Linear |R| = [32m8.030086e-01[39m
     20 Linear |R| = [32m6.012639e-01[39m
     21 Linear |R| = [32m4.609981e-01[39m
     22 Linear |R| = [32m3.593245e-01[39m
     23 Linear |R| = [32m2.916304e-01[39m
     24 Linear |R| = [32m2.358475e-01[39m
     25 Linear |R| = [32m1.859000e-01[39m
     26 Linear |R| = [32m1.447979e-01[39m
     27 Linear |R| = [32m1.103003e-01[39m
     28 Linear |R| = [32m8.196432e-02[39m
     29 Linear |R| = [32m6.109484e-02[39m
     30 Linear |R| = [31m3.958061e-01[39m
     31 Linear |R| = [32m1.180292e-01[39m
     32 Linear |R| = [32m5.759824e-02[39m
     33 Linear |R| = [32m3.892625e-02[39m
     34 Linear |R| = [32m3.079868e-02[39m
     35 Linear |R| = [32m2.521846e-02[39m
     36 Linear |R| = [32m1.998955e-02[39m
     37 Linear |R| = [32m1.516798e-02[39m
     38 Linear |R| = [32m1.151238e-02[39m
 7 Nonlinear |R| = [32m5.833516e+01[39m
      0 Linear |R| = [32m5.833516e+01[39m
      1 Linear |R| = [32m1.992165e+01[39m
      2 Linear |R| = [32m8.865476e+00[39m
      3 Linear |R| = [32m5.268004e+00[39m
      4 Linear |R| = [32m3.526805e+00[39m
      5 Linear |R| = [32m2.541852e+00[39m
      6 Linear |R| = [32m1.883933e+00[39m
      7 Linear |R| = [32m1.408688e+00[39m
      8 Linear |R| = [32m1.052555e+00[39m
      9 Linear |R| = [32m7.830504e-01[39m
     10 Linear |R| = [32m5.896596e-01[39m
     11 Linear |R| = [32m4.464272e-01[39m
     12 Linear |R| = [32m3.435837e-01[39m
     13 Linear |R| = [32m2.662166e-01[39m
     14 Linear |R| = [32m2.053664e-01[39m
     15 Linear |R| = [32m1.619602e-01[39m
     16 Linear |R| = [32m1.250374e-01[39m
     17 Linear |R| = [32m9.034932e-02[39m
     18 Linear |R| = [32m6.385112e-02[39m
     19 Linear |R| = [32m4.542841e-02[39m
     20 Linear |R| = [32m3.240922e-02[39m
     21 Linear |R| = [32m2.405448e-02[39m
     22 Linear |R| = [32m1.835491e-02[39m
     23 Linear |R| = [32m1.378544e-02[39m
     24 Linear |R| = [32m1.035117e-02[39m
     25 Linear |R| = [32m7.874125e-03[39m
     26 Linear |R| = [32m5.897380e-03[39m
     27 Linear |R| = [32m4.304823e-03[39m
     28 Linear |R| = [32m3.187636e-03[39m
     29 Linear |R| = [32m2.409232e-03[39m
     30 Linear |R| = [32m1.890748e-03[39m
     31 Linear |R| = [32m1.638640e-03[39m
     32 Linear |R| = [32m1.365344e-03[39m
     33 Linear |R| = [32m1.076146e-03[39m
     34 Linear |R| = [32m8.102552e-04[39m
     35 Linear |R| = [32m5.943685e-04[39m
     36 Linear |R| = [32m4.198739e-04[39m
 8 Nonlinear |R| = [32m4.346860e+00[39m
      0 Linear |R| = [32m4.346860e+00[39m
      1 Linear |R| = [32m1.701602e+00[39m
      2 Linear |R| = [32m7.956615e-01[39m
      3 Linear |R| = [32m4.750193e-01[39m
      4 Linear |R| = [32m3.245265e-01[39m
      5 Linear |R| = [32m2.280037e-01[39m
      6 Linear |R| = [32m1.634896e-01[39m
      7 Linear |R| = [32m1.183142e-01[39m
      8 Linear |R| = [32m8.706050e-02[39m
      9 Linear |R| = [32m6.497949e-02[39m
     10 Linear |R| = [32m4.884355e-02[39m
     11 Linear |R| = [32m3.644360e-02[39m
     12 Linear |R| = [32m2.813194e-02[39m
     13 Linear |R| = [32m2.240726e-02[39m
     14 Linear |R| = [32m1.777999e-02[39m
     15 Linear |R| = [32m1.427628e-02[39m
     16 Linear |R| = [32m1.130533e-02[39m
     17 Linear |R| = [32m8.667966e-03[39m
     18 Linear |R| = [32m6.549213e-03[39m
     19 Linear |R| = [32m5.088217e-03[39m
     20 Linear |R| = [32m4.011659e-03[39m
     21 Linear |R| = [32m3.147845e-03[39m
     22 Linear |R| = [32m2.378021e-03[39m
     23 Linear |R| = [32m1.798466e-03[39m
     24 Linear |R| = [32m1.378340e-03[39m
     25 Linear |R| = [32m1.059661e-03[39m
     26 Linear |R| = [32m8.219109e-04[39m
     27 Linear |R| = [32m6.286846e-04[39m
     28 Linear |R| = [32m4.850309e-04[39m
     29 Linear |R| = [32m3.785096e-04[39m
     30 Linear |R| = [32m2.981834e-04[39m
     31 Linear |R| = [32m2.538107e-04[39m
     32 Linear |R| = [32m2.116497e-04[39m
     33 Linear |R| = [32m1.682082e-04[39m
     34 Linear |R| = [32m1.292483e-04[39m
     35 Linear |R| = [32m9.752720e-05[39m
     36 Linear |R| = [32m7.430648e-05[39m
     37 Linear |R| = [32m5.712897e-05[39m
     38 Linear |R| = [32m4.376545e-05[39m
     39 Linear |R| = [32m3.427131e-05[39m
 9 Nonlinear |R| = [32m6.668849e-02[39m
      0 Linear |R| = [32m6.668849e-02[39m
      1 Linear |R| = [32m2.296455e-02[39m
      2 Linear |R| = [32m9.487299e-03[39m
      3 Linear |R| = [32m5.295546e-03[39m
      4 Linear |R| = [32m3.304979e-03[39m
      5 Linear |R| = [32m2.242310e-03[39m
      6 Linear |R| = [32m1.591516e-03[39m
      7 Linear |R| = [32m1.139693e-03[39m
      8 Linear |R| = [32m8.428772e-04[39m
      9 Linear |R| = [32m6.321688e-04[39m
     10 Linear |R| = [32m4.880404e-04[39m
     11 Linear |R| = [32m3.810191e-04[39m
     12 Linear |R| = [32m3.051742e-04[39m
     13 Linear |R| = [32m2.469550e-04[39m
     14 Linear |R| = [32m1.955743e-04[39m
     15 Linear |R| = [32m1.504028e-04[39m
     16 Linear |R| = [32m1.116092e-04[39m
     17 Linear |R| = [32m8.236467e-05[39m
     18 Linear |R| = [32m6.011819e-05[39m
     19 Linear |R| = [32m4.363474e-05[39m
     20 Linear |R| = [32m3.108522e-05[39m
     21 Linear |R| = [32m2.189768e-05[39m
     22 Linear |R| = [32m1.523253e-05[39m
     23 Linear |R| = [32m1.065454e-05[39m
     24 Linear |R| = [32m7.437776e-06[39m
     25 Linear |R| = [32m5.353662e-06[39m
     26 Linear |R| = [32m4.009916e-06[39m
     27 Linear |R| = [32m3.125660e-06[39m
     28 Linear |R| = [32m2.484533e-06[39m
     29 Linear |R| = [32m2.000956e-06[39m
     30 Linear |R| = [33m1.909858e-06[39m
     31 Linear |R| = [32m1.466119e-06[39m
     32 Linear |R| = [32m1.301675e-06[39m
     33 Linear |R| = [32m1.080513e-06[39m
     34 Linear |R| = [32m8.686198e-07[39m
     35 Linear |R| = [32m6.759089e-07[39m
     36 Linear |R| = [32m5.213582e-07[39m
10 Nonlinear |R| = [32m1.926467e-06[39m
[32m Solve Converged![39m
  Finished Solving                                                                       [[33m 40.35 s[39m] [[33m  233 MB[39m]

Postprocessor Values:
+----------------+------------------+----------------+----------------+
| time           | reaction_force_z | top_disp_z     | vonmises_max   |
+----------------+------------------+----------------+----------------+
:                :                  :                :                :
|   2.500000e-01 |     4.969035e-05 |  -7.500000e-04 |   3.500000e+06 |
|   3.000000e-01 |     9.995144e-07 |  -9.000000e-04 |   3.500000e+06 |
|   3.500000e-01 |    -1.527458e-05 |  -1.050000e-03 |   3.500000e+06 |
|   4.000000e-01 |    -6.849320e-07 |  -1.200000e-03 |   3.500000e+06 |
|   4.500000e-01 |     7.913526e-05 |  -1.350000e-03 |   3.500000e+06 |
|   5.000000e-01 |     2.707347e-05 |  -1.500000e-03 |   3.500000e+06 |
|   5.500000e-01 |     1.150767e-05 |  -1.650000e-03 |   3.500000e+06 |
|   6.000000e-01 |     1.171393e-05 |  -1.800000e-03 |   3.500000e+06 |
|   6.500000e-01 |     1.102024e-05 |  -1.950000e-03 |   3.500000e+06 |
|   7.000000e-01 |     8.329693e-06 |  -2.100000e-03 |   3.500000e+06 |
|   7.500000e-01 |     7.055284e-06 |  -2.250000e-03 |   3.500000e+06 |
|   8.000000e-01 |     1.672732e-06 |  -2.400000e-03 |   3.500000e+06 |
|   8.500000e-01 |     6.412030e-06 |  -2.550000e-03 |   3.500000e+06 |
|   9.000000e-01 |     5.619976e-06 |  -2.700000e-03 |   3.500000e+06 |
|   9.500000e-01 |     4.865813e-06 |  -2.850000e-03 |   3.500000e+06 |
+----------------+------------------+----------------+----------------+


Time Step 20, time = 1, dt = 0.05
 0 Nonlinear |R| = [32m1.592670e+03[39m
      0 Linear |R| = [32m1.592670e+03[39m
      1 Linear |R| = [32m1.493078e+03[39m
      2 Linear |R| = [32m1.156349e+03[39m
      3 Linear |R| = [32m1.017138e+03[39m
      4 Linear |R| = [32m9.569690e+02[39m
      5 Linear |R| = [32m8.901061e+02[39m
      6 Linear |R| = [32m7.404027e+02[39m
      7 Linear |R| = [32m5.348424e+02[39m
      8 Linear |R| = [32m3.459776e+02[39m
      9 Linear |R| = [32m2.118121e+02[39m
     10 Linear |R| = [32m1.258342e+02[39m
     11 Linear |R| = [32m7.944802e+01[39m
     12 Linear |R| = [32m4.723918e+01[39m
     13 Linear |R| = [32m2.928065e+01[39m
     14 Linear |R| = [32m1.884245e+01[39m
     15 Linear |R| = [32m1.211366e+01[39m
     16 Linear |R| = [32m7.651117e+00[39m
     17 Linear |R| = [32m4.668828e+00[39m
     18 Linear |R| = [32m2.807047e+00[39m
     19 Linear |R| = [32m1.716594e+00[39m
     20 Linear |R| = [32m1.054069e+00[39m
     21 Linear |R| = [32m6.759317e-01[39m
     22 Linear |R| = [32m4.744933e-01[39m
     23 Linear |R| = [32m3.511299e-01[39m
     24 Linear |R| = [32m2.681897e-01[39m
     25 Linear |R| = [32m2.057658e-01[39m
     26 Linear |R| = [32m1.618880e-01[39m
     27 Linear |R| = [32m1.237179e-01[39m
     28 Linear |R| = [32m9.141089e-02[39m
     29 Linear |R| = [32m6.430660e-02[39m
    Linear solve did not converge due to DIVERGED_BREAKDOWN iterations 30
 1 Nonlinear |R| = [32m1.471790e+03[39m
      0 Linear |R| = [32m1.471790e+03[39m
      1 Linear |R| = [32m1.389462e+03[39m
      2 Linear |R| = [32m1.191994e+03[39m
      3 Linear |R| = [32m1.129712e+03[39m
      4 Linear |R| = [33m1.102957e+03[39m
      5 Linear |R| = [33m1.084637e+03[39m
      6 Linear |R| = [33m1.071349e+03[39m
      7 Linear |R| = [33m1.064382e+03[39m
      8 Linear |R| = [33m1.060201e+03[39m
      9 Linear |R| = [33m1.054610e+03[39m
     10 Linear |R| = [33m1.048743e+03[39m
     11 Linear |R| = [33m1.042041e+03[39m
     12 Linear |R| = [33m1.036167e+03[39m
     13 Linear |R| = [33m1.027087e+03[39m
     14 Linear |R| = [33m1.002081e+03[39m
     15 Linear |R| = [33m9.675938e+02[39m
     16 Linear |R| = [33m9.244211e+02[39m
     17 Linear |R| = [32m8.700823e+02[39m
     18 Linear |R| = [32m7.912501e+02[39m
     19 Linear |R| = [32m6.915490e+02[39m
     20 Linear |R| = [32m5.787889e+02[39m
     21 Linear |R| = [32m4.673691e+02[39m
     22 Linear |R| = [32m3.746957e+02[39m
     23 Linear |R| = [32m2.954991e+02[39m
     24 Linear |R| = [32m2.346122e+02[39m
     25 Linear |R| = [32m1.823432e+02[39m
     26 Linear |R| = [32m1.382084e+02[39m
     27 Linear |R| = [32m1.063690e+02[39m
     28 Linear |R| = [32m7.946676e+01[39m
     29 Linear |R| = [32m5.778651e+01[39m
     30 Linear |R| = [32m4.160804e+01[39m
     31 Linear |R| = [32m3.481873e+01[39m
     32 Linear |R| = [32m2.782630e+01[39m
     33 Linear |R| = [32m2.088216e+01[39m
     34 Linear |R| = [32m1.576897e+01[39m
     35 Linear |R| = [32m1.211774e+01[39m
     36 Linear |R| = [32m9.144412e+00[39m
     37 Linear |R| = [32m7.272981e+00[39m
     38 Linear |R| = [32m5.849459e+00[39m
     39 Linear |R| = [32m4.662094e+00[39m
     40 Linear |R| = [32m3.805546e+00[39m
     41 Linear |R| = [32m3.101114e+00[39m
     42 Linear |R| = [32m2.520215e+00[39m
     43 Linear |R| = [32m2.148761e+00[39m
     44 Linear |R| = [32m1.945130e+00[39m
     45 Linear |R| = [33m1.855441e+00[39m
     46 Linear |R| = [33m1.793493e+00[39m
     47 Linear |R| = [33m1.762267e+00[39m
     48 Linear |R| = [33m1.736942e+00[39m
     49 Linear |R| = [33m1.715351e+00[39m
     50 Linear |R| = [33m1.705757e+00[39m
     51 Linear |R| = [33m1.701483e+00[39m
     52 Linear |R| = [33m1.696395e+00[39m
     53 Linear |R| = [33m1.687412e+00[39m
     54 Linear |R| = [33m1.677341e+00[39m
     55 Linear |R| = [33m1.672463e+00[39m
     56 Linear |R| = [33m1.664814e+00[39m
     57 Linear |R| = [33m1.642172e+00[39m
     58 Linear |R| = [33m1.591985e+00[39m
     59 Linear |R| = [33m1.532727e+00[39m
     60 Linear |R| = [32m1.417348e+00[39m
     61 Linear |R| = [33m1.375630e+00[39m
     62 Linear |R| = [33m1.344638e+00[39m
     63 Linear |R| = [33m1.315036e+00[39m
     64 Linear |R| = [33m1.288459e+00[39m
     65 Linear |R| = [33m1.268688e+00[39m
     66 Linear |R| = [33m1.236424e+00[39m
     67 Linear |R| = [33m1.222301e+00[39m
     68 Linear |R| = [33m1.217218e+00[39m
     69 Linear |R| = [33m1.209043e+00[39m
     70 Linear |R| = [33m1.203016e+00[39m
     71 Linear |R| = [33m1.197223e+00[39m
     72 Linear |R| = [33m1.192193e+00[39m
     73 Linear |R| = [33m1.186298e+00[39m
     74 Linear |R| = [33m1.177809e+00[39m
     75 Linear |R| = [33m1.163706e+00[39m
     76 Linear |R| = [33m1.145518e+00[39m
     77 Linear |R| = [33m1.118031e+00[39m
     78 Linear |R| = [33m1.066499e+00[39m
     79 Linear |R| = [32m9.808876e-01[39m
     80 Linear |R| = [32m8.632488e-01[39m
     81 Linear |R| = [32m7.032040e-01[39m
     82 Linear |R| = [32m5.691558e-01[39m
     83 Linear |R| = [32m4.520688e-01[39m
     84 Linear |R| = [32m3.674347e-01[39m
     85 Linear |R| = [32m3.046420e-01[39m
     86 Linear |R| = [32m2.396472e-01[39m
     87 Linear |R| = [32m1.861969e-01[39m
     88 Linear |R| = [32m1.342415e-01[39m
     89 Linear |R| = [32m1.077925e-01[39m
     90 Linear |R| = [32m8.668161e-02[39m
     91 Linear |R| = [32m7.359091e-02[39m
     92 Linear |R| = [32m6.199827e-02[39m
     93 Linear |R| = [32m4.603432e-02[39m
     94 Linear |R| = [32m3.598003e-02[39m
     95 Linear |R| = [32m2.875184e-02[39m
     96 Linear |R| = [32m2.326242e-02[39m
     97 Linear |R| = [32m1.920474e-02[39m
     98 Linear |R| = [32m1.559614e-02[39m
     99 Linear |R| = [32m1.278166e-02[39m
 2 Nonlinear |R| = [33m1.469969e+03[39m
      0 Linear |R| = [32m1.469969e+03[39m
      1 Linear |R| = [32m1.383401e+03[39m
      2 Linear |R| = [32m1.191570e+03[39m
      3 Linear |R| = [32m1.125580e+03[39m
      4 Linear |R| = [33m1.093258e+03[39m
      5 Linear |R| = [33m1.076614e+03[39m
      6 Linear |R| = [33m1.065118e+03[39m
      7 Linear |R| = [33m1.057497e+03[39m
      8 Linear |R| = [33m1.051695e+03[39m
      9 Linear |R| = [33m1.043265e+03[39m
     10 Linear |R| = [33m1.035636e+03[39m
     11 Linear |R| = [33m1.028498e+03[39m
     12 Linear |R| = [33m1.020902e+03[39m
     13 Linear |R| = [33m1.006263e+03[39m
     14 Linear |R| = [33m9.689770e+02[39m
     15 Linear |R| = [33m9.219482e+02[39m
     16 Linear |R| = [32m8.690266e+02[39m
     17 Linear |R| = [32m8.077027e+02[39m
     18 Linear |R| = [32m7.138916e+02[39m
     19 Linear |R| = [32m6.014684e+02[39m
     20 Linear |R| = [32m4.906648e+02[39m
     21 Linear |R| = [32m3.964418e+02[39m
     22 Linear |R| = [32m3.097449e+02[39m
     23 Linear |R| = [32m2.426471e+02[39m
     24 Linear |R| = [32m1.912204e+02[39m
     25 Linear |R| = [32m1.507160e+02[39m
     26 Linear |R| = [32m1.162153e+02[39m
     27 Linear |R| = [32m8.928417e+01[39m
     28 Linear |R| = [32m6.605165e+01[39m
     29 Linear |R| = [32m4.951764e+01[39m
     30 Linear |R| = [32m3.670858e+01[39m
     31 Linear |R| = [32m3.110920e+01[39m
     32 Linear |R| = [32m2.496672e+01[39m
     33 Linear |R| = [32m1.888743e+01[39m
     34 Linear |R| = [32m1.456145e+01[39m
     35 Linear |R| = [32m1.129641e+01[39m
     36 Linear |R| = [32m8.616271e+00[39m
     37 Linear |R| = [32m6.804119e+00[39m
     38 Linear |R| = [32m5.473731e+00[39m
     39 Linear |R| = [32m4.331185e+00[39m
     40 Linear |R| = [32m3.482101e+00[39m
     41 Linear |R| = [32m2.830477e+00[39m
     42 Linear |R| = [32m2.292690e+00[39m
     43 Linear |R| = [32m1.954118e+00[39m
     44 Linear |R| = [32m1.747286e+00[39m
     45 Linear |R| = [32m1.650057e+00[39m
     46 Linear |R| = [33m1.595764e+00[39m
     47 Linear |R| = [33m1.558097e+00[39m
     48 Linear |R| = [33m1.533423e+00[39m
     49 Linear |R| = [33m1.517820e+00[39m
     50 Linear |R| = [33m1.507072e+00[39m
     51 Linear |R| = [33m1.501151e+00[39m
     52 Linear |R| = [33m1.496049e+00[39m
     53 Linear |R| = [33m1.488872e+00[39m
     54 Linear |R| = [33m1.478143e+00[39m
     55 Linear |R| = [33m1.466577e+00[39m
     56 Linear |R| = [33m1.454890e+00[39m
     57 Linear |R| = [33m1.429684e+00[39m
     58 Linear |R| = [33m1.364477e+00[39m
     59 Linear |R| = [32m1.281576e+00[39m
     60 Linear |R| = [32m1.147235e+00[39m
     61 Linear |R| = [33m1.093198e+00[39m
     62 Linear |R| = [33m1.047560e+00[39m
     63 Linear |R| = [33m1.007509e+00[39m
     64 Linear |R| = [33m9.758316e-01[39m
     65 Linear |R| = [33m9.560492e-01[39m
     66 Linear |R| = [33m9.315439e-01[39m
     67 Linear |R| = [33m9.173289e-01[39m
     68 Linear |R| = [33m9.081129e-01[39m
     69 Linear |R| = [33m8.988256e-01[39m
     70 Linear |R| = [33m8.918672e-01[39m
     71 Linear |R| = [33m8.856413e-01[39m
     72 Linear |R| = [33m8.808274e-01[39m
     73 Linear |R| = [33m8.760325e-01[39m
     74 Linear |R| = [33m8.709515e-01[39m
     75 Linear |R| = [33m8.626231e-01[39m
     76 Linear |R| = [33m8.509864e-01[39m
     77 Linear |R| = [33m8.354183e-01[39m
     78 Linear |R| = [33m8.049934e-01[39m
     79 Linear |R| = [32m7.448815e-01[39m
     80 Linear |R| = [32m6.599013e-01[39m
     81 Linear |R| = [32m5.352801e-01[39m
     82 Linear |R| = [32m4.240212e-01[39m
     83 Linear |R| = [32m3.208213e-01[39m
     84 Linear |R| = [32m2.421511e-01[39m
     85 Linear |R| = [32m1.865789e-01[39m
     86 Linear |R| = [32m1.389440e-01[39m
     87 Linear |R| = [32m1.030346e-01[39m
     88 Linear |R| = [32m7.622484e-02[39m
     89 Linear |R| = [32m6.165968e-02[39m
     90 Linear |R| = [32m5.337695e-02[39m
     91 Linear |R| = [32m4.671509e-02[39m
     92 Linear |R| = [32m4.049497e-02[39m
     93 Linear |R| = [32m3.245080e-02[39m
     94 Linear |R| = [32m2.562268e-02[39m
     95 Linear |R| = [32m1.940035e-02[39m
     96 Linear |R| = [32m1.459537e-02[39m
 3 Nonlinear |R| = [33m1.467999e+03[39m
      0 Linear |R| = [32m1.467999e+03[39m
      1 Linear |R| = [32m1.377268e+03[39m
      2 Linear |R| = [32m1.193294e+03[39m
      3 Linear |R| = [32m1.110916e+03[39m
      4 Linear |R| = [33m1.076119e+03[39m
      5 Linear |R| = [33m1.065478e+03[39m
      6 Linear |R| = [33m1.057562e+03[39m
      7 Linear |R| = [33m1.046085e+03[39m
      8 Linear |R| = [33m1.031707e+03[39m
      9 Linear |R| = [33m1.020326e+03[39m
     10 Linear |R| = [33m1.014068e+03[39m
     11 Linear |R| = [33m1.005226e+03[39m
     12 Linear |R| = [33m9.857184e+02[39m
     13 Linear |R| = [33m9.529466e+02[39m
     14 Linear |R| = [32m9.036777e+02[39m
     15 Linear |R| = [32m8.458274e+02[39m
     16 Linear |R| = [32m7.702131e+02[39m
     17 Linear |R| = [32m6.903922e+02[39m
     18 Linear |R| = [32m5.821832e+02[39m
     19 Linear |R| = [32m4.734063e+02[39m
     20 Linear |R| = [32m3.779280e+02[39m
     21 Linear |R| = [32m3.004313e+02[39m
     22 Linear |R| = [32m2.295283e+02[39m
     23 Linear |R| = [32m1.794582e+02[39m
     24 Linear |R| = [32m1.414304e+02[39m
     25 Linear |R| = [32m1.110855e+02[39m
     26 Linear |R| = [32m8.582217e+01[39m
     27 Linear |R| = [32m6.541800e+01[39m
     28 Linear |R| = [32m4.924556e+01[39m
     29 Linear |R| = [32m3.791340e+01[39m
     30 Linear |R| = [32m2.849830e+01[39m
     31 Linear |R| = [32m2.408641e+01[39m
     32 Linear |R| = [32m1.965045e+01[39m
     33 Linear |R| = [32m1.505223e+01[39m
     34 Linear |R| = [32m1.164260e+01[39m
     35 Linear |R| = [32m9.134018e+00[39m
     36 Linear |R| = [32m6.886929e+00[39m
     37 Linear |R| = [32m5.389671e+00[39m
     38 Linear |R| = [32m4.306816e+00[39m
     39 Linear |R| = [32m3.357963e+00[39m
     40 Linear |R| = [32m2.605285e+00[39m
     41 Linear |R| = [32m1.995580e+00[39m
     42 Linear |R| = [32m1.541293e+00[39m
     43 Linear |R| = [32m1.205639e+00[39m
     44 Linear |R| = [32m9.852619e-01[39m
     45 Linear |R| = [32m8.515929e-01[39m
     46 Linear |R| = [32m7.820266e-01[39m
     47 Linear |R| = [32m7.371062e-01[39m
     48 Linear |R| = [33m7.059335e-01[39m
     49 Linear |R| = [33m6.870047e-01[39m
     50 Linear |R| = [33m6.735890e-01[39m
     51 Linear |R| = [33m6.647841e-01[39m
     52 Linear |R| = [33m6.606317e-01[39m
     53 Linear |R| = [33m6.582463e-01[39m
     54 Linear |R| = [33m6.552436e-01[39m
     55 Linear |R| = [33m6.512962e-01[39m
     56 Linear |R| = [33m6.470941e-01[39m
     57 Linear |R| = [33m6.391630e-01[39m
     58 Linear |R| = [33m6.180850e-01[39m
     59 Linear |R| = [33m5.908184e-01[39m
     60 Linear |R| = [31m7.514280e-01[39m
     61 Linear |R| = [32m5.452469e-01[39m
     62 Linear |R| = [32m5.147815e-01[39m
     63 Linear |R| = [33m4.989870e-01[39m
     64 Linear |R| = [33m4.850628e-01[39m
     65 Linear |R| = [33m4.773732e-01[39m
     66 Linear |R| = [33m4.703580e-01[39m
     67 Linear |R| = [33m4.646629e-01[39m
     68 Linear |R| = [33m4.592944e-01[39m
     69 Linear |R| = [33m4.533705e-01[39m
     70 Linear |R| = [33m4.485880e-01[39m
     71 Linear |R| = [33m4.448338e-01[39m
     72 Linear |R| = [33m4.413751e-01[39m
     73 Linear |R| = [33m4.367251e-01[39m
     74 Linear |R| = [33m4.311128e-01[39m
     75 Linear |R| = [33m4.237042e-01[39m
     76 Linear |R| = [33m4.150712e-01[39m
     77 Linear |R| = [33m4.021153e-01[39m
     78 Linear |R| = [32m3.754878e-01[39m
     79 Linear |R| = [32m3.360399e-01[39m
     80 Linear |R| = [32m2.869482e-01[39m
     81 Linear |R| = [32m2.317595e-01[39m
     82 Linear |R| = [32m1.786695e-01[39m
     83 Linear |R| = [32m1.344235e-01[39m
     84 Linear |R| = [32m1.006647e-01[39m
     85 Linear |R| = [32m7.521660e-02[39m
     86 Linear |R| = [32m5.589205e-02[39m
     87 Linear |R| = [32m4.075362e-02[39m
     88 Linear |R| = [32m2.960704e-02[39m
     89 Linear |R| = [32m2.210913e-02[39m
    Linear solve did not converge due to DIVERGED_BREAKDOWN iterations 90
 4 Nonlinear |R| = [33m1.442316e+03[39m
      0 Linear |R| = [32m1.442316e+03[39m
      1 Linear |R| = [32m1.157121e+03[39m
      2 Linear |R| = [32m9.513207e+02[39m
      3 Linear |R| = [32m8.194684e+02[39m
      4 Linear |R| = [32m7.680952e+02[39m
      5 Linear |R| = [32m7.188383e+02[39m
      6 Linear |R| = [32m5.828743e+02[39m
      7 Linear |R| = [32m4.369120e+02[39m
      8 Linear |R| = [32m3.384211e+02[39m
      9 Linear |R| = [32m2.797832e+02[39m
     10 Linear |R| = [32m2.294715e+02[39m
     11 Linear |R| = [32m1.867461e+02[39m
     12 Linear |R| = [32m1.491073e+02[39m
     13 Linear |R| = [32m1.141984e+02[39m
     14 Linear |R| = [32m8.655179e+01[39m
     15 Linear |R| = [32m6.688824e+01[39m
     16 Linear |R| = [32m5.209185e+01[39m
     17 Linear |R| = [32m4.020799e+01[39m
     18 Linear |R| = [32m3.043605e+01[39m
     19 Linear |R| = [32m2.348572e+01[39m
     20 Linear |R| = [32m1.761967e+01[39m
     21 Linear |R| = [32m1.349023e+01[39m
     22 Linear |R| = [32m1.029455e+01[39m
     23 Linear |R| = [32m8.000708e+00[39m
     24 Linear |R| = [32m6.328348e+00[39m
     25 Linear |R| = [32m4.879323e+00[39m
     26 Linear |R| = [32m3.734108e+00[39m
     27 Linear |R| = [32m2.828360e+00[39m
     28 Linear |R| = [32m2.185143e+00[39m
     29 Linear |R| = [32m1.682005e+00[39m
     30 Linear |R| = [32m1.282382e+00[39m
     31 Linear |R| = [32m1.085220e+00[39m
     32 Linear |R| = [32m8.821999e-01[39m
     33 Linear |R| = [32m6.887478e-01[39m
     34 Linear |R| = [32m5.309380e-01[39m
     35 Linear |R| = [32m4.049533e-01[39m
     36 Linear |R| = [32m3.141500e-01[39m
     37 Linear |R| = [32m2.464032e-01[39m
     38 Linear |R| = [32m1.941777e-01[39m
     39 Linear |R| = [32m1.519923e-01[39m
     40 Linear |R| = [32m1.168522e-01[39m
     41 Linear |R| = [32m8.650235e-02[39m
     42 Linear |R| = [32m6.386452e-02[39m
     43 Linear |R| = [32m4.688935e-02[39m
     44 Linear |R| = [32m3.435992e-02[39m
     45 Linear |R| = [32m2.620324e-02[39m
     46 Linear |R| = [32m2.042151e-02[39m
     47 Linear |R| = [32m1.606564e-02[39m
     48 Linear |R| = [32m1.245169e-02[39m
 5 Nonlinear |R| = [33m1.381212e+03[39m
      0 Linear |R| = [32m1.381212e+03[39m
      1 Linear |R| = [32m1.070153e+03[39m
      2 Linear |R| = [32m8.686080e+02[39m
      3 Linear |R| = [32m7.256077e+02[39m
      4 Linear |R| = [32m6.757878e+02[39m
      5 Linear |R| = [32m6.204309e+02[39m
      6 Linear |R| = [32m4.690774e+02[39m
      7 Linear |R| = [32m3.296725e+02[39m
      8 Linear |R| = [32m2.563516e+02[39m
      9 Linear |R| = [32m2.084400e+02[39m
     10 Linear |R| = [32m1.712179e+02[39m
     11 Linear |R| = [32m1.390246e+02[39m
     12 Linear |R| = [32m1.094196e+02[39m
     13 Linear |R| = [32m8.248688e+01[39m
     14 Linear |R| = [32m6.306765e+01[39m
     15 Linear |R| = [32m4.916360e+01[39m
     16 Linear |R| = [32m3.846790e+01[39m
     17 Linear |R| = [32m2.958838e+01[39m
     18 Linear |R| = [32m2.264450e+01[39m
     19 Linear |R| = [32m1.737805e+01[39m
     20 Linear |R| = [32m1.303787e+01[39m
     21 Linear |R| = [32m9.913088e+00[39m
     22 Linear |R| = [32m7.669122e+00[39m
     23 Linear |R| = [32m5.975045e+00[39m
     24 Linear |R| = [32m4.677680e+00[39m
     25 Linear |R| = [32m3.612602e+00[39m
     26 Linear |R| = [32m2.759007e+00[39m
     27 Linear |R| = [32m2.094396e+00[39m
     28 Linear |R| = [32m1.622456e+00[39m
     29 Linear |R| = [32m1.262418e+00[39m
     30 Linear |R| = [31m4.701182e+00[39m
     31 Linear |R| = [32m1.629492e+00[39m
     32 Linear |R| = [32m9.855009e-01[39m
     33 Linear |R| = [32m7.659832e-01[39m
     34 Linear |R| = [32m6.093684e-01[39m
     35 Linear |R| = [32m4.881797e-01[39m
     36 Linear |R| = [32m3.960643e-01[39m
     37 Linear |R| = [32m3.141014e-01[39m
     38 Linear |R| = [32m2.457383e-01[39m
     39 Linear |R| = [32m1.876981e-01[39m
     40 Linear |R| = [32m1.417222e-01[39m
     41 Linear |R| = [32m1.105664e-01[39m
     42 Linear |R| = [32m8.599563e-02[39m
     43 Linear |R| = [32m6.559635e-02[39m
     44 Linear |R| = [32m4.867902e-02[39m
     45 Linear |R| = [32m3.580330e-02[39m
     46 Linear |R| = [32m2.640876e-02[39m
     47 Linear |R| = [32m2.024426e-02[39m
     48 Linear |R| = [32m1.545475e-02[39m
     49 Linear |R| = [32m1.197694e-02[39m
 6 Nonlinear |R| = [32m1.168847e+03[39m
      0 Linear |R| = [32m1.168847e+03[39m
      1 Linear |R| = [32m6.293417e+02[39m
      2 Linear |R| = [32m4.759015e+02[39m
      3 Linear |R| = [32m3.478136e+02[39m
      4 Linear |R| = [32m2.641746e+02[39m
      5 Linear |R| = [32m1.867318e+02[39m
      6 Linear |R| = [32m1.189739e+02[39m
      7 Linear |R| = [32m8.144108e+01[39m
      8 Linear |R| = [32m6.468019e+01[39m
      9 Linear |R| = [32m5.321369e+01[39m
     10 Linear |R| = [32m4.288861e+01[39m
     11 Linear |R| = [32m3.351588e+01[39m
     12 Linear |R| = [32m2.559656e+01[39m
     13 Linear |R| = [32m1.927407e+01[39m
     14 Linear |R| = [32m1.502055e+01[39m
     15 Linear |R| = [32m1.159746e+01[39m
     16 Linear |R| = [32m9.087267e+00[39m
     17 Linear |R| = [32m6.858485e+00[39m
     18 Linear |R| = [32m5.068491e+00[39m
     19 Linear |R| = [32m3.876219e+00[39m
     20 Linear |R| = [32m2.993329e+00[39m
     21 Linear |R| = [32m2.272621e+00[39m
     22 Linear |R| = [32m1.779597e+00[39m
     23 Linear |R| = [32m1.407849e+00[39m
     24 Linear |R| = [32m1.090849e+00[39m
     25 Linear |R| = [32m8.434266e-01[39m
     26 Linear |R| = [32m6.527976e-01[39m
     27 Linear |R| = [32m5.050355e-01[39m
     28 Linear |R| = [32m3.978759e-01[39m
     29 Linear |R| = [32m3.095341e-01[39m
     30 Linear |R| = [32m2.312979e-01[39m
     31 Linear |R| = [32m1.952818e-01[39m
     32 Linear |R| = [32m1.589625e-01[39m
     33 Linear |R| = [32m1.255491e-01[39m
     34 Linear |R| = [32m9.708967e-02[39m
     35 Linear |R| = [32m7.373855e-02[39m
     36 Linear |R| = [32m5.710232e-02[39m
     37 Linear |R| = [32m4.553190e-02[39m
     38 Linear |R| = [32m3.668720e-02[39m
     39 Linear |R| = [32m2.915930e-02[39m
     40 Linear |R| = [32m2.256478e-02[39m
     41 Linear |R| = [32m1.714368e-02[39m
     42 Linear |R| = [32m1.268992e-02[39m
     43 Linear |R| = [32m9.210632e-03[39m
 7 Nonlinear |R| = [32m1.007194e+03[39m
      0 Linear |R| = [32m1.007194e+03[39m
      1 Linear |R| = [32m4.194306e+02[39m
      2 Linear |R| = [32m2.984489e+02[39m
      3 Linear |R| = [32m2.026408e+02[39m
      4 Linear |R| = [32m1.339372e+02[39m
      5 Linear |R| = [32m8.568423e+01[39m
      6 Linear |R| = [32m5.758880e+01[39m
      7 Linear |R| = [32m4.203279e+01[39m
      8 Linear |R| = [32m3.408347e+01[39m
      9 Linear |R| = [32m2.810558e+01[39m
     10 Linear |R| = [32m2.261595e+01[39m
     11 Linear |R| = [32m1.739638e+01[39m
     12 Linear |R| = [32m1.352481e+01[39m
     13 Linear |R| = [32m1.032259e+01[39m
     14 Linear |R| = [32m8.098292e+00[39m
     15 Linear |R| = [32m6.181073e+00[39m
     16 Linear |R| = [32m4.697568e+00[39m
     17 Linear |R| = [32m3.507470e+00[39m
     18 Linear |R| = [32m2.595920e+00[39m
     19 Linear |R| = [32m1.991558e+00[39m
     20 Linear |R| = [32m1.532296e+00[39m
     21 Linear |R| = [32m1.145519e+00[39m
     22 Linear |R| = [32m8.911897e-01[39m
     23 Linear |R| = [32m7.051843e-01[39m
     24 Linear |R| = [32m5.490029e-01[39m
     25 Linear |R| = [32m4.280340e-01[39m
     26 Linear |R| = [32m3.369840e-01[39m
     27 Linear |R| = [32m2.633677e-01[39m
     28 Linear |R| = [32m2.039508e-01[39m
     29 Linear |R| = [32m1.570649e-01[39m
     30 Linear |R| = [32m1.172418e-01[39m
     31 Linear |R| = [32m9.869147e-02[39m
     32 Linear |R| = [32m8.076921e-02[39m
     33 Linear |R| = [32m6.360823e-02[39m
     34 Linear |R| = [32m4.951691e-02[39m
     35 Linear |R| = [32m3.813743e-02[39m
     36 Linear |R| = [32m2.978663e-02[39m
     37 Linear |R| = [32m2.421618e-02[39m
     38 Linear |R| = [32m1.974645e-02[39m
     39 Linear |R| = [32m1.558469e-02[39m
     40 Linear |R| = [32m1.183477e-02[39m
     41 Linear |R| = [32m9.010412e-03[39m
 8 Nonlinear |R| = [32m7.753752e+02[39m
      0 Linear |R| = [32m7.753752e+02[39m
      1 Linear |R| = [32m2.312684e+02[39m
      2 Linear |R| = [32m1.249765e+02[39m
      3 Linear |R| = [32m7.330056e+01[39m
      4 Linear |R| = [32m4.817346e+01[39m
      5 Linear |R| = [32m3.195181e+01[39m
      6 Linear |R| = [32m2.320446e+01[39m
      7 Linear |R| = [32m1.752189e+01[39m
      8 Linear |R| = [32m1.403656e+01[39m
      9 Linear |R| = [32m1.137120e+01[39m
     10 Linear |R| = [32m9.268176e+00[39m
     11 Linear |R| = [32m7.270008e+00[39m
     12 Linear |R| = [32m5.545567e+00[39m
     13 Linear |R| = [32m4.030661e+00[39m
     14 Linear |R| = [32m2.999146e+00[39m
     15 Linear |R| = [32m2.204213e+00[39m
     16 Linear |R| = [32m1.623557e+00[39m
     17 Linear |R| = [32m1.226340e+00[39m
     18 Linear |R| = [32m9.304210e-01[39m
     19 Linear |R| = [32m6.799084e-01[39m
     20 Linear |R| = [32m4.980928e-01[39m
     21 Linear |R| = [32m3.692094e-01[39m
     22 Linear |R| = [32m2.872021e-01[39m
     23 Linear |R| = [32m2.315905e-01[39m
     24 Linear |R| = [32m1.866816e-01[39m
     25 Linear |R| = [32m1.512039e-01[39m
     26 Linear |R| = [32m1.208968e-01[39m
     27 Linear |R| = [32m9.469784e-02[39m
     28 Linear |R| = [32m7.267720e-02[39m
     29 Linear |R| = [32m5.516555e-02[39m
     30 Linear |R| = [31m1.935477e-01[39m
     31 Linear |R| = [32m8.682153e-02[39m
     32 Linear |R| = [32m4.618781e-02[39m
     33 Linear |R| = [32m3.458370e-02[39m
     34 Linear |R| = [32m2.767985e-02[39m
     35 Linear |R| = [32m2.283743e-02[39m
     36 Linear |R| = [32m1.902123e-02[39m
     37 Linear |R| = [32m1.528419e-02[39m
     38 Linear |R| = [32m1.179724e-02[39m
     39 Linear |R| = [32m9.275596e-03[39m
     40 Linear |R| = [32m7.531411e-03[39m
 9 Nonlinear |R| = [32m2.384200e+02[39m
      0 Linear |R| = [32m2.384200e+02[39m
      1 Linear |R| = [32m7.037786e+01[39m
      2 Linear |R| = [32m2.014473e+01[39m
      3 Linear |R| = [32m9.383352e+00[39m
      4 Linear |R| = [32m5.343133e+00[39m
      5 Linear |R| = [32m3.718304e+00[39m
      6 Linear |R| = [32m2.644499e+00[39m
      7 Linear |R| = [32m1.893019e+00[39m
      8 Linear |R| = [32m1.393983e+00[39m
      9 Linear |R| = [32m1.025449e+00[39m
     10 Linear |R| = [32m7.667072e-01[39m
     11 Linear |R| = [32m5.553280e-01[39m
     12 Linear |R| = [32m4.145820e-01[39m
     13 Linear |R| = [32m3.135241e-01[39m
     14 Linear |R| = [32m2.345501e-01[39m
     15 Linear |R| = [32m1.722889e-01[39m
     16 Linear |R| = [32m1.291663e-01[39m
     17 Linear |R| = [32m9.824380e-02[39m
     18 Linear |R| = [32m7.622115e-02[39m
     19 Linear |R| = [32m5.698495e-02[39m
     20 Linear |R| = [32m4.100286e-02[39m
     21 Linear |R| = [32m2.949492e-02[39m
     22 Linear |R| = [32m2.110401e-02[39m
     23 Linear |R| = [32m1.565986e-02[39m
     24 Linear |R| = [32m1.129937e-02[39m
     25 Linear |R| = [32m8.134405e-03[39m
     26 Linear |R| = [32m5.847867e-03[39m
     27 Linear |R| = [32m4.180065e-03[39m
     28 Linear |R| = [32m2.967850e-03[39m
     29 Linear |R| = [32m2.084661e-03[39m
10 Nonlinear |R| = [32m7.748308e+00[39m
      0 Linear |R| = [32m7.748308e+00[39m
      1 Linear |R| = [32m4.301518e+00[39m
      2 Linear |R| = [32m2.320770e+00[39m
      3 Linear |R| = [32m1.524579e+00[39m
      4 Linear |R| = [32m1.119710e+00[39m
      5 Linear |R| = [32m8.354824e-01[39m
      6 Linear |R| = [32m6.440169e-01[39m
      7 Linear |R| = [32m4.889103e-01[39m
      8 Linear |R| = [32m3.840985e-01[39m
      9 Linear |R| = [32m3.044141e-01[39m
     10 Linear |R| = [32m2.447433e-01[39m
     11 Linear |R| = [32m1.976534e-01[39m
     12 Linear |R| = [32m1.560271e-01[39m
     13 Linear |R| = [32m1.244175e-01[39m
     14 Linear |R| = [32m9.846705e-02[39m
     15 Linear |R| = [32m7.466667e-02[39m
     16 Linear |R| = [32m5.492739e-02[39m
     17 Linear |R| = [32m3.931617e-02[39m
     18 Linear |R| = [32m2.864237e-02[39m
     19 Linear |R| = [32m2.109337e-02[39m
     20 Linear |R| = [32m1.491879e-02[39m
     21 Linear |R| = [32m1.045560e-02[39m
     22 Linear |R| = [32m6.822802e-03[39m
     23 Linear |R| = [32m4.527572e-03[39m
     24 Linear |R| = [32m3.195658e-03[39m
     25 Linear |R| = [32m2.346521e-03[39m
     26 Linear |R| = [32m1.777736e-03[39m
     27 Linear |R| = [32m1.327424e-03[39m
     28 Linear |R| = [32m1.003907e-03[39m
     29 Linear |R| = [32m7.802936e-04[39m
     30 Linear |R| = [32m6.736858e-04[39m
     31 Linear |R| = [32m5.323184e-04[39m
     32 Linear |R| = [32m4.619459e-04[39m
     33 Linear |R| = [32m3.812427e-04[39m
     34 Linear |R| = [32m3.094611e-04[39m
     35 Linear |R| = [32m2.483789e-04[39m
     36 Linear |R| = [32m1.988023e-04[39m
     37 Linear |R| = [32m1.555594e-04[39m
     38 Linear |R| = [32m1.167020e-04[39m
     39 Linear |R| = [32m8.518088e-05[39m
     40 Linear |R| = [32m6.399876e-05[39m
11 Nonlinear |R| = [32m1.580363e-01[39m
      0 Linear |R| = [32m1.580363e-01[39m
      1 Linear |R| = [32m5.224144e-02[39m
      2 Linear |R| = [32m2.470383e-02[39m
      3 Linear |R| = [32m1.402210e-02[39m
      4 Linear |R| = [32m9.469498e-03[39m
      5 Linear |R| = [32m6.690091e-03[39m
      6 Linear |R| = [32m4.983994e-03[39m
      7 Linear |R| = [32m3.899612e-03[39m
      8 Linear |R| = [32m3.084389e-03[39m
      9 Linear |R| = [32m2.305531e-03[39m
     10 Linear |R| = [32m1.734239e-03[39m
     11 Linear |R| = [32m1.363873e-03[39m
     12 Linear |R| = [32m1.081867e-03[39m
     13 Linear |R| = [32m8.762720e-04[39m
     14 Linear |R| = [32m7.078452e-04[39m
     15 Linear |R| = [32m5.735829e-04[39m
     16 Linear |R| = [32m4.530649e-04[39m
     17 Linear |R| = [32m3.402604e-04[39m
     18 Linear |R| = [32m2.393465e-04[39m
     19 Linear |R| = [32m1.574195e-04[39m
     20 Linear |R| = [32m1.051774e-04[39m
     21 Linear |R| = [32m7.301242e-05[39m
     22 Linear |R| = [32m5.225175e-05[39m
     23 Linear |R| = [32m3.828643e-05[39m
     24 Linear |R| = [32m2.780076e-05[39m
     25 Linear |R| = [32m1.969955e-05[39m
     26 Linear |R| = [32m1.391592e-05[39m
     27 Linear |R| = [32m9.911817e-06[39m
     28 Linear |R| = [32m6.932306e-06[39m
     29 Linear |R| = [32m4.939320e-06[39m
     30 Linear |R| = [31m5.506771e-06[39m
     31 Linear |R| = [32m3.434402e-06[39m
     32 Linear |R| = [32m2.786668e-06[39m
     33 Linear |R| = [32m2.190241e-06[39m
     34 Linear |R| = [32m1.713324e-06[39m
     35 Linear |R| = [32m1.331119e-06[39m
12 Nonlinear |R| = [32m6.006482e-06[39m
[32m Solve Converged![39m
  Finished Solving                                                                       [[33m 50.38 s[39m] [[33m  233 MB[39m]

Postprocessor Values:
+----------------+------------------+----------------+----------------+
| time           | reaction_force_z | top_disp_z     | vonmises_max   |
+----------------+------------------+----------------+----------------+
:                :                  :                :                :
|   3.000000e-01 |     9.995144e-07 |  -9.000000e-04 |   3.500000e+06 |
|   3.500000e-01 |    -1.527458e-05 |  -1.050000e-03 |   3.500000e+06 |
|   4.000000e-01 |    -6.849320e-07 |  -1.200000e-03 |   3.500000e+06 |
|   4.500000e-01 |     7.913526e-05 |  -1.350000e-03 |   3.500000e+06 |
|   5.000000e-01 |     2.707347e-05 |  -1.500000e-03 |   3.500000e+06 |
|   5.500000e-01 |     1.150767e-05 |  -1.650000e-03 |   3.500000e+06 |
|   6.000000e-01 |     1.171393e-05 |  -1.800000e-03 |   3.500000e+06 |
|   6.500000e-01 |     1.102024e-05 |  -1.950000e-03 |   3.500000e+06 |
|   7.000000e-01 |     8.329693e-06 |  -2.100000e-03 |   3.500000e+06 |
|   7.500000e-01 |     7.055284e-06 |  -2.250000e-03 |   3.500000e+06 |
|   8.000000e-01 |     1.672732e-06 |  -2.400000e-03 |   3.500000e+06 |
|   8.500000e-01 |     6.412030e-06 |  -2.550000e-03 |   3.500000e+06 |
|   9.000000e-01 |     5.619976e-06 |  -2.700000e-03 |   3.500000e+06 |
|   9.500000e-01 |     4.865813e-06 |  -2.850000e-03 |   3.500000e+06 |
|   1.000000e+00 |     4.675329e-06 |  -3.000000e-03 |   3.500000e+06 |
+----------------+------------------+----------------+----------------+

Finished Executing                                                                       [[33m685.12 s[39m] [[33m  233 MB[39m]
