
[33m
*** Deprecation Warning ***
/home/kevin/gt/demo/polecats/chrome/demo/inputs/aac_material_tests/aac_compression_100mm.i:60.3: The 'Kernels/TensorMechanics' syntax is deprecated. Please use 'Physics/SolidMechanics/QuasiStatic' instead.[39m
Stack frames: 14
0: libMesh::print_trace(std::ostream&)
1: void moose::internal::mooseDeprecatedStream<libMesh::BasicOStreamProxy<char, std::char_traits<char> >, std::__cxx11::basic_string<char, std::char_traits<char>, std::allocator<char> > >(libMesh::BasicOStreamProxy<char, std::char_traits<char> >&, bool, bool, bool, std::__cxx11::basic_string<char, std::char_traits<char>, std::allocator<char> >&&)
2: Moose::Builder::walkRaw(std::__cxx11::basic_string<char, std::char_traits<char>, std::allocator<char> >, std::__cxx11::basic_string<char, std::char_traits<char>, std::allocator<char> >, hit::Node*)
3: Moose::Builder::walk(std::__cxx11::basic_string<char, std::char_traits<char>, std::allocator<char> > const&, std::__cxx11::basic_string<char, std::char_traits<char>, std::allocator<char> > const&, hit::Node*)
4: hit::Node::walk(hit::Walker*, hit::NodeType, hit::TraversalOrder)
5: hit::Node::walk(hit::Walker*, hit::NodeType, hit::TraversalOrder)
6: hit::Node::walk(hit::Walker*, hit::NodeType, hit::TraversalOrder)
7: Moose::Builder::build()
8: MooseApp::setupOptions()
9: MooseApp::run()
10: /home/kevin/gt/demo/mayor/rig/build/moose/modules/solid_mechanics/solid_mechanics-opt(+0x50f2) [0x55f02a94c0f2]
11: /lib/libc.so.6(+0x27741) [0x7f5ed5827741]
12: __libc_start_main
13: /home/kevin/gt/demo/mayor/rig/build/moose/modules/solid_mechanics/solid_mechanics-opt(+0x5365) [0x55f02a94c365]


[36m
*** Info ***
/home/kevin/gt/demo/polecats/chrome/demo/inputs/aac_material_tests/aac_compression_100mm.i:60.3:
The following occurred in the Action 'TensorMechanics' of type LegacyTensorMechanicsAction.

SolidMechanics Action: selecting 'total small strain' formulation. Use `incremental = true` to select 'incremental small strain' instead.[39m
Framework Information:
MOOSE Version:           git commit dd5a8961 on 2026-05-01
LibMesh Version:         
PETSc Version:           3.24.6
SLEPc Version:           3.24.0
Current Time:            Tue May 19 16:51:12 2026
Executable Timestamp:    Wed May 13 15:08:44 2026

Input File(s):
  /home/kevin/gt/demo/polecats/chrome/demo/inputs/aac_material_tests/aac_compression_100mm.i

Checkpoint:
  Wall Time Interval:      Every 3600 s
  User Checkpoint:         Disabled
  # Checkpoints Kept:      2
  Execute On:              TIMESTEP_END 

Parallelism:
  Num Processors:          1
  Num Threads:             1

Mesh: 
  Parallel Type:           replicated
  Mesh Dimension:          3
  Spatial Dimension:       3
  Nodes:                   1331
  Elems:                   1000
  Num Subdomains:          1

Nonlinear System:
  Num DOFs:                3993
  Num Local DOFs:          3993
  Variables:               { "disp_x" "disp_y" "disp_z" } 
  Finite Element Types:    "LAGRANGE" 
  Approximation Orders:    "FIRST" 

Auxiliary System:
  Num DOFs:                4000
  Num Local DOFs:          4000
  Variables:               { "vonmises" "max_princ" "min_princ" "stress_zz" } 
  Finite Element Types:    "MONOMIAL" 
  Approximation Orders:    "CONSTANT" 

Execution Information:
  Executioner:             Transient
  TimeStepper:             ConstantDT
  TimeIntegrator(s):       ImplicitEuler
  Solver Mode:             Preconditioned JFNK 
  PETSc Preconditioner:    hypre boomeramg strong_threshold: 0.7 (auto)


Time Step 0, time = 0

Postprocessor Values:
+----------------+----------------------+------------------+----------------+----------------+
| time           | compressive_strength | reaction_force_z | top_disp_z     | vonmises_max   |
+----------------+----------------------+------------------+----------------+----------------+
|   0.000000e+00 |         0.000000e+00 |     0.000000e+00 |   0.000000e+00 |   0.000000e+00 |
+----------------+----------------------+------------------+----------------+----------------+


Time Step 1, time = 0.05, dt = 0.05
 0 Nonlinear |R| = [32m2.018198e+03[39m
      0 Linear |R| = [32m2.018198e+03[39m
      1 Linear |R| = [33m1.967295e+03[39m
      2 Linear |R| = [32m1.482314e+03[39m
      3 Linear |R| = [32m1.167701e+03[39m
      4 Linear |R| = [32m8.698999e+02[39m
      5 Linear |R| = [32m6.173824e+02[39m
      6 Linear |R| = [32m4.029326e+02[39m
      7 Linear |R| = [32m2.439585e+02[39m
      8 Linear |R| = [32m1.277545e+02[39m
      9 Linear |R| = [32m6.386464e+01[39m
     10 Linear |R| = [32m3.384266e+01[39m
     11 Linear |R| = [32m1.879380e+01[39m
     12 Linear |R| = [32m1.044657e+01[39m
     13 Linear |R| = [32m6.467045e+00[39m
     14 Linear |R| = [32m3.655724e+00[39m
     15 Linear |R| = [32m2.111888e+00[39m
     16 Linear |R| = [32m1.240865e+00[39m
     17 Linear |R| = [32m6.999544e-01[39m
     18 Linear |R| = [32m3.790889e-01[39m
     19 Linear |R| = [32m1.979446e-01[39m
     20 Linear |R| = [32m1.227693e-01[39m
     21 Linear |R| = [32m8.697130e-02[39m
     22 Linear |R| = [32m6.582699e-02[39m
     23 Linear |R| = [32m4.795063e-02[39m
     24 Linear |R| = [32m3.451031e-02[39m
     25 Linear |R| = [32m2.189337e-02[39m
     26 Linear |R| = [32m1.269839e-02[39m
 1 Nonlinear |R| = [33m1.938120e+03[39m
      0 Linear |R| = [32m1.938120e+03[39m
      1 Linear |R| = [33m1.888171e+03[39m
      2 Linear |R| = [32m1.434708e+03[39m
      3 Linear |R| = [32m1.144858e+03[39m
      4 Linear |R| = [32m8.375711e+02[39m
      5 Linear |R| = [32m5.923321e+02[39m
      6 Linear |R| = [32m3.856799e+02[39m
      7 Linear |R| = [32m2.138082e+02[39m
      8 Linear |R| = [32m1.030510e+02[39m
      9 Linear |R| = [32m5.012558e+01[39m
     10 Linear |R| = [32m2.680510e+01[39m
     11 Linear |R| = [32m1.384789e+01[39m
     12 Linear |R| = [32m6.859382e+00[39m
     13 Linear |R| = [32m3.820319e+00[39m
     14 Linear |R| = [32m1.940575e+00[39m
     15 Linear |R| = [32m9.546950e-01[39m
     16 Linear |R| = [32m5.206754e-01[39m
     17 Linear |R| = [32m3.196401e-01[39m
     18 Linear |R| = [32m2.126578e-01[39m
     19 Linear |R| = [32m1.449652e-01[39m
     20 Linear |R| = [32m1.103482e-01[39m
     21 Linear |R| = [32m8.205278e-02[39m
     22 Linear |R| = [32m5.475717e-02[39m
     23 Linear |R| = [32m3.131696e-02[39m
     24 Linear |R| = [32m1.750236e-02[39m
 2 Nonlinear |R| = [33m1.883715e+03[39m
      0 Linear |R| = [32m1.883715e+03[39m
      1 Linear |R| = [33m1.834456e+03[39m
      2 Linear |R| = [32m1.417648e+03[39m
      3 Linear |R| = [32m1.117572e+03[39m
      4 Linear |R| = [32m7.992833e+02[39m
      5 Linear |R| = [32m5.809614e+02[39m
      6 Linear |R| = [32m3.584776e+02[39m
      7 Linear |R| = [32m1.756077e+02[39m
      8 Linear |R| = [32m8.451740e+01[39m
      9 Linear |R| = [32m4.126997e+01[39m
     10 Linear |R| = [32m2.039117e+01[39m
     11 Linear |R| = [32m9.490198e+00[39m
     12 Linear |R| = [32m4.609448e+00[39m
     13 Linear |R| = [32m2.499249e+00[39m
     14 Linear |R| = [32m1.201787e+00[39m
     15 Linear |R| = [32m5.548739e-01[39m
     16 Linear |R| = [32m3.471015e-01[39m
     17 Linear |R| = [32m2.469544e-01[39m
     18 Linear |R| = [32m1.825521e-01[39m
     19 Linear |R| = [32m1.351423e-01[39m
     20 Linear |R| = [32m9.528157e-02[39m
     21 Linear |R| = [32m5.567240e-02[39m
     22 Linear |R| = [32m3.047032e-02[39m
     23 Linear |R| = [32m1.592979e-02[39m
 3 Nonlinear |R| = [33m1.809696e+03[39m
      0 Linear |R| = [32m1.809696e+03[39m
      1 Linear |R| = [32m1.601762e+03[39m
      2 Linear |R| = [32m1.148269e+03[39m
      3 Linear |R| = [32m6.826711e+02[39m
      4 Linear |R| = [32m3.558428e+02[39m
      5 Linear |R| = [32m1.676368e+02[39m
      6 Linear |R| = [32m7.279108e+01[39m
      7 Linear |R| = [32m3.900767e+01[39m
      8 Linear |R| = [32m2.069033e+01[39m
      9 Linear |R| = [32m9.230942e+00[39m
     10 Linear |R| = [32m4.148187e+00[39m
     11 Linear |R| = [32m2.114461e+00[39m
     12 Linear |R| = [32m1.053605e+00[39m
     13 Linear |R| = [32m5.288721e-01[39m
     14 Linear |R| = [32m2.693819e-01[39m
     15 Linear |R| = [32m1.485606e-01[39m
     16 Linear |R| = [32m9.961397e-02[39m
     17 Linear |R| = [32m7.630951e-02[39m
     18 Linear |R| = [32m4.779407e-02[39m
     19 Linear |R| = [32m2.413709e-02[39m
     20 Linear |R| = [32m1.133730e-02[39m
 4 Nonlinear |R| = [32m1.523158e+03[39m
      0 Linear |R| = [32m1.523158e+03[39m
      1 Linear |R| = [32m3.647327e+02[39m
      2 Linear |R| = [32m1.242882e+02[39m
      3 Linear |R| = [32m4.626324e+01[39m
      4 Linear |R| = [32m1.933409e+01[39m
      5 Linear |R| = [32m8.039615e+00[39m
      6 Linear |R| = [32m3.222244e+00[39m
      7 Linear |R| = [32m1.304764e+00[39m
      8 Linear |R| = [32m5.550625e-01[39m
      9 Linear |R| = [32m2.420429e-01[39m
     10 Linear |R| = [32m1.100966e-01[39m
     11 Linear |R| = [32m5.194200e-02[39m
     12 Linear |R| = [32m2.131209e-02[39m
     13 Linear |R| = [32m8.581188e-03[39m
 5 Nonlinear |R| = [32m8.581188e-03[39m
      0 Linear |R| = [32m8.581188e-03[39m
      1 Linear |R| = [32m4.819412e-03[39m
      2 Linear |R| = [32m2.598871e-03[39m
      3 Linear |R| = [32m1.468467e-03[39m
      4 Linear |R| = [32m8.960236e-04[39m
      5 Linear |R| = [32m5.330071e-04[39m
      6 Linear |R| = [32m3.015100e-04[39m
      7 Linear |R| = [32m1.581440e-04[39m
      8 Linear |R| = [32m8.517789e-05[39m
      9 Linear |R| = [32m4.585864e-05[39m
     10 Linear |R| = [32m2.311729e-05[39m
     11 Linear |R| = [32m1.104409e-05[39m
     12 Linear |R| = [32m5.653535e-06[39m
     13 Linear |R| = [32m2.374792e-06[39m
     14 Linear |R| = [32m9.505898e-07[39m
     15 Linear |R| = [32m3.910680e-07[39m
     16 Linear |R| = [32m1.589999e-07[39m
     17 Linear |R| = [32m6.060126e-08[39m
 6 Nonlinear |R| = [32m6.060126e-08[39m
Currently Executing
  Finished Solving                                                                       [[33m  8.39 s[39m] [[33m  187 MB[39m]
[32m Solve Converged![39m

Postprocessor Values:
+----------------+----------------------+------------------+----------------+----------------+
| time           | compressive_strength | reaction_force_z | top_disp_z     | vonmises_max   |
+----------------+----------------------+------------------+----------------+----------------+
|   0.000000e+00 |         0.000000e+00 |     0.000000e+00 |   0.000000e+00 |   0.000000e+00 |
|   5.000000e-02 |        -4.329228e+05 |    -2.938693e-06 |  -1.000000e-04 |   1.446551e+06 |
+----------------+----------------------+------------------+----------------+----------------+


Time Step 2, time = 0.1, dt = 0.05
 0 Nonlinear |R| = [32m1.768444e+03[39m
      0 Linear |R| = [32m1.768444e+03[39m
      1 Linear |R| = [33m1.727464e+03[39m
      2 Linear |R| = [32m1.297688e+03[39m
      3 Linear |R| = [32m1.036144e+03[39m
      4 Linear |R| = [32m8.246947e+02[39m
      5 Linear |R| = [32m6.143983e+02[39m
      6 Linear |R| = [32m4.000810e+02[39m
      7 Linear |R| = [32m2.335048e+02[39m
      8 Linear |R| = [32m1.210304e+02[39m
      9 Linear |R| = [32m6.194550e+01[39m
     10 Linear |R| = [32m3.409311e+01[39m
     11 Linear |R| = [32m1.935375e+01[39m
     12 Linear |R| = [32m1.070235e+01[39m
     13 Linear |R| = [32m6.484131e+00[39m
     14 Linear |R| = [32m3.623844e+00[39m
     15 Linear |R| = [32m2.137868e+00[39m
     16 Linear |R| = [32m1.272208e+00[39m
     17 Linear |R| = [32m7.129008e-01[39m
     18 Linear |R| = [32m3.755920e-01[39m
     19 Linear |R| = [32m1.910825e-01[39m
     20 Linear |R| = [32m1.153392e-01[39m
     21 Linear |R| = [32m7.946879e-02[39m
     22 Linear |R| = [32m5.883459e-02[39m
     23 Linear |R| = [32m4.291353e-02[39m
     24 Linear |R| = [32m3.156942e-02[39m
     25 Linear |R| = [32m2.070706e-02[39m
     26 Linear |R| = [32m1.273386e-02[39m
 1 Nonlinear |R| = [32m7.524786e+02[39m
      0 Linear |R| = [32m7.524786e+02[39m
      1 Linear |R| = [32m1.833722e+02[39m
      2 Linear |R| = [32m4.849371e+01[39m
      3 Linear |R| = [32m1.885829e+01[39m
      4 Linear |R| = [32m7.716740e+00[39m
      5 Linear |R| = [32m3.322057e+00[39m
      6 Linear |R| = [32m1.497717e+00[39m
      7 Linear |R| = [32m6.827459e-01[39m
      8 Linear |R| = [32m3.010298e-01[39m
      9 Linear |R| = [32m1.330216e-01[39m
     10 Linear |R| = [32m5.562655e-02[39m
     11 Linear |R| = [32m2.335811e-02[39m
     12 Linear |R| = [32m8.885372e-03[39m
     13 Linear |R| = [32m3.200006e-03[39m
 2 Nonlinear |R| = [32m3.200006e-03[39m
      0 Linear |R| = [32m3.200006e-03[39m
      1 Linear |R| = [32m1.791156e-03[39m
      2 Linear |R| = [32m7.533108e-04[39m
      3 Linear |R| = [32m3.548908e-04[39m
      4 Linear |R| = [32m1.709573e-04[39m
      5 Linear |R| = [32m8.710325e-05[39m
      6 Linear |R| = [32m4.518813e-05[39m
      7 Linear |R| = [32m2.447461e-05[39m
      8 Linear |R| = [32m1.289869e-05[39m
      9 Linear |R| = [32m6.422387e-06[39m
     10 Linear |R| = [32m3.579616e-06[39m
     11 Linear |R| = [32m2.293400e-06[39m
     12 Linear |R| = [32m1.399104e-06[39m
     13 Linear |R| = [32m7.133712e-07[39m
     14 Linear |R| = [32m3.878146e-07[39m
     15 Linear |R| = [32m1.662498e-07[39m
     16 Linear |R| = [32m6.680588e-08[39m
     17 Linear |R| = [32m2.471682e-08[39m
 3 Nonlinear |R| = [32m2.471681e-08[39m
[32m Solve Converged![39m

Postprocessor Values:
+----------------+----------------------+------------------+----------------+----------------+
| time           | compressive_strength | reaction_force_z | top_disp_z     | vonmises_max   |
+----------------+----------------------+------------------+----------------+----------------+
|   0.000000e+00 |         0.000000e+00 |     0.000000e+00 |   0.000000e+00 |   0.000000e+00 |
|   5.000000e-02 |        -4.329228e+05 |    -2.938693e-06 |  -1.000000e-04 |   1.446551e+06 |
|   1.000000e-01 |        -8.658456e+05 |    -1.112251e-06 |  -2.000000e-04 |   2.893102e+06 |
+----------------+----------------------+------------------+----------------+----------------+


Time Step 3, time = 0.15, dt = 0.05
 0 Nonlinear |R| = [32m1.531343e+03[39m
      0 Linear |R| = [32m1.531343e+03[39m
      1 Linear |R| = [33m1.494848e+03[39m
      2 Linear |R| = [32m1.120062e+03[39m
      3 Linear |R| = [32m9.217750e+02[39m
      4 Linear |R| = [32m7.793001e+02[39m
      5 Linear |R| = [32m5.974134e+02[39m
      6 Linear |R| = [32m3.825285e+02[39m
      7 Linear |R| = [32m2.169485e+02[39m
      8 Linear |R| = [32m1.148620e+02[39m
      9 Linear |R| = [32m6.147643e+01[39m
     10 Linear |R| = [32m3.480658e+01[39m
     11 Linear |R| = [32m1.969272e+01[39m
     12 Linear |R| = [32m1.073644e+01[39m
     13 Linear |R| = [32m6.403139e+00[39m
     14 Linear |R| = [32m3.619642e+00[39m
     15 Linear |R| = [32m2.195322e+00[39m
     16 Linear |R| = [32m1.300467e+00[39m
     17 Linear |R| = [32m7.146847e-01[39m
     18 Linear |R| = [32m3.678448e-01[39m
     19 Linear |R| = [32m1.865908e-01[39m
     20 Linear |R| = [32m1.114329e-01[39m
     21 Linear |R| = [32m7.420588e-02[39m
     22 Linear |R| = [32m5.266752e-02[39m
     23 Linear |R| = [32m3.800042e-02[39m
     24 Linear |R| = [32m2.836979e-02[39m
     25 Linear |R| = [32m1.917673e-02[39m
     26 Linear |R| = [32m1.250547e-02[39m
 1 Nonlinear |R| = [32m1.312368e+03[39m
      0 Linear |R| = [32m1.312368e+03[39m
      1 Linear |R| = [32m1.114268e+03[39m
      2 Linear |R| = [32m8.271453e+02[39m
      3 Linear |R| = [32m5.262029e+02[39m
      4 Linear |R| = [32m3.121045e+02[39m
      5 Linear |R| = [32m1.797120e+02[39m
      6 Linear |R| = [32m8.690907e+01[39m
      7 Linear |R| = [32m4.408870e+01[39m
      8 Linear |R| = [32m2.106731e+01[39m
      9 Linear |R| = [32m9.343522e+00[39m
     10 Linear |R| = [32m4.362288e+00[39m
     11 Linear |R| = [32m2.275157e+00[39m
     12 Linear |R| = [32m1.136567e+00[39m
     13 Linear |R| = [32m5.499089e-01[39m
     14 Linear |R| = [32m2.631055e-01[39m
     15 Linear |R| = [32m1.355442e-01[39m
     16 Linear |R| = [32m8.442780e-02[39m
     17 Linear |R| = [32m6.251799e-02[39m
     18 Linear |R| = [32m4.402562e-02[39m
     19 Linear |R| = [32m2.566410e-02[39m
     20 Linear |R| = [32m1.348598e-02[39m
     21 Linear |R| = [32m7.108303e-03[39m
 2 Nonlinear |R| = [32m9.428914e+02[39m
      0 Linear |R| = [32m9.428914e+02[39m
      1 Linear |R| = [32m3.138128e+02[39m
      2 Linear |R| = [32m1.614653e+02[39m
      3 Linear |R| = [32m6.540768e+01[39m
      4 Linear |R| = [32m2.572797e+01[39m
      5 Linear |R| = [32m1.150534e+01[39m
      6 Linear |R| = [32m5.183188e+00[39m
      7 Linear |R| = [32m2.390317e+00[39m
      8 Linear |R| = [32m1.038335e+00[39m
      9 Linear |R| = [32m4.615502e-01[39m
     10 Linear |R| = [32m1.969343e-01[39m
     11 Linear |R| = [32m8.202249e-02[39m
     12 Linear |R| = [32m3.050341e-02[39m
     13 Linear |R| = [32m1.249974e-02[39m
     14 Linear |R| = [32m5.898847e-03[39m
 3 Nonlinear |R| = [32m5.395076e+02[39m
      0 Linear |R| = [32m5.395076e+02[39m
      1 Linear |R| = [32m1.623477e+02[39m
      2 Linear |R| = [32m3.818937e+01[39m
      3 Linear |R| = [32m1.418963e+01[39m
      4 Linear |R| = [32m7.104973e+00[39m
      5 Linear |R| = [32m3.499401e+00[39m
      6 Linear |R| = [32m1.577916e+00[39m
      7 Linear |R| = [32m7.120090e-01[39m
      8 Linear |R| = [32m2.856744e-01[39m
      9 Linear |R| = [32m1.134092e-01[39m
     10 Linear |R| = [32m4.411445e-02[39m
     11 Linear |R| = [32m1.905354e-02[39m
     12 Linear |R| = [32m8.275312e-03[39m
     13 Linear |R| = [32m3.346339e-03[39m
 4 Nonlinear |R| = [32m2.244927e-01[39m
      0 Linear |R| = [32m2.244927e-01[39m
      1 Linear |R| = [32m6.370894e-02[39m
      2 Linear |R| = [32m2.368268e-02[39m
      3 Linear |R| = [32m7.925878e-03[39m
      4 Linear |R| = [32m2.993616e-03[39m
      5 Linear |R| = [32m1.316076e-03[39m
      6 Linear |R| = [32m5.368081e-04[39m
      7 Linear |R| = [32m2.096739e-04[39m
      8 Linear |R| = [32m9.075306e-05[39m
      9 Linear |R| = [32m4.180601e-05[39m
     10 Linear |R| = [32m2.476820e-05[39m
     11 Linear |R| = [32m1.606071e-05[39m
     12 Linear |R| = [32m9.751936e-06[39m
     13 Linear |R| = [32m5.170247e-06[39m
     14 Linear |R| = [32m3.206939e-06[39m
     15 Linear |R| = [32m1.942927e-06[39m
 5 Nonlinear |R| = [32m9.211468e-06[39m
[32m Solve Converged![39m

Postprocessor Values:
+----------------+----------------------+------------------+----------------+----------------+
| time           | compressive_strength | reaction_force_z | top_disp_z     | vonmises_max   |
+----------------+----------------------+------------------+----------------+----------------+
|   0.000000e+00 |         0.000000e+00 |     0.000000e+00 |   0.000000e+00 |   0.000000e+00 |
|   5.000000e-02 |        -4.329228e+05 |    -2.938693e-06 |  -1.000000e-04 |   1.446551e+06 |
|   1.000000e-01 |        -8.658456e+05 |    -1.112251e-06 |  -2.000000e-04 |   2.893102e+06 |
|   1.500000e-01 |        -1.281554e+06 |    -1.173024e-05 |  -3.000000e-04 |   3.500000e+06 |
+----------------+----------------------+------------------+----------------+----------------+


Time Step 4, time = 0.2, dt = 0.05
 0 Nonlinear |R| = [32m1.328515e+03[39m
      0 Linear |R| = [32m1.328515e+03[39m
      1 Linear |R| = [33m1.289003e+03[39m
      2 Linear |R| = [32m9.840787e+02[39m
      3 Linear |R| = [32m8.344972e+02[39m
      4 Linear |R| = [32m7.407019e+02[39m
      5 Linear |R| = [32m5.847067e+02[39m
      6 Linear |R| = [32m3.782881e+02[39m
      7 Linear |R| = [32m2.135164e+02[39m
      8 Linear |R| = [32m1.202740e+02[39m
      9 Linear |R| = [32m6.677491e+01[39m
     10 Linear |R| = [32m3.785128e+01[39m
     11 Linear |R| = [32m2.121133e+01[39m
     12 Linear |R| = [32m1.137033e+01[39m
     13 Linear |R| = [32m6.787732e+00[39m
     14 Linear |R| = [32m3.931599e+00[39m
     15 Linear |R| = [32m2.394725e+00[39m
     16 Linear |R| = [32m1.409828e+00[39m
     17 Linear |R| = [32m7.498528e-01[39m
     18 Linear |R| = [32m3.923917e-01[39m
     19 Linear |R| = [32m1.987955e-01[39m
     20 Linear |R| = [32m1.182528e-01[39m
     21 Linear |R| = [32m7.591565e-02[39m
     22 Linear |R| = [32m5.046619e-02[39m
     23 Linear |R| = [32m3.638122e-02[39m
     24 Linear |R| = [32m2.675097e-02[39m
     25 Linear |R| = [32m1.851545e-02[39m
     26 Linear |R| = [32m1.267224e-02[39m
 1 Nonlinear |R| = [32m1.206701e+03[39m
      0 Linear |R| = [32m1.206701e+03[39m
      1 Linear |R| = [33m1.165481e+03[39m
      2 Linear |R| = [32m9.612789e+02[39m
      3 Linear |R| = [32m8.599903e+02[39m
      4 Linear |R| = [32m7.720780e+02[39m
      5 Linear |R| = [32m6.494088e+02[39m
      6 Linear |R| = [32m4.077303e+02[39m
      7 Linear |R| = [32m2.134123e+02[39m
      8 Linear |R| = [32m1.130806e+02[39m
      9 Linear |R| = [32m5.971474e+01[39m
     10 Linear |R| = [32m3.034759e+01[39m
     11 Linear |R| = [32m1.410538e+01[39m
     12 Linear |R| = [32m7.074018e+00[39m
     13 Linear |R| = [32m3.726164e+00[39m
     14 Linear |R| = [32m1.812847e+00[39m
     15 Linear |R| = [32m8.464881e-01[39m
     16 Linear |R| = [32m4.876451e-01[39m
     17 Linear |R| = [32m3.046152e-01[39m
     18 Linear |R| = [32m2.050800e-01[39m
     19 Linear |R| = [32m1.514669e-01[39m
     20 Linear |R| = [32m1.175102e-01[39m
     21 Linear |R| = [32m8.174160e-02[39m
     22 Linear |R| = [32m5.097873e-02[39m
     23 Linear |R| = [32m2.776504e-02[39m
     24 Linear |R| = [32m1.438152e-02[39m
     25 Linear |R| = [32m6.634124e-03[39m
 2 Nonlinear |R| = [32m1.123258e+03[39m
      0 Linear |R| = [32m1.123258e+03[39m
      1 Linear |R| = [32m9.188418e+02[39m
      2 Linear |R| = [32m7.218405e+02[39m
      3 Linear |R| = [32m5.166326e+02[39m
      4 Linear |R| = [32m3.603713e+02[39m
      5 Linear |R| = [32m2.417989e+02[39m
      6 Linear |R| = [32m1.224822e+02[39m
      7 Linear |R| = [32m6.015919e+01[39m
      8 Linear |R| = [32m2.775233e+01[39m
      9 Linear |R| = [32m1.277426e+01[39m
     10 Linear |R| = [32m5.871403e+00[39m
     11 Linear |R| = [32m3.010387e+00[39m
     12 Linear |R| = [32m1.474287e+00[39m
     13 Linear |R| = [32m7.019625e-01[39m
     14 Linear |R| = [32m3.379097e-01[39m
     15 Linear |R| = [32m1.661177e-01[39m
     16 Linear |R| = [32m1.019871e-01[39m
     17 Linear |R| = [32m7.361939e-02[39m
     18 Linear |R| = [32m5.310079e-02[39m
     19 Linear |R| = [32m3.422828e-02[39m
     20 Linear |R| = [32m2.108520e-02[39m
     21 Linear |R| = [32m1.162279e-02[39m
     22 Linear |R| = [32m5.694160e-03[39m
 3 Nonlinear |R| = [32m9.082080e+02[39m
      0 Linear |R| = [32m9.082080e+02[39m
      1 Linear |R| = [32m5.763412e+02[39m
      2 Linear |R| = [32m4.022050e+02[39m
      3 Linear |R| = [32m2.113727e+02[39m
      4 Linear |R| = [32m1.127783e+02[39m
      5 Linear |R| = [32m5.485482e+01[39m
      6 Linear |R| = [32m2.345840e+01[39m
      7 Linear |R| = [32m1.100482e+01[39m
      8 Linear |R| = [32m5.373780e+00[39m
      9 Linear |R| = [32m2.611606e+00[39m
     10 Linear |R| = [32m1.130757e+00[39m
     11 Linear |R| = [32m4.936141e-01[39m
     12 Linear |R| = [32m2.225386e-01[39m
     13 Linear |R| = [32m1.096245e-01[39m
     14 Linear |R| = [32m5.961154e-02[39m
     15 Linear |R| = [32m3.261804e-02[39m
     16 Linear |R| = [32m1.905123e-02[39m
     17 Linear |R| = [32m1.262194e-02[39m
     18 Linear |R| = [32m8.059300e-03[39m
 4 Nonlinear |R| = [32m7.711063e+02[39m
      0 Linear |R| = [32m7.711063e+02[39m
      1 Linear |R| = [32m3.458937e+02[39m
      2 Linear |R| = [32m2.108469e+02[39m
      3 Linear |R| = [32m9.957971e+01[39m
      4 Linear |R| = [32m4.457926e+01[39m
      5 Linear |R| = [32m2.024680e+01[39m
      6 Linear |R| = [32m9.194154e+00[39m
      7 Linear |R| = [32m4.495378e+00[39m
      8 Linear |R| = [32m2.134373e+00[39m
      9 Linear |R| = [32m1.020779e+00[39m
     10 Linear |R| = [32m4.702857e-01[39m
     11 Linear |R| = [32m2.318130e-01[39m
     12 Linear |R| = [32m1.090662e-01[39m
     13 Linear |R| = [32m5.166175e-02[39m
     14 Linear |R| = [32m2.347256e-02[39m
     15 Linear |R| = [32m1.044713e-02[39m
     16 Linear |R| = [32m5.135163e-03[39m
 5 Nonlinear |R| = [32m4.529877e+02[39m
      0 Linear |R| = [32m4.529877e+02[39m
      1 Linear |R| = [32m1.278055e+02[39m
      2 Linear |R| = [32m5.691876e+01[39m
      3 Linear |R| = [32m2.974594e+01[39m
      4 Linear |R| = [32m1.432844e+01[39m
      5 Linear |R| = [32m6.029115e+00[39m
      6 Linear |R| = [32m2.498676e+00[39m
      7 Linear |R| = [32m1.204179e+00[39m
      8 Linear |R| = [32m5.964686e-01[39m
      9 Linear |R| = [32m3.047516e-01[39m
     10 Linear |R| = [32m1.415806e-01[39m
     11 Linear |R| = [32m6.600483e-02[39m
     12 Linear |R| = [32m3.250647e-02[39m
     13 Linear |R| = [32m1.583547e-02[39m
     14 Linear |R| = [32m6.743425e-03[39m
     15 Linear |R| = [32m2.870337e-03[39m
 6 Nonlinear |R| = [32m4.724303e+00[39m
      0 Linear |R| = [32m4.724303e+00[39m
      1 Linear |R| = [32m1.487948e+00[39m
      2 Linear |R| = [32m6.998763e-01[39m
      3 Linear |R| = [32m3.150550e-01[39m
      4 Linear |R| = [32m1.653094e-01[39m
      5 Linear |R| = [32m8.605687e-02[39m
      6 Linear |R| = [32m3.719005e-02[39m
      7 Linear |R| = [32m1.578621e-02[39m
      8 Linear |R| = [32m7.794337e-03[39m
      9 Linear |R| = [32m3.788498e-03[39m
     10 Linear |R| = [32m1.800850e-03[39m
     11 Linear |R| = [32m8.132712e-04[39m
     12 Linear |R| = [32m3.460359e-04[39m
     13 Linear |R| = [32m1.606206e-04[39m
     14 Linear |R| = [32m7.611707e-05[39m
     15 Linear |R| = [32m3.693834e-05[39m
 7 Nonlinear |R| = [32m3.758137e-03[39m
      0 Linear |R| = [32m3.758137e-03[39m
      1 Linear |R| = [32m1.324444e-03[39m
      2 Linear |R| = [32m5.777292e-04[39m
      3 Linear |R| = [32m2.919785e-04[39m
      4 Linear |R| = [32m1.555608e-04[39m
      5 Linear |R| = [32m8.093465e-05[39m
      6 Linear |R| = [32m3.444540e-05[39m
      7 Linear |R| = [32m1.526065e-05[39m
      8 Linear |R| = [32m7.674148e-06[39m
      9 Linear |R| = [32m4.067057e-06[39m
     10 Linear |R| = [32m2.188730e-06[39m
     11 Linear |R| = [32m1.305822e-06[39m
     12 Linear |R| = [32m8.591244e-07[39m
     13 Linear |R| = [32m6.224932e-07[39m
     14 Linear |R| = [32m3.943628e-07[39m
     15 Linear |R| = [32m2.095546e-07[39m
     16 Linear |R| = [32m1.078063e-07[39m
     17 Linear |R| = [32m5.230107e-08[39m
     18 Linear |R| = [32m2.460513e-08[39m
 8 Nonlinear |R| = [32m1.104499e-07[39m
  Finished Solving                                                                       [[33m  6.39 s[39m] [[33m  188 MB[39m]
[32m Solve Converged![39m

Outlier Variable Residual Norms:
  disp_z: [33m9.405059e-08[39m

Postprocessor Values:
+----------------+----------------------+------------------+----------------+----------------+
| time           | compressive_strength | reaction_force_z | top_disp_z     | vonmises_max   |
+----------------+----------------------+------------------+----------------+----------------+
|   0.000000e+00 |         0.000000e+00 |     0.000000e+00 |   0.000000e+00 |   0.000000e+00 |
|   5.000000e-02 |        -4.329228e+05 |    -2.938693e-06 |  -1.000000e-04 |   1.446551e+06 |
|   1.000000e-01 |        -8.658456e+05 |    -1.112251e-06 |  -2.000000e-04 |   2.893102e+06 |
|   1.500000e-01 |        -1.281554e+06 |    -1.173024e-05 |  -3.000000e-04 |   3.500000e+06 |
|   2.000000e-01 |        -1.633550e+06 |     2.566036e-08 |  -4.000000e-04 |   3.500000e+06 |
+----------------+----------------------+------------------+----------------+----------------+


Time Step 5, time = 0.25, dt = 0.05
 0 Nonlinear |R| = [32m1.199314e+03[39m
      0 Linear |R| = [32m1.199314e+03[39m
      1 Linear |R| = [33m1.150982e+03[39m
      2 Linear |R| = [32m8.759623e+02[39m
      3 Linear |R| = [32m7.576882e+02[39m
      4 Linear |R| = [32m6.837188e+02[39m
      5 Linear |R| = [32m5.509808e+02[39m
      6 Linear |R| = [32m3.664770e+02[39m
      7 Linear |R| = [32m2.145704e+02[39m
      8 Linear |R| = [32m1.257671e+02[39m
      9 Linear |R| = [32m7.133892e+01[39m
     10 Linear |R| = [32m4.015650e+01[39m
     11 Linear |R| = [32m2.244104e+01[39m
     12 Linear |R| = [32m1.206486e+01[39m
     13 Linear |R| = [32m7.232335e+00[39m
     14 Linear |R| = [32m4.401066e+00[39m
     15 Linear |R| = [32m2.554859e+00[39m
     16 Linear |R| = [32m1.540304e+00[39m
     17 Linear |R| = [32m8.557507e-01[39m
     18 Linear |R| = [32m4.205912e-01[39m
     19 Linear |R| = [32m2.314700e-01[39m
     20 Linear |R| = [32m1.327999e-01[39m
     21 Linear |R| = [32m8.462073e-02[39m
     22 Linear |R| = [32m5.532743e-02[39m
     23 Linear |R| = [32m3.926035e-02[39m
     24 Linear |R| = [32m2.886426e-02[39m
     25 Linear |R| = [32m1.953366e-02[39m
     26 Linear |R| = [32m1.373666e-02[39m
     27 Linear |R| = [32m9.599944e-03[39m
 1 Nonlinear |R| = [32m1.095032e+03[39m
      0 Linear |R| = [32m1.095032e+03[39m
      1 Linear |R| = [33m1.050773e+03[39m
      2 Linear |R| = [32m8.858864e+02[39m
      3 Linear |R| = [32m8.267770e+02[39m
      4 Linear |R| = [32m7.757386e+02[39m
      5 Linear |R| = [32m7.041943e+02[39m
      6 Linear |R| = [32m5.437934e+02[39m
      7 Linear |R| = [32m3.346681e+02[39m
      8 Linear |R| = [32m1.973598e+02[39m
      9 Linear |R| = [32m1.089980e+02[39m
     10 Linear |R| = [32m5.623138e+01[39m
     11 Linear |R| = [32m2.669332e+01[39m
     12 Linear |R| = [32m1.297070e+01[39m
     13 Linear |R| = [32m6.792227e+00[39m
     14 Linear |R| = [32m3.399975e+00[39m
     15 Linear |R| = [32m1.639988e+00[39m
     16 Linear |R| = [32m9.545139e-01[39m
     17 Linear |R| = [32m5.689306e-01[39m
     18 Linear |R| = [32m3.430400e-01[39m
     19 Linear |R| = [32m2.395512e-01[39m
     20 Linear |R| = [32m1.869500e-01[39m
     21 Linear |R| = [32m1.380713e-01[39m
     22 Linear |R| = [32m9.663791e-02[39m
     23 Linear |R| = [32m5.653690e-02[39m
     24 Linear |R| = [32m3.039543e-02[39m
     25 Linear |R| = [32m1.570173e-02[39m
     26 Linear |R| = [32m9.419001e-03[39m
 2 Nonlinear |R| = [33m1.083898e+03[39m
      0 Linear |R| = [32m1.083898e+03[39m
      1 Linear |R| = [33m1.038454e+03[39m
      2 Linear |R| = [32m8.839624e+02[39m
      3 Linear |R| = [32m8.138846e+02[39m
      4 Linear |R| = [32m7.642297e+02[39m
      5 Linear |R| = [32m7.012169e+02[39m
      6 Linear |R| = [32m5.376147e+02[39m
      7 Linear |R| = [32m3.311356e+02[39m
      8 Linear |R| = [32m1.896078e+02[39m
      9 Linear |R| = [32m1.025972e+02[39m
     10 Linear |R| = [32m5.132833e+01[39m
     11 Linear |R| = [32m2.536219e+01[39m
     12 Linear |R| = [32m1.284929e+01[39m
     13 Linear |R| = [32m6.669004e+00[39m
     14 Linear |R| = [32m3.231098e+00[39m
     15 Linear |R| = [32m1.550238e+00[39m
     16 Linear |R| = [32m8.899110e-01[39m
     17 Linear |R| = [32m5.199237e-01[39m
     18 Linear |R| = [32m3.362054e-01[39m
     19 Linear |R| = [32m2.474949e-01[39m
     20 Linear |R| = [32m1.932125e-01[39m
     21 Linear |R| = [32m1.382903e-01[39m
     22 Linear |R| = [32m9.192607e-02[39m
     23 Linear |R| = [32m5.129702e-02[39m
     24 Linear |R| = [32m2.738454e-02[39m
     25 Linear |R| = [32m1.478419e-02[39m
     26 Linear |R| = [32m9.679728e-03[39m
 3 Nonlinear |R| = [33m1.072625e+03[39m
      0 Linear |R| = [32m1.072625e+03[39m
      1 Linear |R| = [33m1.027066e+03[39m
      2 Linear |R| = [32m8.784769e+02[39m
      3 Linear |R| = [32m7.938674e+02[39m
      4 Linear |R| = [32m7.538429e+02[39m
      5 Linear |R| = [32m7.026118e+02[39m
      6 Linear |R| = [32m5.445961e+02[39m
      7 Linear |R| = [32m3.304221e+02[39m
      8 Linear |R| = [32m1.805014e+02[39m
      9 Linear |R| = [32m9.631852e+01[39m
     10 Linear |R| = [32m4.868101e+01[39m
     11 Linear |R| = [32m2.613970e+01[39m
     12 Linear |R| = [32m1.338574e+01[39m
     13 Linear |R| = [32m6.936697e+00[39m
     14 Linear |R| = [32m3.264819e+00[39m
     15 Linear |R| = [32m1.709288e+00[39m
     16 Linear |R| = [32m9.711590e-01[39m
     17 Linear |R| = [32m5.448058e-01[39m
     18 Linear |R| = [32m3.527725e-01[39m
     19 Linear |R| = [32m2.633364e-01[39m
     20 Linear |R| = [32m2.067226e-01[39m
     21 Linear |R| = [32m1.478475e-01[39m
     22 Linear |R| = [32m9.410396e-02[39m
     23 Linear |R| = [32m5.129457e-02[39m
     24 Linear |R| = [32m2.788092e-02[39m
     25 Linear |R| = [32m1.603979e-02[39m
     26 Linear |R| = [32m1.065238e-02[39m
 4 Nonlinear |R| = [32m9.613585e+02[39m
      0 Linear |R| = [32m9.613585e+02[39m
      1 Linear |R| = [32m7.762552e+02[39m
      2 Linear |R| = [32m6.202116e+02[39m
      3 Linear |R| = [32m4.686364e+02[39m
      4 Linear |R| = [32m3.674968e+02[39m
      5 Linear |R| = [32m2.656916e+02[39m
      6 Linear |R| = [32m1.395902e+02[39m
      7 Linear |R| = [32m7.149256e+01[39m
      8 Linear |R| = [32m3.530221e+01[39m
      9 Linear |R| = [32m1.877718e+01[39m
     10 Linear |R| = [32m9.781035e+00[39m
     11 Linear |R| = [32m4.806468e+00[39m
     12 Linear |R| = [32m2.329630e+00[39m
     13 Linear |R| = [32m1.347310e+00[39m
     14 Linear |R| = [32m7.698345e-01[39m
     15 Linear |R| = [32m3.945705e-01[39m
     16 Linear |R| = [32m1.876623e-01[39m
     17 Linear |R| = [32m1.035328e-01[39m
     18 Linear |R| = [32m6.320939e-02[39m
     19 Linear |R| = [32m4.576817e-02[39m
     20 Linear |R| = [32m3.413369e-02[39m
     21 Linear |R| = [32m2.220024e-02[39m
     22 Linear |R| = [32m1.148151e-02[39m
     23 Linear |R| = [32m5.856981e-03[39m
 5 Nonlinear |R| = [32m7.668635e+02[39m
      0 Linear |R| = [32m7.668635e+02[39m
      1 Linear |R| = [32m4.531565e+02[39m
      2 Linear |R| = [32m3.253279e+02[39m
      3 Linear |R| = [32m1.815367e+02[39m
      4 Linear |R| = [32m9.680844e+01[39m
      5 Linear |R| = [32m4.925054e+01[39m
      6 Linear |R| = [32m2.525981e+01[39m
      7 Linear |R| = [32m1.504138e+01[39m
      8 Linear |R| = [32m8.576343e+00[39m
      9 Linear |R| = [32m4.832286e+00[39m
     10 Linear |R| = [32m2.630562e+00[39m
     11 Linear |R| = [32m1.429867e+00[39m
     12 Linear |R| = [32m7.523055e-01[39m
     13 Linear |R| = [32m3.834802e-01[39m
     14 Linear |R| = [32m1.849611e-01[39m
     15 Linear |R| = [32m8.882709e-02[39m
     16 Linear |R| = [32m4.296730e-02[39m
     17 Linear |R| = [32m1.970840e-02[39m
     18 Linear |R| = [32m1.009120e-02[39m
     19 Linear |R| = [32m6.052292e-03[39m
 6 Nonlinear |R| = [32m6.550537e+02[39m
      0 Linear |R| = [32m6.550537e+02[39m
      1 Linear |R| = [32m3.043762e+02[39m
      2 Linear |R| = [32m2.011133e+02[39m
      3 Linear |R| = [32m1.030574e+02[39m
      4 Linear |R| = [32m4.785260e+01[39m
      5 Linear |R| = [32m2.463414e+01[39m
      6 Linear |R| = [32m1.389464e+01[39m
      7 Linear |R| = [32m8.313177e+00[39m
      8 Linear |R| = [32m4.474830e+00[39m
      9 Linear |R| = [32m2.399810e+00[39m
     10 Linear |R| = [32m1.317790e+00[39m
     11 Linear |R| = [32m7.287088e-01[39m
     12 Linear |R| = [32m3.865642e-01[39m
     13 Linear |R| = [32m1.904354e-01[39m
     14 Linear |R| = [32m8.554721e-02[39m
     15 Linear |R| = [32m3.930137e-02[39m
     16 Linear |R| = [32m1.931043e-02[39m
     17 Linear |R| = [32m8.440901e-03[39m
     18 Linear |R| = [32m3.950541e-03[39m
 7 Nonlinear |R| = [32m4.302189e+02[39m
      0 Linear |R| = [32m4.302189e+02[39m
      1 Linear |R| = [32m1.278903e+02[39m
      2 Linear |R| = [32m6.773240e+01[39m
      3 Linear |R| = [32m3.884261e+01[39m
      4 Linear |R| = [32m2.028627e+01[39m
      5 Linear |R| = [32m9.969873e+00[39m
      6 Linear |R| = [32m5.122866e+00[39m
      7 Linear |R| = [32m2.769456e+00[39m
      8 Linear |R| = [32m1.484784e+00[39m
      9 Linear |R| = [32m8.272712e-01[39m
     10 Linear |R| = [32m4.334777e-01[39m
     11 Linear |R| = [32m2.410687e-01[39m
     12 Linear |R| = [32m1.422406e-01[39m
     13 Linear |R| = [32m7.700997e-02[39m
     14 Linear |R| = [32m3.511236e-02[39m
     15 Linear |R| = [32m1.441858e-02[39m
     16 Linear |R| = [32m6.205285e-03[39m
     17 Linear |R| = [32m2.737294e-03[39m
 8 Nonlinear |R| = [32m7.241796e+00[39m
      0 Linear |R| = [32m7.241796e+00[39m
      1 Linear |R| = [32m1.852026e+00[39m
      2 Linear |R| = [32m7.473570e-01[39m
      3 Linear |R| = [32m3.479665e-01[39m
      4 Linear |R| = [32m1.619095e-01[39m
      5 Linear |R| = [32m8.838232e-02[39m
      6 Linear |R| = [32m4.743480e-02[39m
      7 Linear |R| = [32m2.409972e-02[39m
      8 Linear |R| = [32m1.373952e-02[39m
      9 Linear |R| = [32m7.997599e-03[39m
     10 Linear |R| = [32m4.446164e-03[39m
     11 Linear |R| = [32m2.282346e-03[39m
     12 Linear |R| = [32m1.179512e-03[39m
     13 Linear |R| = [32m6.042806e-04[39m
     14 Linear |R| = [32m3.193428e-04[39m
     15 Linear |R| = [32m1.666684e-04[39m
     16 Linear |R| = [32m8.849452e-05[39m
     17 Linear |R| = [32m5.052360e-05[39m
 9 Nonlinear |R| = [32m1.318375e-03[39m
      0 Linear |R| = [32m1.318375e-03[39m
      1 Linear |R| = [32m4.529482e-04[39m
      2 Linear |R| = [32m2.195510e-04[39m
      3 Linear |R| = [32m1.178466e-04[39m
      4 Linear |R| = [32m7.264351e-05[39m
      5 Linear |R| = [32m4.289349e-05[39m
      6 Linear |R| = [32m2.290652e-05[39m
      7 Linear |R| = [32m1.438492e-05[39m
      8 Linear |R| = [32m9.694183e-06[39m
      9 Linear |R| = [32m6.422018e-06[39m
     10 Linear |R| = [32m4.572814e-06[39m
     11 Linear |R| = [32m3.138183e-06[39m
     12 Linear |R| = [32m1.995591e-06[39m
     13 Linear |R| = [32m1.152972e-06[39m
     14 Linear |R| = [32m6.356686e-07[39m
     15 Linear |R| = [32m3.736556e-07[39m
     16 Linear |R| = [32m2.133400e-07[39m
     17 Linear |R| = [32m1.047141e-07[39m
     18 Linear |R| = [32m4.503345e-08[39m
     19 Linear |R| = [32m2.017883e-08[39m
     20 Linear |R| = [32m9.645362e-09[39m
10 Nonlinear |R| = [32m1.643984e-08[39m
[32m Solve Converged![39m
  Finished Solving                                                                       [[33m 10.26 s[39m] [[33m  185 MB[39m]

Postprocessor Values:
+----------------+----------------------+------------------+----------------+----------------+
| time           | compressive_strength | reaction_force_z | top_disp_z     | vonmises_max   |
+----------------+----------------------+------------------+----------------+----------------+
|   0.000000e+00 |         0.000000e+00 |     0.000000e+00 |   0.000000e+00 |   0.000000e+00 |
|   5.000000e-02 |        -4.329228e+05 |    -2.938693e-06 |  -1.000000e-04 |   1.446551e+06 |
|   1.000000e-01 |        -8.658456e+05 |    -1.112251e-06 |  -2.000000e-04 |   2.893102e+06 |
|   1.500000e-01 |        -1.281554e+06 |    -1.173024e-05 |  -3.000000e-04 |   3.500000e+06 |
|   2.000000e-01 |        -1.633550e+06 |     2.566036e-08 |  -4.000000e-04 |   3.500000e+06 |
|   2.500000e-01 |        -1.873257e+06 |    -3.348939e-08 |  -5.000000e-04 |   3.500000e+06 |
+----------------+----------------------+------------------+----------------+----------------+


Time Step 6, time = 0.3, dt = 0.05
 0 Nonlinear |R| = [32m1.129703e+03[39m
      0 Linear |R| = [32m1.129703e+03[39m
      1 Linear |R| = [32m1.072062e+03[39m
      2 Linear |R| = [32m8.093546e+02[39m
      3 Linear |R| = [32m7.030422e+02[39m
      4 Linear |R| = [32m6.363539e+02[39m
      5 Linear |R| = [32m5.215025e+02[39m
      6 Linear |R| = [32m3.563907e+02[39m
      7 Linear |R| = [32m2.141969e+02[39m
      8 Linear |R| = [32m1.290643e+02[39m
      9 Linear |R| = [32m7.390307e+01[39m
     10 Linear |R| = [32m4.116419e+01[39m
     11 Linear |R| = [32m2.303590e+01[39m
     12 Linear |R| = [32m1.253879e+01[39m
     13 Linear |R| = [32m7.495853e+00[39m
     14 Linear |R| = [32m4.613050e+00[39m
     15 Linear |R| = [32m2.678164e+00[39m
     16 Linear |R| = [32m1.602436e+00[39m
     17 Linear |R| = [32m9.111564e-01[39m
     18 Linear |R| = [32m4.610316e-01[39m
     19 Linear |R| = [32m2.565853e-01[39m
     20 Linear |R| = [32m1.535691e-01[39m
     21 Linear |R| = [32m1.025702e-01[39m
     22 Linear |R| = [32m7.122649e-02[39m
     23 Linear |R| = [32m5.193183e-02[39m
     24 Linear |R| = [32m3.841360e-02[39m
     25 Linear |R| = [32m2.547263e-02[39m
     26 Linear |R| = [32m1.739382e-02[39m
     27 Linear |R| = [32m1.167298e-02[39m
     28 Linear |R| = [32m7.260438e-03[39m
 1 Nonlinear |R| = [32m1.034264e+03[39m
      0 Linear |R| = [32m1.034264e+03[39m
      1 Linear |R| = [33m9.875981e+02[39m
      2 Linear |R| = [32m8.392070e+02[39m
      3 Linear |R| = [32m7.957942e+02[39m
      4 Linear |R| = [33m7.641008e+02[39m
      5 Linear |R| = [33m7.277817e+02[39m
      6 Linear |R| = [32m6.690381e+02[39m
      7 Linear |R| = [32m5.507129e+02[39m
      8 Linear |R| = [32m4.038493e+02[39m
      9 Linear |R| = [32m2.633477e+02[39m
     10 Linear |R| = [32m1.544041e+02[39m
     11 Linear |R| = [32m8.051168e+01[39m
     12 Linear |R| = [32m4.520014e+01[39m
     13 Linear |R| = [32m2.460570e+01[39m
     14 Linear |R| = [32m1.291744e+01[39m
     15 Linear |R| = [32m6.786289e+00[39m
     16 Linear |R| = [32m3.617722e+00[39m
     17 Linear |R| = [32m1.815167e+00[39m
     18 Linear |R| = [32m9.718362e-01[39m
     19 Linear |R| = [32m6.217788e-01[39m
     20 Linear |R| = [32m4.695956e-01[39m
     21 Linear |R| = [32m3.630838e-01[39m
     22 Linear |R| = [32m2.790717e-01[39m
     23 Linear |R| = [32m1.885124e-01[39m
     24 Linear |R| = [32m1.170649e-01[39m
     25 Linear |R| = [32m6.744941e-02[39m
     26 Linear |R| = [32m3.974921e-02[39m
     27 Linear |R| = [32m2.409156e-02[39m
     28 Linear |R| = [32m1.450159e-02[39m
     29 Linear |R| = [32m1.009177e-02[39m
 2 Nonlinear |R| = [33m1.023260e+03[39m
      0 Linear |R| = [32m1.023260e+03[39m
      1 Linear |R| = [33m9.738533e+02[39m
      2 Linear |R| = [32m8.387204e+02[39m
      3 Linear |R| = [32m7.794471e+02[39m
      4 Linear |R| = [33m7.491069e+02[39m
      5 Linear |R| = [33m7.252342e+02[39m
      6 Linear |R| = [32m6.805064e+02[39m
      7 Linear |R| = [32m5.749333e+02[39m
      8 Linear |R| = [32m4.192100e+02[39m
      9 Linear |R| = [32m2.848742e+02[39m
     10 Linear |R| = [32m1.805289e+02[39m
     11 Linear |R| = [32m1.084615e+02[39m
     12 Linear |R| = [32m6.231414e+01[39m
     13 Linear |R| = [32m3.358392e+01[39m
     14 Linear |R| = [32m1.745762e+01[39m
     15 Linear |R| = [32m9.679365e+00[39m
     16 Linear |R| = [32m4.983617e+00[39m
     17 Linear |R| = [32m2.233581e+00[39m
     18 Linear |R| = [32m1.178808e+00[39m
     19 Linear |R| = [32m6.757065e-01[39m
     20 Linear |R| = [32m4.624544e-01[39m
     21 Linear |R| = [32m3.575384e-01[39m
     22 Linear |R| = [32m2.822091e-01[39m
     23 Linear |R| = [32m2.070442e-01[39m
     24 Linear |R| = [32m1.378615e-01[39m
     25 Linear |R| = [32m8.055531e-02[39m
     26 Linear |R| = [32m4.547316e-02[39m
     27 Linear |R| = [32m2.574857e-02[39m
     28 Linear |R| = [32m1.631565e-02[39m
     29 Linear |R| = [32m1.199048e-02[39m
     30 Linear |R| = [32m8.808339e-03[39m
 3 Nonlinear |R| = [32m8.968002e+02[39m
      0 Linear |R| = [32m8.968002e+02[39m
      1 Linear |R| = [32m7.100939e+02[39m
      2 Linear |R| = [32m5.755035e+02[39m
      3 Linear |R| = [32m4.532301e+02[39m
      4 Linear |R| = [32m3.801078e+02[39m
      5 Linear |R| = [32m2.978578e+02[39m
      6 Linear |R| = [32m1.830036e+02[39m
      7 Linear |R| = [32m1.178462e+02[39m
      8 Linear |R| = [32m7.835419e+01[39m
      9 Linear |R| = [32m5.128767e+01[39m
     10 Linear |R| = [32m3.120354e+01[39m
     11 Linear |R| = [32m1.809991e+01[39m
     12 Linear |R| = [32m1.030634e+01[39m
     13 Linear |R| = [32m5.994972e+00[39m
     14 Linear |R| = [32m3.231625e+00[39m
     15 Linear |R| = [32m1.799687e+00[39m
     16 Linear |R| = [32m9.169123e-01[39m
     17 Linear |R| = [32m4.740410e-01[39m
     18 Linear |R| = [32m2.481468e-01[39m
     19 Linear |R| = [32m1.194891e-01[39m
     20 Linear |R| = [32m6.277767e-02[39m
     21 Linear |R| = [32m3.454420e-02[39m
     22 Linear |R| = [32m2.364830e-02[39m
     23 Linear |R| = [32m1.780733e-02[39m
     24 Linear |R| = [32m1.315947e-02[39m
     25 Linear |R| = [32m9.102965e-03[39m
     26 Linear |R| = [32m5.403882e-03[39m
 4 Nonlinear |R| = [32m7.026383e+02[39m
      0 Linear |R| = [32m7.026383e+02[39m
      1 Linear |R| = [32m3.681934e+02[39m
      2 Linear |R| = [32m2.679411e+02[39m
      3 Linear |R| = [32m1.587701e+02[39m
      4 Linear |R| = [32m8.476279e+01[39m
      5 Linear |R| = [32m4.923754e+01[39m
      6 Linear |R| = [32m3.578629e+01[39m
      7 Linear |R| = [32m2.815964e+01[39m
      8 Linear |R| = [32m2.015236e+01[39m
      9 Linear |R| = [32m1.260001e+01[39m
     10 Linear |R| = [32m7.535403e+00[39m
     11 Linear |R| = [32m4.589974e+00[39m
     12 Linear |R| = [32m2.910729e+00[39m
     13 Linear |R| = [32m1.677254e+00[39m
     14 Linear |R| = [32m8.583689e-01[39m
     15 Linear |R| = [32m4.672503e-01[39m
     16 Linear |R| = [32m2.608163e-01[39m
     17 Linear |R| = [32m1.341586e-01[39m
     18 Linear |R| = [32m6.954415e-02[39m
     19 Linear |R| = [32m3.257737e-02[39m
     20 Linear |R| = [32m1.600526e-02[39m
     21 Linear |R| = [32m7.842158e-03[39m
     22 Linear |R| = [32m3.867051e-03[39m
 5 Nonlinear |R| = [32m5.733167e+02[39m
      0 Linear |R| = [32m5.733167e+02[39m
      1 Linear |R| = [32m2.032319e+02[39m
      2 Linear |R| = [32m1.264066e+02[39m
      3 Linear |R| = [32m7.270724e+01[39m
      4 Linear |R| = [32m4.256902e+01[39m
      5 Linear |R| = [32m2.745549e+01[39m
      6 Linear |R| = [32m1.906726e+01[39m
      7 Linear |R| = [32m1.295758e+01[39m
      8 Linear |R| = [32m8.588343e+00[39m
      9 Linear |R| = [32m5.125005e+00[39m
     10 Linear |R| = [32m2.856394e+00[39m
     11 Linear |R| = [32m1.660745e+00[39m
     12 Linear |R| = [32m9.913827e-01[39m
     13 Linear |R| = [32m5.486130e-01[39m
     14 Linear |R| = [32m3.039202e-01[39m
     15 Linear |R| = [32m1.702727e-01[39m
     16 Linear |R| = [32m8.972580e-02[39m
     17 Linear |R| = [32m4.850234e-02[39m
     18 Linear |R| = [32m2.557361e-02[39m
     19 Linear |R| = [32m1.311084e-02[39m
     20 Linear |R| = [32m6.884857e-03[39m
     21 Linear |R| = [32m3.639556e-03[39m
 6 Nonlinear |R| = [32m2.680577e+02[39m
      0 Linear |R| = [32m2.680577e+02[39m
      1 Linear |R| = [32m7.882422e+01[39m
      2 Linear |R| = [32m2.219100e+01[39m
      3 Linear |R| = [32m9.948944e+00[39m
      4 Linear |R| = [32m5.958087e+00[39m
      5 Linear |R| = [32m3.819782e+00[39m
      6 Linear |R| = [32m2.743534e+00[39m
      7 Linear |R| = [32m2.029717e+00[39m
      8 Linear |R| = [32m1.345126e+00[39m
      9 Linear |R| = [32m8.296762e-01[39m
     10 Linear |R| = [32m4.928399e-01[39m
     11 Linear |R| = [32m3.087015e-01[39m
     12 Linear |R| = [32m1.959370e-01[39m
     13 Linear |R| = [32m1.161876e-01[39m
     14 Linear |R| = [32m6.438512e-02[39m
     15 Linear |R| = [32m3.571752e-02[39m
     16 Linear |R| = [32m2.012161e-02[39m
     17 Linear |R| = [32m1.035165e-02[39m
     18 Linear |R| = [32m5.177276e-03[39m
     19 Linear |R| = [32m2.578023e-03[39m
 7 Nonlinear |R| = [32m5.239526e-01[39m
      0 Linear |R| = [32m5.239526e-01[39m
      1 Linear |R| = [32m1.707533e-01[39m
      2 Linear |R| = [32m7.591159e-02[39m
      3 Linear |R| = [32m4.294428e-02[39m
      4 Linear |R| = [32m2.697612e-02[39m
      5 Linear |R| = [32m1.646731e-02[39m
      6 Linear |R| = [32m1.024315e-02[39m
      7 Linear |R| = [32m6.759161e-03[39m
      8 Linear |R| = [32m4.513838e-03[39m
      9 Linear |R| = [32m2.917693e-03[39m
     10 Linear |R| = [32m1.793686e-03[39m
     11 Linear |R| = [32m1.055651e-03[39m
     12 Linear |R| = [32m5.968573e-04[39m
     13 Linear |R| = [32m3.458036e-04[39m
     14 Linear |R| = [32m1.955219e-04[39m
     15 Linear |R| = [32m1.019275e-04[39m
     16 Linear |R| = [32m5.107157e-05[39m
     17 Linear |R| = [32m2.679696e-05[39m
     18 Linear |R| = [32m1.464231e-05[39m
     19 Linear |R| = [32m7.886370e-06[39m
     20 Linear |R| = [32m4.483512e-06[39m
 8 Nonlinear |R| = [32m3.188922e-05[39m
  Finished Solving                                                                       [[33m  9.11 s[39m] [[33m  188 MB[39m]
[32m Solve Converged![39m

Postprocessor Values:
+----------------+----------------------+------------------+----------------+----------------+
| time           | compressive_strength | reaction_force_z | top_disp_z     | vonmises_max   |
+----------------+----------------------+------------------+----------------+----------------+
|   0.000000e+00 |         0.000000e+00 |     0.000000e+00 |   0.000000e+00 |   0.000000e+00 |
|   5.000000e-02 |        -4.329228e+05 |    -2.938693e-06 |  -1.000000e-04 |   1.446551e+06 |
|   1.000000e-01 |        -8.658456e+05 |    -1.112251e-06 |  -2.000000e-04 |   2.893102e+06 |
|   1.500000e-01 |        -1.281554e+06 |    -1.173024e-05 |  -3.000000e-04 |   3.500000e+06 |
|   2.000000e-01 |        -1.633550e+06 |     2.566036e-08 |  -4.000000e-04 |   3.500000e+06 |
|   2.500000e-01 |        -1.873257e+06 |    -3.348939e-08 |  -5.000000e-04 |   3.500000e+06 |
|   3.000000e-01 |        -1.989241e+06 |     1.617896e-05 |  -6.000000e-04 |   3.500000e+06 |
+----------------+----------------------+------------------+----------------+----------------+


Time Step 7, time = 0.35, dt = 0.05
 0 Nonlinear |R| = [32m1.100176e+03[39m
      0 Linear |R| = [32m1.100176e+03[39m
      1 Linear |R| = [32m1.036743e+03[39m
      2 Linear |R| = [32m7.779925e+02[39m
      3 Linear |R| = [32m6.755086e+02[39m
      4 Linear |R| = [32m6.112008e+02[39m
      5 Linear |R| = [32m5.060384e+02[39m
      6 Linear |R| = [32m3.521072e+02[39m
      7 Linear |R| = [32m2.162438e+02[39m
      8 Linear |R| = [32m1.318300e+02[39m
      9 Linear |R| = [32m7.613880e+01[39m
     10 Linear |R| = [32m4.206578e+01[39m
     11 Linear |R| = [32m2.356495e+01[39m
     12 Linear |R| = [32m1.307878e+01[39m
     13 Linear |R| = [32m7.709239e+00[39m
     14 Linear |R| = [32m4.761864e+00[39m
     15 Linear |R| = [32m2.789213e+00[39m
     16 Linear |R| = [32m1.653362e+00[39m
     17 Linear |R| = [32m9.579813e-01[39m
     18 Linear |R| = [32m5.138476e-01[39m
     19 Linear |R| = [32m2.984858e-01[39m
     20 Linear |R| = [32m1.987148e-01[39m
     21 Linear |R| = [32m1.456082e-01[39m
     22 Linear |R| = [32m1.062349e-01[39m
     23 Linear |R| = [32m7.839454e-02[39m
     24 Linear |R| = [32m5.563992e-02[39m
     25 Linear |R| = [32m3.381142e-02[39m
     26 Linear |R| = [32m2.229675e-02[39m
     27 Linear |R| = [32m1.391500e-02[39m
     28 Linear |R| = [32m8.178062e-03[39m
 1 Nonlinear |R| = [32m1.009964e+03[39m
      0 Linear |R| = [32m1.009964e+03[39m
      1 Linear |R| = [33m9.608871e+02[39m
      2 Linear |R| = [32m8.200955e+02[39m
      3 Linear |R| = [33m7.823740e+02[39m
      4 Linear |R| = [33m7.597575e+02[39m
      5 Linear |R| = [33m7.372581e+02[39m
      6 Linear |R| = [33m7.225036e+02[39m
      7 Linear |R| = [33m7.015080e+02[39m
      8 Linear |R| = [32m6.570243e+02[39m
      9 Linear |R| = [32m5.815284e+02[39m
     10 Linear |R| = [32m4.699206e+02[39m
     11 Linear |R| = [32m3.291179e+02[39m
     12 Linear |R| = [32m2.164030e+02[39m
     13 Linear |R| = [32m1.299070e+02[39m
     14 Linear |R| = [32m8.463610e+01[39m
     15 Linear |R| = [32m5.959131e+01[39m
     16 Linear |R| = [32m3.995138e+01[39m
     17 Linear |R| = [32m2.562355e+01[39m
     18 Linear |R| = [32m1.570218e+01[39m
     19 Linear |R| = [32m8.214606e+00[39m
     20 Linear |R| = [32m4.093210e+00[39m
     21 Linear |R| = [32m2.111410e+00[39m
     22 Linear |R| = [32m1.215618e+00[39m
     23 Linear |R| = [32m7.615990e-01[39m
     24 Linear |R| = [32m5.571686e-01[39m
     25 Linear |R| = [32m4.406158e-01[39m
     26 Linear |R| = [32m3.581330e-01[39m
     27 Linear |R| = [32m2.735919e-01[39m
     28 Linear |R| = [32m1.884759e-01[39m
     29 Linear |R| = [32m1.211458e-01[39m
     30 Linear |R| = [31m5.370360e-01[39m
     31 Linear |R| = [32m2.018709e-01[39m
     32 Linear |R| = [32m1.447466e-01[39m
     33 Linear |R| = [32m1.035854e-01[39m
     34 Linear |R| = [32m6.935287e-02[39m
     35 Linear |R| = [32m6.070812e-02[39m
     36 Linear |R| = [33m5.937936e-02[39m
     37 Linear |R| = [33m5.843978e-02[39m
     38 Linear |R| = [33m5.714521e-02[39m
     39 Linear |R| = [33m5.603793e-02[39m
     40 Linear |R| = [33m5.438297e-02[39m
     41 Linear |R| = [33m5.218546e-02[39m
     42 Linear |R| = [32m4.944340e-02[39m
     43 Linear |R| = [32m4.691063e-02[39m
     44 Linear |R| = [32m4.131652e-02[39m
     45 Linear |R| = [32m3.577305e-02[39m
     46 Linear |R| = [32m3.034443e-02[39m
     47 Linear |R| = [32m2.384728e-02[39m
     48 Linear |R| = [32m1.807408e-02[39m
     49 Linear |R| = [32m1.196037e-02[39m
     50 Linear |R| = [32m7.302584e-03[39m
 2 Nonlinear |R| = [32m8.826795e+02[39m
      0 Linear |R| = [32m8.826795e+02[39m
      1 Linear |R| = [32m6.870580e+02[39m
      2 Linear |R| = [32m5.557558e+02[39m
      3 Linear |R| = [32m4.470276e+02[39m
      4 Linear |R| = [32m3.836584e+02[39m
      5 Linear |R| = [32m3.103420e+02[39m
      6 Linear |R| = [32m2.005053e+02[39m
      7 Linear |R| = [32m1.356056e+02[39m
      8 Linear |R| = [32m9.965930e+01[39m
      9 Linear |R| = [32m7.021892e+01[39m
     10 Linear |R| = [32m4.351000e+01[39m
     11 Linear |R| = [32m2.567896e+01[39m
     12 Linear |R| = [32m1.418212e+01[39m
     13 Linear |R| = [32m8.048205e+00[39m
     14 Linear |R| = [32m5.024114e+00[39m
     15 Linear |R| = [32m3.572593e+00[39m
     16 Linear |R| = [32m2.662592e+00[39m
     17 Linear |R| = [32m1.858043e+00[39m
     18 Linear |R| = [32m1.189270e+00[39m
     19 Linear |R| = [32m5.834995e-01[39m
     20 Linear |R| = [32m2.963308e-01[39m
     21 Linear |R| = [32m1.617821e-01[39m
     22 Linear |R| = [32m8.449122e-02[39m
     23 Linear |R| = [32m4.622802e-02[39m
     24 Linear |R| = [32m2.668139e-02[39m
     25 Linear |R| = [32m1.659228e-02[39m
     26 Linear |R| = [32m1.068488e-02[39m
     27 Linear |R| = [32m7.193849e-03[39m
 3 Nonlinear |R| = [32m6.923839e+02[39m
      0 Linear |R| = [32m6.923839e+02[39m
      1 Linear |R| = [32m3.387438e+02[39m
      2 Linear |R| = [32m2.374142e+02[39m
      3 Linear |R| = [32m1.475121e+02[39m
      4 Linear |R| = [32m8.490212e+01[39m
      5 Linear |R| = [32m4.989581e+01[39m
      6 Linear |R| = [32m3.547214e+01[39m
      7 Linear |R| = [32m2.649727e+01[39m
      8 Linear |R| = [32m1.867812e+01[39m
      9 Linear |R| = [32m1.143020e+01[39m
     10 Linear |R| = [32m6.526883e+00[39m
     11 Linear |R| = [32m3.737881e+00[39m
     12 Linear |R| = [32m2.392344e+00[39m
     13 Linear |R| = [32m1.623136e+00[39m
     14 Linear |R| = [32m1.147455e+00[39m
     15 Linear |R| = [32m8.513627e-01[39m
     16 Linear |R| = [32m6.189451e-01[39m
     17 Linear |R| = [32m3.735203e-01[39m
     18 Linear |R| = [32m2.158396e-01[39m
     19 Linear |R| = [32m1.175016e-01[39m
     20 Linear |R| = [32m6.221726e-02[39m
     21 Linear |R| = [32m3.460894e-02[39m
     22 Linear |R| = [32m1.845713e-02[39m
     23 Linear |R| = [32m1.048351e-02[39m
     24 Linear |R| = [32m5.931575e-03[39m
 4 Nonlinear |R| = [32m5.258251e+02[39m
      0 Linear |R| = [32m5.258251e+02[39m
      1 Linear |R| = [32m1.693360e+02[39m
      2 Linear |R| = [32m9.745855e+01[39m
      3 Linear |R| = [32m5.781769e+01[39m
      4 Linear |R| = [32m3.708079e+01[39m
      5 Linear |R| = [32m2.406578e+01[39m
      6 Linear |R| = [32m1.634311e+01[39m
      7 Linear |R| = [32m1.064663e+01[39m
      8 Linear |R| = [32m6.845333e+00[39m
      9 Linear |R| = [32m4.167029e+00[39m
     10 Linear |R| = [32m2.390120e+00[39m
     11 Linear |R| = [32m1.463236e+00[39m
     12 Linear |R| = [32m1.009111e+00[39m
     13 Linear |R| = [32m7.424047e-01[39m
     14 Linear |R| = [32m5.442596e-01[39m
     15 Linear |R| = [32m3.617395e-01[39m
     16 Linear |R| = [32m2.412493e-01[39m
     17 Linear |R| = [32m1.543959e-01[39m
     18 Linear |R| = [32m9.452863e-02[39m
     19 Linear |R| = [32m5.479442e-02[39m
     20 Linear |R| = [32m3.264251e-02[39m
     21 Linear |R| = [32m1.984070e-02[39m
     22 Linear |R| = [32m1.041254e-02[39m
     23 Linear |R| = [32m5.132449e-03[39m
 5 Nonlinear |R| = [32m1.135804e+02[39m
      0 Linear |R| = [32m1.135804e+02[39m
      1 Linear |R| = [32m3.584709e+01[39m
      2 Linear |R| = [32m9.702006e+00[39m
      3 Linear |R| = [32m4.710446e+00[39m
      4 Linear |R| = [32m2.903579e+00[39m
      5 Linear |R| = [32m1.940055e+00[39m
      6 Linear |R| = [32m1.380817e+00[39m
      7 Linear |R| = [32m1.007716e+00[39m
      8 Linear |R| = [32m6.824753e-01[39m
      9 Linear |R| = [32m4.192905e-01[39m
     10 Linear |R| = [32m2.282945e-01[39m
     11 Linear |R| = [32m1.257303e-01[39m
     12 Linear |R| = [32m7.539458e-02[39m
     13 Linear |R| = [32m4.923998e-02[39m
     14 Linear |R| = [32m3.422005e-02[39m
     15 Linear |R| = [32m2.459270e-02[39m
     16 Linear |R| = [32m1.803243e-02[39m
     17 Linear |R| = [32m1.177092e-02[39m
     18 Linear |R| = [32m7.533468e-03[39m
     19 Linear |R| = [32m4.600036e-03[39m
     20 Linear |R| = [32m2.833510e-03[39m
     21 Linear |R| = [32m1.788788e-03[39m
     22 Linear |R| = [32m1.093888e-03[39m
 6 Nonlinear |R| = [32m9.227621e-01[39m
      0 Linear |R| = [32m9.227621e-01[39m
      1 Linear |R| = [32m2.956648e-01[39m
      2 Linear |R| = [32m1.094650e-01[39m
      3 Linear |R| = [32m5.516847e-02[39m
      4 Linear |R| = [32m2.982576e-02[39m
      5 Linear |R| = [32m1.628838e-02[39m
      6 Linear |R| = [32m9.687779e-03[39m
      7 Linear |R| = [32m6.404006e-03[39m
      8 Linear |R| = [32m4.633809e-03[39m
      9 Linear |R| = [32m3.345415e-03[39m
     10 Linear |R| = [32m2.340591e-03[39m
     11 Linear |R| = [32m1.627307e-03[39m
     12 Linear |R| = [32m1.115702e-03[39m
     13 Linear |R| = [32m7.481568e-04[39m
     14 Linear |R| = [32m4.818242e-04[39m
     15 Linear |R| = [32m2.902338e-04[39m
     16 Linear |R| = [32m1.724778e-04[39m
     17 Linear |R| = [32m1.077179e-04[39m
     18 Linear |R| = [32m7.074161e-05[39m
     19 Linear |R| = [32m4.749958e-05[39m
     20 Linear |R| = [32m2.946185e-05[39m
     21 Linear |R| = [32m1.741840e-05[39m
     22 Linear |R| = [32m9.255654e-06[39m
     23 Linear |R| = [32m4.637154e-06[39m
 7 Nonlinear |R| = [32m7.131797e-05[39m
  Finished Solving                                                                       [[33m  7.74 s[39m] [[33m  186 MB[39m]
[32m Solve Converged![39m

Outlier Variable Residual Norms:
  disp_z: [33m6.212396e-05[39m

Postprocessor Values:
+----------------+----------------------+------------------+----------------+----------------+
| time           | compressive_strength | reaction_force_z | top_disp_z     | vonmises_max   |
+----------------+----------------------+------------------+----------------+----------------+
|   0.000000e+00 |         0.000000e+00 |     0.000000e+00 |   0.000000e+00 |   0.000000e+00 |
|   5.000000e-02 |        -4.329228e+05 |    -2.938693e-06 |  -1.000000e-04 |   1.446551e+06 |
|   1.000000e-01 |        -8.658456e+05 |    -1.112251e-06 |  -2.000000e-04 |   2.893102e+06 |
|   1.500000e-01 |        -1.281554e+06 |    -1.173024e-05 |  -3.000000e-04 |   3.500000e+06 |
|   2.000000e-01 |        -1.633550e+06 |     2.566036e-08 |  -4.000000e-04 |   3.500000e+06 |
|   2.500000e-01 |        -1.873257e+06 |    -3.348939e-08 |  -5.000000e-04 |   3.500000e+06 |
|   3.000000e-01 |        -1.989241e+06 |     1.617896e-05 |  -6.000000e-04 |   3.500000e+06 |
|   3.500000e-01 |        -2.074472e+06 |     1.841035e-05 |  -7.000000e-04 |   3.500000e+06 |
+----------------+----------------------+------------------+----------------+----------------+


Time Step 8, time = 0.4, dt = 0.05
 0 Nonlinear |R| = [32m1.088429e+03[39m
      0 Linear |R| = [32m1.088429e+03[39m
      1 Linear |R| = [32m1.021737e+03[39m
      2 Linear |R| = [32m7.640018e+02[39m
      3 Linear |R| = [32m6.628338e+02[39m
      4 Linear |R| = [32m5.997417e+02[39m
      5 Linear |R| = [32m4.986882e+02[39m
      6 Linear |R| = [32m3.498130e+02[39m
      7 Linear |R| = [32m2.168851e+02[39m
      8 Linear |R| = [32m1.327081e+02[39m
      9 Linear |R| = [32m7.742305e+01[39m
     10 Linear |R| = [32m4.242141e+01[39m
     11 Linear |R| = [32m2.379566e+01[39m
     12 Linear |R| = [32m1.329515e+01[39m
     13 Linear |R| = [32m7.853802e+00[39m
     14 Linear |R| = [32m4.820508e+00[39m
     15 Linear |R| = [32m2.836209e+00[39m
     16 Linear |R| = [32m1.687482e+00[39m
     17 Linear |R| = [32m9.700937e-01[39m
     18 Linear |R| = [32m5.292967e-01[39m
     19 Linear |R| = [32m3.071802e-01[39m
     20 Linear |R| = [32m2.080031e-01[39m
     21 Linear |R| = [32m1.540237e-01[39m
     22 Linear |R| = [32m1.133229e-01[39m
     23 Linear |R| = [32m8.259533e-02[39m
     24 Linear |R| = [32m5.852863e-02[39m
     25 Linear |R| = [32m3.613009e-02[39m
     26 Linear |R| = [32m2.330160e-02[39m
     27 Linear |R| = [32m1.479749e-02[39m
     28 Linear |R| = [32m8.654625e-03[39m
 1 Nonlinear |R| = [32m9.991791e+02[39m
      0 Linear |R| = [32m9.991791e+02[39m
      1 Linear |R| = [32m9.478767e+02[39m
      2 Linear |R| = [32m8.085435e+02[39m
      3 Linear |R| = [33m7.700097e+02[39m
      4 Linear |R| = [33m7.478208e+02[39m
      5 Linear |R| = [33m7.275566e+02[39m
      6 Linear |R| = [33m7.171054e+02[39m
      7 Linear |R| = [33m7.060723e+02[39m
      8 Linear |R| = [33m6.824992e+02[39m
      9 Linear |R| = [32m6.371332e+02[39m
     10 Linear |R| = [32m5.620799e+02[39m
     11 Linear |R| = [32m4.443335e+02[39m
     12 Linear |R| = [32m3.132027e+02[39m
     13 Linear |R| = [32m1.872204e+02[39m
     14 Linear |R| = [32m1.176284e+02[39m
     15 Linear |R| = [32m7.991423e+01[39m
     16 Linear |R| = [32m5.599526e+01[39m
     17 Linear |R| = [32m3.933534e+01[39m
     18 Linear |R| = [32m2.695539e+01[39m
     19 Linear |R| = [32m1.545518e+01[39m
     20 Linear |R| = [32m8.409685e+00[39m
     21 Linear |R| = [32m4.561186e+00[39m
     22 Linear |R| = [32m2.607854e+00[39m
     23 Linear |R| = [32m1.563879e+00[39m
     24 Linear |R| = [32m9.902190e-01[39m
     25 Linear |R| = [32m6.599641e-01[39m
     26 Linear |R| = [32m4.884986e-01[39m
     27 Linear |R| = [32m3.942188e-01[39m
     28 Linear |R| = [32m3.220808e-01[39m
     29 Linear |R| = [32m2.447747e-01[39m
     30 Linear |R| = [31m6.983442e-01[39m
     31 Linear |R| = [32m2.814051e-01[39m
     32 Linear |R| = [32m2.048576e-01[39m
     33 Linear |R| = [32m1.530578e-01[39m
     34 Linear |R| = [32m1.085226e-01[39m
     35 Linear |R| = [32m9.376677e-02[39m
     36 Linear |R| = [32m8.907245e-02[39m
     37 Linear |R| = [33m8.484822e-02[39m
     38 Linear |R| = [32m7.957949e-02[39m
     39 Linear |R| = [33m7.623620e-02[39m
     40 Linear |R| = [33m7.405216e-02[39m
     41 Linear |R| = [33m7.259089e-02[39m
     42 Linear |R| = [33m7.103274e-02[39m
     43 Linear |R| = [33m6.983294e-02[39m
     44 Linear |R| = [32m6.617263e-02[39m
     45 Linear |R| = [32m6.196480e-02[39m
     46 Linear |R| = [32m5.815599e-02[39m
     47 Linear |R| = [32m5.238790e-02[39m
     48 Linear |R| = [32m4.520558e-02[39m
     49 Linear |R| = [32m3.513847e-02[39m
     50 Linear |R| = [32m2.532169e-02[39m
     51 Linear |R| = [32m1.842299e-02[39m
     52 Linear |R| = [32m1.147622e-02[39m
     53 Linear |R| = [32m6.295298e-03[39m
 2 Nonlinear |R| = [32m7.152184e+02[39m
      0 Linear |R| = [32m7.152184e+02[39m
      1 Linear |R| = [32m6.299144e+02[39m
      2 Linear |R| = [32m4.818718e+02[39m
      3 Linear |R| = [32m3.912589e+02[39m
      4 Linear |R| = [32m3.360008e+02[39m
      5 Linear |R| = [32m2.465209e+02[39m
      6 Linear |R| = [32m1.563754e+02[39m
      7 Linear |R| = [32m1.117347e+02[39m
      8 Linear |R| = [32m8.540088e+01[39m
      9 Linear |R| = [32m6.188173e+01[39m
     10 Linear |R| = [32m3.997937e+01[39m
     11 Linear |R| = [32m2.471889e+01[39m
     12 Linear |R| = [32m1.518309e+01[39m
     13 Linear |R| = [32m9.129823e+00[39m
     14 Linear |R| = [32m5.885946e+00[39m
     15 Linear |R| = [32m4.114993e+00[39m
     16 Linear |R| = [32m2.856668e+00[39m
     17 Linear |R| = [32m2.003670e+00[39m
     18 Linear |R| = [32m1.390363e+00[39m
     19 Linear |R| = [32m8.935462e-01[39m
     20 Linear |R| = [32m5.807619e-01[39m
     21 Linear |R| = [32m3.401285e-01[39m
     22 Linear |R| = [32m1.838050e-01[39m
     23 Linear |R| = [32m1.016380e-01[39m
     24 Linear |R| = [32m5.774712e-02[39m
     25 Linear |R| = [32m3.222431e-02[39m
     26 Linear |R| = [32m1.862936e-02[39m
     27 Linear |R| = [32m1.012978e-02[39m
     28 Linear |R| = [32m6.367942e-03[39m
 3 Nonlinear |R| = [32m4.302915e+02[39m
      0 Linear |R| = [32m4.302915e+02[39m
      1 Linear |R| = [32m1.857610e+02[39m
      2 Linear |R| = [32m1.170860e+02[39m
      3 Linear |R| = [32m7.006930e+01[39m
      4 Linear |R| = [32m4.533697e+01[39m
      5 Linear |R| = [32m3.055357e+01[39m
      6 Linear |R| = [32m2.161531e+01[39m
      7 Linear |R| = [32m1.495347e+01[39m
      8 Linear |R| = [32m9.599989e+00[39m
      9 Linear |R| = [32m5.724391e+00[39m
     10 Linear |R| = [32m3.488586e+00[39m
     11 Linear |R| = [32m1.896524e+00[39m
     12 Linear |R| = [32m1.225017e+00[39m
     13 Linear |R| = [32m8.881291e-01[39m
     14 Linear |R| = [32m6.443688e-01[39m
     15 Linear |R| = [32m4.658480e-01[39m
     16 Linear |R| = [32m3.391718e-01[39m
     17 Linear |R| = [32m2.287156e-01[39m
     18 Linear |R| = [32m1.455884e-01[39m
     19 Linear |R| = [32m9.020984e-02[39m
     20 Linear |R| = [32m5.414024e-02[39m
     21 Linear |R| = [32m3.325960e-02[39m
     22 Linear |R| = [32m1.953404e-02[39m
     23 Linear |R| = [32m1.098806e-02[39m
     24 Linear |R| = [32m6.174274e-03[39m
     25 Linear |R| = [32m3.571094e-03[39m
 4 Nonlinear |R| = [32m2.935367e+02[39m
      0 Linear |R| = [32m2.935367e+02[39m
      1 Linear |R| = [32m8.583280e+01[39m
      2 Linear |R| = [32m2.643994e+01[39m
      3 Linear |R| = [32m1.358622e+01[39m
      4 Linear |R| = [32m8.653245e+00[39m
      5 Linear |R| = [32m5.949007e+00[39m
      6 Linear |R| = [32m4.248719e+00[39m
      7 Linear |R| = [32m3.029443e+00[39m
      8 Linear |R| = [32m2.082493e+00[39m
      9 Linear |R| = [32m1.296152e+00[39m
     10 Linear |R| = [32m7.631863e-01[39m
     11 Linear |R| = [32m4.731935e-01[39m
     12 Linear |R| = [32m2.975368e-01[39m
     13 Linear |R| = [32m2.037806e-01[39m
     14 Linear |R| = [32m1.472589e-01[39m
     15 Linear |R| = [32m1.056833e-01[39m
     16 Linear |R| = [32m7.459721e-02[39m
     17 Linear |R| = [32m4.938491e-02[39m
     18 Linear |R| = [32m3.305921e-02[39m
     19 Linear |R| = [32m2.137004e-02[39m
     20 Linear |R| = [32m1.269615e-02[39m
     21 Linear |R| = [32m7.646562e-03[39m
     22 Linear |R| = [32m4.769563e-03[39m
     23 Linear |R| = [32m3.124517e-03[39m
     24 Linear |R| = [32m1.969836e-03[39m
 5 Nonlinear |R| = [32m4.430099e+00[39m
      0 Linear |R| = [32m4.430099e+00[39m
      1 Linear |R| = [32m1.565686e+00[39m
      2 Linear |R| = [32m6.759864e-01[39m
      3 Linear |R| = [32m3.720295e-01[39m
      4 Linear |R| = [32m2.175905e-01[39m
      5 Linear |R| = [32m1.352704e-01[39m
      6 Linear |R| = [32m8.681599e-02[39m
      7 Linear |R| = [32m5.902210e-02[39m
      8 Linear |R| = [32m4.004836e-02[39m
      9 Linear |R| = [32m2.654518e-02[39m
     10 Linear |R| = [32m1.699854e-02[39m
     11 Linear |R| = [32m1.068396e-02[39m
     12 Linear |R| = [32m7.284335e-03[39m
     13 Linear |R| = [32m5.278566e-03[39m
     14 Linear |R| = [32m3.838520e-03[39m
     15 Linear |R| = [32m2.698135e-03[39m
     16 Linear |R| = [32m1.826718e-03[39m
     17 Linear |R| = [32m1.192866e-03[39m
     18 Linear |R| = [32m7.489290e-04[39m
     19 Linear |R| = [32m4.577594e-04[39m
     20 Linear |R| = [32m2.654912e-04[39m
     21 Linear |R| = [32m1.638687e-04[39m
     22 Linear |R| = [32m1.046519e-04[39m
     23 Linear |R| = [32m6.435145e-05[39m
     24 Linear |R| = [32m4.011671e-05[39m
 6 Nonlinear |R| = [32m1.078990e-03[39m
[32m Solve Converged![39m
  Finished Solving                                                                       [[33m  7.07 s[39m] [[33m  186 MB[39m]

Outlier Variable Residual Norms:
  disp_z: [33m8.960186e-04[39m

Postprocessor Values:
+----------------+----------------------+------------------+----------------+----------------+
| time           | compressive_strength | reaction_force_z | top_disp_z     | vonmises_max   |
+----------------+----------------------+------------------+----------------+----------------+
|   0.000000e+00 |         0.000000e+00 |     0.000000e+00 |   0.000000e+00 |   0.000000e+00 |
|   5.000000e-02 |        -4.329228e+05 |    -2.938693e-06 |  -1.000000e-04 |   1.446551e+06 |
|   1.000000e-01 |        -8.658456e+05 |    -1.112251e-06 |  -2.000000e-04 |   2.893102e+06 |
|   1.500000e-01 |        -1.281554e+06 |    -1.173024e-05 |  -3.000000e-04 |   3.500000e+06 |
|   2.000000e-01 |        -1.633550e+06 |     2.566036e-08 |  -4.000000e-04 |   3.500000e+06 |
|   2.500000e-01 |        -1.873257e+06 |    -3.348939e-08 |  -5.000000e-04 |   3.500000e+06 |
|   3.000000e-01 |        -1.989241e+06 |     1.617896e-05 |  -6.000000e-04 |   3.500000e+06 |
|   3.500000e-01 |        -2.074472e+06 |     1.841035e-05 |  -7.000000e-04 |   3.500000e+06 |
|   4.000000e-01 |        -2.140895e+06 |    -2.593809e-05 |  -8.000000e-04 |   3.500000e+06 |
+----------------+----------------------+------------------+----------------+----------------+


Time Step 9, time = 0.45, dt = 0.05
 0 Nonlinear |R| = [32m1.080827e+03[39m
      0 Linear |R| = [32m1.080827e+03[39m
      1 Linear |R| = [32m1.011264e+03[39m
      2 Linear |R| = [32m7.540483e+02[39m
      3 Linear |R| = [32m6.537580e+02[39m
      4 Linear |R| = [32m5.918496e+02[39m
      5 Linear |R| = [32m4.939163e+02[39m
      6 Linear |R| = [32m3.496723e+02[39m
      7 Linear |R| = [32m2.190121e+02[39m
      8 Linear |R| = [32m1.341366e+02[39m
      9 Linear |R| = [32m7.871144e+01[39m
     10 Linear |R| = [32m4.288024e+01[39m
     11 Linear |R| = [32m2.406577e+01[39m
     12 Linear |R| = [32m1.357907e+01[39m
     13 Linear |R| = [32m7.976431e+00[39m
     14 Linear |R| = [32m4.878380e+00[39m
     15 Linear |R| = [32m2.873686e+00[39m
     16 Linear |R| = [32m1.714265e+00[39m
     17 Linear |R| = [32m9.775176e-01[39m
     18 Linear |R| = [32m5.352116e-01[39m
     19 Linear |R| = [32m3.109470e-01[39m
     20 Linear |R| = [32m2.099631e-01[39m
     21 Linear |R| = [32m1.560389e-01[39m
     22 Linear |R| = [32m1.143517e-01[39m
     23 Linear |R| = [32m8.394736e-02[39m
     24 Linear |R| = [32m5.908658e-02[39m
     25 Linear |R| = [32m3.728309e-02[39m
     26 Linear |R| = [32m2.415199e-02[39m
     27 Linear |R| = [32m1.522992e-02[39m
     28 Linear |R| = [32m9.010718e-03[39m
 1 Nonlinear |R| = [32m9.915896e+02[39m
      0 Linear |R| = [32m9.915896e+02[39m
      1 Linear |R| = [32m9.382820e+02[39m
      2 Linear |R| = [32m8.000374e+02[39m
      3 Linear |R| = [33m7.612945e+02[39m
      4 Linear |R| = [33m7.388979e+02[39m
      5 Linear |R| = [33m7.189533e+02[39m
      6 Linear |R| = [33m7.099791e+02[39m
      7 Linear |R| = [33m7.029354e+02[39m
      8 Linear |R| = [33m6.891321e+02[39m
      9 Linear |R| = [33m6.614703e+02[39m
     10 Linear |R| = [32m6.127026e+02[39m
     11 Linear |R| = [32m5.286337e+02[39m
     12 Linear |R| = [32m4.163290e+02[39m
     13 Linear |R| = [32m2.773737e+02[39m
     14 Linear |R| = [32m1.855222e+02[39m
     15 Linear |R| = [32m1.248688e+02[39m
     16 Linear |R| = [32m8.236647e+01[39m
     17 Linear |R| = [32m5.542633e+01[39m
     18 Linear |R| = [32m3.908688e+01[39m
     19 Linear |R| = [32m2.571836e+01[39m
     20 Linear |R| = [32m1.693386e+01[39m
     21 Linear |R| = [32m1.114716e+01[39m
     22 Linear |R| = [32m6.951094e+00[39m
     23 Linear |R| = [32m4.054451e+00[39m
     24 Linear |R| = [32m2.303049e+00[39m
     25 Linear |R| = [32m1.328104e+00[39m
     26 Linear |R| = [32m8.079371e-01[39m
     27 Linear |R| = [32m5.546513e-01[39m
     28 Linear |R| = [32m4.222642e-01[39m
     29 Linear |R| = [32m3.409816e-01[39m
     30 Linear |R| = [31m8.577606e-01[39m
     31 Linear |R| = [32m3.886689e-01[39m
     32 Linear |R| = [32m3.023188e-01[39m
     33 Linear |R| = [32m2.426159e-01[39m
     34 Linear |R| = [32m1.886601e-01[39m
     35 Linear |R| = [32m1.626269e-01[39m
     36 Linear |R| = [32m1.412955e-01[39m
     37 Linear |R| = [32m1.182736e-01[39m
     38 Linear |R| = [32m9.974501e-02[39m
     39 Linear |R| = [32m9.155856e-02[39m
     40 Linear |R| = [33m8.824203e-02[39m
     41 Linear |R| = [33m8.702797e-02[39m
     42 Linear |R| = [33m8.585865e-02[39m
     43 Linear |R| = [33m8.490478e-02[39m
     44 Linear |R| = [33m8.217305e-02[39m
     45 Linear |R| = [32m7.780959e-02[39m
     46 Linear |R| = [33m7.424742e-02[39m
     47 Linear |R| = [32m6.908476e-02[39m
     48 Linear |R| = [32m6.227542e-02[39m
     49 Linear |R| = [32m4.931222e-02[39m
     50 Linear |R| = [32m3.348164e-02[39m
     51 Linear |R| = [32m2.251267e-02[39m
     52 Linear |R| = [32m1.351514e-02[39m
     53 Linear |R| = [32m7.748015e-03[39m
 2 Nonlinear |R| = [32m5.377163e+02[39m
      0 Linear |R| = [32m5.377163e+02[39m
      1 Linear |R| = [32m4.015174e+02[39m
      2 Linear |R| = [32m3.004126e+02[39m
      3 Linear |R| = [32m2.126626e+02[39m
      4 Linear |R| = [32m1.366256e+02[39m
      5 Linear |R| = [32m8.610165e+01[39m
      6 Linear |R| = [32m6.142260e+01[39m
      7 Linear |R| = [32m4.743479e+01[39m
      8 Linear |R| = [32m3.447411e+01[39m
      9 Linear |R| = [32m2.379396e+01[39m
     10 Linear |R| = [32m1.490180e+01[39m
     11 Linear |R| = [32m9.938486e+00[39m
     12 Linear |R| = [32m7.047504e+00[39m
     13 Linear |R| = [32m4.582071e+00[39m
     14 Linear |R| = [32m3.085905e+00[39m
     15 Linear |R| = [32m2.199415e+00[39m
     16 Linear |R| = [32m1.494549e+00[39m
     17 Linear |R| = [32m1.019468e+00[39m
     18 Linear |R| = [32m7.214859e-01[39m
     19 Linear |R| = [32m5.002748e-01[39m
     20 Linear |R| = [32m3.343819e-01[39m
     21 Linear |R| = [32m2.219505e-01[39m
     22 Linear |R| = [32m1.417426e-01[39m
     23 Linear |R| = [32m8.496360e-02[39m
     24 Linear |R| = [32m4.720032e-02[39m
     25 Linear |R| = [32m2.670225e-02[39m
     26 Linear |R| = [32m1.634192e-02[39m
     27 Linear |R| = [32m9.992282e-03[39m
     28 Linear |R| = [32m5.929757e-03[39m
     29 Linear |R| = [32m3.486730e-03[39m
 3 Nonlinear |R| = [32m4.421189e+02[39m
      0 Linear |R| = [32m4.421189e+02[39m
      1 Linear |R| = [32m2.715390e+02[39m
      2 Linear |R| = [32m1.854979e+02[39m
      3 Linear |R| = [32m1.216014e+02[39m
      4 Linear |R| = [32m7.179325e+01[39m
      5 Linear |R| = [32m4.726438e+01[39m
      6 Linear |R| = [32m3.494461e+01[39m
      7 Linear |R| = [32m2.632967e+01[39m
      8 Linear |R| = [32m1.813772e+01[39m
      9 Linear |R| = [32m1.203396e+01[39m
     10 Linear |R| = [32m7.798080e+00[39m
     11 Linear |R| = [32m5.201597e+00[39m
     12 Linear |R| = [32m3.549672e+00[39m
     13 Linear |R| = [32m2.330422e+00[39m
     14 Linear |R| = [32m1.572944e+00[39m
     15 Linear |R| = [32m1.134175e+00[39m
     16 Linear |R| = [32m8.037222e-01[39m
     17 Linear |R| = [32m5.616848e-01[39m
     18 Linear |R| = [32m4.037941e-01[39m
     19 Linear |R| = [32m2.805060e-01[39m
     20 Linear |R| = [32m1.786660e-01[39m
     21 Linear |R| = [32m1.135219e-01[39m
     22 Linear |R| = [32m7.012664e-02[39m
     23 Linear |R| = [32m4.258565e-02[39m
     24 Linear |R| = [32m2.427015e-02[39m
     25 Linear |R| = [32m1.439793e-02[39m
     26 Linear |R| = [32m8.941948e-03[39m
     27 Linear |R| = [32m5.643252e-03[39m
     28 Linear |R| = [32m3.132421e-03[39m
 4 Nonlinear |R| = [32m3.587437e+02[39m
      0 Linear |R| = [32m3.587437e+02[39m
      1 Linear |R| = [32m1.759511e+02[39m
      2 Linear |R| = [32m1.078191e+02[39m
      3 Linear |R| = [32m6.476294e+01[39m
      4 Linear |R| = [32m4.228748e+01[39m
      5 Linear |R| = [32m2.930880e+01[39m
      6 Linear |R| = [32m2.128205e+01[39m
      7 Linear |R| = [32m1.530267e+01[39m
      8 Linear |R| = [32m1.002895e+01[39m
      9 Linear |R| = [32m6.559412e+00[39m
     10 Linear |R| = [32m4.297014e+00[39m
     11 Linear |R| = [32m2.742090e+00[39m
     12 Linear |R| = [32m1.795812e+00[39m
     13 Linear |R| = [32m1.243502e+00[39m
     14 Linear |R| = [32m8.553518e-01[39m
     15 Linear |R| = [32m5.972158e-01[39m
     16 Linear |R| = [32m4.361154e-01[39m
     17 Linear |R| = [32m3.157560e-01[39m
     18 Linear |R| = [32m2.226864e-01[39m
     19 Linear |R| = [32m1.524008e-01[39m
     20 Linear |R| = [32m9.776995e-02[39m
     21 Linear |R| = [32m6.239189e-02[39m
     22 Linear |R| = [32m3.614844e-02[39m
     23 Linear |R| = [32m2.163034e-02[39m
     24 Linear |R| = [32m1.281010e-02[39m
     25 Linear |R| = [32m7.827670e-03[39m
     26 Linear |R| = [32m4.958115e-03[39m
     27 Linear |R| = [32m3.102747e-03[39m
 5 Nonlinear |R| = [32m3.122735e+02[39m
      0 Linear |R| = [32m3.122735e+02[39m
      1 Linear |R| = [32m9.049175e+01[39m
      2 Linear |R| = [32m2.746796e+01[39m
      3 Linear |R| = [32m1.361572e+01[39m
      4 Linear |R| = [32m8.267400e+00[39m
      5 Linear |R| = [32m5.819949e+00[39m
      6 Linear |R| = [32m4.181298e+00[39m
      7 Linear |R| = [32m2.870590e+00[39m
      8 Linear |R| = [32m1.982210e+00[39m
      9 Linear |R| = [32m1.326931e+00[39m
     10 Linear |R| = [32m8.523198e-01[39m
     11 Linear |R| = [32m5.644588e-01[39m
     12 Linear |R| = [32m3.808396e-01[39m
     13 Linear |R| = [32m2.492830e-01[39m
     14 Linear |R| = [32m1.633210e-01[39m
     15 Linear |R| = [32m1.110851e-01[39m
     16 Linear |R| = [32m7.590764e-02[39m
     17 Linear |R| = [32m5.276100e-02[39m
     18 Linear |R| = [32m3.991237e-02[39m
     19 Linear |R| = [32m3.027828e-02[39m
     20 Linear |R| = [32m2.039972e-02[39m
     21 Linear |R| = [32m1.278615e-02[39m
     22 Linear |R| = [32m7.480723e-03[39m
     23 Linear |R| = [32m4.468419e-03[39m
     24 Linear |R| = [32m2.605856e-03[39m
 6 Nonlinear |R| = [32m6.564490e+00[39m
      0 Linear |R| = [32m6.564490e+00[39m
      1 Linear |R| = [32m2.280219e+00[39m
      2 Linear |R| = [32m1.112638e+00[39m
      3 Linear |R| = [32m6.306410e-01[39m
      4 Linear |R| = [32m3.769228e-01[39m
      5 Linear |R| = [32m2.453976e-01[39m
      6 Linear |R| = [32m1.554398e-01[39m
      7 Linear |R| = [32m1.038238e-01[39m
      8 Linear |R| = [32m7.547854e-02[39m
      9 Linear |R| = [32m5.324023e-02[39m
     10 Linear |R| = [32m3.634234e-02[39m
     11 Linear |R| = [32m2.215058e-02[39m
     12 Linear |R| = [32m1.410063e-02[39m
     13 Linear |R| = [32m9.766027e-03[39m
     14 Linear |R| = [32m7.205628e-03[39m
     15 Linear |R| = [32m5.289061e-03[39m
     16 Linear |R| = [32m3.705081e-03[39m
     17 Linear |R| = [32m2.529928e-03[39m
     18 Linear |R| = [32m1.658999e-03[39m
     19 Linear |R| = [32m1.045900e-03[39m
     20 Linear |R| = [32m6.212726e-04[39m
     21 Linear |R| = [32m3.597601e-04[39m
     22 Linear |R| = [32m2.216664e-04[39m
     23 Linear |R| = [32m1.433470e-04[39m
     24 Linear |R| = [32m8.798279e-05[39m
     25 Linear |R| = [32m4.740874e-05[39m
 7 Nonlinear |R| = [32m5.294077e-01[39m
      0 Linear |R| = [32m5.294077e-01[39m
      1 Linear |R| = [32m1.840214e-01[39m
      2 Linear |R| = [32m5.574329e-02[39m
      3 Linear |R| = [32m2.566943e-02[39m
      4 Linear |R| = [32m1.485925e-02[39m
      5 Linear |R| = [32m9.478090e-03[39m
      6 Linear |R| = [32m6.572791e-03[39m
      7 Linear |R| = [32m4.430480e-03[39m
      8 Linear |R| = [32m2.907161e-03[39m
      9 Linear |R| = [32m1.966211e-03[39m
     10 Linear |R| = [32m1.267620e-03[39m
     11 Linear |R| = [32m8.915244e-04[39m
     12 Linear |R| = [32m6.186808e-04[39m
     13 Linear |R| = [32m3.897202e-04[39m
     14 Linear |R| = [32m2.442534e-04[39m
     15 Linear |R| = [32m1.673145e-04[39m
     16 Linear |R| = [32m1.193637e-04[39m
     17 Linear |R| = [32m8.372468e-05[39m
     18 Linear |R| = [32m6.059494e-05[39m
     19 Linear |R| = [32m4.400676e-05[39m
     20 Linear |R| = [32m3.101556e-05[39m
     21 Linear |R| = [32m2.019634e-05[39m
     22 Linear |R| = [32m1.207279e-05[39m
     23 Linear |R| = [32m6.964835e-06[39m
     24 Linear |R| = [32m4.280565e-06[39m
 8 Nonlinear |R| = [32m1.014442e-04[39m
  Finished Solving                                                                       [[33m  9.62 s[39m] [[33m  186 MB[39m]
[32m Solve Converged![39m

Outlier Variable Residual Norms:
  disp_z: [33m8.435228e-05[39m

Postprocessor Values:
+----------------+----------------------+------------------+----------------+----------------+
| time           | compressive_strength | reaction_force_z | top_disp_z     | vonmises_max   |
+----------------+----------------------+------------------+----------------+----------------+
|   0.000000e+00 |         0.000000e+00 |     0.000000e+00 |   0.000000e+00 |   0.000000e+00 |
|   5.000000e-02 |        -4.329228e+05 |    -2.938693e-06 |  -1.000000e-04 |   1.446551e+06 |
|   1.000000e-01 |        -8.658456e+05 |    -1.112251e-06 |  -2.000000e-04 |   2.893102e+06 |
|   1.500000e-01 |        -1.281554e+06 |    -1.173024e-05 |  -3.000000e-04 |   3.500000e+06 |
|   2.000000e-01 |        -1.633550e+06 |     2.566036e-08 |  -4.000000e-04 |   3.500000e+06 |
|   2.500000e-01 |        -1.873257e+06 |    -3.348939e-08 |  -5.000000e-04 |   3.500000e+06 |
|   3.000000e-01 |        -1.989241e+06 |     1.617896e-05 |  -6.000000e-04 |   3.500000e+06 |
|   3.500000e-01 |        -2.074472e+06 |     1.841035e-05 |  -7.000000e-04 |   3.500000e+06 |
|   4.000000e-01 |        -2.140895e+06 |    -2.593809e-05 |  -8.000000e-04 |   3.500000e+06 |
|   4.500000e-01 |        -2.211821e+06 |     6.395530e-06 |  -9.000000e-04 |   3.500000e+06 |
+----------------+----------------------+------------------+----------------+----------------+


Time Step 10, time = 0.5, dt = 0.05
 0 Nonlinear |R| = [32m1.075287e+03[39m
      0 Linear |R| = [32m1.075287e+03[39m
      1 Linear |R| = [32m1.002979e+03[39m
      2 Linear |R| = [32m7.476526e+02[39m
      3 Linear |R| = [32m6.467228e+02[39m
      4 Linear |R| = [32m5.852667e+02[39m
      5 Linear |R| = [32m4.912688e+02[39m
      6 Linear |R| = [32m3.507886e+02[39m
      7 Linear |R| = [32m2.216534e+02[39m
      8 Linear |R| = [32m1.356051e+02[39m
      9 Linear |R| = [32m8.017963e+01[39m
     10 Linear |R| = [32m4.353181e+01[39m
     11 Linear |R| = [32m2.438193e+01[39m
     12 Linear |R| = [32m1.389978e+01[39m
     13 Linear |R| = [32m8.112281e+00[39m
     14 Linear |R| = [32m4.967114e+00[39m
     15 Linear |R| = [32m2.911135e+00[39m
     16 Linear |R| = [32m1.743641e+00[39m
     17 Linear |R| = [32m9.958999e-01[39m
     18 Linear |R| = [32m5.417282e-01[39m
     19 Linear |R| = [32m3.143444e-01[39m
     20 Linear |R| = [32m2.101234e-01[39m
     21 Linear |R| = [32m1.558880e-01[39m
     22 Linear |R| = [32m1.144079e-01[39m
     23 Linear |R| = [32m8.397537e-02[39m
     24 Linear |R| = [32m5.975523e-02[39m
     25 Linear |R| = [32m3.836663e-02[39m
     26 Linear |R| = [32m2.504968e-02[39m
     27 Linear |R| = [32m1.581433e-02[39m
     28 Linear |R| = [32m9.453428e-03[39m
 1 Nonlinear |R| = [32m9.871583e+02[39m
      0 Linear |R| = [32m9.871583e+02[39m
      1 Linear |R| = [32m9.309066e+02[39m
      2 Linear |R| = [32m7.940804e+02[39m
      3 Linear |R| = [33m7.554828e+02[39m
      4 Linear |R| = [33m7.326998e+02[39m
      5 Linear |R| = [33m7.140692e+02[39m
      6 Linear |R| = [33m7.061226e+02[39m
      7 Linear |R| = [33m7.000191e+02[39m
      8 Linear |R| = [33m6.890426e+02[39m
      9 Linear |R| = [33m6.697303e+02[39m
     10 Linear |R| = [33m6.380311e+02[39m
     11 Linear |R| = [32m5.818777e+02[39m
     12 Linear |R| = [32m5.014818e+02[39m
     13 Linear |R| = [32m3.833304e+02[39m
     14 Linear |R| = [32m2.814164e+02[39m
     15 Linear |R| = [32m1.999738e+02[39m
     16 Linear |R| = [32m1.371210e+02[39m
     17 Linear |R| = [32m9.324739e+01[39m
     18 Linear |R| = [32m6.292172e+01[39m
     19 Linear |R| = [32m4.076961e+01[39m
     20 Linear |R| = [32m2.799340e+01[39m
     21 Linear |R| = [32m1.976464e+01[39m
     22 Linear |R| = [32m1.328496e+01[39m
     23 Linear |R| = [32m8.378950e+00[39m
     24 Linear |R| = [32m4.980731e+00[39m
     25 Linear |R| = [32m2.924611e+00[39m
     26 Linear |R| = [32m1.745895e+00[39m
     27 Linear |R| = [32m1.060553e+00[39m
     28 Linear |R| = [32m6.542098e-01[39m
     29 Linear |R| = [32m4.298325e-01[39m
     30 Linear |R| = [31m1.018466e+00[39m
     31 Linear |R| = [32m4.592253e-01[39m
     32 Linear |R| = [32m3.552636e-01[39m
     33 Linear |R| = [32m2.843902e-01[39m
     34 Linear |R| = [32m2.223937e-01[39m
     35 Linear |R| = [32m1.917882e-01[39m
     36 Linear |R| = [32m1.685714e-01[39m
     37 Linear |R| = [32m1.434417e-01[39m
     38 Linear |R| = [32m1.226573e-01[39m
     39 Linear |R| = [32m1.120488e-01[39m
     40 Linear |R| = [33m1.070538e-01[39m
     41 Linear |R| = [33m1.053481e-01[39m
     42 Linear |R| = [33m1.038897e-01[39m
     43 Linear |R| = [33m1.028992e-01[39m
     44 Linear |R| = [33m1.009031e-01[39m
     45 Linear |R| = [33m9.808027e-02[39m
     46 Linear |R| = [33m9.549933e-02[39m
     47 Linear |R| = [33m9.122233e-02[39m
     48 Linear |R| = [32m8.405436e-02[39m
     49 Linear |R| = [32m7.237912e-02[39m
     50 Linear |R| = [32m6.054759e-02[39m
     51 Linear |R| = [32m5.024882e-02[39m
     52 Linear |R| = [32m3.597941e-02[39m
     53 Linear |R| = [32m2.279577e-02[39m
     54 Linear |R| = [32m1.329136e-02[39m
     55 Linear |R| = [32m7.755205e-03[39m
 2 Nonlinear |R| = [32m4.626245e+02[39m
      0 Linear |R| = [32m4.626245e+02[39m
      1 Linear |R| = [32m2.177752e+02[39m
      2 Linear |R| = [32m1.403911e+02[39m
      3 Linear |R| = [32m9.234331e+01[39m
      4 Linear |R| = [32m5.930229e+01[39m
      5 Linear |R| = [32m3.965374e+01[39m
      6 Linear |R| = [32m2.833816e+01[39m
      7 Linear |R| = [32m2.182826e+01[39m
      8 Linear |R| = [32m1.531786e+01[39m
      9 Linear |R| = [32m1.045684e+01[39m
     10 Linear |R| = [32m7.063743e+00[39m
     11 Linear |R| = [32m5.126542e+00[39m
     12 Linear |R| = [32m3.722270e+00[39m
     13 Linear |R| = [32m2.562213e+00[39m
     14 Linear |R| = [32m1.750289e+00[39m
     15 Linear |R| = [32m1.192492e+00[39m
     16 Linear |R| = [32m8.360284e-01[39m
     17 Linear |R| = [32m6.200781e-01[39m
     18 Linear |R| = [32m4.542865e-01[39m
     19 Linear |R| = [32m3.175136e-01[39m
     20 Linear |R| = [32m2.163025e-01[39m
     21 Linear |R| = [32m1.422050e-01[39m
     22 Linear |R| = [32m9.538336e-02[39m
     23 Linear |R| = [32m5.776706e-02[39m
     24 Linear |R| = [32m3.338389e-02[39m
     25 Linear |R| = [32m2.075051e-02[39m
     26 Linear |R| = [32m1.321238e-02[39m
     27 Linear |R| = [32m8.191261e-03[39m
     28 Linear |R| = [32m4.668761e-03[39m
     29 Linear |R| = [32m2.702947e-03[39m
 3 Nonlinear |R| = [32m2.952013e+02[39m
      0 Linear |R| = [32m2.952013e+02[39m
      1 Linear |R| = [32m1.083145e+02[39m
      2 Linear |R| = [32m5.264322e+01[39m
      3 Linear |R| = [32m3.314416e+01[39m
      4 Linear |R| = [32m2.347722e+01[39m
      5 Linear |R| = [32m1.700855e+01[39m
      6 Linear |R| = [32m1.191922e+01[39m
      7 Linear |R| = [32m8.907494e+00[39m
      8 Linear |R| = [32m6.091133e+00[39m
      9 Linear |R| = [32m4.160410e+00[39m
     10 Linear |R| = [32m2.900210e+00[39m
     11 Linear |R| = [32m1.969881e+00[39m
     12 Linear |R| = [32m1.335983e+00[39m
     13 Linear |R| = [32m9.361381e-01[39m
     14 Linear |R| = [32m6.456822e-01[39m
     15 Linear |R| = [32m4.384969e-01[39m
     16 Linear |R| = [32m3.310741e-01[39m
     17 Linear |R| = [32m2.567580e-01[39m
     18 Linear |R| = [32m1.877144e-01[39m
     19 Linear |R| = [32m1.312723e-01[39m
     20 Linear |R| = [32m8.940802e-02[39m
     21 Linear |R| = [32m5.799052e-02[39m
     22 Linear |R| = [32m3.497927e-02[39m
     23 Linear |R| = [32m2.039467e-02[39m
     24 Linear |R| = [32m1.205954e-02[39m
     25 Linear |R| = [32m7.652834e-03[39m
     26 Linear |R| = [32m4.929583e-03[39m
     27 Linear |R| = [32m3.147619e-03[39m
     28 Linear |R| = [32m1.854938e-03[39m
 4 Nonlinear |R| = [32m3.657166e+01[39m
      0 Linear |R| = [32m3.657166e+01[39m
      1 Linear |R| = [32m1.206078e+01[39m
      2 Linear |R| = [32m3.683227e+00[39m
      3 Linear |R| = [32m2.025295e+00[39m
      4 Linear |R| = [32m1.300266e+00[39m
      5 Linear |R| = [32m9.107120e-01[39m
      6 Linear |R| = [32m6.329048e-01[39m
      7 Linear |R| = [32m4.286018e-01[39m
      8 Linear |R| = [32m2.807553e-01[39m
      9 Linear |R| = [32m1.769184e-01[39m
     10 Linear |R| = [32m1.173243e-01[39m
     11 Linear |R| = [32m8.372724e-02[39m
     12 Linear |R| = [32m6.125362e-02[39m
     13 Linear |R| = [32m4.250409e-02[39m
     14 Linear |R| = [32m2.946968e-02[39m
     15 Linear |R| = [32m2.048913e-02[39m
     16 Linear |R| = [32m1.362799e-02[39m
     17 Linear |R| = [32m9.071190e-03[39m
     18 Linear |R| = [32m6.474252e-03[39m
     19 Linear |R| = [32m4.729313e-03[39m
     20 Linear |R| = [32m3.614006e-03[39m
     21 Linear |R| = [32m2.758265e-03[39m
     22 Linear |R| = [32m1.890539e-03[39m
     23 Linear |R| = [32m1.218973e-03[39m
     24 Linear |R| = [32m8.054482e-04[39m
     25 Linear |R| = [32m5.226391e-04[39m
     26 Linear |R| = [32m3.411061e-04[39m
 5 Nonlinear |R| = [32m6.208310e-01[39m
      0 Linear |R| = [32m6.208310e-01[39m
      1 Linear |R| = [32m2.624684e-01[39m
      2 Linear |R| = [32m1.284997e-01[39m
      3 Linear |R| = [32m6.697471e-02[39m
      4 Linear |R| = [32m3.800721e-02[39m
      5 Linear |R| = [32m2.403038e-02[39m
      6 Linear |R| = [32m1.602969e-02[39m
      7 Linear |R| = [32m1.042950e-02[39m
      8 Linear |R| = [32m7.167815e-03[39m
      9 Linear |R| = [32m5.078578e-03[39m
     10 Linear |R| = [32m3.677574e-03[39m
     11 Linear |R| = [32m2.691887e-03[39m
     12 Linear |R| = [32m2.009063e-03[39m
     13 Linear |R| = [32m1.435913e-03[39m
     14 Linear |R| = [32m9.994244e-04[39m
     15 Linear |R| = [32m6.929990e-04[39m
     16 Linear |R| = [32m4.774804e-04[39m
     17 Linear |R| = [32m3.294454e-04[39m
     18 Linear |R| = [32m2.338891e-04[39m
     19 Linear |R| = [32m1.650207e-04[39m
     20 Linear |R| = [32m1.187747e-04[39m
     21 Linear |R| = [32m8.535129e-05[39m
     22 Linear |R| = [32m5.691975e-05[39m
     23 Linear |R| = [32m3.679496e-05[39m
     24 Linear |R| = [32m2.312175e-05[39m
     25 Linear |R| = [32m1.379585e-05[39m
     26 Linear |R| = [32m7.991985e-06[39m
     27 Linear |R| = [32m4.993485e-06[39m
 6 Nonlinear |R| = [32m7.731331e-05[39m
  Finished Solving                                                                       [[33m  7.84 s[39m] [[33m  186 MB[39m]
[32m Solve Converged![39m

Postprocessor Values:
+----------------+----------------------+------------------+----------------+----------------+
| time           | compressive_strength | reaction_force_z | top_disp_z     | vonmises_max   |
+----------------+----------------------+------------------+----------------+----------------+
|   0.000000e+00 |         0.000000e+00 |     0.000000e+00 |   0.000000e+00 |   0.000000e+00 |
|   5.000000e-02 |        -4.329228e+05 |    -2.938693e-06 |  -1.000000e-04 |   1.446551e+06 |
|   1.000000e-01 |        -8.658456e+05 |    -1.112251e-06 |  -2.000000e-04 |   2.893102e+06 |
|   1.500000e-01 |        -1.281554e+06 |    -1.173024e-05 |  -3.000000e-04 |   3.500000e+06 |
|   2.000000e-01 |        -1.633550e+06 |     2.566036e-08 |  -4.000000e-04 |   3.500000e+06 |
|   2.500000e-01 |        -1.873257e+06 |    -3.348939e-08 |  -5.000000e-04 |   3.500000e+06 |
|   3.000000e-01 |        -1.989241e+06 |     1.617896e-05 |  -6.000000e-04 |   3.500000e+06 |
|   3.500000e-01 |        -2.074472e+06 |     1.841035e-05 |  -7.000000e-04 |   3.500000e+06 |
|   4.000000e-01 |        -2.140895e+06 |    -2.593809e-05 |  -8.000000e-04 |   3.500000e+06 |
|   4.500000e-01 |        -2.211821e+06 |     6.395530e-06 |  -9.000000e-04 |   3.500000e+06 |
|   5.000000e-01 |        -2.240924e+06 |    -6.762630e-06 |  -1.000000e-03 |   3.500000e+06 |
+----------------+----------------------+------------------+----------------+----------------+


Time Step 11, time = 0.55, dt = 0.05
 0 Nonlinear |R| = [32m1.071713e+03[39m
      0 Linear |R| = [32m1.071713e+03[39m
      1 Linear |R| = [32m9.969428e+02[39m
      2 Linear |R| = [32m7.425816e+02[39m
      3 Linear |R| = [32m6.415173e+02[39m
      4 Linear |R| = [32m5.815318e+02[39m
      5 Linear |R| = [32m4.897912e+02[39m
      6 Linear |R| = [32m3.518184e+02[39m
      7 Linear |R| = [32m2.246293e+02[39m
      8 Linear |R| = [32m1.375574e+02[39m
      9 Linear |R| = [32m8.144695e+01[39m
     10 Linear |R| = [32m4.449622e+01[39m
     11 Linear |R| = [32m2.487963e+01[39m
     12 Linear |R| = [32m1.424617e+01[39m
     13 Linear |R| = [32m8.321020e+00[39m
     14 Linear |R| = [32m5.085236e+00[39m
     15 Linear |R| = [32m2.958643e+00[39m
     16 Linear |R| = [32m1.778689e+00[39m
     17 Linear |R| = [32m1.017320e+00[39m
     18 Linear |R| = [32m5.509284e-01[39m
     19 Linear |R| = [32m3.147655e-01[39m
     20 Linear |R| = [32m2.052822e-01[39m
     21 Linear |R| = [32m1.495698e-01[39m
     22 Linear |R| = [32m1.096280e-01[39m
     23 Linear |R| = [32m8.064189e-02[39m
     24 Linear |R| = [32m5.849264e-02[39m
     25 Linear |R| = [32m3.867912e-02[39m
     26 Linear |R| = [32m2.594283e-02[39m
     27 Linear |R| = [32m1.637010e-02[39m
     28 Linear |R| = [32m1.011400e-02[39m
 1 Nonlinear |R| = [32m9.846849e+02[39m
      0 Linear |R| = [32m9.846849e+02[39m
      1 Linear |R| = [32m9.260555e+02[39m
      2 Linear |R| = [32m7.886818e+02[39m
      3 Linear |R| = [33m7.500572e+02[39m
      4 Linear |R| = [33m7.271501e+02[39m
      5 Linear |R| = [33m7.097343e+02[39m
      6 Linear |R| = [33m7.024529e+02[39m
      7 Linear |R| = [33m6.975311e+02[39m
      8 Linear |R| = [33m6.885827e+02[39m
      9 Linear |R| = [33m6.731809e+02[39m
     10 Linear |R| = [33m6.487797e+02[39m
     11 Linear |R| = [32m6.049014e+02[39m
     12 Linear |R| = [32m5.406040e+02[39m
     13 Linear |R| = [32m4.434395e+02[39m
     14 Linear |R| = [32m3.532545e+02[39m
     15 Linear |R| = [32m2.699648e+02[39m
     16 Linear |R| = [32m1.981072e+02[39m
     17 Linear |R| = [32m1.402225e+02[39m
     18 Linear |R| = [32m9.372763e+01[39m
     19 Linear |R| = [32m6.052301e+01[39m
     20 Linear |R| = [32m4.193195e+01[39m
     21 Linear |R| = [32m3.004623e+01[39m
     22 Linear |R| = [32m2.076583e+01[39m
     23 Linear |R| = [32m1.393732e+01[39m
     24 Linear |R| = [32m8.897976e+00[39m
     25 Linear |R| = [32m5.619980e+00[39m
     26 Linear |R| = [32m3.415554e+00[39m
     27 Linear |R| = [32m2.011070e+00[39m
     28 Linear |R| = [32m1.154691e+00[39m
     29 Linear |R| = [32m6.773032e-01[39m
     30 Linear |R| = [31m1.200553e+00[39m
     31 Linear |R| = [32m5.495872e-01[39m
     32 Linear |R| = [32m4.108966e-01[39m
     33 Linear |R| = [32m3.160115e-01[39m
     34 Linear |R| = [32m2.367939e-01[39m
     35 Linear |R| = [32m2.016500e-01[39m
     36 Linear |R| = [32m1.824946e-01[39m
     37 Linear |R| = [32m1.652114e-01[39m
     38 Linear |R| = [32m1.489059e-01[39m
     39 Linear |R| = [32m1.373140e-01[39m
     40 Linear |R| = [32m1.297759e-01[39m
     41 Linear |R| = [33m1.265881e-01[39m
     42 Linear |R| = [33m1.241516e-01[39m
     43 Linear |R| = [33m1.227985e-01[39m
     44 Linear |R| = [33m1.211072e-01[39m
     45 Linear |R| = [33m1.189031e-01[39m
     46 Linear |R| = [33m1.166698e-01[39m
     47 Linear |R| = [33m1.127875e-01[39m
     48 Linear |R| = [32m1.055022e-01[39m
     49 Linear |R| = [32m9.305803e-02[39m
     50 Linear |R| = [32m8.176326e-02[39m
     51 Linear |R| = [32m7.210679e-02[39m
     52 Linear |R| = [32m5.700832e-02[39m
     53 Linear |R| = [32m4.033559e-02[39m
     54 Linear |R| = [32m2.604152e-02[39m
     55 Linear |R| = [32m1.664561e-02[39m
     56 Linear |R| = [32m1.074437e-02[39m
     57 Linear |R| = [32m6.430564e-03[39m
 2 Nonlinear |R| = [32m7.526222e+02[39m
      0 Linear |R| = [32m7.526222e+02[39m
      1 Linear |R| = [32m2.095210e+02[39m
      2 Linear |R| = [32m8.706695e+01[39m
      3 Linear |R| = [32m5.044322e+01[39m
      4 Linear |R| = [32m3.571138e+01[39m
      5 Linear |R| = [32m2.573705e+01[39m
      6 Linear |R| = [32m1.864238e+01[39m
      7 Linear |R| = [32m1.341809e+01[39m
      8 Linear |R| = [32m9.122583e+00[39m
      9 Linear |R| = [32m6.095262e+00[39m
     10 Linear |R| = [32m4.109637e+00[39m
     11 Linear |R| = [32m2.903703e+00[39m
     12 Linear |R| = [32m2.107448e+00[39m
     13 Linear |R| = [32m1.448991e+00[39m
     14 Linear |R| = [32m1.006654e+00[39m
     15 Linear |R| = [32m6.549461e-01[39m
     16 Linear |R| = [32m4.520521e-01[39m
     17 Linear |R| = [32m3.510174e-01[39m
     18 Linear |R| = [32m2.722082e-01[39m
     19 Linear |R| = [32m2.082244e-01[39m
     20 Linear |R| = [32m1.433273e-01[39m
     21 Linear |R| = [32m9.869245e-02[39m
     22 Linear |R| = [32m6.267757e-02[39m
     23 Linear |R| = [32m4.153009e-02[39m
     24 Linear |R| = [32m2.596402e-02[39m
     25 Linear |R| = [32m1.663619e-02[39m
     26 Linear |R| = [32m1.077441e-02[39m
     27 Linear |R| = [32m6.704518e-03[39m
 3 Nonlinear |R| = [32m5.315112e+01[39m
      0 Linear |R| = [32m5.315112e+01[39m
      1 Linear |R| = [32m1.766591e+01[39m
      2 Linear |R| = [32m7.728299e+00[39m
      3 Linear |R| = [32m4.634765e+00[39m
      4 Linear |R| = [32m2.873965e+00[39m
      5 Linear |R| = [32m1.933212e+00[39m
      6 Linear |R| = [32m1.270324e+00[39m
      7 Linear |R| = [32m8.739845e-01[39m
      8 Linear |R| = [32m5.944882e-01[39m
      9 Linear |R| = [32m3.930521e-01[39m
     10 Linear |R| = [32m2.687642e-01[39m
     11 Linear |R| = [32m1.975439e-01[39m
     12 Linear |R| = [32m1.419248e-01[39m
     13 Linear |R| = [32m1.026977e-01[39m
     14 Linear |R| = [32m7.333551e-02[39m
     15 Linear |R| = [32m4.885078e-02[39m
     16 Linear |R| = [32m3.280786e-02[39m
     17 Linear |R| = [32m2.419059e-02[39m
     18 Linear |R| = [32m1.858133e-02[39m
     19 Linear |R| = [32m1.361586e-02[39m
     20 Linear |R| = [32m9.689517e-03[39m
     21 Linear |R| = [32m6.917319e-03[39m
     22 Linear |R| = [32m4.748451e-03[39m
     23 Linear |R| = [32m3.125129e-03[39m
     24 Linear |R| = [32m1.934134e-03[39m
     25 Linear |R| = [32m1.235063e-03[39m
     26 Linear |R| = [32m7.807031e-04[39m
     27 Linear |R| = [32m4.899505e-04[39m
 4 Nonlinear |R| = [32m2.358016e+00[39m
      0 Linear |R| = [32m2.358016e+00[39m
      1 Linear |R| = [32m8.796586e-01[39m
      2 Linear |R| = [32m4.144878e-01[39m
      3 Linear |R| = [32m2.491146e-01[39m
      4 Linear |R| = [32m1.512107e-01[39m
      5 Linear |R| = [32m9.297420e-02[39m
      6 Linear |R| = [32m5.845579e-02[39m
      7 Linear |R| = [32m3.830815e-02[39m
      8 Linear |R| = [32m2.705548e-02[39m
      9 Linear |R| = [32m1.895864e-02[39m
     10 Linear |R| = [32m1.403733e-02[39m
     11 Linear |R| = [32m1.055467e-02[39m
     12 Linear |R| = [32m7.748611e-03[39m
     13 Linear |R| = [32m5.763922e-03[39m
     14 Linear |R| = [32m4.182043e-03[39m
     15 Linear |R| = [32m2.913529e-03[39m
     16 Linear |R| = [32m1.904050e-03[39m
     17 Linear |R| = [32m1.309179e-03[39m
     18 Linear |R| = [32m8.992038e-04[39m
     19 Linear |R| = [32m6.165568e-04[39m
     20 Linear |R| = [32m4.306154e-04[39m
     21 Linear |R| = [32m3.089977e-04[39m
     22 Linear |R| = [32m2.201918e-04[39m
     23 Linear |R| = [32m1.514757e-04[39m
     24 Linear |R| = [32m9.306587e-05[39m
     25 Linear |R| = [32m5.628484e-05[39m
     26 Linear |R| = [32m3.380589e-05[39m
     27 Linear |R| = [32m2.139323e-05[39m
 5 Nonlinear |R| = [32m6.022189e-02[39m
      0 Linear |R| = [32m6.022189e-02[39m
      1 Linear |R| = [32m2.376030e-02[39m
      2 Linear |R| = [32m9.730031e-03[39m
      3 Linear |R| = [32m4.671157e-03[39m
      4 Linear |R| = [32m2.735116e-03[39m
      5 Linear |R| = [32m1.857537e-03[39m
      6 Linear |R| = [32m1.255221e-03[39m
      7 Linear |R| = [32m7.563178e-04[39m
      8 Linear |R| = [32m5.084914e-04[39m
      9 Linear |R| = [32m3.502783e-04[39m
     10 Linear |R| = [32m2.437677e-04[39m
     11 Linear |R| = [32m1.789522e-04[39m
     12 Linear |R| = [32m1.281585e-04[39m
     13 Linear |R| = [32m9.416896e-05[39m
     14 Linear |R| = [32m7.006282e-05[39m
     15 Linear |R| = [32m5.148215e-05[39m
     16 Linear |R| = [32m3.498978e-05[39m
     17 Linear |R| = [32m2.399171e-05[39m
     18 Linear |R| = [32m1.679421e-05[39m
     19 Linear |R| = [32m1.217932e-05[39m
     20 Linear |R| = [32m8.709378e-06[39m
     21 Linear |R| = [32m6.128490e-06[39m
     22 Linear |R| = [32m4.265219e-06[39m
     23 Linear |R| = [32m2.851176e-06[39m
     24 Linear |R| = [32m1.894298e-06[39m
     25 Linear |R| = [32m1.189965e-06[39m
     26 Linear |R| = [32m7.385929e-07[39m
     27 Linear |R| = [32m4.510311e-07[39m
 6 Nonlinear |R| = [32m2.607312e-06[39m
[32m Solve Converged![39m
  Finished Solving                                                                       [[33m  7.64 s[39m] [[33m  186 MB[39m]

Outlier Variable Residual Norms:
  disp_z: [33m2.201093e-06[39m

Postprocessor Values:
+----------------+----------------------+------------------+----------------+----------------+
| time           | compressive_strength | reaction_force_z | top_disp_z     | vonmises_max   |
+----------------+----------------------+------------------+----------------+----------------+
|   0.000000e+00 |         0.000000e+00 |     0.000000e+00 |   0.000000e+00 |   0.000000e+00 |
|   5.000000e-02 |        -4.329228e+05 |    -2.938693e-06 |  -1.000000e-04 |   1.446551e+06 |
|   1.000000e-01 |        -8.658456e+05 |    -1.112251e-06 |  -2.000000e-04 |   2.893102e+06 |
|   1.500000e-01 |        -1.281554e+06 |    -1.173024e-05 |  -3.000000e-04 |   3.500000e+06 |
|   2.000000e-01 |        -1.633550e+06 |     2.566036e-08 |  -4.000000e-04 |   3.500000e+06 |
|   2.500000e-01 |        -1.873257e+06 |    -3.348939e-08 |  -5.000000e-04 |   3.500000e+06 |
|   3.000000e-01 |        -1.989241e+06 |     1.617896e-05 |  -6.000000e-04 |   3.500000e+06 |
|   3.500000e-01 |        -2.074472e+06 |     1.841035e-05 |  -7.000000e-04 |   3.500000e+06 |
|   4.000000e-01 |        -2.140895e+06 |    -2.593809e-05 |  -8.000000e-04 |   3.500000e+06 |
|   4.500000e-01 |        -2.211821e+06 |     6.395530e-06 |  -9.000000e-04 |   3.500000e+06 |
|   5.000000e-01 |        -2.240924e+06 |    -6.762630e-06 |  -1.000000e-03 |   3.500000e+06 |
|   5.500000e-01 |        -2.262734e+06 |     1.050951e-06 |  -1.100000e-03 |   3.500000e+06 |
+----------------+----------------------+------------------+----------------+----------------+


Time Step 12, time = 0.6, dt = 0.05
 0 Nonlinear |R| = [32m1.068855e+03[39m
      0 Linear |R| = [32m1.068855e+03[39m
      1 Linear |R| = [32m9.918677e+02[39m
      2 Linear |R| = [32m7.389653e+02[39m
      3 Linear |R| = [32m6.374530e+02[39m
      4 Linear |R| = [32m5.780754e+02[39m
      5 Linear |R| = [32m4.892803e+02[39m
      6 Linear |R| = [32m3.534929e+02[39m
      7 Linear |R| = [32m2.267912e+02[39m
      8 Linear |R| = [32m1.391960e+02[39m
      9 Linear |R| = [32m8.235140e+01[39m
     10 Linear |R| = [32m4.524973e+01[39m
     11 Linear |R| = [32m2.531443e+01[39m
     12 Linear |R| = [32m1.444294e+01[39m
     13 Linear |R| = [32m8.433184e+00[39m
     14 Linear |R| = [32m5.143887e+00[39m
     15 Linear |R| = [32m2.998279e+00[39m
     16 Linear |R| = [32m1.805367e+00[39m
     17 Linear |R| = [32m1.030024e+00[39m
     18 Linear |R| = [32m5.550600e-01[39m
     19 Linear |R| = [32m3.137559e-01[39m
     20 Linear |R| = [32m2.005785e-01[39m
     21 Linear |R| = [32m1.430797e-01[39m
     22 Linear |R| = [32m1.041921e-01[39m
     23 Linear |R| = [32m7.690247e-02[39m
     24 Linear |R| = [32m5.621861e-02[39m
     25 Linear |R| = [32m3.782105e-02[39m
     26 Linear |R| = [32m2.591093e-02[39m
     27 Linear |R| = [32m1.652419e-02[39m
     28 Linear |R| = [32m1.045996e-02[39m
 1 Nonlinear |R| = [32m9.817167e+02[39m
      0 Linear |R| = [32m9.817167e+02[39m
      1 Linear |R| = [32m9.211965e+02[39m
      2 Linear |R| = [32m7.832580e+02[39m
      3 Linear |R| = [33m7.443763e+02[39m
      4 Linear |R| = [33m7.216362e+02[39m
      5 Linear |R| = [33m7.057896e+02[39m
      6 Linear |R| = [33m6.993621e+02[39m
      7 Linear |R| = [33m6.947990e+02[39m
      8 Linear |R| = [33m6.855037e+02[39m
      9 Linear |R| = [33m6.710722e+02[39m
     10 Linear |R| = [33m6.508404e+02[39m
     11 Linear |R| = [32m6.146443e+02[39m
     12 Linear |R| = [32m5.576538e+02[39m
     13 Linear |R| = [32m4.595711e+02[39m
     14 Linear |R| = [32m3.684430e+02[39m
     15 Linear |R| = [32m2.833241e+02[39m
     16 Linear |R| = [32m2.131399e+02[39m
     17 Linear |R| = [32m1.567218e+02[39m
     18 Linear |R| = [32m1.084705e+02[39m
     19 Linear |R| = [32m7.159037e+01[39m
     20 Linear |R| = [32m4.907361e+01[39m
     21 Linear |R| = [32m3.447201e+01[39m
     22 Linear |R| = [32m2.338308e+01[39m
     23 Linear |R| = [32m1.586525e+01[39m
     24 Linear |R| = [32m1.058592e+01[39m
     25 Linear |R| = [32m7.008125e+00[39m
     26 Linear |R| = [32m4.453913e+00[39m
     27 Linear |R| = [32m2.665303e+00[39m
     28 Linear |R| = [32m1.509774e+00[39m
     29 Linear |R| = [32m8.408058e-01[39m
     30 Linear |R| = [31m1.304749e+00[39m
     31 Linear |R| = [32m6.110774e-01[39m
     32 Linear |R| = [32m4.488249e-01[39m
     33 Linear |R| = [32m3.378370e-01[39m
     34 Linear |R| = [32m2.482375e-01[39m
     35 Linear |R| = [32m2.099823e-01[39m
     36 Linear |R| = [32m1.907612e-01[39m
     37 Linear |R| = [32m1.733906e-01[39m
     38 Linear |R| = [32m1.568941e-01[39m
     39 Linear |R| = [32m1.445888e-01[39m
     40 Linear |R| = [32m1.357656e-01[39m
     41 Linear |R| = [33m1.318748e-01[39m
     42 Linear |R| = [33m1.289103e-01[39m
     43 Linear |R| = [33m1.273811e-01[39m
     44 Linear |R| = [33m1.257360e-01[39m
     45 Linear |R| = [33m1.237984e-01[39m
     46 Linear |R| = [33m1.220231e-01[39m
     47 Linear |R| = [33m1.191770e-01[39m
     48 Linear |R| = [33m1.134845e-01[39m
     49 Linear |R| = [32m1.017296e-01[39m
     50 Linear |R| = [32m9.061365e-02[39m
     51 Linear |R| = [32m8.069606e-02[39m
     52 Linear |R| = [32m6.398334e-02[39m
     53 Linear |R| = [32m4.685988e-02[39m
     54 Linear |R| = [32m3.200892e-02[39m
     55 Linear |R| = [32m2.268672e-02[39m
     56 Linear |R| = [32m1.592257e-02[39m
     57 Linear |R| = [32m1.034833e-02[39m
     58 Linear |R| = [32m6.731422e-03[39m
 2 Nonlinear |R| = [33m9.683627e+02[39m
      0 Linear |R| = [32m9.683627e+02[39m
      1 Linear |R| = [32m2.523697e+02[39m
      2 Linear |R| = [32m9.331170e+01[39m
      3 Linear |R| = [32m4.992766e+01[39m
      4 Linear |R| = [32m3.397032e+01[39m
      5 Linear |R| = [32m2.454888e+01[39m
      6 Linear |R| = [32m1.756506e+01[39m
      7 Linear |R| = [32m1.302087e+01[39m
      8 Linear |R| = [32m9.109711e+00[39m
      9 Linear |R| = [32m6.052449e+00[39m
     10 Linear |R| = [32m4.059967e+00[39m
     11 Linear |R| = [32m2.871493e+00[39m
     12 Linear |R| = [32m2.075726e+00[39m
     13 Linear |R| = [32m1.435187e+00[39m
     14 Linear |R| = [32m1.021128e+00[39m
     15 Linear |R| = [32m6.777027e-01[39m
     16 Linear |R| = [32m4.571860e-01[39m
     17 Linear |R| = [32m3.492661e-01[39m
     18 Linear |R| = [32m2.745706e-01[39m
     19 Linear |R| = [32m2.148615e-01[39m
     20 Linear |R| = [32m1.533847e-01[39m
     21 Linear |R| = [32m1.064481e-01[39m
     22 Linear |R| = [32m6.876713e-02[39m
     23 Linear |R| = [32m4.711902e-02[39m
     24 Linear |R| = [32m3.177853e-02[39m
     25 Linear |R| = [32m2.112631e-02[39m
     26 Linear |R| = [32m1.344603e-02[39m
     27 Linear |R| = [32m8.377177e-03[39m
 3 Nonlinear |R| = [32m5.615328e+01[39m
      0 Linear |R| = [32m5.615328e+01[39m
      1 Linear |R| = [32m1.926379e+01[39m
      2 Linear |R| = [32m8.555930e+00[39m
      3 Linear |R| = [32m5.127818e+00[39m
      4 Linear |R| = [32m3.316787e+00[39m
      5 Linear |R| = [32m2.238463e+00[39m
      6 Linear |R| = [32m1.542644e+00[39m
      7 Linear |R| = [32m1.079247e+00[39m
      8 Linear |R| = [32m7.381706e-01[39m
      9 Linear |R| = [32m4.972646e-01[39m
     10 Linear |R| = [32m3.457847e-01[39m
     11 Linear |R| = [32m2.543584e-01[39m
     12 Linear |R| = [32m1.850140e-01[39m
     13 Linear |R| = [32m1.358240e-01[39m
     14 Linear |R| = [32m9.700621e-02[39m
     15 Linear |R| = [32m6.550384e-02[39m
     16 Linear |R| = [32m4.629112e-02[39m
     17 Linear |R| = [32m3.441764e-02[39m
     18 Linear |R| = [32m2.563702e-02[39m
     19 Linear |R| = [32m1.838326e-02[39m
     20 Linear |R| = [32m1.318390e-02[39m
     21 Linear |R| = [32m9.528903e-03[39m
     22 Linear |R| = [32m6.459221e-03[39m
     23 Linear |R| = [32m4.125256e-03[39m
     24 Linear |R| = [32m2.515643e-03[39m
     25 Linear |R| = [32m1.623293e-03[39m
     26 Linear |R| = [32m1.018906e-03[39m
     27 Linear |R| = [32m6.309314e-04[39m
     28 Linear |R| = [32m3.963771e-04[39m
 4 Nonlinear |R| = [32m3.998213e+00[39m
      0 Linear |R| = [32m3.998213e+00[39m
      1 Linear |R| = [32m1.687773e+00[39m
      2 Linear |R| = [32m8.006603e-01[39m
      3 Linear |R| = [32m4.491478e-01[39m
      4 Linear |R| = [32m2.550651e-01[39m
      5 Linear |R| = [32m1.546341e-01[39m
      6 Linear |R| = [32m9.735724e-02[39m
      7 Linear |R| = [32m6.855551e-02[39m
      8 Linear |R| = [32m4.838681e-02[39m
      9 Linear |R| = [32m3.441485e-02[39m
     10 Linear |R| = [32m2.628713e-02[39m
     11 Linear |R| = [32m1.988427e-02[39m
     12 Linear |R| = [32m1.444829e-02[39m
     13 Linear |R| = [32m1.030470e-02[39m
     14 Linear |R| = [32m7.335823e-03[39m
     15 Linear |R| = [32m5.161434e-03[39m
     16 Linear |R| = [32m3.678206e-03[39m
     17 Linear |R| = [32m2.728065e-03[39m
     18 Linear |R| = [32m2.007080e-03[39m
     19 Linear |R| = [32m1.364953e-03[39m
     20 Linear |R| = [32m9.123844e-04[39m
     21 Linear |R| = [32m6.391884e-04[39m
     22 Linear |R| = [32m4.569360e-04[39m
     23 Linear |R| = [32m3.075899e-04[39m
     24 Linear |R| = [32m1.893888e-04[39m
     25 Linear |R| = [32m1.129057e-04[39m
     26 Linear |R| = [32m6.713507e-05[39m
     27 Linear |R| = [32m3.999098e-05[39m
     28 Linear |R| = [32m2.435103e-05[39m
 5 Nonlinear |R| = [32m3.483502e-03[39m
      0 Linear |R| = [32m3.483502e-03[39m
      1 Linear |R| = [32m1.192992e-03[39m
      2 Linear |R| = [32m5.729790e-04[39m
      3 Linear |R| = [32m3.248427e-04[39m
      4 Linear |R| = [32m1.893480e-04[39m
      5 Linear |R| = [32m1.165496e-04[39m
      6 Linear |R| = [32m7.745310e-05[39m
      7 Linear |R| = [32m5.674718e-05[39m
      8 Linear |R| = [32m4.297456e-05[39m
      9 Linear |R| = [32m3.215498e-05[39m
     10 Linear |R| = [32m2.454504e-05[39m
     11 Linear |R| = [32m1.789804e-05[39m
     12 Linear |R| = [32m1.285551e-05[39m
     13 Linear |R| = [32m8.785311e-06[39m
     14 Linear |R| = [32m5.944453e-06[39m
     15 Linear |R| = [32m4.136646e-06[39m
     16 Linear |R| = [32m2.943260e-06[39m
     17 Linear |R| = [32m2.124586e-06[39m
     18 Linear |R| = [32m1.568722e-06[39m
     19 Linear |R| = [32m1.066976e-06[39m
     20 Linear |R| = [32m6.813349e-07[39m
     21 Linear |R| = [32m4.429666e-07[39m
     22 Linear |R| = [32m3.017833e-07[39m
     23 Linear |R| = [32m2.120554e-07[39m
     24 Linear |R| = [32m1.342784e-07[39m
     25 Linear |R| = [32m7.739724e-08[39m
     26 Linear |R| = [32m4.564197e-08[39m
     27 Linear |R| = [32m2.772002e-08[39m
 6 Nonlinear |R| = [32m1.528715e-07[39m
  Finished Solving                                                                       [[33m  7.42 s[39m] [[33m  186 MB[39m]
[32m Solve Converged![39m

Postprocessor Values:
+----------------+----------------------+------------------+----------------+----------------+
| time           | compressive_strength | reaction_force_z | top_disp_z     | vonmises_max   |
+----------------+----------------------+------------------+----------------+----------------+
|   0.000000e+00 |         0.000000e+00 |     0.000000e+00 |   0.000000e+00 |   0.000000e+00 |
|   5.000000e-02 |        -4.329228e+05 |    -2.938693e-06 |  -1.000000e-04 |   1.446551e+06 |
|   1.000000e-01 |        -8.658456e+05 |    -1.112251e-06 |  -2.000000e-04 |   2.893102e+06 |
|   1.500000e-01 |        -1.281554e+06 |    -1.173024e-05 |  -3.000000e-04 |   3.500000e+06 |
|   2.000000e-01 |        -1.633550e+06 |     2.566036e-08 |  -4.000000e-04 |   3.500000e+06 |
|   2.500000e-01 |        -1.873257e+06 |    -3.348939e-08 |  -5.000000e-04 |   3.500000e+06 |
|   3.000000e-01 |        -1.989241e+06 |     1.617896e-05 |  -6.000000e-04 |   3.500000e+06 |
|   3.500000e-01 |        -2.074472e+06 |     1.841035e-05 |  -7.000000e-04 |   3.500000e+06 |
|   4.000000e-01 |        -2.140895e+06 |    -2.593809e-05 |  -8.000000e-04 |   3.500000e+06 |
|   4.500000e-01 |        -2.211821e+06 |     6.395530e-06 |  -9.000000e-04 |   3.500000e+06 |
|   5.000000e-01 |        -2.240924e+06 |    -6.762630e-06 |  -1.000000e-03 |   3.500000e+06 |
|   5.500000e-01 |        -2.262734e+06 |     1.050951e-06 |  -1.100000e-03 |   3.500000e+06 |
|   6.000000e-01 |        -2.283478e+06 |    -1.252252e-08 |  -1.200000e-03 |   3.500000e+06 |
+----------------+----------------------+------------------+----------------+----------------+


Time Step 13, time = 0.65, dt = 0.05
 0 Nonlinear |R| = [32m1.066486e+03[39m
      0 Linear |R| = [32m1.066486e+03[39m
      1 Linear |R| = [32m9.874076e+02[39m
      2 Linear |R| = [32m7.346246e+02[39m
      3 Linear |R| = [32m6.332953e+02[39m
      4 Linear |R| = [32m5.750339e+02[39m
      5 Linear |R| = [32m4.883005e+02[39m
      6 Linear |R| = [32m3.541201e+02[39m
      7 Linear |R| = [32m2.294492e+02[39m
      8 Linear |R| = [32m1.399923e+02[39m
      9 Linear |R| = [32m8.325852e+01[39m
     10 Linear |R| = [32m4.600310e+01[39m
     11 Linear |R| = [32m2.563254e+01[39m
     12 Linear |R| = [32m1.476694e+01[39m
     13 Linear |R| = [32m8.618280e+00[39m
     14 Linear |R| = [32m5.220030e+00[39m
     15 Linear |R| = [32m3.061833e+00[39m
     16 Linear |R| = [32m1.836146e+00[39m
     17 Linear |R| = [32m1.050122e+00[39m
     18 Linear |R| = [32m5.618898e-01[39m
     19 Linear |R| = [32m3.145085e-01[39m
     20 Linear |R| = [32m1.982652e-01[39m
     21 Linear |R| = [32m1.380416e-01[39m
     22 Linear |R| = [32m1.005310e-01[39m
     23 Linear |R| = [32m7.418884e-02[39m
     24 Linear |R| = [32m5.479859e-02[39m
     25 Linear |R| = [32m3.737046e-02[39m
     26 Linear |R| = [32m2.591389e-02[39m
     27 Linear |R| = [32m1.693757e-02[39m
     28 Linear |R| = [32m1.080503e-02[39m
     29 Linear |R| = [32m6.562122e-03[39m
 1 Nonlinear |R| = [32m9.791447e+02[39m
      0 Linear |R| = [32m9.791447e+02[39m
      1 Linear |R| = [32m9.170796e+02[39m
      2 Linear |R| = [32m7.799151e+02[39m
      3 Linear |R| = [32m7.402340e+02[39m
      4 Linear |R| = [33m7.164838e+02[39m
      5 Linear |R| = [33m7.008894e+02[39m
      6 Linear |R| = [33m6.937815e+02[39m
      7 Linear |R| = [33m6.890102e+02[39m
      8 Linear |R| = [33m6.806542e+02[39m
      9 Linear |R| = [33m6.685032e+02[39m
     10 Linear |R| = [33m6.523083e+02[39m
     11 Linear |R| = [33m6.242473e+02[39m
     12 Linear |R| = [32m5.753333e+02[39m
     13 Linear |R| = [32m4.772624e+02[39m
     14 Linear |R| = [32m3.850335e+02[39m
     15 Linear |R| = [32m3.008854e+02[39m
     16 Linear |R| = [32m2.313644e+02[39m
     17 Linear |R| = [32m1.707847e+02[39m
     18 Linear |R| = [32m1.193883e+02[39m
     19 Linear |R| = [32m8.175587e+01[39m
     20 Linear |R| = [32m5.753987e+01[39m
     21 Linear |R| = [32m4.076766e+01[39m
     22 Linear |R| = [32m2.723397e+01[39m
     23 Linear |R| = [32m1.815022e+01[39m
     24 Linear |R| = [32m1.193579e+01[39m
     25 Linear |R| = [32m8.044054e+00[39m
     26 Linear |R| = [32m5.354634e+00[39m
     27 Linear |R| = [32m3.372981e+00[39m
     28 Linear |R| = [32m2.025307e+00[39m
     29 Linear |R| = [32m1.173822e+00[39m
     30 Linear |R| = [31m1.449350e+00[39m
     31 Linear |R| = [32m7.267097e-01[39m
     32 Linear |R| = [32m5.234736e-01[39m
     33 Linear |R| = [32m3.809420e-01[39m
     34 Linear |R| = [32m2.697875e-01[39m
     35 Linear |R| = [32m2.228161e-01[39m
     36 Linear |R| = [32m2.004976e-01[39m
     37 Linear |R| = [32m1.833019e-01[39m
     38 Linear |R| = [32m1.680154e-01[39m
     39 Linear |R| = [32m1.547316e-01[39m
     40 Linear |R| = [32m1.439209e-01[39m
     41 Linear |R| = [33m1.382429e-01[39m
     42 Linear |R| = [33m1.348680e-01[39m
     43 Linear |R| = [33m1.328966e-01[39m
     44 Linear |R| = [33m1.316739e-01[39m
     45 Linear |R| = [33m1.299331e-01[39m
     46 Linear |R| = [33m1.289206e-01[39m
     47 Linear |R| = [33m1.270188e-01[39m
     48 Linear |R| = [33m1.230624e-01[39m
     49 Linear |R| = [32m1.111805e-01[39m
     50 Linear |R| = [32m9.516437e-02[39m
     51 Linear |R| = [32m8.128343e-02[39m
     52 Linear |R| = [32m6.109302e-02[39m
     53 Linear |R| = [32m4.319972e-02[39m
     54 Linear |R| = [32m2.815129e-02[39m
     55 Linear |R| = [32m1.902400e-02[39m
     56 Linear |R| = [32m1.366985e-02[39m
     57 Linear |R| = [32m9.375381e-03[39m
 2 Nonlinear |R| = [33m9.780603e+02[39m
      0 Linear |R| = [32m9.780603e+02[39m
      1 Linear |R| = [32m9.140893e+02[39m
      2 Linear |R| = [32m7.808895e+02[39m
      3 Linear |R| = [32m7.363115e+02[39m
      4 Linear |R| = [33m7.106678e+02[39m
      5 Linear |R| = [33m6.977095e+02[39m
      6 Linear |R| = [33m6.922041e+02[39m
      7 Linear |R| = [33m6.871383e+02[39m
      8 Linear |R| = [33m6.755612e+02[39m
      9 Linear |R| = [33m6.606830e+02[39m
     10 Linear |R| = [33m6.447757e+02[39m
     11 Linear |R| = [33m6.170863e+02[39m
     12 Linear |R| = [32m5.629227e+02[39m
     13 Linear |R| = [32m4.599087e+02[39m
     14 Linear |R| = [32m3.661078e+02[39m
     15 Linear |R| = [32m2.861244e+02[39m
     16 Linear |R| = [32m2.195255e+02[39m
     17 Linear |R| = [32m1.622647e+02[39m
     18 Linear |R| = [32m1.140751e+02[39m
     19 Linear |R| = [32m7.893402e+01[39m
     20 Linear |R| = [32m5.683089e+01[39m
     21 Linear |R| = [32m3.883449e+01[39m
     22 Linear |R| = [32m2.563110e+01[39m
     23 Linear |R| = [32m1.745145e+01[39m
     24 Linear |R| = [32m1.191767e+01[39m
     25 Linear |R| = [32m8.385128e+00[39m
     26 Linear |R| = [32m5.348016e+00[39m
     27 Linear |R| = [32m3.253964e+00[39m
     28 Linear |R| = [32m1.927406e+00[39m
     29 Linear |R| = [32m1.134355e+00[39m
     30 Linear |R| = [31m1.705534e+00[39m
     31 Linear |R| = [32m7.800740e-01[39m
     32 Linear |R| = [32m5.896568e-01[39m
     33 Linear |R| = [32m4.245043e-01[39m
     34 Linear |R| = [32m2.906142e-01[39m
     35 Linear |R| = [32m2.449447e-01[39m
     36 Linear |R| = [32m2.213489e-01[39m
     37 Linear |R| = [32m2.019415e-01[39m
     38 Linear |R| = [32m1.850657e-01[39m
     39 Linear |R| = [32m1.721147e-01[39m
     40 Linear |R| = [32m1.610771e-01[39m
     41 Linear |R| = [33m1.548389e-01[39m
     42 Linear |R| = [33m1.511078e-01[39m
     43 Linear |R| = [33m1.487809e-01[39m
     44 Linear |R| = [33m1.469995e-01[39m
     45 Linear |R| = [33m1.450058e-01[39m
     46 Linear |R| = [33m1.442518e-01[39m
     47 Linear |R| = [33m1.423206e-01[39m
     48 Linear |R| = [33m1.375268e-01[39m
     49 Linear |R| = [32m1.237598e-01[39m
     50 Linear |R| = [32m1.056067e-01[39m
     51 Linear |R| = [32m8.687228e-02[39m
     52 Linear |R| = [32m5.927118e-02[39m
     53 Linear |R| = [32m4.021812e-02[39m
     54 Linear |R| = [32m2.533977e-02[39m
     55 Linear |R| = [32m1.661932e-02[39m
     56 Linear |R| = [32m1.029261e-02[39m
     57 Linear |R| = [32m5.960035e-03[39m
 3 Nonlinear |R| = [33m9.769528e+02[39m
      0 Linear |R| = [32m9.769528e+02[39m
      1 Linear |R| = [32m9.111997e+02[39m
      2 Linear |R| = [32m7.820482e+02[39m
      3 Linear |R| = [32m7.301128e+02[39m
      4 Linear |R| = [33m7.038140e+02[39m
      5 Linear |R| = [33m6.940441e+02[39m
      6 Linear |R| = [33m6.899545e+02[39m
      7 Linear |R| = [33m6.836584e+02[39m
      8 Linear |R| = [33m6.670570e+02[39m
      9 Linear |R| = [33m6.512109e+02[39m
     10 Linear |R| = [33m6.377968e+02[39m
     11 Linear |R| = [33m6.092534e+02[39m
     12 Linear |R| = [32m5.437884e+02[39m
     13 Linear |R| = [32m4.399066e+02[39m
     14 Linear |R| = [32m3.480951e+02[39m
     15 Linear |R| = [32m2.707223e+02[39m
     16 Linear |R| = [32m2.052008e+02[39m
     17 Linear |R| = [32m1.524197e+02[39m
     18 Linear |R| = [32m1.078014e+02[39m
     19 Linear |R| = [32m7.676212e+01[39m
     20 Linear |R| = [32m5.496711e+01[39m
     21 Linear |R| = [32m3.627250e+01[39m
     22 Linear |R| = [32m2.405566e+01[39m
     23 Linear |R| = [32m1.652734e+01[39m
     24 Linear |R| = [32m1.172749e+01[39m
     25 Linear |R| = [32m8.320762e+00[39m
     26 Linear |R| = [32m5.108515e+00[39m
     27 Linear |R| = [32m3.038618e+00[39m
     28 Linear |R| = [32m1.708438e+00[39m
     29 Linear |R| = [32m1.014088e+00[39m
     30 Linear |R| = [31m2.007369e+00[39m
     31 Linear |R| = [32m7.813607e-01[39m
     32 Linear |R| = [32m5.951054e-01[39m
     33 Linear |R| = [32m4.191613e-01[39m
     34 Linear |R| = [32m2.719380e-01[39m
     35 Linear |R| = [32m2.319247e-01[39m
     36 Linear |R| = [32m2.126334e-01[39m
     37 Linear |R| = [32m1.974941e-01[39m
     38 Linear |R| = [32m1.852406e-01[39m
     39 Linear |R| = [33m1.764194e-01[39m
     40 Linear |R| = [33m1.687907e-01[39m
     41 Linear |R| = [33m1.633337e-01[39m
     42 Linear |R| = [33m1.594537e-01[39m
     43 Linear |R| = [33m1.566157e-01[39m
     44 Linear |R| = [33m1.542677e-01[39m
     45 Linear |R| = [33m1.520064e-01[39m
     46 Linear |R| = [33m1.511296e-01[39m
     47 Linear |R| = [33m1.487069e-01[39m
     48 Linear |R| = [33m1.435426e-01[39m
     49 Linear |R| = [32m1.298699e-01[39m
     50 Linear |R| = [32m1.120196e-01[39m
     51 Linear |R| = [32m8.878208e-02[39m
     52 Linear |R| = [32m5.828284e-02[39m
     53 Linear |R| = [32m3.967487e-02[39m
     54 Linear |R| = [32m2.609010e-02[39m
     55 Linear |R| = [32m1.802643e-02[39m
     56 Linear |R| = [32m1.168133e-02[39m
     57 Linear |R| = [32m7.605361e-03[39m
 4 Nonlinear |R| = [33m9.758208e+02[39m
      0 Linear |R| = [32m9.758208e+02[39m
      1 Linear |R| = [32m9.087680e+02[39m
      2 Linear |R| = [32m7.823228e+02[39m
      3 Linear |R| = [32m7.211805e+02[39m
      4 Linear |R| = [33m6.965194e+02[39m
      5 Linear |R| = [33m6.899818e+02[39m
      6 Linear |R| = [33m6.866232e+02[39m
      7 Linear |R| = [33m6.766342e+02[39m
      8 Linear |R| = [33m6.537884e+02[39m
      9 Linear |R| = [33m6.401435e+02[39m
     10 Linear |R| = [33m6.302058e+02[39m
     11 Linear |R| = [32m5.959932e+02[39m
     12 Linear |R| = [32m5.153454e+02[39m
     13 Linear |R| = [32m4.166120e+02[39m
     14 Linear |R| = [32m3.291703e+02[39m
     15 Linear |R| = [32m2.540622e+02[39m
     16 Linear |R| = [32m1.907228e+02[39m
     17 Linear |R| = [32m1.410742e+02[39m
     18 Linear |R| = [32m9.939748e+01[39m
     19 Linear |R| = [32m7.230247e+01[39m
     20 Linear |R| = [32m5.104393e+01[39m
     21 Linear |R| = [32m3.415644e+01[39m
     22 Linear |R| = [32m2.285535e+01[39m
     23 Linear |R| = [32m1.590361e+01[39m
     24 Linear |R| = [32m1.129475e+01[39m
     25 Linear |R| = [32m7.839451e+00[39m
     26 Linear |R| = [32m4.826212e+00[39m
     27 Linear |R| = [32m2.911900e+00[39m
     28 Linear |R| = [32m1.703141e+00[39m
     29 Linear |R| = [32m1.065614e+00[39m
     30 Linear |R| = [31m2.422607e+00[39m
     31 Linear |R| = [32m8.076008e-01[39m
     32 Linear |R| = [32m6.088678e-01[39m
     33 Linear |R| = [32m4.298835e-01[39m
     34 Linear |R| = [32m2.733195e-01[39m
     35 Linear |R| = [32m2.300070e-01[39m
     36 Linear |R| = [32m2.061376e-01[39m
     37 Linear |R| = [32m1.855208e-01[39m
     38 Linear |R| = [32m1.708159e-01[39m
     39 Linear |R| = [32m1.602573e-01[39m
     40 Linear |R| = [32m1.514716e-01[39m
     41 Linear |R| = [33m1.442638e-01[39m
     42 Linear |R| = [33m1.394560e-01[39m
     43 Linear |R| = [33m1.363050e-01[39m
     44 Linear |R| = [33m1.341447e-01[39m
     45 Linear |R| = [33m1.318433e-01[39m
     46 Linear |R| = [33m1.312570e-01[39m
     47 Linear |R| = [33m1.296343e-01[39m
     48 Linear |R| = [33m1.260854e-01[39m
     49 Linear |R| = [32m1.167964e-01[39m
     50 Linear |R| = [32m1.047484e-01[39m
     51 Linear |R| = [32m8.549703e-02[39m
     52 Linear |R| = [32m6.168959e-02[39m
     53 Linear |R| = [32m4.500555e-02[39m
     54 Linear |R| = [32m3.161352e-02[39m
     55 Linear |R| = [32m2.240775e-02[39m
     56 Linear |R| = [32m1.519489e-02[39m
     57 Linear |R| = [32m1.078024e-02[39m
     58 Linear |R| = [32m8.182663e-03[39m
 5 Nonlinear |R| = [33m9.746724e+02[39m
      0 Linear |R| = [32m9.746724e+02[39m
      1 Linear |R| = [32m9.073101e+02[39m
      2 Linear |R| = [32m7.797504e+02[39m
      3 Linear |R| = [32m7.103092e+02[39m
      4 Linear |R| = [33m6.892316e+02[39m
      5 Linear |R| = [33m6.857255e+02[39m
      6 Linear |R| = [33m6.827061e+02[39m
      7 Linear |R| = [33m6.666017e+02[39m
      8 Linear |R| = [33m6.388028e+02[39m
      9 Linear |R| = [33m6.280080e+02[39m
     10 Linear |R| = [33m6.179948e+02[39m
     11 Linear |R| = [32m5.702676e+02[39m
     12 Linear |R| = [32m4.867270e+02[39m
     13 Linear |R| = [32m3.941960e+02[39m
     14 Linear |R| = [32m3.087648e+02[39m
     15 Linear |R| = [32m2.310591e+02[39m
     16 Linear |R| = [32m1.717295e+02[39m
     17 Linear |R| = [32m1.268963e+02[39m
     18 Linear |R| = [32m9.153408e+01[39m
     19 Linear |R| = [32m6.732091e+01[39m
     20 Linear |R| = [32m4.715691e+01[39m
     21 Linear |R| = [32m3.135053e+01[39m
     22 Linear |R| = [32m2.092849e+01[39m
     23 Linear |R| = [32m1.448772e+01[39m
     24 Linear |R| = [32m1.042158e+01[39m
     25 Linear |R| = [32m7.238536e+00[39m
     26 Linear |R| = [32m4.538845e+00[39m
     27 Linear |R| = [32m2.659992e+00[39m
     28 Linear |R| = [32m1.556656e+00[39m
     29 Linear |R| = [32m9.634900e-01[39m
     30 Linear |R| = [31m2.827099e+00[39m
     31 Linear |R| = [32m7.266338e-01[39m
     32 Linear |R| = [32m5.005103e-01[39m
     33 Linear |R| = [32m3.593710e-01[39m
     34 Linear |R| = [32m2.163953e-01[39m
     35 Linear |R| = [32m1.618413e-01[39m
     36 Linear |R| = [32m1.318772e-01[39m
     37 Linear |R| = [32m1.078413e-01[39m
     38 Linear |R| = [32m9.361359e-02[39m
     39 Linear |R| = [32m8.404703e-02[39m
     40 Linear |R| = [32m7.516356e-02[39m
     41 Linear |R| = [32m6.766327e-02[39m
     42 Linear |R| = [32m6.194691e-02[39m
     43 Linear |R| = [33m5.896940e-02[39m
     44 Linear |R| = [33m5.706179e-02[39m
     45 Linear |R| = [33m5.552194e-02[39m
     46 Linear |R| = [33m5.527262e-02[39m
     47 Linear |R| = [33m5.471565e-02[39m
     48 Linear |R| = [33m5.416121e-02[39m
     49 Linear |R| = [33m5.288180e-02[39m
     50 Linear |R| = [33m5.149976e-02[39m
     51 Linear |R| = [32m4.814516e-02[39m
     52 Linear |R| = [32m4.210509e-02[39m
     53 Linear |R| = [32m3.512120e-02[39m
     54 Linear |R| = [32m2.619289e-02[39m
     55 Linear |R| = [32m1.855238e-02[39m
     56 Linear |R| = [32m1.250202e-02[39m
     57 Linear |R| = [32m8.774723e-03[39m
 6 Nonlinear |R| = [32m9.158717e+02[39m
      0 Linear |R| = [32m9.158717e+02[39m
      1 Linear |R| = [32m6.542067e+02[39m
      2 Linear |R| = [32m5.291501e+02[39m
      3 Linear |R| = [32m4.331365e+02[39m
      4 Linear |R| = [32m3.753114e+02[39m
      5 Linear |R| = [32m3.229470e+02[39m
      6 Linear |R| = [32m2.358871e+02[39m
      7 Linear |R| = [32m1.703045e+02[39m
      8 Linear |R| = [32m1.331182e+02[39m
      9 Linear |R| = [32m1.027850e+02[39m
     10 Linear |R| = [32m7.525326e+01[39m
     11 Linear |R| = [32m5.105041e+01[39m
     12 Linear |R| = [32m3.410403e+01[39m
     13 Linear |R| = [32m2.279759e+01[39m
     14 Linear |R| = [32m1.576017e+01[39m
     15 Linear |R| = [32m1.170824e+01[39m
     16 Linear |R| = [32m8.600922e+00[39m
     17 Linear |R| = [32m6.071647e+00[39m
     18 Linear |R| = [32m4.453256e+00[39m
     19 Linear |R| = [32m3.180532e+00[39m
     20 Linear |R| = [32m2.229339e+00[39m
     21 Linear |R| = [32m1.497583e+00[39m
     22 Linear |R| = [32m9.960478e-01[39m
     23 Linear |R| = [32m7.044318e-01[39m
     24 Linear |R| = [32m4.979000e-01[39m
     25 Linear |R| = [32m3.327641e-01[39m
     26 Linear |R| = [32m2.122549e-01[39m
     27 Linear |R| = [32m1.257402e-01[39m
     28 Linear |R| = [32m7.450577e-02[39m
     29 Linear |R| = [32m4.628027e-02[39m
     30 Linear |R| = [32m4.047462e-02[39m
     31 Linear |R| = [32m2.352115e-02[39m
     32 Linear |R| = [32m1.699543e-02[39m
     33 Linear |R| = [32m1.090748e-02[39m
     34 Linear |R| = [32m6.492785e-03[39m
 7 Nonlinear |R| = [32m7.341748e+02[39m
      0 Linear |R| = [32m7.341748e+02[39m
      1 Linear |R| = [32m3.501539e+02[39m
      2 Linear |R| = [32m2.464707e+02[39m
      3 Linear |R| = [32m1.672947e+02[39m
      4 Linear |R| = [32m1.093739e+02[39m
      5 Linear |R| = [32m7.363329e+01[39m
      6 Linear |R| = [32m5.118971e+01[39m
      7 Linear |R| = [32m3.683347e+01[39m
      8 Linear |R| = [32m2.890400e+01[39m
      9 Linear |R| = [32m2.120778e+01[39m
     10 Linear |R| = [32m1.412723e+01[39m
     11 Linear |R| = [32m8.911931e+00[39m
     12 Linear |R| = [32m6.083178e+00[39m
     13 Linear |R| = [32m4.377243e+00[39m
     14 Linear |R| = [32m3.245190e+00[39m
     15 Linear |R| = [32m2.440476e+00[39m
     16 Linear |R| = [32m1.778656e+00[39m
     17 Linear |R| = [32m1.228096e+00[39m
     18 Linear |R| = [32m8.865694e-01[39m
     19 Linear |R| = [32m6.291365e-01[39m
     20 Linear |R| = [32m4.421556e-01[39m
     21 Linear |R| = [32m3.141506e-01[39m
     22 Linear |R| = [32m2.297780e-01[39m
     23 Linear |R| = [32m1.635851e-01[39m
     24 Linear |R| = [32m1.092690e-01[39m
     25 Linear |R| = [32m6.888797e-02[39m
     26 Linear |R| = [32m4.419870e-02[39m
     27 Linear |R| = [32m2.824854e-02[39m
     28 Linear |R| = [32m1.723314e-02[39m
     29 Linear |R| = [32m1.023412e-02[39m
     30 Linear |R| = [32m6.101300e-03[39m
 8 Nonlinear |R| = [32m6.039114e+02[39m
      0 Linear |R| = [32m6.039114e+02[39m
      1 Linear |R| = [32m2.128000e+02[39m
      2 Linear |R| = [32m1.269125e+02[39m
      3 Linear |R| = [32m7.652694e+01[39m
      4 Linear |R| = [32m4.688229e+01[39m
      5 Linear |R| = [32m3.042934e+01[39m
      6 Linear |R| = [32m2.147673e+01[39m
      7 Linear |R| = [32m1.566161e+01[39m
      8 Linear |R| = [32m1.201948e+01[39m
      9 Linear |R| = [32m8.341837e+00[39m
     10 Linear |R| = [32m5.401694e+00[39m
     11 Linear |R| = [32m3.448581e+00[39m
     12 Linear |R| = [32m2.433495e+00[39m
     13 Linear |R| = [32m1.783087e+00[39m
     14 Linear |R| = [32m1.319937e+00[39m
     15 Linear |R| = [32m9.269639e-01[39m
     16 Linear |R| = [32m6.322834e-01[39m
     17 Linear |R| = [32m4.464722e-01[39m
     18 Linear |R| = [32m3.417836e-01[39m
     19 Linear |R| = [32m2.539984e-01[39m
     20 Linear |R| = [32m1.819800e-01[39m
     21 Linear |R| = [32m1.304734e-01[39m
     22 Linear |R| = [32m9.262038e-02[39m
     23 Linear |R| = [32m6.429711e-02[39m
     24 Linear |R| = [32m4.132196e-02[39m
     25 Linear |R| = [32m2.664044e-02[39m
     26 Linear |R| = [32m1.751352e-02[39m
     27 Linear |R| = [32m1.132053e-02[39m
     28 Linear |R| = [32m6.415828e-03[39m
     29 Linear |R| = [32m3.368321e-03[39m
 9 Nonlinear |R| = [32m4.407220e+02[39m
      0 Linear |R| = [32m4.407220e+02[39m
      1 Linear |R| = [32m1.216053e+02[39m
      2 Linear |R| = [32m3.999639e+01[39m
      3 Linear |R| = [32m1.901293e+01[39m
      4 Linear |R| = [32m1.051618e+01[39m
      5 Linear |R| = [32m7.068595e+00[39m
      6 Linear |R| = [32m5.015196e+00[39m
      7 Linear |R| = [32m3.699052e+00[39m
      8 Linear |R| = [32m2.608687e+00[39m
      9 Linear |R| = [32m1.765168e+00[39m
     10 Linear |R| = [32m1.202259e+00[39m
     11 Linear |R| = [32m8.325274e-01[39m
     12 Linear |R| = [32m5.880563e-01[39m
     13 Linear |R| = [32m4.342045e-01[39m
     14 Linear |R| = [32m3.103336e-01[39m
     15 Linear |R| = [32m2.253117e-01[39m
     16 Linear |R| = [32m1.617305e-01[39m
     17 Linear |R| = [32m1.128632e-01[39m
     18 Linear |R| = [32m8.099739e-02[39m
     19 Linear |R| = [32m6.071627e-02[39m
     20 Linear |R| = [32m4.423822e-02[39m
     21 Linear |R| = [32m3.313516e-02[39m
     22 Linear |R| = [32m2.506865e-02[39m
     23 Linear |R| = [32m1.755167e-02[39m
     24 Linear |R| = [32m1.113375e-02[39m
     25 Linear |R| = [32m6.829464e-03[39m
     26 Linear |R| = [32m4.221682e-03[39m
10 Nonlinear |R| = [32m1.179754e+01[39m
      0 Linear |R| = [32m1.179754e+01[39m
      1 Linear |R| = [32m6.603006e+00[39m
      2 Linear |R| = [32m3.342298e+00[39m
      3 Linear |R| = [32m2.106708e+00[39m
      4 Linear |R| = [32m1.436317e+00[39m
      5 Linear |R| = [32m9.270931e-01[39m
      6 Linear |R| = [32m5.563106e-01[39m
      7 Linear |R| = [32m3.567146e-01[39m
      8 Linear |R| = [32m2.334389e-01[39m
      9 Linear |R| = [32m1.617172e-01[39m
     10 Linear |R| = [32m1.176760e-01[39m
     11 Linear |R| = [32m8.550722e-02[39m
     12 Linear |R| = [32m6.279808e-02[39m
     13 Linear |R| = [32m4.628586e-02[39m
     14 Linear |R| = [32m3.349910e-02[39m
     15 Linear |R| = [32m2.424775e-02[39m
     16 Linear |R| = [32m1.829078e-02[39m
     17 Linear |R| = [32m1.342193e-02[39m
     18 Linear |R| = [32m9.609111e-03[39m
     19 Linear |R| = [32m6.551315e-03[39m
     20 Linear |R| = [32m4.601855e-03[39m
     21 Linear |R| = [32m3.285136e-03[39m
     22 Linear |R| = [32m2.324585e-03[39m
     23 Linear |R| = [32m1.629346e-03[39m
     24 Linear |R| = [32m1.094785e-03[39m
     25 Linear |R| = [32m7.124110e-04[39m
     26 Linear |R| = [32m4.353230e-04[39m
     27 Linear |R| = [32m2.672119e-04[39m
     28 Linear |R| = [32m1.754342e-04[39m
     29 Linear |R| = [32m1.093779e-04[39m
11 Nonlinear |R| = [32m1.830604e-01[39m
      0 Linear |R| = [32m1.830604e-01[39m
      1 Linear |R| = [32m6.376806e-02[39m
      2 Linear |R| = [32m2.740528e-02[39m
      3 Linear |R| = [32m1.522896e-02[39m
      4 Linear |R| = [32m9.969008e-03[39m
      5 Linear |R| = [32m6.864692e-03[39m
      6 Linear |R| = [32m4.444975e-03[39m
      7 Linear |R| = [32m2.845926e-03[39m
      8 Linear |R| = [32m1.891130e-03[39m
      9 Linear |R| = [32m1.368134e-03[39m
     10 Linear |R| = [32m1.044596e-03[39m
     11 Linear |R| = [32m7.803529e-04[39m
     12 Linear |R| = [32m5.353639e-04[39m
     13 Linear |R| = [32m4.002951e-04[39m
     14 Linear |R| = [32m2.959103e-04[39m
     15 Linear |R| = [32m2.135273e-04[39m
     16 Linear |R| = [32m1.525521e-04[39m
     17 Linear |R| = [32m1.069435e-04[39m
     18 Linear |R| = [32m7.554232e-05[39m
     19 Linear |R| = [32m5.321359e-05[39m
     20 Linear |R| = [32m3.625334e-05[39m
     21 Linear |R| = [32m2.598971e-05[39m
     22 Linear |R| = [32m1.840260e-05[39m
     23 Linear |R| = [32m1.277330e-05[39m
     24 Linear |R| = [32m8.324666e-06[39m
     25 Linear |R| = [32m5.135770e-06[39m
     26 Linear |R| = [32m3.230032e-06[39m
     27 Linear |R| = [32m2.011883e-06[39m
     28 Linear |R| = [32m1.235399e-06[39m
12 Nonlinear |R| = [32m1.175012e-05[39m
  Finished Solving                                                                       [[33m 17.97 s[39m] [[33m  186 MB[39m]
[32m Solve Converged![39m

Outlier Variable Residual Norms:
  disp_z: [33m9.617723e-06[39m

Postprocessor Values:
+----------------+----------------------+------------------+----------------+----------------+
| time           | compressive_strength | reaction_force_z | top_disp_z     | vonmises_max   |
+----------------+----------------------+------------------+----------------+----------------+
|   0.000000e+00 |         0.000000e+00 |     0.000000e+00 |   0.000000e+00 |   0.000000e+00 |
|   5.000000e-02 |        -4.329228e+05 |    -2.938693e-06 |  -1.000000e-04 |   1.446551e+06 |
|   1.000000e-01 |        -8.658456e+05 |    -1.112251e-06 |  -2.000000e-04 |   2.893102e+06 |
|   1.500000e-01 |        -1.281554e+06 |    -1.173024e-05 |  -3.000000e-04 |   3.500000e+06 |
|   2.000000e-01 |        -1.633550e+06 |     2.566036e-08 |  -4.000000e-04 |   3.500000e+06 |
|   2.500000e-01 |        -1.873257e+06 |    -3.348939e-08 |  -5.000000e-04 |   3.500000e+06 |
|   3.000000e-01 |        -1.989241e+06 |     1.617896e-05 |  -6.000000e-04 |   3.500000e+06 |
|   3.500000e-01 |        -2.074472e+06 |     1.841035e-05 |  -7.000000e-04 |   3.500000e+06 |
|   4.000000e-01 |        -2.140895e+06 |    -2.593809e-05 |  -8.000000e-04 |   3.500000e+06 |
|   4.500000e-01 |        -2.211821e+06 |     6.395530e-06 |  -9.000000e-04 |   3.500000e+06 |
|   5.000000e-01 |        -2.240924e+06 |    -6.762630e-06 |  -1.000000e-03 |   3.500000e+06 |
|   5.500000e-01 |        -2.262734e+06 |     1.050951e-06 |  -1.100000e-03 |   3.500000e+06 |
|   6.000000e-01 |        -2.283478e+06 |    -1.252252e-08 |  -1.200000e-03 |   3.500000e+06 |
|   6.500000e-01 |        -2.300340e+06 |     1.124002e-06 |  -1.300000e-03 |   3.500000e+06 |
+----------------+----------------------+------------------+----------------+----------------+


Time Step 14, time = 0.7, dt = 0.05
 0 Nonlinear |R| = [32m1.064284e+03[39m
      0 Linear |R| = [32m1.064284e+03[39m
      1 Linear |R| = [32m9.831850e+02[39m
      2 Linear |R| = [32m7.319004e+02[39m
      3 Linear |R| = [32m6.294181e+02[39m
      4 Linear |R| = [32m5.717616e+02[39m
      5 Linear |R| = [32m4.879578e+02[39m
      6 Linear |R| = [32m3.554401e+02[39m
      7 Linear |R| = [32m2.309138e+02[39m
      8 Linear |R| = [32m1.408448e+02[39m
      9 Linear |R| = [32m8.376102e+01[39m
     10 Linear |R| = [32m4.661559e+01[39m
     11 Linear |R| = [32m2.594539e+01[39m
     12 Linear |R| = [32m1.487463e+01[39m
     13 Linear |R| = [32m8.706898e+00[39m
     14 Linear |R| = [32m5.262020e+00[39m
     15 Linear |R| = [32m3.103541e+00[39m
     16 Linear |R| = [32m1.856269e+00[39m
     17 Linear |R| = [32m1.058541e+00[39m
     18 Linear |R| = [32m5.627271e-01[39m
     19 Linear |R| = [32m3.136522e-01[39m
     20 Linear |R| = [32m1.960178e-01[39m
     21 Linear |R| = [32m1.343837e-01[39m
     22 Linear |R| = [32m9.719735e-02[39m
     23 Linear |R| = [32m7.178807e-02[39m
     24 Linear |R| = [32m5.333176e-02[39m
     25 Linear |R| = [32m3.670072e-02[39m
     26 Linear |R| = [32m2.563623e-02[39m
     27 Linear |R| = [32m1.705465e-02[39m
     28 Linear |R| = [32m1.086865e-02[39m
     29 Linear |R| = [32m6.621864e-03[39m
 1 Nonlinear |R| = [32m9.766750e+02[39m
      0 Linear |R| = [32m9.766750e+02[39m
      1 Linear |R| = [32m9.129107e+02[39m
      2 Linear |R| = [32m7.758845e+02[39m
      3 Linear |R| = [32m7.359393e+02[39m
      4 Linear |R| = [33m7.116737e+02[39m
      5 Linear |R| = [33m6.964651e+02[39m
      6 Linear |R| = [33m6.896429e+02[39m
      7 Linear |R| = [33m6.852346e+02[39m
      8 Linear |R| = [33m6.768617e+02[39m
      9 Linear |R| = [33m6.654313e+02[39m
     10 Linear |R| = [33m6.516026e+02[39m
     11 Linear |R| = [33m6.285448e+02[39m
     12 Linear |R| = [32m5.871879e+02[39m
     13 Linear |R| = [32m4.934088e+02[39m
     14 Linear |R| = [32m3.990085e+02[39m
     15 Linear |R| = [32m3.147602e+02[39m
     16 Linear |R| = [32m2.463044e+02[39m
     17 Linear |R| = [32m1.847016e+02[39m
     18 Linear |R| = [32m1.314038e+02[39m
     19 Linear |R| = [32m9.130243e+01[39m
     20 Linear |R| = [32m6.464047e+01[39m
     21 Linear |R| = [32m4.583639e+01[39m
     22 Linear |R| = [32m3.095429e+01[39m
     23 Linear |R| = [32m2.074473e+01[39m
     24 Linear |R| = [32m1.368869e+01[39m
     25 Linear |R| = [32m9.244624e+00[39m
     26 Linear |R| = [32m6.129879e+00[39m
     27 Linear |R| = [32m3.921184e+00[39m
     28 Linear |R| = [32m2.421668e+00[39m
     29 Linear |R| = [32m1.454045e+00[39m
     30 Linear |R| = [31m8.279983e+01[39m
     31 Linear |R| = [32m3.744747e+01[39m
     32 Linear |R| = [32m1.626624e+01[39m
     33 Linear |R| = [32m9.517237e+00[39m
     34 Linear |R| = [32m6.207556e+00[39m
     35 Linear |R| = [32m3.702352e+00[39m
     36 Linear |R| = [32m2.038113e+00[39m
     37 Linear |R| = [32m1.213873e+00[39m
     38 Linear |R| = [32m8.407264e-01[39m
     39 Linear |R| = [32m6.591146e-01[39m
     40 Linear |R| = [32m5.041892e-01[39m
     41 Linear |R| = [32m3.870554e-01[39m
     42 Linear |R| = [32m3.207145e-01[39m
     43 Linear |R| = [32m2.788814e-01[39m
     44 Linear |R| = [32m2.525421e-01[39m
     45 Linear |R| = [32m2.271525e-01[39m
     46 Linear |R| = [32m2.077022e-01[39m
     47 Linear |R| = [33m1.980886e-01[39m
     48 Linear |R| = [33m1.928205e-01[39m
     49 Linear |R| = [33m1.902169e-01[39m
     50 Linear |R| = [33m1.872424e-01[39m
     51 Linear |R| = [33m1.848217e-01[39m
     52 Linear |R| = [33m1.824737e-01[39m
     53 Linear |R| = [33m1.806749e-01[39m
     54 Linear |R| = [33m1.788422e-01[39m
     55 Linear |R| = [33m1.765399e-01[39m
     56 Linear |R| = [33m1.710352e-01[39m
     57 Linear |R| = [32m1.588893e-01[39m
     58 Linear |R| = [32m1.373042e-01[39m
     59 Linear |R| = [32m1.061368e-01[39m
    Linear solve did not converge due to DIVERGED_BREAKDOWN iterations 60
 2 Nonlinear |R| = [33m9.755840e+02[39m
      0 Linear |R| = [32m9.755840e+02[39m
      1 Linear |R| = [32m9.097592e+02[39m
      2 Linear |R| = [32m7.770770e+02[39m
      3 Linear |R| = [32m7.320647e+02[39m
      4 Linear |R| = [33m7.057526e+02[39m
      5 Linear |R| = [33m6.933177e+02[39m
      6 Linear |R| = [33m6.880456e+02[39m
      7 Linear |R| = [33m6.831661e+02[39m
      8 Linear |R| = [33m6.712789e+02[39m
      9 Linear |R| = [33m6.570536e+02[39m
     10 Linear |R| = [33m6.437118e+02[39m
     11 Linear |R| = [33m6.210981e+02[39m
     12 Linear |R| = [32m5.745487e+02[39m
     13 Linear |R| = [32m4.741774e+02[39m
     14 Linear |R| = [32m3.784969e+02[39m
     15 Linear |R| = [32m2.991542e+02[39m
     16 Linear |R| = [32m2.337051e+02[39m
     17 Linear |R| = [32m1.745216e+02[39m
     18 Linear |R| = [32m1.243449e+02[39m
     19 Linear |R| = [32m8.754264e+01[39m
     20 Linear |R| = [32m6.327315e+01[39m
     21 Linear |R| = [32m4.335116e+01[39m
     22 Linear |R| = [32m2.918804e+01[39m
     23 Linear |R| = [32m2.001972e+01[39m
     24 Linear |R| = [32m1.362379e+01[39m
     25 Linear |R| = [32m9.552048e+00[39m
     26 Linear |R| = [32m6.068618e+00[39m
     27 Linear |R| = [32m3.771044e+00[39m
     28 Linear |R| = [32m2.316665e+00[39m
     29 Linear |R| = [32m1.413050e+00[39m
     30 Linear |R| = [31m1.848350e+00[39m
     31 Linear |R| = [32m8.937907e-01[39m
     32 Linear |R| = [32m6.729335e-01[39m
     33 Linear |R| = [32m4.754344e-01[39m
     34 Linear |R| = [32m3.144354e-01[39m
     35 Linear |R| = [32m2.580945e-01[39m
     36 Linear |R| = [32m2.299247e-01[39m
     37 Linear |R| = [32m2.097383e-01[39m
     38 Linear |R| = [32m1.942721e-01[39m
     39 Linear |R| = [32m1.819730e-01[39m
     40 Linear |R| = [32m1.711183e-01[39m
     41 Linear |R| = [33m1.641357e-01[39m
     42 Linear |R| = [33m1.598160e-01[39m
     43 Linear |R| = [33m1.568449e-01[39m
     44 Linear |R| = [33m1.549225e-01[39m
     45 Linear |R| = [33m1.527873e-01[39m
     46 Linear |R| = [33m1.522328e-01[39m
     47 Linear |R| = [33m1.511143e-01[39m
     48 Linear |R| = [33m1.480714e-01[39m
     49 Linear |R| = [32m1.385801e-01[39m
     50 Linear |R| = [32m1.247925e-01[39m
     51 Linear |R| = [32m1.095776e-01[39m
     52 Linear |R| = [32m8.192480e-02[39m
     53 Linear |R| = [32m6.162190e-02[39m
     54 Linear |R| = [32m4.380066e-02[39m
     55 Linear |R| = [32m3.322885e-02[39m
     56 Linear |R| = [32m2.477525e-02[39m
     57 Linear |R| = [32m1.856716e-02[39m
     58 Linear |R| = [32m1.382108e-02[39m
     59 Linear |R| = [32m1.003741e-02[39m
     60 Linear |R| = [32m6.805899e-03[39m
 3 Nonlinear |R| = [33m9.744715e+02[39m
      0 Linear |R| = [32m9.744715e+02[39m
      1 Linear |R| = [32m9.067904e+02[39m
      2 Linear |R| = [32m7.783500e+02[39m
      3 Linear |R| = [32m7.259045e+02[39m
      4 Linear |R| = [33m6.991120e+02[39m
      5 Linear |R| = [33m6.898856e+02[39m
      6 Linear |R| = [33m6.861261e+02[39m
      7 Linear |R| = [33m6.799444e+02[39m
      8 Linear |R| = [33m6.624950e+02[39m
      9 Linear |R| = [33m6.473280e+02[39m
     10 Linear |R| = [33m6.363516e+02[39m
     11 Linear |R| = [33m6.129824e+02[39m
     12 Linear |R| = [32m5.566486e+02[39m
     13 Linear |R| = [32m4.581693e+02[39m
     14 Linear |R| = [32m3.661355e+02[39m
     15 Linear |R| = [32m2.877929e+02[39m
     16 Linear |R| = [32m2.198761e+02[39m
     17 Linear |R| = [32m1.629844e+02[39m
     18 Linear |R| = [32m1.181798e+02[39m
     19 Linear |R| = [32m8.756413e+01[39m
     20 Linear |R| = [32m6.340654e+01[39m
     21 Linear |R| = [32m4.187838e+01[39m
     22 Linear |R| = [32m2.772648e+01[39m
     23 Linear |R| = [32m1.873935e+01[39m
     24 Linear |R| = [32m1.324930e+01[39m
     25 Linear |R| = [32m9.526521e+00[39m
     26 Linear |R| = [32m5.998175e+00[39m
     27 Linear |R| = [32m3.740137e+00[39m
     28 Linear |R| = [32m2.222329e+00[39m
     29 Linear |R| = [32m1.391371e+00[39m
     30 Linear |R| = [31m2.180941e+00[39m
     31 Linear |R| = [32m9.435428e-01[39m
     32 Linear |R| = [32m7.302019e-01[39m
     33 Linear |R| = [32m5.201595e-01[39m
     34 Linear |R| = [32m3.445324e-01[39m
     35 Linear |R| = [32m2.863354e-01[39m
     36 Linear |R| = [32m2.493558e-01[39m
     37 Linear |R| = [32m2.178363e-01[39m
     38 Linear |R| = [32m1.951921e-01[39m
     39 Linear |R| = [32m1.791582e-01[39m
     40 Linear |R| = [32m1.672979e-01[39m
     41 Linear |R| = [33m1.595576e-01[39m
     42 Linear |R| = [33m1.543501e-01[39m
     43 Linear |R| = [33m1.507578e-01[39m
     44 Linear |R| = [33m1.484236e-01[39m
     45 Linear |R| = [33m1.463376e-01[39m
     46 Linear |R| = [33m1.458737e-01[39m
     47 Linear |R| = [33m1.448605e-01[39m
     48 Linear |R| = [33m1.427454e-01[39m
     49 Linear |R| = [33m1.364717e-01[39m
     50 Linear |R| = [32m1.256889e-01[39m
     51 Linear |R| = [32m1.100105e-01[39m
     52 Linear |R| = [32m8.193123e-02[39m
     53 Linear |R| = [32m6.253365e-02[39m
     54 Linear |R| = [32m4.544219e-02[39m
     55 Linear |R| = [32m3.443954e-02[39m
     56 Linear |R| = [32m2.547299e-02[39m
     57 Linear |R| = [32m1.964919e-02[39m
     58 Linear |R| = [32m1.509987e-02[39m
     59 Linear |R| = [32m1.114049e-02[39m
     60 Linear |R| = [32m7.366177e-03[39m
 4 Nonlinear |R| = [33m9.733353e+02[39m
      0 Linear |R| = [32m9.733353e+02[39m
      1 Linear |R| = [32m9.043148e+02[39m
      2 Linear |R| = [32m7.784178e+02[39m
      3 Linear |R| = [32m7.165819e+02[39m
      4 Linear |R| = [33m6.915669e+02[39m
      5 Linear |R| = [33m6.856547e+02[39m
      6 Linear |R| = [33m6.828190e+02[39m
      7 Linear |R| = [33m6.730754e+02[39m
      8 Linear |R| = [33m6.489600e+02[39m
      9 Linear |R| = [33m6.354752e+02[39m
     10 Linear |R| = [33m6.267865e+02[39m
     11 Linear |R| = [33m5.963223e+02[39m
     12 Linear |R| = [32m5.263104e+02[39m
     13 Linear |R| = [32m4.354636e+02[39m
     14 Linear |R| = [32m3.467462e+02[39m
     15 Linear |R| = [32m2.665410e+02[39m
     16 Linear |R| = [32m1.977543e+02[39m
     17 Linear |R| = [32m1.451702e+02[39m
     18 Linear |R| = [32m1.066456e+02[39m
     19 Linear |R| = [32m8.209138e+01[39m
     20 Linear |R| = [32m5.888785e+01[39m
     21 Linear |R| = [32m3.844950e+01[39m
     22 Linear |R| = [32m2.468425e+01[39m
     23 Linear |R| = [32m1.662859e+01[39m
     24 Linear |R| = [32m1.196698e+01[39m
     25 Linear |R| = [32m8.663258e+00[39m
     26 Linear |R| = [32m5.553238e+00[39m
     27 Linear |R| = [32m3.361058e+00[39m
     28 Linear |R| = [32m1.894832e+00[39m
     29 Linear |R| = [32m1.138707e+00[39m
     30 Linear |R| = [31m2.546462e+00[39m
     31 Linear |R| = [32m8.382439e-01[39m
     32 Linear |R| = [32m6.232435e-01[39m
     33 Linear |R| = [32m4.333302e-01[39m
     34 Linear |R| = [32m2.619988e-01[39m
     35 Linear |R| = [32m2.119449e-01[39m
     36 Linear |R| = [32m1.839765e-01[39m
     37 Linear |R| = [32m1.622045e-01[39m
     38 Linear |R| = [32m1.493633e-01[39m
     39 Linear |R| = [33m1.422570e-01[39m
     40 Linear |R| = [33m1.375579e-01[39m
     41 Linear |R| = [33m1.337801e-01[39m
     42 Linear |R| = [33m1.305022e-01[39m
     43 Linear |R| = [33m1.275844e-01[39m
     44 Linear |R| = [33m1.248832e-01[39m
     45 Linear |R| = [33m1.220128e-01[39m
     46 Linear |R| = [33m1.212766e-01[39m
     47 Linear |R| = [33m1.199134e-01[39m
     48 Linear |R| = [33m1.177906e-01[39m
     49 Linear |R| = [33m1.121569e-01[39m
     50 Linear |R| = [32m1.053019e-01[39m
     51 Linear |R| = [32m9.055177e-02[39m
     52 Linear |R| = [32m6.714414e-02[39m
     53 Linear |R| = [32m4.960353e-02[39m
     54 Linear |R| = [32m3.661132e-02[39m
     55 Linear |R| = [32m2.824457e-02[39m
     56 Linear |R| = [32m2.121897e-02[39m
     57 Linear |R| = [32m1.640286e-02[39m
     58 Linear |R| = [32m1.269349e-02[39m
     59 Linear |R| = [32m9.659102e-03[39m
 5 Nonlinear |R| = [33m9.721761e+02[39m
      0 Linear |R| = [32m9.721761e+02[39m
      1 Linear |R| = [32m9.030209e+02[39m
      2 Linear |R| = [32m7.758121e+02[39m
      3 Linear |R| = [32m7.057065e+02[39m
      4 Linear |R| = [33m6.840396e+02[39m
      5 Linear |R| = [33m6.807208e+02[39m
      6 Linear |R| = [33m6.776495e+02[39m
      7 Linear |R| = [33m6.609790e+02[39m
      8 Linear |R| = [33m6.328030e+02[39m
      9 Linear |R| = [33m6.231529e+02[39m
     10 Linear |R| = [33m6.147116e+02[39m
     11 Linear |R| = [32m5.711649e+02[39m
     12 Linear |R| = [32m4.961664e+02[39m
     13 Linear |R| = [32m4.085089e+02[39m
     14 Linear |R| = [32m3.218504e+02[39m
     15 Linear |R| = [32m2.407369e+02[39m
     16 Linear |R| = [32m1.782120e+02[39m
     17 Linear |R| = [32m1.299916e+02[39m
     18 Linear |R| = [32m9.593760e+01[39m
     19 Linear |R| = [32m7.388650e+01[39m
     20 Linear |R| = [32m5.297637e+01[39m
     21 Linear |R| = [32m3.496000e+01[39m
     22 Linear |R| = [32m2.287826e+01[39m
     23 Linear |R| = [32m1.543209e+01[39m
     24 Linear |R| = [32m1.110308e+01[39m
     25 Linear |R| = [32m7.906380e+00[39m
     26 Linear |R| = [32m5.165440e+00[39m
     27 Linear |R| = [32m3.100823e+00[39m
     28 Linear |R| = [32m1.842043e+00[39m
     29 Linear |R| = [32m1.129439e+00[39m
     30 Linear |R| = [31m2.944272e+00[39m
     31 Linear |R| = [32m7.748268e-01[39m
     32 Linear |R| = [32m5.337510e-01[39m
     33 Linear |R| = [32m3.842358e-01[39m
     34 Linear |R| = [32m2.313954e-01[39m
     35 Linear |R| = [32m1.681895e-01[39m
     36 Linear |R| = [32m1.303826e-01[39m
     37 Linear |R| = [32m1.012841e-01[39m
     38 Linear |R| = [32m8.503902e-02[39m
     39 Linear |R| = [32m7.410367e-02[39m
     40 Linear |R| = [32m6.452172e-02[39m
     41 Linear |R| = [32m5.645644e-02[39m
     42 Linear |R| = [32m5.022163e-02[39m
     43 Linear |R| = [32m4.662717e-02[39m
     44 Linear |R| = [32m4.428873e-02[39m
     45 Linear |R| = [33m4.243086e-02[39m
     46 Linear |R| = [33m4.200850e-02[39m
     47 Linear |R| = [33m4.146883e-02[39m
     48 Linear |R| = [33m4.114664e-02[39m
     49 Linear |R| = [33m4.046807e-02[39m
     50 Linear |R| = [33m4.004611e-02[39m
     51 Linear |R| = [33m3.868473e-02[39m
     52 Linear |R| = [32m3.598115e-02[39m
     53 Linear |R| = [32m3.233741e-02[39m
     54 Linear |R| = [32m2.677401e-02[39m
     55 Linear |R| = [32m2.141505e-02[39m
     56 Linear |R| = [32m1.648358e-02[39m
     57 Linear |R| = [32m1.308924e-02[39m
     58 Linear |R| = [32m1.033852e-02[39m
     59 Linear |R| = [32m8.025268e-03[39m
 6 Nonlinear |R| = [32m9.001511e+02[39m
      0 Linear |R| = [32m9.001511e+02[39m
      1 Linear |R| = [32m6.433117e+02[39m
      2 Linear |R| = [32m5.200205e+02[39m
      3 Linear |R| = [32m4.238633e+02[39m
      4 Linear |R| = [32m3.672120e+02[39m
      5 Linear |R| = [32m3.159363e+02[39m
      6 Linear |R| = [32m2.326013e+02[39m
      7 Linear |R| = [32m1.707403e+02[39m
      8 Linear |R| = [32m1.337392e+02[39m
      9 Linear |R| = [32m1.027695e+02[39m
     10 Linear |R| = [32m7.565975e+01[39m
     11 Linear |R| = [32m5.168605e+01[39m
     12 Linear |R| = [32m3.504235e+01[39m
     13 Linear |R| = [32m2.367713e+01[39m
     14 Linear |R| = [32m1.627622e+01[39m
     15 Linear |R| = [32m1.182245e+01[39m
     16 Linear |R| = [32m8.697952e+00[39m
     17 Linear |R| = [32m6.153850e+00[39m
     18 Linear |R| = [32m4.637693e+00[39m
     19 Linear |R| = [32m3.425916e+00[39m
     20 Linear |R| = [32m2.430182e+00[39m
     21 Linear |R| = [32m1.606396e+00[39m
     22 Linear |R| = [32m1.056823e+00[39m
     23 Linear |R| = [32m7.357392e-01[39m
     24 Linear |R| = [32m5.178688e-01[39m
     25 Linear |R| = [32m3.554165e-01[39m
     26 Linear |R| = [32m2.398043e-01[39m
     27 Linear |R| = [32m1.459912e-01[39m
     28 Linear |R| = [32m8.544170e-02[39m
     29 Linear |R| = [32m5.215479e-02[39m
     30 Linear |R| = [32m4.182363e-02[39m
     31 Linear |R| = [32m2.592262e-02[39m
     32 Linear |R| = [32m1.865845e-02[39m
     33 Linear |R| = [32m1.190483e-02[39m
     34 Linear |R| = [32m7.186277e-03[39m
 7 Nonlinear |R| = [32m7.246927e+02[39m
      0 Linear |R| = [32m7.246927e+02[39m
      1 Linear |R| = [32m3.435925e+02[39m
      2 Linear |R| = [32m2.415938e+02[39m
      3 Linear |R| = [32m1.650880e+02[39m
      4 Linear |R| = [32m1.085205e+02[39m
      5 Linear |R| = [32m7.375785e+01[39m
      6 Linear |R| = [32m5.171043e+01[39m
      7 Linear |R| = [32m3.752063e+01[39m
      8 Linear |R| = [32m2.973194e+01[39m
      9 Linear |R| = [32m2.203839e+01[39m
     10 Linear |R| = [32m1.479964e+01[39m
     11 Linear |R| = [32m9.258182e+00[39m
     12 Linear |R| = [32m6.228404e+00[39m
     13 Linear |R| = [32m4.420087e+00[39m
     14 Linear |R| = [32m3.273573e+00[39m
     15 Linear |R| = [32m2.472253e+00[39m
     16 Linear |R| = [32m1.833057e+00[39m
     17 Linear |R| = [32m1.288568e+00[39m
     18 Linear |R| = [32m9.504391e-01[39m
     19 Linear |R| = [32m6.839809e-01[39m
     20 Linear |R| = [32m4.806674e-01[39m
     21 Linear |R| = [32m3.361450e-01[39m
     22 Linear |R| = [32m2.454837e-01[39m
     23 Linear |R| = [32m1.780399e-01[39m
     24 Linear |R| = [32m1.215102e-01[39m
     25 Linear |R| = [32m7.612178e-02[39m
     26 Linear |R| = [32m4.826190e-02[39m
     27 Linear |R| = [32m3.137478e-02[39m
     28 Linear |R| = [32m1.980796e-02[39m
     29 Linear |R| = [32m1.231346e-02[39m
     30 Linear |R| = [32m9.288804e-03[39m
     31 Linear |R| = [32m5.703282e-03[39m
 8 Nonlinear |R| = [32m5.940516e+02[39m
      0 Linear |R| = [32m5.940516e+02[39m
      1 Linear |R| = [32m2.099017e+02[39m
      2 Linear |R| = [32m1.258968e+02[39m
      3 Linear |R| = [32m7.711170e+01[39m
      4 Linear |R| = [32m4.761140e+01[39m
      5 Linear |R| = [32m3.119170e+01[39m
      6 Linear |R| = [32m2.201045e+01[39m
      7 Linear |R| = [32m1.595149e+01[39m
      8 Linear |R| = [32m1.234506e+01[39m
      9 Linear |R| = [32m8.732238e+00[39m
     10 Linear |R| = [32m5.720810e+00[39m
     11 Linear |R| = [32m3.582702e+00[39m
     12 Linear |R| = [32m2.467807e+00[39m
     13 Linear |R| = [32m1.771034e+00[39m
     14 Linear |R| = [32m1.314728e+00[39m
     15 Linear |R| = [32m9.580205e-01[39m
     16 Linear |R| = [32m6.841779e-01[39m
     17 Linear |R| = [32m4.821275e-01[39m
     18 Linear |R| = [32m3.653018e-01[39m
     19 Linear |R| = [32m2.719101e-01[39m
     20 Linear |R| = [32m1.939669e-01[39m
     21 Linear |R| = [32m1.401593e-01[39m
     22 Linear |R| = [32m1.010990e-01[39m
     23 Linear |R| = [32m7.100299e-02[39m
     24 Linear |R| = [32m4.635207e-02[39m
     25 Linear |R| = [32m3.019830e-02[39m
     26 Linear |R| = [32m1.994469e-02[39m
     27 Linear |R| = [32m1.319847e-02[39m
     28 Linear |R| = [32m7.989124e-03[39m
     29 Linear |R| = [32m4.609327e-03[39m
 9 Nonlinear |R| = [32m4.525145e+02[39m
      0 Linear |R| = [32m4.525145e+02[39m
      1 Linear |R| = [32m1.258480e+02[39m
      2 Linear |R| = [32m4.212774e+01[39m
      3 Linear |R| = [32m1.969117e+01[39m
      4 Linear |R| = [32m1.062549e+01[39m
      5 Linear |R| = [32m7.188562e+00[39m
      6 Linear |R| = [32m5.120660e+00[39m
      7 Linear |R| = [32m3.764432e+00[39m
      8 Linear |R| = [32m2.676542e+00[39m
      9 Linear |R| = [32m1.811870e+00[39m
     10 Linear |R| = [32m1.245057e+00[39m
     11 Linear |R| = [32m8.660809e-01[39m
     12 Linear |R| = [32m6.011412e-01[39m
     13 Linear |R| = [32m4.405436e-01[39m
     14 Linear |R| = [32m3.143964e-01[39m
     15 Linear |R| = [32m2.308892e-01[39m
     16 Linear |R| = [32m1.680999e-01[39m
     17 Linear |R| = [32m1.208276e-01[39m
     18 Linear |R| = [32m8.786179e-02[39m
     19 Linear |R| = [32m6.502751e-02[39m
     20 Linear |R| = [32m4.671014e-02[39m
     21 Linear |R| = [32m3.491948e-02[39m
     22 Linear |R| = [32m2.664166e-02[39m
     23 Linear |R| = [32m1.926923e-02[39m
     24 Linear |R| = [32m1.257210e-02[39m
     25 Linear |R| = [32m7.902825e-03[39m
     26 Linear |R| = [32m4.933975e-03[39m
     27 Linear |R| = [32m2.909847e-03[39m
10 Nonlinear |R| = [32m1.637175e+01[39m
      0 Linear |R| = [32m1.637175e+01[39m
      1 Linear |R| = [32m7.977558e+00[39m
      2 Linear |R| = [32m4.610492e+00[39m
      3 Linear |R| = [32m2.772759e+00[39m
      4 Linear |R| = [32m1.909248e+00[39m
      5 Linear |R| = [32m1.259090e+00[39m
      6 Linear |R| = [32m7.901750e-01[39m
      7 Linear |R| = [32m4.936124e-01[39m
      8 Linear |R| = [32m3.217205e-01[39m
      9 Linear |R| = [32m2.280960e-01[39m
     10 Linear |R| = [32m1.650884e-01[39m
     11 Linear |R| = [32m1.209009e-01[39m
     12 Linear |R| = [32m8.687012e-02[39m
     13 Linear |R| = [32m6.367253e-02[39m
     14 Linear |R| = [32m4.668789e-02[39m
     15 Linear |R| = [32m3.481046e-02[39m
     16 Linear |R| = [32m2.619623e-02[39m
     17 Linear |R| = [32m1.959649e-02[39m
     18 Linear |R| = [32m1.399514e-02[39m
     19 Linear |R| = [32m9.646126e-03[39m
     20 Linear |R| = [32m6.647943e-03[39m
     21 Linear |R| = [32m4.856542e-03[39m
     22 Linear |R| = [32m3.477588e-03[39m
     23 Linear |R| = [32m2.442380e-03[39m
     24 Linear |R| = [32m1.724830e-03[39m
     25 Linear |R| = [32m1.135956e-03[39m
     26 Linear |R| = [32m7.118440e-04[39m
     27 Linear |R| = [32m4.378227e-04[39m
     28 Linear |R| = [32m2.817596e-04[39m
     29 Linear |R| = [32m1.768995e-04[39m
     30 Linear |R| = [32m9.868801e-05[39m
11 Nonlinear |R| = [32m1.503664e+00[39m
      0 Linear |R| = [32m1.503664e+00[39m
      1 Linear |R| = [32m6.364591e-01[39m
      2 Linear |R| = [32m2.690267e-01[39m
      3 Linear |R| = [32m1.407273e-01[39m
      4 Linear |R| = [32m1.004481e-01[39m
      5 Linear |R| = [32m7.092020e-02[39m
      6 Linear |R| = [32m4.791911e-02[39m
      7 Linear |R| = [32m3.214127e-02[39m
      8 Linear |R| = [32m2.126249e-02[39m
      9 Linear |R| = [32m1.363866e-02[39m
     10 Linear |R| = [32m9.139224e-03[39m
     11 Linear |R| = [32m6.717197e-03[39m
     12 Linear |R| = [32m5.146853e-03[39m
     13 Linear |R| = [32m3.729056e-03[39m
     14 Linear |R| = [32m2.671962e-03[39m
     15 Linear |R| = [32m1.924459e-03[39m
     16 Linear |R| = [32m1.490022e-03[39m
     17 Linear |R| = [32m1.137952e-03[39m
     18 Linear |R| = [32m8.154099e-04[39m
     19 Linear |R| = [32m5.706050e-04[39m
     20 Linear |R| = [32m3.915811e-04[39m
     21 Linear |R| = [32m2.784659e-04[39m
     22 Linear |R| = [32m2.058985e-04[39m
     23 Linear |R| = [32m1.421302e-04[39m
     24 Linear |R| = [32m9.594437e-05[39m
     25 Linear |R| = [32m6.700462e-05[39m
     26 Linear |R| = [32m4.422313e-05[39m
     27 Linear |R| = [32m2.657567e-05[39m
     28 Linear |R| = [32m1.607411e-05[39m
     29 Linear |R| = [32m1.056472e-05[39m
12 Nonlinear |R| = [32m8.712530e-04[39m
  Finished Solving                                                                       [[33m 17.83 s[39m] [[33m  186 MB[39m]
[32m Solve Converged![39m

Postprocessor Values:
+----------------+----------------------+------------------+----------------+----------------+
| time           | compressive_strength | reaction_force_z | top_disp_z     | vonmises_max   |
+----------------+----------------------+------------------+----------------+----------------+
|   0.000000e+00 |         0.000000e+00 |     0.000000e+00 |   0.000000e+00 |   0.000000e+00 |
|   5.000000e-02 |        -4.329228e+05 |    -2.938693e-06 |  -1.000000e-04 |   1.446551e+06 |
|   1.000000e-01 |        -8.658456e+05 |    -1.112251e-06 |  -2.000000e-04 |   2.893102e+06 |
|   1.500000e-01 |        -1.281554e+06 |    -1.173024e-05 |  -3.000000e-04 |   3.500000e+06 |
|   2.000000e-01 |        -1.633550e+06 |     2.566036e-08 |  -4.000000e-04 |   3.500000e+06 |
|   2.500000e-01 |        -1.873257e+06 |    -3.348939e-08 |  -5.000000e-04 |   3.500000e+06 |
|   3.000000e-01 |        -1.989241e+06 |     1.617896e-05 |  -6.000000e-04 |   3.500000e+06 |
|   3.500000e-01 |        -2.074472e+06 |     1.841035e-05 |  -7.000000e-04 |   3.500000e+06 |
|   4.000000e-01 |        -2.140895e+06 |    -2.593809e-05 |  -8.000000e-04 |   3.500000e+06 |
|   4.500000e-01 |        -2.211821e+06 |     6.395530e-06 |  -9.000000e-04 |   3.500000e+06 |
|   5.000000e-01 |        -2.240924e+06 |    -6.762630e-06 |  -1.000000e-03 |   3.500000e+06 |
|   5.500000e-01 |        -2.262734e+06 |     1.050951e-06 |  -1.100000e-03 |   3.500000e+06 |
|   6.000000e-01 |        -2.283478e+06 |    -1.252252e-08 |  -1.200000e-03 |   3.500000e+06 |
|   6.500000e-01 |        -2.300340e+06 |     1.124002e-06 |  -1.300000e-03 |   3.500000e+06 |
|   7.000000e-01 |        -2.314357e+06 |     6.160927e-05 |  -1.400000e-03 |   3.500000e+06 |
+----------------+----------------------+------------------+----------------+----------------+


Time Step 15, time = 0.75, dt = 0.05
 0 Nonlinear |R| = [32m1.062147e+03[39m
      0 Linear |R| = [32m1.062147e+03[39m
      1 Linear |R| = [32m9.792388e+02[39m
      2 Linear |R| = [32m7.280513e+02[39m
      3 Linear |R| = [32m6.253663e+02[39m
      4 Linear |R| = [32m5.684496e+02[39m
      5 Linear |R| = [32m4.869093e+02[39m
      6 Linear |R| = [32m3.557371e+02[39m
      7 Linear |R| = [32m2.327679e+02[39m
      8 Linear |R| = [32m1.420844e+02[39m
      9 Linear |R| = [32m8.451240e+01[39m
     10 Linear |R| = [32m4.728941e+01[39m
     11 Linear |R| = [32m2.630240e+01[39m
     12 Linear |R| = [32m1.506203e+01[39m
     13 Linear |R| = [32m8.841277e+00[39m
     14 Linear |R| = [32m5.324924e+00[39m
     15 Linear |R| = [32m3.147593e+00[39m
     16 Linear |R| = [32m1.878290e+00[39m
     17 Linear |R| = [32m1.072329e+00[39m
     18 Linear |R| = [32m5.708944e-01[39m
     19 Linear |R| = [32m3.162042e-01[39m
     20 Linear |R| = [32m1.952982e-01[39m
     21 Linear |R| = [32m1.319749e-01[39m
     22 Linear |R| = [32m9.470620e-02[39m
     23 Linear |R| = [32m6.981254e-02[39m
     24 Linear |R| = [32m5.217748e-02[39m
     25 Linear |R| = [32m3.607017e-02[39m
     26 Linear |R| = [32m2.540999e-02[39m
     27 Linear |R| = [32m1.719649e-02[39m
     28 Linear |R| = [32m1.100544e-02[39m
     29 Linear |R| = [32m6.758194e-03[39m
 1 Nonlinear |R| = [32m9.745328e+02[39m
      0 Linear |R| = [32m9.745328e+02[39m
      1 Linear |R| = [32m9.093218e+02[39m
      2 Linear |R| = [32m7.733803e+02[39m
      3 Linear |R| = [32m7.332173e+02[39m
      4 Linear |R| = [33m7.081233e+02[39m
      5 Linear |R| = [33m6.917607e+02[39m
      6 Linear |R| = [33m6.838636e+02[39m
      7 Linear |R| = [33m6.795695e+02[39m
      8 Linear |R| = [33m6.721989e+02[39m
      9 Linear |R| = [33m6.632529e+02[39m
     10 Linear |R| = [33m6.528173e+02[39m
     11 Linear |R| = [33m6.347806e+02[39m
     12 Linear |R| = [32m6.009218e+02[39m
     13 Linear |R| = [32m5.139795e+02[39m
     14 Linear |R| = [32m4.225425e+02[39m
     15 Linear |R| = [32m3.418945e+02[39m
     16 Linear |R| = [32m2.723706e+02[39m
     17 Linear |R| = [32m2.043000e+02[39m
     18 Linear |R| = [32m1.459300e+02[39m
     19 Linear |R| = [32m1.053049e+02[39m
     20 Linear |R| = [32m7.655677e+01[39m
     21 Linear |R| = [32m5.544236e+01[39m
     22 Linear |R| = [32m3.746278e+01[39m
     23 Linear |R| = [32m2.441036e+01[39m
     24 Linear |R| = [32m1.574772e+01[39m
     25 Linear |R| = [32m1.067858e+01[39m
     26 Linear |R| = [32m7.164747e+00[39m
     27 Linear |R| = [32m4.619157e+00[39m
     28 Linear |R| = [32m2.939976e+00[39m
     29 Linear |R| = [32m1.825011e+00[39m
     30 Linear |R| = [33m1.788638e+00[39m
     31 Linear |R| = [32m1.017504e+00[39m
     32 Linear |R| = [32m7.275797e-01[39m
     33 Linear |R| = [32m5.055038e-01[39m
     34 Linear |R| = [32m3.308782e-01[39m
     35 Linear |R| = [32m2.563202e-01[39m
     36 Linear |R| = [32m2.169841e-01[39m
     37 Linear |R| = [32m1.900963e-01[39m
     38 Linear |R| = [32m1.747149e-01[39m
     39 Linear |R| = [32m1.621202e-01[39m
     40 Linear |R| = [32m1.523240e-01[39m
     41 Linear |R| = [33m1.457805e-01[39m
     42 Linear |R| = [33m1.416202e-01[39m
     43 Linear |R| = [33m1.383043e-01[39m
     44 Linear |R| = [33m1.366111e-01[39m
     45 Linear |R| = [33m1.342558e-01[39m
     46 Linear |R| = [33m1.336268e-01[39m
     47 Linear |R| = [33m1.330651e-01[39m
     48 Linear |R| = [33m1.318164e-01[39m
     49 Linear |R| = [33m1.280363e-01[39m
     50 Linear |R| = [33m1.221314e-01[39m
     51 Linear |R| = [32m1.156704e-01[39m
     52 Linear |R| = [32m9.829868e-02[39m
     53 Linear |R| = [32m7.951554e-02[39m
     54 Linear |R| = [32m6.100540e-02[39m
     55 Linear |R| = [32m4.820704e-02[39m
     56 Linear |R| = [32m3.843526e-02[39m
     57 Linear |R| = [32m2.901873e-02[39m
     58 Linear |R| = [32m2.120627e-02[39m
     59 Linear |R| = [32m1.484429e-02[39m
     60 Linear |R| = [32m1.021615e-02[39m
     61 Linear |R| = [32m8.019381e-03[39m
 2 Nonlinear |R| = [33m9.734296e+02[39m
      0 Linear |R| = [32m9.734296e+02[39m
      1 Linear |R| = [32m9.062059e+02[39m
      2 Linear |R| = [32m7.747199e+02[39m
      3 Linear |R| = [32m7.292036e+02[39m
      4 Linear |R| = [33m7.019027e+02[39m
      5 Linear |R| = [33m6.880893e+02[39m
      6 Linear |R| = [33m6.812221e+02[39m
      7 Linear |R| = [33m6.762342e+02[39m
      8 Linear |R| = [33m6.660444e+02[39m
      9 Linear |R| = [33m6.553689e+02[39m
     10 Linear |R| = [33m6.462343e+02[39m
     11 Linear |R| = [33m6.290286e+02[39m
     12 Linear |R| = [32m5.884871e+02[39m
     13 Linear |R| = [32m4.927654e+02[39m
     14 Linear |R| = [32m4.009637e+02[39m
     15 Linear |R| = [32m3.258222e+02[39m
     16 Linear |R| = [32m2.591670e+02[39m
     17 Linear |R| = [32m1.911860e+02[39m
     18 Linear |R| = [32m1.350695e+02[39m
     19 Linear |R| = [32m9.860341e+01[39m
     20 Linear |R| = [32m7.387167e+01[39m
     21 Linear |R| = [32m5.272431e+01[39m
     22 Linear |R| = [32m3.563662e+01[39m
     23 Linear |R| = [32m2.352055e+01[39m
     24 Linear |R| = [32m1.551587e+01[39m
     25 Linear |R| = [32m1.082062e+01[39m
     26 Linear |R| = [32m7.039002e+00[39m
     27 Linear |R| = [32m4.495655e+00[39m
     28 Linear |R| = [32m2.869473e+00[39m
     29 Linear |R| = [32m1.833552e+00[39m
     30 Linear |R| = [31m2.051828e+00[39m
     31 Linear |R| = [32m1.100674e+00[39m
     32 Linear |R| = [32m8.270523e-01[39m
     33 Linear |R| = [32m5.734158e-01[39m
     34 Linear |R| = [32m3.779844e-01[39m
     35 Linear |R| = [32m3.035176e-01[39m
     36 Linear |R| = [32m2.581900e-01[39m
     37 Linear |R| = [32m2.239079e-01[39m
     38 Linear |R| = [32m2.015066e-01[39m
     39 Linear |R| = [32m1.842290e-01[39m
     40 Linear |R| = [32m1.706814e-01[39m
     41 Linear |R| = [32m1.619251e-01[39m
     42 Linear |R| = [33m1.561055e-01[39m
     43 Linear |R| = [33m1.518047e-01[39m
     44 Linear |R| = [33m1.494615e-01[39m
     45 Linear |R| = [33m1.470103e-01[39m
     46 Linear |R| = [33m1.466298e-01[39m
     47 Linear |R| = [33m1.459761e-01[39m
     48 Linear |R| = [33m1.441588e-01[39m
     49 Linear |R| = [33m1.395233e-01[39m
     50 Linear |R| = [33m1.329323e-01[39m
     51 Linear |R| = [32m1.259969e-01[39m
     52 Linear |R| = [32m1.089677e-01[39m
     53 Linear |R| = [32m9.382928e-02[39m
     54 Linear |R| = [32m7.510109e-02[39m
     55 Linear |R| = [32m6.001922e-02[39m
     56 Linear |R| = [32m4.638106e-02[39m
     57 Linear |R| = [32m3.508421e-02[39m
     58 Linear |R| = [32m2.518083e-02[39m
     59 Linear |R| = [32m1.725103e-02[39m
     60 Linear |R| = [32m1.109461e-02[39m
     61 Linear |R| = [32m8.165733e-03[39m
 3 Nonlinear |R| = [33m9.723064e+02[39m
      0 Linear |R| = [32m9.723064e+02[39m
      1 Linear |R| = [32m9.032020e+02[39m
      2 Linear |R| = [32m7.758534e+02[39m
      3 Linear |R| = [32m7.224615e+02[39m
      4 Linear |R| = [33m6.946314e+02[39m
      5 Linear |R| = [33m6.839838e+02[39m
      6 Linear |R| = [33m6.782910e+02[39m
      7 Linear |R| = [33m6.713285e+02[39m
      8 Linear |R| = [33m6.559724e+02[39m
      9 Linear |R| = [33m6.452620e+02[39m
     10 Linear |R| = [33m6.385417e+02[39m
     11 Linear |R| = [33m6.197641e+02[39m
     12 Linear |R| = [32m5.647900e+02[39m
     13 Linear |R| = [32m4.646868e+02[39m
     14 Linear |R| = [32m3.773255e+02[39m
     15 Linear |R| = [32m3.057550e+02[39m
     16 Linear |R| = [32m2.401252e+02[39m
     17 Linear |R| = [32m1.754178e+02[39m
     18 Linear |R| = [32m1.227061e+02[39m
     19 Linear |R| = [32m9.114208e+01[39m
     20 Linear |R| = [32m6.843451e+01[39m
     21 Linear |R| = [32m4.858146e+01[39m
     22 Linear |R| = [32m3.343105e+01[39m
     23 Linear |R| = [32m2.233952e+01[39m
     24 Linear |R| = [32m1.516295e+01[39m
     25 Linear |R| = [32m1.042678e+01[39m
     26 Linear |R| = [32m6.618654e+00[39m
     27 Linear |R| = [32m4.271089e+00[39m
     28 Linear |R| = [32m2.735212e+00[39m
     29 Linear |R| = [32m1.830621e+00[39m
     30 Linear |R| = [31m2.344843e+00[39m
     31 Linear |R| = [32m1.101193e+00[39m
     32 Linear |R| = [32m8.395574e-01[39m
     33 Linear |R| = [32m5.782224e-01[39m
     34 Linear |R| = [32m3.703825e-01[39m
     35 Linear |R| = [32m2.969864e-01[39m
     36 Linear |R| = [32m2.504242e-01[39m
     37 Linear |R| = [32m2.141981e-01[39m
     38 Linear |R| = [32m1.926551e-01[39m
     39 Linear |R| = [32m1.787924e-01[39m
     40 Linear |R| = [32m1.694502e-01[39m
     41 Linear |R| = [33m1.624859e-01[39m
     42 Linear |R| = [33m1.572155e-01[39m
     43 Linear |R| = [33m1.528898e-01[39m
     44 Linear |R| = [33m1.503891e-01[39m
     45 Linear |R| = [33m1.478336e-01[39m
     46 Linear |R| = [33m1.472925e-01[39m
     47 Linear |R| = [33m1.461555e-01[39m
     48 Linear |R| = [33m1.439230e-01[39m
     49 Linear |R| = [33m1.386576e-01[39m
     50 Linear |R| = [32m1.305894e-01[39m
     51 Linear |R| = [32m1.219384e-01[39m
     52 Linear |R| = [32m1.055734e-01[39m
     53 Linear |R| = [32m9.182355e-02[39m
     54 Linear |R| = [32m7.401332e-02[39m
     55 Linear |R| = [32m5.812230e-02[39m
     56 Linear |R| = [32m4.426161e-02[39m
     57 Linear |R| = [32m3.416508e-02[39m
     58 Linear |R| = [32m2.502066e-02[39m
     59 Linear |R| = [32m1.711482e-02[39m
     60 Linear |R| = [32m1.055192e-02[39m
     61 Linear |R| = [32m7.624030e-03[39m
 4 Nonlinear |R| = [33m9.711688e+02[39m
      0 Linear |R| = [32m9.711688e+02[39m
      1 Linear |R| = [32m9.006944e+02[39m
      2 Linear |R| = [32m7.752319e+02[39m
      3 Linear |R| = [32m7.127650e+02[39m
      4 Linear |R| = [33m6.877870e+02[39m
      5 Linear |R| = [33m6.812803e+02[39m
      6 Linear |R| = [33m6.773110e+02[39m
      7 Linear |R| = [33m6.664406e+02[39m
      8 Linear |R| = [33m6.426777e+02[39m
      9 Linear |R| = [33m6.319443e+02[39m
     10 Linear |R| = [33m6.261985e+02[39m
     11 Linear |R| = [33m6.002301e+02[39m
     12 Linear |R| = [32m5.365153e+02[39m
     13 Linear |R| = [32m4.493987e+02[39m
     14 Linear |R| = [32m3.635589e+02[39m
     15 Linear |R| = [32m2.844921e+02[39m
     16 Linear |R| = [32m2.151427e+02[39m
     17 Linear |R| = [32m1.570184e+02[39m
     18 Linear |R| = [32m1.141143e+02[39m
     19 Linear |R| = [32m8.864976e+01[39m
     20 Linear |R| = [32m6.534520e+01[39m
     21 Linear |R| = [32m4.482675e+01[39m
     22 Linear |R| = [32m2.967048e+01[39m
     23 Linear |R| = [32m1.994823e+01[39m
     24 Linear |R| = [32m1.406974e+01[39m
     25 Linear |R| = [32m9.858158e+00[39m
     26 Linear |R| = [32m6.486284e+00[39m
     27 Linear |R| = [32m4.146952e+00[39m
     28 Linear |R| = [32m2.645549e+00[39m
     29 Linear |R| = [32m1.768077e+00[39m
     30 Linear |R| = [31m2.771058e+00[39m
     31 Linear |R| = [32m1.107653e+00[39m
     32 Linear |R| = [32m8.664915e-01[39m
     33 Linear |R| = [32m6.296233e-01[39m
     34 Linear |R| = [32m4.289125e-01[39m
     35 Linear |R| = [32m3.533304e-01[39m
     36 Linear |R| = [32m2.926446e-01[39m
     37 Linear |R| = [32m2.385677e-01[39m
     38 Linear |R| = [32m2.038117e-01[39m
     39 Linear |R| = [32m1.779183e-01[39m
     40 Linear |R| = [32m1.592117e-01[39m
     41 Linear |R| = [32m1.439879e-01[39m
     42 Linear |R| = [32m1.339300e-01[39m
     43 Linear |R| = [33m1.279165e-01[39m
     44 Linear |R| = [33m1.248081e-01[39m
     45 Linear |R| = [33m1.222989e-01[39m
     46 Linear |R| = [33m1.218997e-01[39m
     47 Linear |R| = [33m1.210807e-01[39m
     48 Linear |R| = [33m1.199836e-01[39m
     49 Linear |R| = [33m1.172677e-01[39m
     50 Linear |R| = [33m1.134559e-01[39m
     51 Linear |R| = [32m1.066216e-01[39m
     52 Linear |R| = [32m9.169351e-02[39m
     53 Linear |R| = [32m7.829417e-02[39m
     54 Linear |R| = [32m6.273852e-02[39m
     55 Linear |R| = [32m4.900516e-02[39m
     56 Linear |R| = [32m3.791893e-02[39m
     57 Linear |R| = [32m2.988650e-02[39m
     58 Linear |R| = [32m2.261469e-02[39m
     59 Linear |R| = [32m1.582843e-02[39m
     60 Linear |R| = [32m1.005886e-02[39m
     61 Linear |R| = [32m7.658483e-03[39m
 5 Nonlinear |R| = [33m9.696576e+02[39m
      0 Linear |R| = [32m9.696576e+02[39m
      1 Linear |R| = [32m8.616453e+02[39m
      2 Linear |R| = [32m7.198942e+02[39m
      3 Linear |R| = [32m6.433355e+02[39m
      4 Linear |R| = [33m6.154630e+02[39m
      5 Linear |R| = [33m6.012298e+02[39m
      6 Linear |R| = [33m5.751030e+02[39m
      7 Linear |R| = [32m5.167077e+02[39m
      8 Linear |R| = [32m4.515356e+02[39m
      9 Linear |R| = [32m4.118732e+02[39m
     10 Linear |R| = [32m3.566327e+02[39m
     11 Linear |R| = [32m2.751212e+02[39m
     12 Linear |R| = [32m2.024952e+02[39m
     13 Linear |R| = [32m1.432402e+02[39m
     14 Linear |R| = [32m1.001733e+02[39m
     15 Linear |R| = [32m6.796331e+01[39m
     16 Linear |R| = [32m4.833348e+01[39m
     17 Linear |R| = [32m3.453942e+01[39m
     18 Linear |R| = [32m2.547935e+01[39m
     19 Linear |R| = [32m1.989121e+01[39m
     20 Linear |R| = [32m1.452137e+01[39m
     21 Linear |R| = [32m9.891322e+00[39m
     22 Linear |R| = [32m6.465812e+00[39m
     23 Linear |R| = [32m4.257710e+00[39m
     24 Linear |R| = [32m2.899978e+00[39m
     25 Linear |R| = [32m1.997757e+00[39m
     26 Linear |R| = [32m1.409050e+00[39m
     27 Linear |R| = [32m9.466536e-01[39m
     28 Linear |R| = [32m5.884659e-01[39m
     29 Linear |R| = [32m3.497499e-01[39m
     30 Linear |R| = [31m5.915339e-01[39m
     31 Linear |R| = [32m2.225592e-01[39m
     32 Linear |R| = [32m1.474383e-01[39m
     33 Linear |R| = [32m1.012737e-01[39m
     34 Linear |R| = [32m6.994636e-02[39m
     35 Linear |R| = [32m4.766949e-02[39m
     36 Linear |R| = [32m3.293320e-02[39m
     37 Linear |R| = [32m2.494146e-02[39m
     38 Linear |R| = [32m2.013480e-02[39m
     39 Linear |R| = [32m1.683227e-02[39m
     40 Linear |R| = [32m1.440180e-02[39m
     41 Linear |R| = [32m1.244011e-02[39m
     42 Linear |R| = [32m1.121265e-02[39m
     43 Linear |R| = [32m1.040987e-02[39m
     44 Linear |R| = [32m9.518498e-03[39m
 6 Nonlinear |R| = [32m7.663385e+02[39m
      0 Linear |R| = [32m7.663385e+02[39m
      1 Linear |R| = [32m6.051213e+02[39m
      2 Linear |R| = [32m4.827992e+02[39m
      3 Linear |R| = [32m3.885608e+02[39m
      4 Linear |R| = [32m3.384255e+02[39m
      5 Linear |R| = [32m2.826131e+02[39m
      6 Linear |R| = [32m2.073730e+02[39m
      7 Linear |R| = [32m1.582052e+02[39m
      8 Linear |R| = [32m1.262504e+02[39m
      9 Linear |R| = [32m9.698288e+01[39m
     10 Linear |R| = [32m7.298999e+01[39m
     11 Linear |R| = [32m5.011305e+01[39m
     12 Linear |R| = [32m3.423962e+01[39m
     13 Linear |R| = [32m2.293598e+01[39m
     14 Linear |R| = [32m1.595446e+01[39m
     15 Linear |R| = [32m1.138820e+01[39m
     16 Linear |R| = [32m8.419102e+00[39m
     17 Linear |R| = [32m6.087953e+00[39m
     18 Linear |R| = [32m4.672135e+00[39m
     19 Linear |R| = [32m3.480980e+00[39m
     20 Linear |R| = [32m2.520136e+00[39m
     21 Linear |R| = [32m1.706750e+00[39m
     22 Linear |R| = [32m1.142954e+00[39m
     23 Linear |R| = [32m7.891963e-01[39m
     24 Linear |R| = [32m5.408895e-01[39m
     25 Linear |R| = [32m3.695099e-01[39m
     26 Linear |R| = [32m2.548918e-01[39m
     27 Linear |R| = [32m1.642955e-01[39m
     28 Linear |R| = [32m1.032318e-01[39m
     29 Linear |R| = [32m6.521332e-02[39m
     30 Linear |R| = [32m5.467213e-02[39m
     31 Linear |R| = [32m3.406741e-02[39m
     32 Linear |R| = [32m2.526099e-02[39m
     33 Linear |R| = [32m1.630755e-02[39m
     34 Linear |R| = [32m1.020964e-02[39m
     35 Linear |R| = [32m6.646918e-03[39m
 7 Nonlinear |R| = [32m5.769910e+02[39m
      0 Linear |R| = [32m5.769910e+02[39m
      1 Linear |R| = [32m2.010019e+02[39m
      2 Linear |R| = [32m1.249924e+02[39m
      3 Linear |R| = [32m7.932072e+01[39m
      4 Linear |R| = [32m4.915270e+01[39m
      5 Linear |R| = [32m3.424812e+01[39m
      6 Linear |R| = [32m2.491845e+01[39m
      7 Linear |R| = [32m1.913609e+01[39m
      8 Linear |R| = [32m1.488316e+01[39m
      9 Linear |R| = [32m1.011543e+01[39m
     10 Linear |R| = [32m6.635538e+00[39m
     11 Linear |R| = [32m4.149558e+00[39m
     12 Linear |R| = [32m2.895601e+00[39m
     13 Linear |R| = [32m2.147209e+00[39m
     14 Linear |R| = [32m1.602326e+00[39m
     15 Linear |R| = [32m1.196018e+00[39m
     16 Linear |R| = [32m8.904660e-01[39m
     17 Linear |R| = [32m6.579498e-01[39m
     18 Linear |R| = [32m5.059676e-01[39m
     19 Linear |R| = [32m3.729537e-01[39m
     20 Linear |R| = [32m2.560025e-01[39m
     21 Linear |R| = [32m1.787740e-01[39m
     22 Linear |R| = [32m1.284608e-01[39m
     23 Linear |R| = [32m9.105616e-02[39m
     24 Linear |R| = [32m5.969576e-02[39m
     25 Linear |R| = [32m3.757008e-02[39m
     26 Linear |R| = [32m2.390888e-02[39m
     27 Linear |R| = [32m1.535093e-02[39m
     28 Linear |R| = [32m9.642279e-03[39m
     29 Linear |R| = [32m6.001632e-03[39m
     30 Linear |R| = [32m3.903923e-03[39m
 8 Nonlinear |R| = [32m5.027094e+02[39m
      0 Linear |R| = [32m5.027094e+02[39m
      1 Linear |R| = [32m1.378897e+02[39m
      2 Linear |R| = [32m4.581989e+01[39m
      3 Linear |R| = [32m2.257522e+01[39m
      4 Linear |R| = [32m1.326093e+01[39m
      5 Linear |R| = [32m9.130308e+00[39m
      6 Linear |R| = [32m6.287081e+00[39m
      7 Linear |R| = [32m4.607694e+00[39m
      8 Linear |R| = [32m3.300193e+00[39m
      9 Linear |R| = [32m2.277685e+00[39m
     10 Linear |R| = [32m1.591947e+00[39m
     11 Linear |R| = [32m1.114406e+00[39m
     12 Linear |R| = [32m7.684911e-01[39m
     13 Linear |R| = [32m5.558788e-01[39m
     14 Linear |R| = [32m4.046469e-01[39m
     15 Linear |R| = [32m3.040642e-01[39m
     16 Linear |R| = [32m2.265503e-01[39m
     17 Linear |R| = [32m1.686656e-01[39m
     18 Linear |R| = [32m1.243978e-01[39m
     19 Linear |R| = [32m9.030147e-02[39m
     20 Linear |R| = [32m6.409500e-02[39m
     21 Linear |R| = [32m4.776175e-02[39m
     22 Linear |R| = [32m3.672643e-02[39m
     23 Linear |R| = [32m2.627760e-02[39m
     24 Linear |R| = [32m1.673053e-02[39m
     25 Linear |R| = [32m1.033648e-02[39m
     26 Linear |R| = [32m6.525592e-03[39m
     27 Linear |R| = [32m3.839622e-03[39m
 9 Nonlinear |R| = [32m1.785352e+01[39m
      0 Linear |R| = [32m1.785352e+01[39m
      1 Linear |R| = [32m1.070189e+01[39m
      2 Linear |R| = [32m6.089010e+00[39m
      3 Linear |R| = [32m3.980197e+00[39m
      4 Linear |R| = [32m2.669896e+00[39m
      5 Linear |R| = [32m1.777102e+00[39m
      6 Linear |R| = [32m1.046939e+00[39m
      7 Linear |R| = [32m6.949858e-01[39m
      8 Linear |R| = [32m4.859186e-01[39m
      9 Linear |R| = [32m3.472686e-01[39m
     10 Linear |R| = [32m2.574769e-01[39m
     11 Linear |R| = [32m1.918440e-01[39m
     12 Linear |R| = [32m1.398326e-01[39m
     13 Linear |R| = [32m1.032767e-01[39m
     14 Linear |R| = [32m7.477410e-02[39m
     15 Linear |R| = [32m5.507004e-02[39m
     16 Linear |R| = [32m4.179647e-02[39m
     17 Linear |R| = [32m3.208030e-02[39m
     18 Linear |R| = [32m2.380282e-02[39m
     19 Linear |R| = [32m1.578380e-02[39m
     20 Linear |R| = [32m1.084098e-02[39m
     21 Linear |R| = [32m7.619482e-03[39m
     22 Linear |R| = [32m5.305123e-03[39m
     23 Linear |R| = [32m3.729261e-03[39m
     24 Linear |R| = [32m2.540594e-03[39m
     25 Linear |R| = [32m1.686276e-03[39m
     26 Linear |R| = [32m1.114711e-03[39m
     27 Linear |R| = [32m7.347882e-04[39m
     28 Linear |R| = [32m4.729868e-04[39m
     29 Linear |R| = [32m2.878249e-04[39m
     30 Linear |R| = [32m1.644839e-04[39m
10 Nonlinear |R| = [32m9.108833e-01[39m
      0 Linear |R| = [32m9.108833e-01[39m
      1 Linear |R| = [32m3.188213e-01[39m
      2 Linear |R| = [32m1.462674e-01[39m
      3 Linear |R| = [32m8.301253e-02[39m
      4 Linear |R| = [32m5.426870e-02[39m
      5 Linear |R| = [32m3.820216e-02[39m
      6 Linear |R| = [32m2.533274e-02[39m
      7 Linear |R| = [32m1.726458e-02[39m
      8 Linear |R| = [32m1.200909e-02[39m
      9 Linear |R| = [32m8.735678e-03[39m
     10 Linear |R| = [32m6.524946e-03[39m
     11 Linear |R| = [32m4.880124e-03[39m
     12 Linear |R| = [32m3.770160e-03[39m
     13 Linear |R| = [32m2.687266e-03[39m
     14 Linear |R| = [32m1.829495e-03[39m
     15 Linear |R| = [32m1.351292e-03[39m
     16 Linear |R| = [32m1.036619e-03[39m
     17 Linear |R| = [32m7.840715e-04[39m
     18 Linear |R| = [32m5.788944e-04[39m
     19 Linear |R| = [32m4.013150e-04[39m
     20 Linear |R| = [32m2.661009e-04[39m
     21 Linear |R| = [32m1.795842e-04[39m
     22 Linear |R| = [32m1.228523e-04[39m
     23 Linear |R| = [32m8.744961e-05[39m
     24 Linear |R| = [32m6.081871e-05[39m
     25 Linear |R| = [32m4.065502e-05[39m
     26 Linear |R| = [32m2.573323e-05[39m
     27 Linear |R| = [32m1.586922e-05[39m
     28 Linear |R| = [32m1.027086e-05[39m
     29 Linear |R| = [32m6.338925e-06[39m
11 Nonlinear |R| = [32m9.320754e-05[39m
  Finished Solving                                                                       [[33m 17.67 s[39m] [[33m  186 MB[39m]
[32m Solve Converged![39m

Postprocessor Values:
+----------------+----------------------+------------------+----------------+----------------+
| time           | compressive_strength | reaction_force_z | top_disp_z     | vonmises_max   |
+----------------+----------------------+------------------+----------------+----------------+
:                :                      :                  :                :                :
|   5.000000e-02 |        -4.329228e+05 |    -2.938693e-06 |  -1.000000e-04 |   1.446551e+06 |
|   1.000000e-01 |        -8.658456e+05 |    -1.112251e-06 |  -2.000000e-04 |   2.893102e+06 |
|   1.500000e-01 |        -1.281554e+06 |    -1.173024e-05 |  -3.000000e-04 |   3.500000e+06 |
|   2.000000e-01 |        -1.633550e+06 |     2.566036e-08 |  -4.000000e-04 |   3.500000e+06 |
|   2.500000e-01 |        -1.873257e+06 |    -3.348939e-08 |  -5.000000e-04 |   3.500000e+06 |
|   3.000000e-01 |        -1.989241e+06 |     1.617896e-05 |  -6.000000e-04 |   3.500000e+06 |
|   3.500000e-01 |        -2.074472e+06 |     1.841035e-05 |  -7.000000e-04 |   3.500000e+06 |
|   4.000000e-01 |        -2.140895e+06 |    -2.593809e-05 |  -8.000000e-04 |   3.500000e+06 |
|   4.500000e-01 |        -2.211821e+06 |     6.395530e-06 |  -9.000000e-04 |   3.500000e+06 |
|   5.000000e-01 |        -2.240924e+06 |    -6.762630e-06 |  -1.000000e-03 |   3.500000e+06 |
|   5.500000e-01 |        -2.262734e+06 |     1.050951e-06 |  -1.100000e-03 |   3.500000e+06 |
|   6.000000e-01 |        -2.283478e+06 |    -1.252252e-08 |  -1.200000e-03 |   3.500000e+06 |
|   6.500000e-01 |        -2.300340e+06 |     1.124002e-06 |  -1.300000e-03 |   3.500000e+06 |
|   7.000000e-01 |        -2.314357e+06 |     6.160927e-05 |  -1.400000e-03 |   3.500000e+06 |
|   7.500000e-01 |        -2.328661e+06 |     3.730318e-05 |  -1.500000e-03 |   3.500000e+06 |
+----------------+----------------------+------------------+----------------+----------------+


Time Step 16, time = 0.8, dt = 0.05
 0 Nonlinear |R| = [32m1.060352e+03[39m
      0 Linear |R| = [32m1.060352e+03[39m
      1 Linear |R| = [32m9.754667e+02[39m
      2 Linear |R| = [32m7.263266e+02[39m
      3 Linear |R| = [32m6.222215e+02[39m
      4 Linear |R| = [32m5.658726e+02[39m
      5 Linear |R| = [32m4.866091e+02[39m
      6 Linear |R| = [32m3.573195e+02[39m
      7 Linear |R| = [32m2.347832e+02[39m
      8 Linear |R| = [32m1.431437e+02[39m
      9 Linear |R| = [32m8.541802e+01[39m
     10 Linear |R| = [32m4.803275e+01[39m
     11 Linear |R| = [32m2.668946e+01[39m
     12 Linear |R| = [32m1.518404e+01[39m
     13 Linear |R| = [32m8.974176e+00[39m
     14 Linear |R| = [32m5.367945e+00[39m
     15 Linear |R| = [32m3.178753e+00[39m
     16 Linear |R| = [32m1.912353e+00[39m
     17 Linear |R| = [32m1.085406e+00[39m
     18 Linear |R| = [32m5.733873e-01[39m
     19 Linear |R| = [32m3.184732e-01[39m
     20 Linear |R| = [32m1.962007e-01[39m
     21 Linear |R| = [32m1.303105e-01[39m
     22 Linear |R| = [32m9.216503e-02[39m
     23 Linear |R| = [32m6.775095e-02[39m
     24 Linear |R| = [32m5.083558e-02[39m
     25 Linear |R| = [32m3.545945e-02[39m
     26 Linear |R| = [32m2.512832e-02[39m
     27 Linear |R| = [32m1.741536e-02[39m
     28 Linear |R| = [32m1.114270e-02[39m
     29 Linear |R| = [32m6.752803e-03[39m
 1 Nonlinear |R| = [32m9.726335e+02[39m
      0 Linear |R| = [32m9.726335e+02[39m
      1 Linear |R| = [32m9.060606e+02[39m
      2 Linear |R| = [32m7.705567e+02[39m
      3 Linear |R| = [32m7.299626e+02[39m
      4 Linear |R| = [33m7.045345e+02[39m
      5 Linear |R| = [33m6.876995e+02[39m
      6 Linear |R| = [33m6.789766e+02[39m
      7 Linear |R| = [33m6.747083e+02[39m
      8 Linear |R| = [33m6.673766e+02[39m
      9 Linear |R| = [33m6.592562e+02[39m
     10 Linear |R| = [33m6.506050e+02[39m
     11 Linear |R| = [33m6.348165e+02[39m
     12 Linear |R| = [33m6.056003e+02[39m
     13 Linear |R| = [32m5.283295e+02[39m
     14 Linear |R| = [32m4.390971e+02[39m
     15 Linear |R| = [32m3.581451e+02[39m
     16 Linear |R| = [32m2.893686e+02[39m
     17 Linear |R| = [32m2.181372e+02[39m
     18 Linear |R| = [32m1.560678e+02[39m
     19 Linear |R| = [32m1.145125e+02[39m
     20 Linear |R| = [32m8.461772e+01[39m
     21 Linear |R| = [32m6.230724e+01[39m
     22 Linear |R| = [32m4.245052e+01[39m
     23 Linear |R| = [32m2.794259e+01[39m
     24 Linear |R| = [32m1.802974e+01[39m
     25 Linear |R| = [32m1.207703e+01[39m
     26 Linear |R| = [32m8.079876e+00[39m
     27 Linear |R| = [32m5.206744e+00[39m
     28 Linear |R| = [32m3.330910e+00[39m
     29 Linear |R| = [32m2.141508e+00[39m
     30 Linear |R| = [32m1.975223e+00[39m
     31 Linear |R| = [32m1.185102e+00[39m
     32 Linear |R| = [32m8.561637e-01[39m
     33 Linear |R| = [32m5.901349e-01[39m
     34 Linear |R| = [32m3.872401e-01[39m
     35 Linear |R| = [32m2.950895e-01[39m
     36 Linear |R| = [32m2.411163e-01[39m
     37 Linear |R| = [32m2.036044e-01[39m
     38 Linear |R| = [32m1.841302e-01[39m
     39 Linear |R| = [32m1.683090e-01[39m
     40 Linear |R| = [32m1.572413e-01[39m
     41 Linear |R| = [33m1.498794e-01[39m
     42 Linear |R| = [33m1.456324e-01[39m
     43 Linear |R| = [33m1.416934e-01[39m
     44 Linear |R| = [33m1.394826e-01[39m
     45 Linear |R| = [33m1.363334e-01[39m
     46 Linear |R| = [33m1.356168e-01[39m
     47 Linear |R| = [33m1.352816e-01[39m
     48 Linear |R| = [33m1.344174e-01[39m
     49 Linear |R| = [33m1.317335e-01[39m
     50 Linear |R| = [33m1.276158e-01[39m
     51 Linear |R| = [33m1.232369e-01[39m
     52 Linear |R| = [32m1.101232e-01[39m
     53 Linear |R| = [32m9.463225e-02[39m
     54 Linear |R| = [32m7.715744e-02[39m
     55 Linear |R| = [32m6.339425e-02[39m
     56 Linear |R| = [32m5.198052e-02[39m
     57 Linear |R| = [32m3.996611e-02[39m
     58 Linear |R| = [32m2.906799e-02[39m
     59 Linear |R| = [32m2.012558e-02[39m
     60 Linear |R| = [32m1.389087e-02[39m
     61 Linear |R| = [32m1.095948e-02[39m
     62 Linear |R| = [32m8.196711e-03[39m
 2 Nonlinear |R| = [33m9.715318e+02[39m
      0 Linear |R| = [32m9.715318e+02[39m
      1 Linear |R| = [32m9.028512e+02[39m
      2 Linear |R| = [32m7.714376e+02[39m
      3 Linear |R| = [32m7.255696e+02[39m
      4 Linear |R| = [33m6.982549e+02[39m
      5 Linear |R| = [33m6.842649e+02[39m
      6 Linear |R| = [33m6.769342e+02[39m
      7 Linear |R| = [33m6.717607e+02[39m
      8 Linear |R| = [33m6.608621e+02[39m
      9 Linear |R| = [33m6.507655e+02[39m
     10 Linear |R| = [33m6.433047e+02[39m
     11 Linear |R| = [33m6.283948e+02[39m
     12 Linear |R| = [32m5.934439e+02[39m
     13 Linear |R| = [32m5.068465e+02[39m
     14 Linear |R| = [32m4.164174e+02[39m
     15 Linear |R| = [32m3.406195e+02[39m
     16 Linear |R| = [32m2.743081e+02[39m
     17 Linear |R| = [32m2.038712e+02[39m
     18 Linear |R| = [32m1.446785e+02[39m
     19 Linear |R| = [32m1.072287e+02[39m
     20 Linear |R| = [32m8.134819e+01[39m
     21 Linear |R| = [32m5.851341e+01[39m
     22 Linear |R| = [32m4.015149e+01[39m
     23 Linear |R| = [32m2.687682e+01[39m
     24 Linear |R| = [32m1.779830e+01[39m
     25 Linear |R| = [32m1.226806e+01[39m
     26 Linear |R| = [32m7.929540e+00[39m
     27 Linear |R| = [32m5.028993e+00[39m
     28 Linear |R| = [32m3.233518e+00[39m
     29 Linear |R| = [32m2.136941e+00[39m
     30 Linear |R| = [31m2.223258e+00[39m
     31 Linear |R| = [32m1.256282e+00[39m
     32 Linear |R| = [32m9.458981e-01[39m
     33 Linear |R| = [32m6.435689e-01[39m
     34 Linear |R| = [32m4.173755e-01[39m
     35 Linear |R| = [32m3.228555e-01[39m
     36 Linear |R| = [32m2.615808e-01[39m
     37 Linear |R| = [32m2.179272e-01[39m
     38 Linear |R| = [32m1.935761e-01[39m
     39 Linear |R| = [32m1.761340e-01[39m
     40 Linear |R| = [32m1.643245e-01[39m
     41 Linear |R| = [33m1.568027e-01[39m
     42 Linear |R| = [33m1.519532e-01[39m
     43 Linear |R| = [33m1.473947e-01[39m
     44 Linear |R| = [33m1.446681e-01[39m
     45 Linear |R| = [33m1.415030e-01[39m
     46 Linear |R| = [33m1.410079e-01[39m
     47 Linear |R| = [33m1.404889e-01[39m
     48 Linear |R| = [33m1.391239e-01[39m
     49 Linear |R| = [33m1.357083e-01[39m
     50 Linear |R| = [33m1.310696e-01[39m
     51 Linear |R| = [33m1.260375e-01[39m
     52 Linear |R| = [32m1.126984e-01[39m
     53 Linear |R| = [32m9.988715e-02[39m
     54 Linear |R| = [32m8.370790e-02[39m
     55 Linear |R| = [32m6.944289e-02[39m
     56 Linear |R| = [32m5.559982e-02[39m
     57 Linear |R| = [32m4.329143e-02[39m
     58 Linear |R| = [32m3.141631e-02[39m
     59 Linear |R| = [32m2.160396e-02[39m
     60 Linear |R| = [32m1.440688e-02[39m
     61 Linear |R| = [32m1.102075e-02[39m
     62 Linear |R| = [32m8.083912e-03[39m
 3 Nonlinear |R| = [33m9.704087e+02[39m
      0 Linear |R| = [32m9.704087e+02[39m
      1 Linear |R| = [32m8.998403e+02[39m
      2 Linear |R| = [32m7.725936e+02[39m
      3 Linear |R| = [32m7.187923e+02[39m
      4 Linear |R| = [33m6.912622e+02[39m
      5 Linear |R| = [33m6.807042e+02[39m
      6 Linear |R| = [33m6.746921e+02[39m
      7 Linear |R| = [33m6.672324e+02[39m
      8 Linear |R| = [33m6.503105e+02[39m
      9 Linear |R| = [33m6.396463e+02[39m
     10 Linear |R| = [33m6.345523e+02[39m
     11 Linear |R| = [33m6.190756e+02[39m
     12 Linear |R| = [32m5.722731e+02[39m
     13 Linear |R| = [32m4.804172e+02[39m
     14 Linear |R| = [32m3.918264e+02[39m
     15 Linear |R| = [32m3.186573e+02[39m
     16 Linear |R| = [32m2.530501e+02[39m
     17 Linear |R| = [32m1.871681e+02[39m
     18 Linear |R| = [32m1.325191e+02[39m
     19 Linear |R| = [32m9.986987e+01[39m
     20 Linear |R| = [32m7.538883e+01[39m
     21 Linear |R| = [32m5.379828e+01[39m
     22 Linear |R| = [32m3.755406e+01[39m
     23 Linear |R| = [32m2.546686e+01[39m
     24 Linear |R| = [32m1.753034e+01[39m
     25 Linear |R| = [32m1.188492e+01[39m
     26 Linear |R| = [32m7.527347e+00[39m
     27 Linear |R| = [32m4.831483e+00[39m
     28 Linear |R| = [32m3.116361e+00[39m
     29 Linear |R| = [32m2.142183e+00[39m
     30 Linear |R| = [31m2.506538e+00[39m
     31 Linear |R| = [32m1.250639e+00[39m
     32 Linear |R| = [32m9.624427e-01[39m
     33 Linear |R| = [32m6.604249e-01[39m
     34 Linear |R| = [32m4.286492e-01[39m
     35 Linear |R| = [32m3.363365e-01[39m
     36 Linear |R| = [32m2.726661e-01[39m
     37 Linear |R| = [32m2.251878e-01[39m
     38 Linear |R| = [32m1.988207e-01[39m
     39 Linear |R| = [32m1.813677e-01[39m
     40 Linear |R| = [32m1.702980e-01[39m
     41 Linear |R| = [33m1.622218e-01[39m
     42 Linear |R| = [33m1.563674e-01[39m
     43 Linear |R| = [33m1.514723e-01[39m
     44 Linear |R| = [33m1.486308e-01[39m
     45 Linear |R| = [33m1.455104e-01[39m
     46 Linear |R| = [33m1.448718e-01[39m
     47 Linear |R| = [33m1.439695e-01[39m
     48 Linear |R| = [33m1.424408e-01[39m
     49 Linear |R| = [33m1.389688e-01[39m
     50 Linear |R| = [33m1.334011e-01[39m
     51 Linear |R| = [32m1.265164e-01[39m
     52 Linear |R| = [32m1.117521e-01[39m
     53 Linear |R| = [32m9.850772e-02[39m
     54 Linear |R| = [32m8.245096e-02[39m
     55 Linear |R| = [32m6.724341e-02[39m
     56 Linear |R| = [32m5.329726e-02[39m
     57 Linear |R| = [32m4.238853e-02[39m
     58 Linear |R| = [32m3.111024e-02[39m
     59 Linear |R| = [32m2.124129e-02[39m
     60 Linear |R| = [32m1.359961e-02[39m
     61 Linear |R| = [32m1.017557e-02[39m
     62 Linear |R| = [32m7.479434e-03[39m
 4 Nonlinear |R| = [33m9.692661e+02[39m
      0 Linear |R| = [32m9.692661e+02[39m
      1 Linear |R| = [32m8.973318e+02[39m
      2 Linear |R| = [32m7.720837e+02[39m
      3 Linear |R| = [32m7.088844e+02[39m
      4 Linear |R| = [33m6.840178e+02[39m
      5 Linear |R| = [33m6.772210e+02[39m
      6 Linear |R| = [33m6.723881e+02[39m
      7 Linear |R| = [33m6.604981e+02[39m
      8 Linear |R| = [33m6.360919e+02[39m
      9 Linear |R| = [33m6.262983e+02[39m
     10 Linear |R| = [33m6.224348e+02[39m
     11 Linear |R| = [33m6.004138e+02[39m
     12 Linear |R| = [32m5.415649e+02[39m
     13 Linear |R| = [32m4.558171e+02[39m
     14 Linear |R| = [32m3.698997e+02[39m
     15 Linear |R| = [32m2.926691e+02[39m
     16 Linear |R| = [32m2.260022e+02[39m
     17 Linear |R| = [32m1.671285e+02[39m
     18 Linear |R| = [32m1.208533e+02[39m
     19 Linear |R| = [32m9.343217e+01[39m
     20 Linear |R| = [32m6.925456e+01[39m
     21 Linear |R| = [32m4.881928e+01[39m
     22 Linear |R| = [32m3.374668e+01[39m
     23 Linear |R| = [32m2.325510e+01[39m
     24 Linear |R| = [32m1.633379e+01[39m
     25 Linear |R| = [32m1.103419e+01[39m
     26 Linear |R| = [32m7.179824e+00[39m
     27 Linear |R| = [32m4.596505e+00[39m
     28 Linear |R| = [32m3.025440e+00[39m
     29 Linear |R| = [32m2.084061e+00[39m
     30 Linear |R| = [31m2.915940e+00[39m
     31 Linear |R| = [32m1.233978e+00[39m
     32 Linear |R| = [32m9.658859e-01[39m
     33 Linear |R| = [32m6.878859e-01[39m
     34 Linear |R| = [32m4.634583e-01[39m
     35 Linear |R| = [32m3.726572e-01[39m
     36 Linear |R| = [32m3.002492e-01[39m
     37 Linear |R| = [32m2.408941e-01[39m
     38 Linear |R| = [32m2.051405e-01[39m
     39 Linear |R| = [32m1.784877e-01[39m
     40 Linear |R| = [32m1.591540e-01[39m
     41 Linear |R| = [32m1.420118e-01[39m
     42 Linear |R| = [32m1.302656e-01[39m
     43 Linear |R| = [32m1.231247e-01[39m
     44 Linear |R| = [33m1.191952e-01[39m
     45 Linear |R| = [33m1.160933e-01[39m
     46 Linear |R| = [33m1.154797e-01[39m
     47 Linear |R| = [33m1.146786e-01[39m
     48 Linear |R| = [33m1.138492e-01[39m
     49 Linear |R| = [33m1.119006e-01[39m
     50 Linear |R| = [33m1.093573e-01[39m
     51 Linear |R| = [33m1.046932e-01[39m
     52 Linear |R| = [32m9.413224e-02[39m
     53 Linear |R| = [32m8.399231e-02[39m
     54 Linear |R| = [32m7.038002e-02[39m
     55 Linear |R| = [32m5.618256e-02[39m
     56 Linear |R| = [32m4.450146e-02[39m
     57 Linear |R| = [32m3.603217e-02[39m
     58 Linear |R| = [32m2.758097e-02[39m
     59 Linear |R| = [32m1.912222e-02[39m
     60 Linear |R| = [32m1.214632e-02[39m
     61 Linear |R| = [32m9.247279e-03[39m
 5 Nonlinear |R| = [33m9.666832e+02[39m
      0 Linear |R| = [32m9.666832e+02[39m
      1 Linear |R| = [32m8.330054e+02[39m
      2 Linear |R| = [32m6.831851e+02[39m
      3 Linear |R| = [32m6.067014e+02[39m
      4 Linear |R| = [32m5.755752e+02[39m
      5 Linear |R| = [33m5.528061e+02[39m
      6 Linear |R| = [32m5.119561e+02[39m
      7 Linear |R| = [32m4.379926e+02[39m
      8 Linear |R| = [32m3.690860e+02[39m
      9 Linear |R| = [32m3.275153e+02[39m
     10 Linear |R| = [32m2.720009e+02[39m
     11 Linear |R| = [32m2.027999e+02[39m
     12 Linear |R| = [32m1.493458e+02[39m
     13 Linear |R| = [32m1.031478e+02[39m
     14 Linear |R| = [32m7.003816e+01[39m
     15 Linear |R| = [32m4.807032e+01[39m
     16 Linear |R| = [32m3.438129e+01[39m
     17 Linear |R| = [32m2.476325e+01[39m
     18 Linear |R| = [32m1.831599e+01[39m
     19 Linear |R| = [32m1.405377e+01[39m
     20 Linear |R| = [32m1.027073e+01[39m
     21 Linear |R| = [32m7.403079e+00[39m
     22 Linear |R| = [32m5.000318e+00[39m
     23 Linear |R| = [32m3.335414e+00[39m
     24 Linear |R| = [32m2.271502e+00[39m
     25 Linear |R| = [32m1.531760e+00[39m
     26 Linear |R| = [32m1.048892e+00[39m
     27 Linear |R| = [32m7.126446e-01[39m
     28 Linear |R| = [32m4.647570e-01[39m
     29 Linear |R| = [32m2.925674e-01[39m
     30 Linear |R| = [31m3.704590e-01[39m
     31 Linear |R| = [32m1.805704e-01[39m
     32 Linear |R| = [32m1.301490e-01[39m
     33 Linear |R| = [32m9.334751e-02[39m
     34 Linear |R| = [32m6.809855e-02[39m
     35 Linear |R| = [32m4.724013e-02[39m
     36 Linear |R| = [32m3.458861e-02[39m
     37 Linear |R| = [32m2.747248e-02[39m
     38 Linear |R| = [32m2.268652e-02[39m
     39 Linear |R| = [32m1.944740e-02[39m
     40 Linear |R| = [32m1.690159e-02[39m
     41 Linear |R| = [32m1.463758e-02[39m
     42 Linear |R| = [32m1.316808e-02[39m
     43 Linear |R| = [32m1.198139e-02[39m
     44 Linear |R| = [32m1.050602e-02[39m
     45 Linear |R| = [32m9.346977e-03[39m
 6 Nonlinear |R| = [32m8.468632e+02[39m
      0 Linear |R| = [32m8.468632e+02[39m
      1 Linear |R| = [32m6.160234e+02[39m
      2 Linear |R| = [32m4.938899e+02[39m
      3 Linear |R| = [32m3.993759e+02[39m
      4 Linear |R| = [32m3.452240e+02[39m
      5 Linear |R| = [32m2.937821e+02[39m
      6 Linear |R| = [32m2.177671e+02[39m
      7 Linear |R| = [32m1.649788e+02[39m
      8 Linear |R| = [32m1.326968e+02[39m
      9 Linear |R| = [32m1.014366e+02[39m
     10 Linear |R| = [32m7.642688e+01[39m
     11 Linear |R| = [32m5.405131e+01[39m
     12 Linear |R| = [32m3.807183e+01[39m
     13 Linear |R| = [32m2.591437e+01[39m
     14 Linear |R| = [32m1.793849e+01[39m
     15 Linear |R| = [32m1.228428e+01[39m
     16 Linear |R| = [32m8.961257e+00[39m
     17 Linear |R| = [32m6.357557e+00[39m
     18 Linear |R| = [32m4.877877e+00[39m
     19 Linear |R| = [32m3.795902e+00[39m
     20 Linear |R| = [32m2.863774e+00[39m
     21 Linear |R| = [32m1.980349e+00[39m
     22 Linear |R| = [32m1.287226e+00[39m
     23 Linear |R| = [32m8.726891e-01[39m
     24 Linear |R| = [32m5.826931e-01[39m
     25 Linear |R| = [32m3.866394e-01[39m
     26 Linear |R| = [32m2.689884e-01[39m
     27 Linear |R| = [32m1.829651e-01[39m
     28 Linear |R| = [32m1.196018e-01[39m
     29 Linear |R| = [32m7.744201e-02[39m
     30 Linear |R| = [32m5.747791e-02[39m
     31 Linear |R| = [32m4.008841e-02[39m
     32 Linear |R| = [32m3.021618e-02[39m
     33 Linear |R| = [32m1.970844e-02[39m
     34 Linear |R| = [32m1.231070e-02[39m
     35 Linear |R| = [32m8.213866e-03[39m
 7 Nonlinear |R| = [32m6.775813e+02[39m
      0 Linear |R| = [32m6.775813e+02[39m
      1 Linear |R| = [32m2.893221e+02[39m
      2 Linear |R| = [32m1.994882e+02[39m
      3 Linear |R| = [32m1.347827e+02[39m
      4 Linear |R| = [32m8.814853e+01[39m
      5 Linear |R| = [32m6.190902e+01[39m
      6 Linear |R| = [32m4.484397e+01[39m
      7 Linear |R| = [32m3.405799e+01[39m
      8 Linear |R| = [32m2.737830e+01[39m
      9 Linear |R| = [32m1.999798e+01[39m
     10 Linear |R| = [32m1.359495e+01[39m
     11 Linear |R| = [32m8.691742e+00[39m
     12 Linear |R| = [32m5.840085e+00[39m
     13 Linear |R| = [32m4.110975e+00[39m
     14 Linear |R| = [32m3.008817e+00[39m
     15 Linear |R| = [32m2.226602e+00[39m
     16 Linear |R| = [32m1.731375e+00[39m
     17 Linear |R| = [32m1.322248e+00[39m
     18 Linear |R| = [32m1.009785e+00[39m
     19 Linear |R| = [32m7.420421e-01[39m
     20 Linear |R| = [32m5.085163e-01[39m
     21 Linear |R| = [32m3.458449e-01[39m
     22 Linear |R| = [32m2.494153e-01[39m
     23 Linear |R| = [32m1.871408e-01[39m
     24 Linear |R| = [32m1.337500e-01[39m
     25 Linear |R| = [32m8.406200e-02[39m
     26 Linear |R| = [32m5.227055e-02[39m
     27 Linear |R| = [32m3.316116e-02[39m
     28 Linear |R| = [32m2.094863e-02[39m
     29 Linear |R| = [32m1.309924e-02[39m
     30 Linear |R| = [31m1.599077e-01[39m
     31 Linear |R| = [32m7.065231e-02[39m
     32 Linear |R| = [32m3.545860e-02[39m
     33 Linear |R| = [32m2.066174e-02[39m
     34 Linear |R| = [32m1.168915e-02[39m
     35 Linear |R| = [32m7.655877e-03[39m
     36 Linear |R| = [32m5.509920e-03[39m
 8 Nonlinear |R| = [32m5.204550e+02[39m
      0 Linear |R| = [32m5.204550e+02[39m
      1 Linear |R| = [32m1.533808e+02[39m
      2 Linear |R| = [32m8.015790e+01[39m
      3 Linear |R| = [32m4.636365e+01[39m
      4 Linear |R| = [32m2.890518e+01[39m
      5 Linear |R| = [32m1.941882e+01[39m
      6 Linear |R| = [32m1.375544e+01[39m
      7 Linear |R| = [32m9.922195e+00[39m
      8 Linear |R| = [32m7.634503e+00[39m
      9 Linear |R| = [32m5.414395e+00[39m
     10 Linear |R| = [32m3.615584e+00[39m
     11 Linear |R| = [32m2.310578e+00[39m
     12 Linear |R| = [32m1.533236e+00[39m
     13 Linear |R| = [32m1.054069e+00[39m
     14 Linear |R| = [32m7.471125e-01[39m
     15 Linear |R| = [32m5.169060e-01[39m
     16 Linear |R| = [32m3.611415e-01[39m
     17 Linear |R| = [32m2.677508e-01[39m
     18 Linear |R| = [32m2.156333e-01[39m
     19 Linear |R| = [32m1.704431e-01[39m
     20 Linear |R| = [32m1.238136e-01[39m
     21 Linear |R| = [32m8.750778e-02[39m
     22 Linear |R| = [32m6.221258e-02[39m
     23 Linear |R| = [32m4.431673e-02[39m
     24 Linear |R| = [32m3.127001e-02[39m
     25 Linear |R| = [32m2.219611e-02[39m
     26 Linear |R| = [32m1.513968e-02[39m
     27 Linear |R| = [32m9.774129e-03[39m
     28 Linear |R| = [32m5.931504e-03[39m
     29 Linear |R| = [32m3.563361e-03[39m
 9 Nonlinear |R| = [32m1.492444e+02[39m
      0 Linear |R| = [32m1.492444e+02[39m
      1 Linear |R| = [32m4.786678e+01[39m
      2 Linear |R| = [32m1.525429e+01[39m
      3 Linear |R| = [32m7.627222e+00[39m
      4 Linear |R| = [32m3.716217e+00[39m
      5 Linear |R| = [32m2.078281e+00[39m
      6 Linear |R| = [32m1.337372e+00[39m
      7 Linear |R| = [32m9.730660e-01[39m
      8 Linear |R| = [32m6.910001e-01[39m
      9 Linear |R| = [32m4.772730e-01[39m
     10 Linear |R| = [32m3.407570e-01[39m
     11 Linear |R| = [32m2.428217e-01[39m
     12 Linear |R| = [32m1.668133e-01[39m
     13 Linear |R| = [32m1.160705e-01[39m
     14 Linear |R| = [32m8.177789e-02[39m
     15 Linear |R| = [32m5.935767e-02[39m
     16 Linear |R| = [32m4.501149e-02[39m
     17 Linear |R| = [32m3.377572e-02[39m
     18 Linear |R| = [32m2.519535e-02[39m
     19 Linear |R| = [32m1.862531e-02[39m
     20 Linear |R| = [32m1.337933e-02[39m
     21 Linear |R| = [32m9.732987e-03[39m
     22 Linear |R| = [32m7.176681e-03[39m
     23 Linear |R| = [32m5.304130e-03[39m
     24 Linear |R| = [32m3.815579e-03[39m
     25 Linear |R| = [32m2.665176e-03[39m
     26 Linear |R| = [32m1.832220e-03[39m
     27 Linear |R| = [32m1.208288e-03[39m
10 Nonlinear |R| = [32m4.502985e+00[39m
      0 Linear |R| = [32m4.502985e+00[39m
      1 Linear |R| = [32m1.870766e+00[39m
      2 Linear |R| = [32m8.702411e-01[39m
      3 Linear |R| = [32m5.221508e-01[39m
      4 Linear |R| = [32m3.176352e-01[39m
      5 Linear |R| = [32m1.985879e-01[39m
      6 Linear |R| = [32m1.329637e-01[39m
      7 Linear |R| = [32m9.691503e-02[39m
      8 Linear |R| = [32m6.697216e-02[39m
      9 Linear |R| = [32m4.295183e-02[39m
     10 Linear |R| = [32m2.845948e-02[39m
     11 Linear |R| = [32m2.082708e-02[39m
     12 Linear |R| = [32m1.618189e-02[39m
     13 Linear |R| = [32m1.247481e-02[39m
     14 Linear |R| = [32m9.061821e-03[39m
     15 Linear |R| = [32m6.770941e-03[39m
     16 Linear |R| = [32m5.069508e-03[39m
     17 Linear |R| = [32m3.697753e-03[39m
     18 Linear |R| = [32m2.787470e-03[39m
     19 Linear |R| = [32m2.036558e-03[39m
     20 Linear |R| = [32m1.482740e-03[39m
     21 Linear |R| = [32m1.073731e-03[39m
     22 Linear |R| = [32m7.525887e-04[39m
     23 Linear |R| = [32m5.028101e-04[39m
     24 Linear |R| = [32m3.366156e-04[39m
     25 Linear |R| = [32m2.408690e-04[39m
     26 Linear |R| = [32m1.737018e-04[39m
     27 Linear |R| = [32m1.182880e-04[39m
     28 Linear |R| = [32m7.413140e-05[39m
     29 Linear |R| = [32m4.732036e-05[39m
     30 Linear |R| = [32m2.834896e-05[39m
11 Nonlinear |R| = [32m7.666110e-03[39m
      0 Linear |R| = [32m7.666110e-03[39m
      1 Linear |R| = [32m2.382719e-03[39m
      2 Linear |R| = [32m1.021316e-03[39m
      3 Linear |R| = [32m5.651994e-04[39m
      4 Linear |R| = [32m3.709234e-04[39m
      5 Linear |R| = [32m2.587658e-04[39m
      6 Linear |R| = [32m1.850758e-04[39m
      7 Linear |R| = [32m1.373316e-04[39m
      8 Linear |R| = [32m9.722427e-05[39m
      9 Linear |R| = [32m6.504099e-05[39m
     10 Linear |R| = [32m4.522075e-05[39m
     11 Linear |R| = [32m3.361423e-05[39m
     12 Linear |R| = [32m2.690143e-05[39m
     13 Linear |R| = [32m2.034356e-05[39m
     14 Linear |R| = [32m1.459587e-05[39m
     15 Linear |R| = [32m1.062113e-05[39m
     16 Linear |R| = [32m8.047133e-06[39m
     17 Linear |R| = [32m5.999704e-06[39m
     18 Linear |R| = [32m4.350390e-06[39m
     19 Linear |R| = [32m3.152911e-06[39m
     20 Linear |R| = [32m2.221891e-06[39m
     21 Linear |R| = [32m1.546539e-06[39m
     22 Linear |R| = [32m1.053408e-06[39m
     23 Linear |R| = [32m6.976598e-07[39m
     24 Linear |R| = [32m4.655181e-07[39m
     25 Linear |R| = [32m3.321063e-07[39m
     26 Linear |R| = [32m2.387026e-07[39m
     27 Linear |R| = [32m1.661424e-07[39m
     28 Linear |R| = [32m1.053439e-07[39m
     29 Linear |R| = [32m6.451719e-08[39m
12 Nonlinear |R| = [32m3.987364e-07[39m
  Finished Solving                                                                       [[33m 20.00 s[39m] [[33m  186 MB[39m]
[32m Solve Converged![39m

Postprocessor Values:
+----------------+----------------------+------------------+----------------+----------------+
| time           | compressive_strength | reaction_force_z | top_disp_z     | vonmises_max   |
+----------------+----------------------+------------------+----------------+----------------+
:                :                      :                  :                :                :
|   1.000000e-01 |        -8.658456e+05 |    -1.112251e-06 |  -2.000000e-04 |   2.893102e+06 |
|   1.500000e-01 |        -1.281554e+06 |    -1.173024e-05 |  -3.000000e-04 |   3.500000e+06 |
|   2.000000e-01 |        -1.633550e+06 |     2.566036e-08 |  -4.000000e-04 |   3.500000e+06 |
|   2.500000e-01 |        -1.873257e+06 |    -3.348939e-08 |  -5.000000e-04 |   3.500000e+06 |
|   3.000000e-01 |        -1.989241e+06 |     1.617896e-05 |  -6.000000e-04 |   3.500000e+06 |
|   3.500000e-01 |        -2.074472e+06 |     1.841035e-05 |  -7.000000e-04 |   3.500000e+06 |
|   4.000000e-01 |        -2.140895e+06 |    -2.593809e-05 |  -8.000000e-04 |   3.500000e+06 |
|   4.500000e-01 |        -2.211821e+06 |     6.395530e-06 |  -9.000000e-04 |   3.500000e+06 |
|   5.000000e-01 |        -2.240924e+06 |    -6.762630e-06 |  -1.000000e-03 |   3.500000e+06 |
|   5.500000e-01 |        -2.262734e+06 |     1.050951e-06 |  -1.100000e-03 |   3.500000e+06 |
|   6.000000e-01 |        -2.283478e+06 |    -1.252252e-08 |  -1.200000e-03 |   3.500000e+06 |
|   6.500000e-01 |        -2.300340e+06 |     1.124002e-06 |  -1.300000e-03 |   3.500000e+06 |
|   7.000000e-01 |        -2.314357e+06 |     6.160927e-05 |  -1.400000e-03 |   3.500000e+06 |
|   7.500000e-01 |        -2.328661e+06 |     3.730318e-05 |  -1.500000e-03 |   3.500000e+06 |
|   8.000000e-01 |        -2.340071e+06 |     1.076304e-06 |  -1.600000e-03 |   3.500000e+06 |
+----------------+----------------------+------------------+----------------+----------------+


Time Step 17, time = 0.85, dt = 0.05
 0 Nonlinear |R| = [32m1.058986e+03[39m
      0 Linear |R| = [32m1.058986e+03[39m
      1 Linear |R| = [32m9.722405e+02[39m
      2 Linear |R| = [32m7.243679e+02[39m
      3 Linear |R| = [32m6.195912e+02[39m
      4 Linear |R| = [32m5.644011e+02[39m
      5 Linear |R| = [32m4.877125e+02[39m
      6 Linear |R| = [32m3.600420e+02[39m
      7 Linear |R| = [32m2.380141e+02[39m
      8 Linear |R| = [32m1.453537e+02[39m
      9 Linear |R| = [32m8.669074e+01[39m
     10 Linear |R| = [32m4.928207e+01[39m
     11 Linear |R| = [32m2.738217e+01[39m
     12 Linear |R| = [32m1.543320e+01[39m
     13 Linear |R| = [32m9.164526e+00[39m
     14 Linear |R| = [32m5.447047e+00[39m
     15 Linear |R| = [32m3.238879e+00[39m
     16 Linear |R| = [32m1.948705e+00[39m
     17 Linear |R| = [32m1.104452e+00[39m
     18 Linear |R| = [32m5.834006e-01[39m
     19 Linear |R| = [32m3.212186e-01[39m
     20 Linear |R| = [32m1.958382e-01[39m
     21 Linear |R| = [32m1.281148e-01[39m
     22 Linear |R| = [32m8.975281e-02[39m
     23 Linear |R| = [32m6.524045e-02[39m
     24 Linear |R| = [32m4.910686e-02[39m
     25 Linear |R| = [32m3.472235e-02[39m
     26 Linear |R| = [32m2.473428e-02[39m
     27 Linear |R| = [32m1.734224e-02[39m
     28 Linear |R| = [32m1.136853e-02[39m
     29 Linear |R| = [32m6.889329e-03[39m
 1 Nonlinear |R| = [32m9.710163e+02[39m
      0 Linear |R| = [32m9.710163e+02[39m
      1 Linear |R| = [32m9.030220e+02[39m
      2 Linear |R| = [32m7.673909e+02[39m
      3 Linear |R| = [32m7.260459e+02[39m
      4 Linear |R| = [33m7.004687e+02[39m
      5 Linear |R| = [33m6.833928e+02[39m
      6 Linear |R| = [33m6.744370e+02[39m
      7 Linear |R| = [33m6.703952e+02[39m
      8 Linear |R| = [33m6.631001e+02[39m
      9 Linear |R| = [33m6.553653e+02[39m
     10 Linear |R| = [33m6.477288e+02[39m
     11 Linear |R| = [33m6.333523e+02[39m
     12 Linear |R| = [33m6.079981e+02[39m
     13 Linear |R| = [32m5.389003e+02[39m
     14 Linear |R| = [32m4.541235e+02[39m
     15 Linear |R| = [32m3.729434e+02[39m
     16 Linear |R| = [32m3.039648e+02[39m
     17 Linear |R| = [32m2.320377e+02[39m
     18 Linear |R| = [32m1.681857e+02[39m
     19 Linear |R| = [32m1.247958e+02[39m
     20 Linear |R| = [32m9.302014e+01[39m
     21 Linear |R| = [32m6.911126e+01[39m
     22 Linear |R| = [32m4.790740e+01[39m
     23 Linear |R| = [32m3.247874e+01[39m
     24 Linear |R| = [32m2.152220e+01[39m
     25 Linear |R| = [32m1.444880e+01[39m
     26 Linear |R| = [32m9.440363e+00[39m
     27 Linear |R| = [32m5.902815e+00[39m
     28 Linear |R| = [32m3.670028e+00[39m
     29 Linear |R| = [32m2.318776e+00[39m
     30 Linear |R| = [32m2.132469e+00[39m
     31 Linear |R| = [32m1.323562e+00[39m
     32 Linear |R| = [32m9.753543e-01[39m
     33 Linear |R| = [32m6.760057e-01[39m
     34 Linear |R| = [32m4.391622e-01[39m
     35 Linear |R| = [32m3.256986e-01[39m
     36 Linear |R| = [32m2.580273e-01[39m
     37 Linear |R| = [32m2.139847e-01[39m
     38 Linear |R| = [32m1.937869e-01[39m
     39 Linear |R| = [32m1.774656e-01[39m
     40 Linear |R| = [32m1.670282e-01[39m
     41 Linear |R| = [33m1.607016e-01[39m
     42 Linear |R| = [33m1.571636e-01[39m
     43 Linear |R| = [33m1.534463e-01[39m
     44 Linear |R| = [33m1.509206e-01[39m
     45 Linear |R| = [33m1.472157e-01[39m
     46 Linear |R| = [33m1.462429e-01[39m
     47 Linear |R| = [33m1.459654e-01[39m
     48 Linear |R| = [33m1.451529e-01[39m
     49 Linear |R| = [33m1.426084e-01[39m
     50 Linear |R| = [33m1.387268e-01[39m
     51 Linear |R| = [33m1.339770e-01[39m
     52 Linear |R| = [32m1.193352e-01[39m
     53 Linear |R| = [32m1.034392e-01[39m
     54 Linear |R| = [32m8.572910e-02[39m
     55 Linear |R| = [32m7.096785e-02[39m
     56 Linear |R| = [32m5.818657e-02[39m
     57 Linear |R| = [32m4.502462e-02[39m
     58 Linear |R| = [32m3.309528e-02[39m
     59 Linear |R| = [32m2.286633e-02[39m
     60 Linear |R| = [32m1.629973e-02[39m
     61 Linear |R| = [32m1.319223e-02[39m
     62 Linear |R| = [32m1.030487e-02[39m
     63 Linear |R| = [32m7.944439e-03[39m
 2 Nonlinear |R| = [33m9.699099e+02[39m
      0 Linear |R| = [32m9.699099e+02[39m
      1 Linear |R| = [32m8.995742e+02[39m
      2 Linear |R| = [32m7.687929e+02[39m
      3 Linear |R| = [32m7.220156e+02[39m
      4 Linear |R| = [33m6.941936e+02[39m
      5 Linear |R| = [33m6.799288e+02[39m
      6 Linear |R| = [33m6.721651e+02[39m
      7 Linear |R| = [33m6.671291e+02[39m
      8 Linear |R| = [33m6.565335e+02[39m
      9 Linear |R| = [33m6.468719e+02[39m
     10 Linear |R| = [33m6.402637e+02[39m
     11 Linear |R| = [33m6.264553e+02[39m
     12 Linear |R| = [32m5.946972e+02[39m
     13 Linear |R| = [32m5.153412e+02[39m
     14 Linear |R| = [32m4.284586e+02[39m
     15 Linear |R| = [32m3.519110e+02[39m
     16 Linear |R| = [32m2.849861e+02[39m
     17 Linear |R| = [32m2.137856e+02[39m
     18 Linear |R| = [32m1.533322e+02[39m
     19 Linear |R| = [32m1.151729e+02[39m
     20 Linear |R| = [32m8.793639e+01[39m
     21 Linear |R| = [32m6.360620e+01[39m
     22 Linear |R| = [32m4.455137e+01[39m
     23 Linear |R| = [32m3.072371e+01[39m
     24 Linear |R| = [32m2.097972e+01[39m
     25 Linear |R| = [32m1.444757e+01[39m
     26 Linear |R| = [32m9.074301e+00[39m
     27 Linear |R| = [32m5.554234e+00[39m
     28 Linear |R| = [32m3.451934e+00[39m
     29 Linear |R| = [32m2.252857e+00[39m
     30 Linear |R| = [31m2.359170e+00[39m
     31 Linear |R| = [32m1.372317e+00[39m
     32 Linear |R| = [32m1.054963e+00[39m
     33 Linear |R| = [32m7.218536e-01[39m
     34 Linear |R| = [32m4.640486e-01[39m
     35 Linear |R| = [32m3.493737e-01[39m
     36 Linear |R| = [32m2.743258e-01[39m
     37 Linear |R| = [32m2.259258e-01[39m
     38 Linear |R| = [32m2.015707e-01[39m
     39 Linear |R| = [32m1.844910e-01[39m
     40 Linear |R| = [32m1.736253e-01[39m
     41 Linear |R| = [33m1.671483e-01[39m
     42 Linear |R| = [33m1.633008e-01[39m
     43 Linear |R| = [33m1.591434e-01[39m
     44 Linear |R| = [33m1.562119e-01[39m
     45 Linear |R| = [33m1.524400e-01[39m
     46 Linear |R| = [33m1.517180e-01[39m
     47 Linear |R| = [33m1.511209e-01[39m
     48 Linear |R| = [33m1.497545e-01[39m
     49 Linear |R| = [33m1.463085e-01[39m
     50 Linear |R| = [33m1.417303e-01[39m
     51 Linear |R| = [33m1.355279e-01[39m
     52 Linear |R| = [32m1.191946e-01[39m
     53 Linear |R| = [32m1.048363e-01[39m
     54 Linear |R| = [32m8.832043e-02[39m
     55 Linear |R| = [32m7.438702e-02[39m
     56 Linear |R| = [32m6.029431e-02[39m
     57 Linear |R| = [32m4.823201e-02[39m
     58 Linear |R| = [32m3.571413e-02[39m
     59 Linear |R| = [32m2.476401e-02[39m
     60 Linear |R| = [32m1.661393e-02[39m
     61 Linear |R| = [32m1.293905e-02[39m
     62 Linear |R| = [32m9.878529e-03[39m
     63 Linear |R| = [32m7.597721e-03[39m
 3 Nonlinear |R| = [33m9.687866e+02[39m
      0 Linear |R| = [32m9.687866e+02[39m
      1 Linear |R| = [32m8.963829e+02[39m
      2 Linear |R| = [32m7.692655e+02[39m
      3 Linear |R| = [32m7.145542e+02[39m
      4 Linear |R| = [33m6.871266e+02[39m
      5 Linear |R| = [33m6.766871e+02[39m
      6 Linear |R| = [33m6.708219e+02[39m
      7 Linear |R| = [33m6.635396e+02[39m
      8 Linear |R| = [33m6.459521e+02[39m
      9 Linear |R| = [33m6.348595e+02[39m
     10 Linear |R| = [33m6.299401e+02[39m
     11 Linear |R| = [33m6.147330e+02[39m
     12 Linear |R| = [32m5.734188e+02[39m
     13 Linear |R| = [32m4.923133e+02[39m
     14 Linear |R| = [32m4.080041e+02[39m
     15 Linear |R| = [32m3.329520e+02[39m
     16 Linear |R| = [32m2.636531e+02[39m
     17 Linear |R| = [32m1.947833e+02[39m
     18 Linear |R| = [32m1.397810e+02[39m
     19 Linear |R| = [32m1.092374e+02[39m
     20 Linear |R| = [32m8.430836e+01[39m
     21 Linear |R| = [32m5.946050e+01[39m
     22 Linear |R| = [32m4.100331e+01[39m
     23 Linear |R| = [32m2.792446e+01[39m
     24 Linear |R| = [32m1.962101e+01[39m
     25 Linear |R| = [32m1.346644e+01[39m
     26 Linear |R| = [32m8.644006e+00[39m
     27 Linear |R| = [32m5.529704e+00[39m
     28 Linear |R| = [32m3.461395e+00[39m
     29 Linear |R| = [32m2.296043e+00[39m
     30 Linear |R| = [31m2.653217e+00[39m
     31 Linear |R| = [32m1.358913e+00[39m
     32 Linear |R| = [32m1.065622e+00[39m
     33 Linear |R| = [32m7.363083e-01[39m
     34 Linear |R| = [32m4.868362e-01[39m
     35 Linear |R| = [32m3.773947e-01[39m
     36 Linear |R| = [32m2.975043e-01[39m
     37 Linear |R| = [32m2.399816e-01[39m
     38 Linear |R| = [32m2.078251e-01[39m
     39 Linear |R| = [32m1.858991e-01[39m
     40 Linear |R| = [32m1.713488e-01[39m
     41 Linear |R| = [32m1.609293e-01[39m
     42 Linear |R| = [33m1.531466e-01[39m
     43 Linear |R| = [33m1.465386e-01[39m
     44 Linear |R| = [33m1.424905e-01[39m
     45 Linear |R| = [33m1.386184e-01[39m
     46 Linear |R| = [33m1.378460e-01[39m
     47 Linear |R| = [33m1.370953e-01[39m
     48 Linear |R| = [33m1.362114e-01[39m
     49 Linear |R| = [33m1.340430e-01[39m
     50 Linear |R| = [33m1.305501e-01[39m
     51 Linear |R| = [33m1.249199e-01[39m
     52 Linear |R| = [32m1.107047e-01[39m
     53 Linear |R| = [32m9.768726e-02[39m
     54 Linear |R| = [32m8.282271e-02[39m
     55 Linear |R| = [32m6.819114e-02[39m
     56 Linear |R| = [32m5.329098e-02[39m
     57 Linear |R| = [32m4.218631e-02[39m
     58 Linear |R| = [32m3.135611e-02[39m
     59 Linear |R| = [32m2.236626e-02[39m
     60 Linear |R| = [32m1.467039e-02[39m
     61 Linear |R| = [32m1.128515e-02[39m
     62 Linear |R| = [32m8.694909e-03[39m
 4 Nonlinear |R| = [33m9.676330e+02[39m
      0 Linear |R| = [32m9.676330e+02[39m
      1 Linear |R| = [32m8.939986e+02[39m
      2 Linear |R| = [32m7.687129e+02[39m
      3 Linear |R| = [32m7.041036e+02[39m
      4 Linear |R| = [33m6.791866e+02[39m
      5 Linear |R| = [33m6.723984e+02[39m
      6 Linear |R| = [33m6.677160e+02[39m
      7 Linear |R| = [33m6.559361e+02[39m
      8 Linear |R| = [33m6.315038e+02[39m
      9 Linear |R| = [33m6.217968e+02[39m
     10 Linear |R| = [33m6.177755e+02[39m
     11 Linear |R| = [33m5.943116e+02[39m
     12 Linear |R| = [32m5.411863e+02[39m
     13 Linear |R| = [32m4.659476e+02[39m
     14 Linear |R| = [32m3.854389e+02[39m
     15 Linear |R| = [32m3.056969e+02[39m
     16 Linear |R| = [32m2.334185e+02[39m
     17 Linear |R| = [32m1.717549e+02[39m
     18 Linear |R| = [32m1.254439e+02[39m
     19 Linear |R| = [32m1.005055e+02[39m
     20 Linear |R| = [32m7.687339e+01[39m
     21 Linear |R| = [32m5.406605e+01[39m
     22 Linear |R| = [32m3.679106e+01[39m
     23 Linear |R| = [32m2.526209e+01[39m
     24 Linear |R| = [32m1.815930e+01[39m
     25 Linear |R| = [32m1.242812e+01[39m
     26 Linear |R| = [32m8.104067e+00[39m
     27 Linear |R| = [32m5.137309e+00[39m
     28 Linear |R| = [32m3.314746e+00[39m
     29 Linear |R| = [32m2.181230e+00[39m
     30 Linear |R| = [31m3.025955e+00[39m
     31 Linear |R| = [32m1.273473e+00[39m
     32 Linear |R| = [32m9.927850e-01[39m
     33 Linear |R| = [32m6.873702e-01[39m
     34 Linear |R| = [32m4.410024e-01[39m
     35 Linear |R| = [32m3.340304e-01[39m
     36 Linear |R| = [32m2.546779e-01[39m
     37 Linear |R| = [32m1.960864e-01[39m
     38 Linear |R| = [32m1.651444e-01[39m
     39 Linear |R| = [32m1.460300e-01[39m
     40 Linear |R| = [32m1.347012e-01[39m
     41 Linear |R| = [32m1.262117e-01[39m
     42 Linear |R| = [33m1.203033e-01[39m
     43 Linear |R| = [33m1.155597e-01[39m
     44 Linear |R| = [33m1.117652e-01[39m
     45 Linear |R| = [33m1.079623e-01[39m
     46 Linear |R| = [33m1.069863e-01[39m
     47 Linear |R| = [33m1.059658e-01[39m
     48 Linear |R| = [33m1.051554e-01[39m
     49 Linear |R| = [33m1.033401e-01[39m
     50 Linear |R| = [33m1.014660e-01[39m
     51 Linear |R| = [33m9.696896e-02[39m
     52 Linear |R| = [32m8.730621e-02[39m
     53 Linear |R| = [32m7.686003e-02[39m
     54 Linear |R| = [32m6.372070e-02[39m
     55 Linear |R| = [32m4.968166e-02[39m
     56 Linear |R| = [32m3.793207e-02[39m
     57 Linear |R| = [32m3.052015e-02[39m
     58 Linear |R| = [32m2.393690e-02[39m
     59 Linear |R| = [32m1.774553e-02[39m
     60 Linear |R| = [32m1.167720e-02[39m
     61 Linear |R| = [32m9.072265e-03[39m
 5 Nonlinear |R| = [33m9.621019e+02[39m
      0 Linear |R| = [32m9.621019e+02[39m
      1 Linear |R| = [32m7.785080e+02[39m
      2 Linear |R| = [32m6.412724e+02[39m
      3 Linear |R| = [32m5.532257e+02[39m
      4 Linear |R| = [32m5.135804e+02[39m
      5 Linear |R| = [32m4.827521e+02[39m
      6 Linear |R| = [32m4.174911e+02[39m
      7 Linear |R| = [32m3.391921e+02[39m
      8 Linear |R| = [32m2.817898e+02[39m
      9 Linear |R| = [32m2.376566e+02[39m
     10 Linear |R| = [32m1.877961e+02[39m
     11 Linear |R| = [32m1.349901e+02[39m
     12 Linear |R| = [32m9.977110e+01[39m
     13 Linear |R| = [32m6.902156e+01[39m
     14 Linear |R| = [32m4.871496e+01[39m
     15 Linear |R| = [32m3.315269e+01[39m
     16 Linear |R| = [32m2.309741e+01[39m
     17 Linear |R| = [32m1.662738e+01[39m
     18 Linear |R| = [32m1.217799e+01[39m
     19 Linear |R| = [32m9.650676e+00[39m
     20 Linear |R| = [32m7.365898e+00[39m
     21 Linear |R| = [32m5.412455e+00[39m
     22 Linear |R| = [32m3.604883e+00[39m
     23 Linear |R| = [32m2.442879e+00[39m
     24 Linear |R| = [32m1.683495e+00[39m
     25 Linear |R| = [32m1.126647e+00[39m
     26 Linear |R| = [32m7.494515e-01[39m
     27 Linear |R| = [32m5.040077e-01[39m
     28 Linear |R| = [32m3.295389e-01[39m
     29 Linear |R| = [32m2.127975e-01[39m
     30 Linear |R| = [31m2.408900e-01[39m
     31 Linear |R| = [32m1.286375e-01[39m
     32 Linear |R| = [32m9.548993e-02[39m
     33 Linear |R| = [32m6.709637e-02[39m
     34 Linear |R| = [32m4.511159e-02[39m
     35 Linear |R| = [32m3.050164e-02[39m
     36 Linear |R| = [32m2.172536e-02[39m
     37 Linear |R| = [32m1.549879e-02[39m
     38 Linear |R| = [32m1.178371e-02[39m
     39 Linear |R| = [32m9.444650e-03[39m
 6 Nonlinear |R| = [32m9.119439e+02[39m
      0 Linear |R| = [32m9.119439e+02[39m
      1 Linear |R| = [32m6.241318e+02[39m
      2 Linear |R| = [32m4.999182e+02[39m
      3 Linear |R| = [32m4.046431e+02[39m
      4 Linear |R| = [32m3.490062e+02[39m
      5 Linear |R| = [32m2.989102e+02[39m
      6 Linear |R| = [32m2.235004e+02[39m
      7 Linear |R| = [32m1.694617e+02[39m
      8 Linear |R| = [32m1.373955e+02[39m
      9 Linear |R| = [32m1.055387e+02[39m
     10 Linear |R| = [32m7.837758e+01[39m
     11 Linear |R| = [32m5.597519e+01[39m
     12 Linear |R| = [32m4.093229e+01[39m
     13 Linear |R| = [32m2.852653e+01[39m
     14 Linear |R| = [32m2.006894e+01[39m
     15 Linear |R| = [32m1.362490e+01[39m
     16 Linear |R| = [32m9.786204e+00[39m
     17 Linear |R| = [32m6.906093e+00[39m
     18 Linear |R| = [32m5.239450e+00[39m
     19 Linear |R| = [32m4.195621e+00[39m
     20 Linear |R| = [32m3.253427e+00[39m
     21 Linear |R| = [32m2.309650e+00[39m
     22 Linear |R| = [32m1.488946e+00[39m
     23 Linear |R| = [32m9.779232e-01[39m
     24 Linear |R| = [32m6.554295e-01[39m
     25 Linear |R| = [32m4.325758e-01[39m
     26 Linear |R| = [32m2.901150e-01[39m
     27 Linear |R| = [32m1.972035e-01[39m
     28 Linear |R| = [32m1.329662e-01[39m
     29 Linear |R| = [32m8.800252e-02[39m
     30 Linear |R| = [32m6.157137e-02[39m
     31 Linear |R| = [32m4.500388e-02[39m
     32 Linear |R| = [32m3.394202e-02[39m
     33 Linear |R| = [32m2.217431e-02[39m
     34 Linear |R| = [32m1.391301e-02[39m
     35 Linear |R| = [32m9.142751e-03[39m
     36 Linear |R| = [32m6.315151e-03[39m
 7 Nonlinear |R| = [32m7.548887e+02[39m
      0 Linear |R| = [32m7.548887e+02[39m
      1 Linear |R| = [32m3.422521e+02[39m
      2 Linear |R| = [32m2.357972e+02[39m
      3 Linear |R| = [32m1.660563e+02[39m
      4 Linear |R| = [32m1.129966e+02[39m
      5 Linear |R| = [32m7.840717e+01[39m
      6 Linear |R| = [32m5.532752e+01[39m
      7 Linear |R| = [32m4.047464e+01[39m
      8 Linear |R| = [32m3.255123e+01[39m
      9 Linear |R| = [32m2.493084e+01[39m
     10 Linear |R| = [32m1.789539e+01[39m
     11 Linear |R| = [32m1.226607e+01[39m
     12 Linear |R| = [32m8.553609e+00[39m
     13 Linear |R| = [32m5.750316e+00[39m
     14 Linear |R| = [32m4.048838e+00[39m
     15 Linear |R| = [32m2.901708e+00[39m
     16 Linear |R| = [32m2.205580e+00[39m
     17 Linear |R| = [32m1.724570e+00[39m
     18 Linear |R| = [32m1.382154e+00[39m
     19 Linear |R| = [32m1.072718e+00[39m
     20 Linear |R| = [32m7.421571e-01[39m
     21 Linear |R| = [32m4.877292e-01[39m
     22 Linear |R| = [32m3.296034e-01[39m
     23 Linear |R| = [32m2.336745e-01[39m
     24 Linear |R| = [32m1.704388e-01[39m
     25 Linear |R| = [32m1.161351e-01[39m
     26 Linear |R| = [32m7.673265e-02[39m
     27 Linear |R| = [32m4.950552e-02[39m
     28 Linear |R| = [32m3.272537e-02[39m
     29 Linear |R| = [32m2.122259e-02[39m
     30 Linear |R| = [32m1.487364e-02[39m
     31 Linear |R| = [32m1.072731e-02[39m
     32 Linear |R| = [32m7.815146e-03[39m
     33 Linear |R| = [32m5.036297e-03[39m
 8 Nonlinear |R| = [32m6.074790e+02[39m
      0 Linear |R| = [32m6.074790e+02[39m
      1 Linear |R| = [32m2.038889e+02[39m
      2 Linear |R| = [32m1.202730e+02[39m
      3 Linear |R| = [32m7.636965e+01[39m
      4 Linear |R| = [32m4.755315e+01[39m
      5 Linear |R| = [32m3.162562e+01[39m
      6 Linear |R| = [32m2.284749e+01[39m
      7 Linear |R| = [32m1.713417e+01[39m
      8 Linear |R| = [32m1.394014e+01[39m
      9 Linear |R| = [32m1.030925e+01[39m
     10 Linear |R| = [32m6.972684e+00[39m
     11 Linear |R| = [32m4.348641e+00[39m
     12 Linear |R| = [32m2.918936e+00[39m
     13 Linear |R| = [32m2.036888e+00[39m
     14 Linear |R| = [32m1.519867e+00[39m
     15 Linear |R| = [32m1.137429e+00[39m
     16 Linear |R| = [32m8.626975e-01[39m
     17 Linear |R| = [32m6.461778e-01[39m
     18 Linear |R| = [32m5.064415e-01[39m
     19 Linear |R| = [32m4.002420e-01[39m
     20 Linear |R| = [32m2.890100e-01[39m
     21 Linear |R| = [32m1.996872e-01[39m
     22 Linear |R| = [32m1.424232e-01[39m
     23 Linear |R| = [32m1.007017e-01[39m
     24 Linear |R| = [32m7.034533e-02[39m
     25 Linear |R| = [32m4.660778e-02[39m
     26 Linear |R| = [32m2.983415e-02[39m
     27 Linear |R| = [32m1.964577e-02[39m
     28 Linear |R| = [32m1.242508e-02[39m
     29 Linear |R| = [32m7.518903e-03[39m
     30 Linear |R| = [32m4.778287e-03[39m
 9 Nonlinear |R| = [32m4.784630e+02[39m
      0 Linear |R| = [32m4.784630e+02[39m
      1 Linear |R| = [32m1.311400e+02[39m
      2 Linear |R| = [32m4.279625e+01[39m
      3 Linear |R| = [32m2.086364e+01[39m
      4 Linear |R| = [32m1.242970e+01[39m
      5 Linear |R| = [32m8.851557e+00[39m
      6 Linear |R| = [32m6.248684e+00[39m
      7 Linear |R| = [32m4.582803e+00[39m
      8 Linear |R| = [32m3.308121e+00[39m
      9 Linear |R| = [32m2.243126e+00[39m
     10 Linear |R| = [32m1.603267e+00[39m
     11 Linear |R| = [32m1.140342e+00[39m
     12 Linear |R| = [32m7.929877e-01[39m
     13 Linear |R| = [32m5.692709e-01[39m
     14 Linear |R| = [32m3.984898e-01[39m
     15 Linear |R| = [32m2.915493e-01[39m
     16 Linear |R| = [32m2.219217e-01[39m
     17 Linear |R| = [32m1.744905e-01[39m
     18 Linear |R| = [32m1.358705e-01[39m
     19 Linear |R| = [32m1.023153e-01[39m
     20 Linear |R| = [32m7.068929e-02[39m
     21 Linear |R| = [32m5.012393e-02[39m
     22 Linear |R| = [32m3.688647e-02[39m
     23 Linear |R| = [32m2.754108e-02[39m
     24 Linear |R| = [32m1.947513e-02[39m
     25 Linear |R| = [32m1.304724e-02[39m
     26 Linear |R| = [32m8.456089e-03[39m
     27 Linear |R| = [32m5.167466e-03[39m
     28 Linear |R| = [32m2.842333e-03[39m
10 Nonlinear |R| = [32m1.409831e+01[39m
      0 Linear |R| = [32m1.409831e+01[39m
      1 Linear |R| = [32m8.779807e+00[39m
      2 Linear |R| = [32m5.143023e+00[39m
      3 Linear |R| = [32m3.493815e+00[39m
      4 Linear |R| = [32m2.489824e+00[39m
      5 Linear |R| = [32m1.758335e+00[39m
      6 Linear |R| = [32m1.081608e+00[39m
      7 Linear |R| = [32m6.711721e-01[39m
      8 Linear |R| = [32m4.270903e-01[39m
      9 Linear |R| = [32m3.003654e-01[39m
     10 Linear |R| = [32m2.209473e-01[39m
     11 Linear |R| = [32m1.671875e-01[39m
     12 Linear |R| = [32m1.254034e-01[39m
     13 Linear |R| = [32m9.209949e-02[39m
     14 Linear |R| = [32m6.551666e-02[39m
     15 Linear |R| = [32m4.777865e-02[39m
     16 Linear |R| = [32m3.582103e-02[39m
     17 Linear |R| = [32m2.795846e-02[39m
     18 Linear |R| = [32m2.217548e-02[39m
     19 Linear |R| = [32m1.628788e-02[39m
     20 Linear |R| = [32m1.141252e-02[39m
     21 Linear |R| = [32m7.842292e-03[39m
     22 Linear |R| = [32m5.179770e-03[39m
     23 Linear |R| = [32m3.516923e-03[39m
     24 Linear |R| = [32m2.416950e-03[39m
     25 Linear |R| = [32m1.660084e-03[39m
     26 Linear |R| = [32m1.150479e-03[39m
     27 Linear |R| = [32m7.694256e-04[39m
     28 Linear |R| = [32m4.977954e-04[39m
     29 Linear |R| = [32m3.164139e-04[39m
     30 Linear |R| = [31m3.833259e-04[39m
     31 Linear |R| = [32m1.910474e-04[39m
     32 Linear |R| = [32m1.377232e-04[39m
11 Nonlinear |R| = [32m1.420580e+00[39m
      0 Linear |R| = [32m1.420580e+00[39m
      1 Linear |R| = [32m6.084573e-01[39m
      2 Linear |R| = [32m3.026903e-01[39m
      3 Linear |R| = [32m1.713051e-01[39m
      4 Linear |R| = [32m1.025792e-01[39m
      5 Linear |R| = [32m6.868330e-02[39m
      6 Linear |R| = [32m4.539526e-02[39m
      7 Linear |R| = [32m2.990464e-02[39m
      8 Linear |R| = [32m2.014776e-02[39m
      9 Linear |R| = [32m1.402744e-02[39m
     10 Linear |R| = [32m1.018372e-02[39m
     11 Linear |R| = [32m7.746924e-03[39m
     12 Linear |R| = [32m5.976481e-03[39m
     13 Linear |R| = [32m4.561099e-03[39m
     14 Linear |R| = [32m3.456347e-03[39m
     15 Linear |R| = [32m2.483731e-03[39m
     16 Linear |R| = [32m1.747234e-03[39m
     17 Linear |R| = [32m1.251655e-03[39m
     18 Linear |R| = [32m9.529265e-04[39m
     19 Linear |R| = [32m7.418789e-04[39m
     20 Linear |R| = [32m5.630112e-04[39m
     21 Linear |R| = [32m3.946244e-04[39m
     22 Linear |R| = [32m2.567751e-04[39m
     23 Linear |R| = [32m1.635910e-04[39m
     24 Linear |R| = [32m1.088354e-04[39m
     25 Linear |R| = [32m7.223500e-05[39m
     26 Linear |R| = [32m4.919962e-05[39m
     27 Linear |R| = [32m3.480087e-05[39m
     28 Linear |R| = [32m2.415972e-05[39m
     29 Linear |R| = [32m1.579796e-05[39m
     30 Linear |R| = [32m9.860329e-06[39m
12 Nonlinear |R| = [32m6.392557e-04[39m
  Finished Solving                                                                       [[33m 19.65 s[39m] [[33m  186 MB[39m]
[32m Solve Converged![39m

Outlier Variable Residual Norms:
  disp_z: [33m5.325364e-04[39m

Postprocessor Values:
+----------------+----------------------+------------------+----------------+----------------+
| time           | compressive_strength | reaction_force_z | top_disp_z     | vonmises_max   |
+----------------+----------------------+------------------+----------------+----------------+
:                :                      :                  :                :                :
|   1.500000e-01 |        -1.281554e+06 |    -1.173024e-05 |  -3.000000e-04 |   3.500000e+06 |
|   2.000000e-01 |        -1.633550e+06 |     2.566036e-08 |  -4.000000e-04 |   3.500000e+06 |
|   2.500000e-01 |        -1.873257e+06 |    -3.348939e-08 |  -5.000000e-04 |   3.500000e+06 |
|   3.000000e-01 |        -1.989241e+06 |     1.617896e-05 |  -6.000000e-04 |   3.500000e+06 |
|   3.500000e-01 |        -2.074472e+06 |     1.841035e-05 |  -7.000000e-04 |   3.500000e+06 |
|   4.000000e-01 |        -2.140895e+06 |    -2.593809e-05 |  -8.000000e-04 |   3.500000e+06 |
|   4.500000e-01 |        -2.211821e+06 |     6.395530e-06 |  -9.000000e-04 |   3.500000e+06 |
|   5.000000e-01 |        -2.240924e+06 |    -6.762630e-06 |  -1.000000e-03 |   3.500000e+06 |
|   5.500000e-01 |        -2.262734e+06 |     1.050951e-06 |  -1.100000e-03 |   3.500000e+06 |
|   6.000000e-01 |        -2.283478e+06 |    -1.252252e-08 |  -1.200000e-03 |   3.500000e+06 |
|   6.500000e-01 |        -2.300340e+06 |     1.124002e-06 |  -1.300000e-03 |   3.500000e+06 |
|   7.000000e-01 |        -2.314357e+06 |     6.160927e-05 |  -1.400000e-03 |   3.500000e+06 |
|   7.500000e-01 |        -2.328661e+06 |     3.730318e-05 |  -1.500000e-03 |   3.500000e+06 |
|   8.000000e-01 |        -2.340071e+06 |     1.076304e-06 |  -1.600000e-03 |   3.500000e+06 |
|   8.500000e-01 |        -2.341487e+06 |     1.097861e-05 |  -1.700000e-03 |   3.500000e+06 |
+----------------+----------------------+------------------+----------------+----------------+


Time Step 18, time = 0.9, dt = 0.05
 0 Nonlinear |R| = [32m1.057976e+03[39m
      0 Linear |R| = [32m1.057976e+03[39m
      1 Linear |R| = [32m9.693686e+02[39m
      2 Linear |R| = [32m7.219703e+02[39m
      3 Linear |R| = [32m6.163441e+02[39m
      4 Linear |R| = [32m5.614360e+02[39m
      5 Linear |R| = [32m4.868981e+02[39m
      6 Linear |R| = [32m3.609057e+02[39m
      7 Linear |R| = [32m2.388365e+02[39m
      8 Linear |R| = [32m1.462565e+02[39m
      9 Linear |R| = [32m8.779008e+01[39m
     10 Linear |R| = [32m4.990795e+01[39m
     11 Linear |R| = [32m2.767151e+01[39m
     12 Linear |R| = [32m1.552949e+01[39m
     13 Linear |R| = [32m9.244086e+00[39m
     14 Linear |R| = [32m5.498078e+00[39m
     15 Linear |R| = [32m3.255359e+00[39m
     16 Linear |R| = [32m1.965866e+00[39m
     17 Linear |R| = [32m1.108865e+00[39m
     18 Linear |R| = [32m5.894595e-01[39m
     19 Linear |R| = [32m3.232452e-01[39m
     20 Linear |R| = [32m1.985913e-01[39m
     21 Linear |R| = [32m1.307351e-01[39m
     22 Linear |R| = [32m9.159805e-02[39m
     23 Linear |R| = [32m6.671314e-02[39m
     24 Linear |R| = [32m5.038269e-02[39m
     25 Linear |R| = [32m3.580998e-02[39m
     26 Linear |R| = [32m2.526576e-02[39m
     27 Linear |R| = [32m1.779494e-02[39m
     28 Linear |R| = [32m1.164125e-02[39m
     29 Linear |R| = [32m7.033042e-03[39m
 1 Nonlinear |R| = [32m9.699577e+02[39m
      0 Linear |R| = [32m9.699577e+02[39m
      1 Linear |R| = [32m9.002779e+02[39m
      2 Linear |R| = [32m7.651775e+02[39m
      3 Linear |R| = [32m7.237597e+02[39m
      4 Linear |R| = [33m6.983644e+02[39m
      5 Linear |R| = [33m6.810021e+02[39m
      6 Linear |R| = [33m6.714211e+02[39m
      7 Linear |R| = [33m6.671595e+02[39m
      8 Linear |R| = [33m6.595543e+02[39m
      9 Linear |R| = [33m6.515632e+02[39m
     10 Linear |R| = [33m6.446981e+02[39m
     11 Linear |R| = [33m6.328338e+02[39m
     12 Linear |R| = [33m6.143265e+02[39m
     13 Linear |R| = [32m5.569312e+02[39m
     14 Linear |R| = [32m4.777064e+02[39m
     15 Linear |R| = [32m4.002548e+02[39m
     16 Linear |R| = [32m3.325932e+02[39m
     17 Linear |R| = [32m2.564204e+02[39m
     18 Linear |R| = [32m1.865904e+02[39m
     19 Linear |R| = [32m1.417132e+02[39m
     20 Linear |R| = [32m1.080679e+02[39m
     21 Linear |R| = [32m8.127558e+01[39m
     22 Linear |R| = [32m5.646578e+01[39m
     23 Linear |R| = [32m3.821200e+01[39m
     24 Linear |R| = [32m2.510190e+01[39m
     25 Linear |R| = [32m1.663699e+01[39m
     26 Linear |R| = [32m1.102157e+01[39m
     27 Linear |R| = [32m7.136678e+00[39m
     28 Linear |R| = [32m4.549573e+00[39m
     29 Linear |R| = [32m2.840460e+00[39m
     30 Linear |R| = [32m2.408500e+00[39m
     31 Linear |R| = [32m1.534377e+00[39m
     32 Linear |R| = [32m1.117609e+00[39m
     33 Linear |R| = [32m7.663990e-01[39m
     34 Linear |R| = [32m5.168313e-01[39m
     35 Linear |R| = [32m3.908354e-01[39m
     36 Linear |R| = [32m3.052878e-01[39m
     37 Linear |R| = [32m2.439306e-01[39m
     38 Linear |R| = [32m2.134893e-01[39m
     39 Linear |R| = [32m1.871711e-01[39m
     40 Linear |R| = [32m1.681843e-01[39m
     41 Linear |R| = [32m1.559053e-01[39m
     42 Linear |R| = [33m1.484004e-01[39m
     43 Linear |R| = [33m1.415595e-01[39m
     44 Linear |R| = [33m1.373456e-01[39m
     45 Linear |R| = [33m1.328400e-01[39m
     46 Linear |R| = [33m1.315376e-01[39m
     47 Linear |R| = [33m1.313690e-01[39m
     48 Linear |R| = [33m1.309492e-01[39m
     49 Linear |R| = [33m1.297290e-01[39m
     50 Linear |R| = [33m1.279047e-01[39m
     51 Linear |R| = [33m1.251649e-01[39m
     52 Linear |R| = [32m1.155724e-01[39m
     53 Linear |R| = [32m1.008159e-01[39m
     54 Linear |R| = [32m8.183190e-02[39m
     55 Linear |R| = [32m6.373598e-02[39m
     56 Linear |R| = [32m4.978088e-02[39m
     57 Linear |R| = [32m3.584249e-02[39m
     58 Linear |R| = [32m2.524250e-02[39m
     59 Linear |R| = [32m1.735842e-02[39m
     60 Linear |R| = [32m1.258416e-02[39m
     61 Linear |R| = [32m1.040788e-02[39m
     62 Linear |R| = [32m8.258341e-03[39m
 2 Nonlinear |R| = [33m9.688403e+02[39m
      0 Linear |R| = [32m9.688403e+02[39m
      1 Linear |R| = [32m8.969574e+02[39m
      2 Linear |R| = [32m7.663604e+02[39m
      3 Linear |R| = [32m7.191759e+02[39m
      4 Linear |R| = [33m6.916387e+02[39m
      5 Linear |R| = [33m6.768645e+02[39m
      6 Linear |R| = [33m6.685016e+02[39m
      7 Linear |R| = [33m6.632795e+02[39m
      8 Linear |R| = [33m6.522357e+02[39m
      9 Linear |R| = [33m6.427707e+02[39m
     10 Linear |R| = [33m6.371044e+02[39m
     11 Linear |R| = [33m6.254376e+02[39m
     12 Linear |R| = [33m6.006523e+02[39m
     13 Linear |R| = [32m5.321418e+02[39m
     14 Linear |R| = [32m4.503493e+02[39m
     15 Linear |R| = [32m3.761947e+02[39m
     16 Linear |R| = [32m3.094108e+02[39m
     17 Linear |R| = [32m2.333532e+02[39m
     18 Linear |R| = [32m1.682083e+02[39m
     19 Linear |R| = [32m1.292774e+02[39m
     20 Linear |R| = [32m1.008789e+02[39m
     21 Linear |R| = [32m7.359270e+01[39m
     22 Linear |R| = [32m5.123288e+01[39m
     23 Linear |R| = [32m3.508435e+01[39m
     24 Linear |R| = [32m2.400573e+01[39m
     25 Linear |R| = [32m1.655145e+01[39m
     26 Linear |R| = [32m1.063490e+01[39m
     27 Linear |R| = [32m6.740900e+00[39m
     28 Linear |R| = [32m4.229850e+00[39m
     29 Linear |R| = [32m2.701967e+00[39m
     30 Linear |R| = [33m2.585616e+00[39m
     31 Linear |R| = [32m1.557057e+00[39m
     32 Linear |R| = [32m1.184756e+00[39m
     33 Linear |R| = [32m7.888104e-01[39m
     34 Linear |R| = [32m5.128711e-01[39m
     35 Linear |R| = [32m3.818694e-01[39m
     36 Linear |R| = [32m2.890438e-01[39m
     37 Linear |R| = [32m2.277144e-01[39m
     38 Linear |R| = [32m1.975203e-01[39m
     39 Linear |R| = [32m1.761661e-01[39m
     40 Linear |R| = [32m1.626349e-01[39m
     41 Linear |R| = [33m1.552542e-01[39m
     42 Linear |R| = [33m1.507831e-01[39m
     43 Linear |R| = [33m1.456821e-01[39m
     44 Linear |R| = [33m1.420613e-01[39m
     45 Linear |R| = [33m1.376737e-01[39m
     46 Linear |R| = [33m1.365703e-01[39m
     47 Linear |R| = [33m1.360661e-01[39m
     48 Linear |R| = [33m1.352163e-01[39m
     49 Linear |R| = [33m1.334652e-01[39m
     50 Linear |R| = [33m1.312875e-01[39m
     51 Linear |R| = [33m1.278549e-01[39m
     52 Linear |R| = [32m1.157973e-01[39m
     53 Linear |R| = [32m1.026987e-01[39m
     54 Linear |R| = [32m8.676852e-02[39m
     55 Linear |R| = [32m7.296403e-02[39m
     56 Linear |R| = [32m5.944890e-02[39m
     57 Linear |R| = [32m4.692192e-02[39m
     58 Linear |R| = [32m3.485732e-02[39m
     59 Linear |R| = [32m2.521752e-02[39m
     60 Linear |R| = [32m1.776071e-02[39m
     61 Linear |R| = [32m1.426760e-02[39m
     62 Linear |R| = [32m1.129608e-02[39m
     63 Linear |R| = [32m9.033732e-03[39m
 3 Nonlinear |R| = [33m9.677075e+02[39m
      0 Linear |R| = [32m9.677075e+02[39m
      1 Linear |R| = [32m8.938167e+02[39m
      2 Linear |R| = [32m7.670612e+02[39m
      3 Linear |R| = [32m7.116467e+02[39m
      4 Linear |R| = [33m6.845097e+02[39m
      5 Linear |R| = [33m6.736219e+02[39m
      6 Linear |R| = [33m6.669995e+02[39m
      7 Linear |R| = [33m6.592477e+02[39m
      8 Linear |R| = [33m6.413290e+02[39m
      9 Linear |R| = [33m6.309404e+02[39m
     10 Linear |R| = [33m6.266582e+02[39m
     11 Linear |R| = [33m6.129552e+02[39m
     12 Linear |R| = [32m5.782733e+02[39m
     13 Linear |R| = [32m5.073680e+02[39m
     14 Linear |R| = [32m4.267139e+02[39m
     15 Linear |R| = [32m3.519298e+02[39m
     16 Linear |R| = [32m2.812538e+02[39m
     17 Linear |R| = [32m2.092224e+02[39m
     18 Linear |R| = [32m1.523093e+02[39m
     19 Linear |R| = [32m1.207190e+02[39m
     20 Linear |R| = [32m9.403067e+01[39m
     21 Linear |R| = [32m6.706414e+01[39m
     22 Linear |R| = [32m4.686285e+01[39m
     23 Linear |R| = [32m3.241346e+01[39m
     24 Linear |R| = [32m2.321632e+01[39m
     25 Linear |R| = [32m1.594972e+01[39m
     26 Linear |R| = [32m1.015143e+01[39m
     27 Linear |R| = [32m6.492316e+00[39m
     28 Linear |R| = [32m4.121197e+00[39m
     29 Linear |R| = [32m2.762114e+00[39m
     30 Linear |R| = [31m2.885375e+00[39m
     31 Linear |R| = [32m1.583501e+00[39m
     32 Linear |R| = [32m1.248030e+00[39m
     33 Linear |R| = [32m8.522832e-01[39m
     34 Linear |R| = [32m5.772614e-01[39m
     35 Linear |R| = [32m4.414402e-01[39m
     36 Linear |R| = [32m3.384599e-01[39m
     37 Linear |R| = [32m2.672814e-01[39m
     38 Linear |R| = [32m2.273035e-01[39m
     39 Linear |R| = [32m1.983324e-01[39m
     40 Linear |R| = [32m1.773603e-01[39m
     41 Linear |R| = [32m1.621699e-01[39m
     42 Linear |R| = [32m1.514195e-01[39m
     43 Linear |R| = [32m1.426093e-01[39m
     44 Linear |R| = [33m1.373928e-01[39m
     45 Linear |R| = [33m1.325158e-01[39m
     46 Linear |R| = [33m1.312453e-01[39m
     47 Linear |R| = [33m1.304108e-01[39m
     48 Linear |R| = [33m1.297185e-01[39m
     49 Linear |R| = [33m1.283685e-01[39m
     50 Linear |R| = [33m1.264001e-01[39m
     51 Linear |R| = [33m1.230139e-01[39m
     52 Linear |R| = [32m1.122226e-01[39m
     53 Linear |R| = [32m9.923079e-02[39m
     54 Linear |R| = [32m8.299647e-02[39m
     55 Linear |R| = [32m6.730136e-02[39m
     56 Linear |R| = [32m5.283077e-02[39m
     57 Linear |R| = [32m4.270336e-02[39m
     58 Linear |R| = [32m3.301746e-02[39m
     59 Linear |R| = [32m2.433901e-02[39m
     60 Linear |R| = [32m1.633956e-02[39m
     61 Linear |R| = [32m1.285390e-02[39m
     62 Linear |R| = [32m1.023309e-02[39m
     63 Linear |R| = [32m8.312860e-03[39m
 4 Nonlinear |R| = [33m9.665556e+02[39m
      0 Linear |R| = [32m9.665556e+02[39m
      1 Linear |R| = [32m8.914752e+02[39m
      2 Linear |R| = [32m7.661646e+02[39m
      3 Linear |R| = [32m7.011082e+02[39m
      4 Linear |R| = [33m6.770155e+02[39m
      5 Linear |R| = [33m6.702124e+02[39m
      6 Linear |R| = [33m6.651314e+02[39m
      7 Linear |R| = [33m6.525615e+02[39m
      8 Linear |R| = [33m6.267684e+02[39m
      9 Linear |R| = [33m6.170471e+02[39m
     10 Linear |R| = [33m6.130523e+02[39m
     11 Linear |R| = [33m5.910676e+02[39m
     12 Linear |R| = [32m5.478042e+02[39m
     13 Linear |R| = [32m4.837191e+02[39m
     14 Linear |R| = [32m4.052756e+02[39m
     15 Linear |R| = [32m3.223002e+02[39m
     16 Linear |R| = [32m2.467047e+02[39m
     17 Linear |R| = [32m1.820527e+02[39m
     18 Linear |R| = [32m1.350236e+02[39m
     19 Linear |R| = [32m1.100517e+02[39m
     20 Linear |R| = [32m8.576573e+01[39m
     21 Linear |R| = [32m6.059498e+01[39m
     22 Linear |R| = [32m4.127651e+01[39m
     23 Linear |R| = [32m2.825043e+01[39m
     24 Linear |R| = [32m2.033542e+01[39m
     25 Linear |R| = [32m1.383748e+01[39m
     26 Linear |R| = [32m9.042836e+00[39m
     27 Linear |R| = [32m5.851822e+00[39m
     28 Linear |R| = [32m3.875610e+00[39m
     29 Linear |R| = [32m2.595696e+00[39m
     30 Linear |R| = [31m3.215653e+00[39m
     31 Linear |R| = [32m1.495879e+00[39m
     32 Linear |R| = [32m1.189651e+00[39m
     33 Linear |R| = [32m8.248981e-01[39m
     34 Linear |R| = [32m5.513915e-01[39m
     35 Linear |R| = [32m4.151919e-01[39m
     36 Linear |R| = [32m3.079588e-01[39m
     37 Linear |R| = [32m2.303126e-01[39m
     38 Linear |R| = [32m1.877413e-01[39m
     39 Linear |R| = [32m1.587150e-01[39m
     40 Linear |R| = [32m1.388189e-01[39m
     41 Linear |R| = [32m1.227645e-01[39m
     42 Linear |R| = [32m1.117178e-01[39m
     43 Linear |R| = [32m1.032709e-01[39m
     44 Linear |R| = [32m9.700976e-02[39m
     45 Linear |R| = [32m9.134299e-02[39m
     46 Linear |R| = [33m8.960998e-02[39m
     47 Linear |R| = [33m8.851290e-02[39m
     48 Linear |R| = [33m8.792779e-02[39m
     49 Linear |R| = [33m8.703588e-02[39m
     50 Linear |R| = [33m8.620606e-02[39m
     51 Linear |R| = [33m8.405532e-02[39m
     52 Linear |R| = [32m7.869315e-02[39m
     53 Linear |R| = [32m7.216365e-02[39m
     54 Linear |R| = [32m6.192276e-02[39m
     55 Linear |R| = [32m4.911119e-02[39m
     56 Linear |R| = [32m3.774302e-02[39m
     57 Linear |R| = [32m3.050248e-02[39m
     58 Linear |R| = [32m2.434972e-02[39m
     59 Linear |R| = [32m1.849064e-02[39m
     60 Linear |R| = [32m1.245127e-02[39m
     61 Linear |R| = [32m9.812967e-03[39m
     62 Linear |R| = [32m7.976345e-03[39m
 5 Nonlinear |R| = [33m9.582448e+02[39m
      0 Linear |R| = [32m9.582448e+02[39m
      1 Linear |R| = [32m7.561692e+02[39m
      2 Linear |R| = [32m6.169387e+02[39m
      3 Linear |R| = [32m5.310975e+02[39m
      4 Linear |R| = [32m4.908698e+02[39m
      5 Linear |R| = [32m4.536764e+02[39m
      6 Linear |R| = [32m3.816387e+02[39m
      7 Linear |R| = [32m3.068083e+02[39m
      8 Linear |R| = [32m2.541639e+02[39m
      9 Linear |R| = [32m2.131177e+02[39m
     10 Linear |R| = [32m1.690482e+02[39m
     11 Linear |R| = [32m1.210273e+02[39m
     12 Linear |R| = [32m9.148202e+01[39m
     13 Linear |R| = [32m6.572636e+01[39m
     14 Linear |R| = [32m4.593605e+01[39m
     15 Linear |R| = [32m3.082474e+01[39m
     16 Linear |R| = [32m2.120762e+01[39m
     17 Linear |R| = [32m1.494012e+01[39m
     18 Linear |R| = [32m1.087900e+01[39m
     19 Linear |R| = [32m8.755428e+00[39m
     20 Linear |R| = [32m6.837361e+00[39m
     21 Linear |R| = [32m5.117508e+00[39m
     22 Linear |R| = [32m3.446717e+00[39m
     23 Linear |R| = [32m2.213041e+00[39m
     24 Linear |R| = [32m1.515949e+00[39m
     25 Linear |R| = [32m1.045441e+00[39m
     26 Linear |R| = [32m6.961020e-01[39m
     27 Linear |R| = [32m4.600196e-01[39m
     28 Linear |R| = [32m3.030534e-01[39m
     29 Linear |R| = [32m1.994055e-01[39m
     30 Linear |R| = [31m2.034116e-01[39m
     31 Linear |R| = [32m1.182471e-01[39m
     32 Linear |R| = [32m9.000980e-02[39m
     33 Linear |R| = [32m6.376213e-02[39m
     34 Linear |R| = [32m4.273123e-02[39m
     35 Linear |R| = [32m2.850369e-02[39m
     36 Linear |R| = [32m1.984158e-02[39m
     37 Linear |R| = [32m1.390550e-02[39m
     38 Linear |R| = [32m1.028449e-02[39m
     39 Linear |R| = [32m7.893460e-03[39m
 6 Nonlinear |R| = [32m8.716809e+02[39m
      0 Linear |R| = [32m8.716809e+02[39m
      1 Linear |R| = [32m2.369220e+02[39m
      2 Linear |R| = [32m7.936795e+01[39m
      3 Linear |R| = [32m4.294255e+01[39m
      4 Linear |R| = [32m2.533822e+01[39m
      5 Linear |R| = [32m1.782040e+01[39m
      6 Linear |R| = [32m1.263282e+01[39m
      7 Linear |R| = [32m9.933881e+00[39m
      8 Linear |R| = [32m7.696545e+00[39m
      9 Linear |R| = [32m5.471165e+00[39m
     10 Linear |R| = [32m3.707448e+00[39m
     11 Linear |R| = [32m2.538607e+00[39m
     12 Linear |R| = [32m1.763767e+00[39m
     13 Linear |R| = [32m1.188174e+00[39m
     14 Linear |R| = [32m8.387697e-01[39m
     15 Linear |R| = [32m5.990360e-01[39m
     16 Linear |R| = [32m4.166417e-01[39m
     17 Linear |R| = [32m3.181868e-01[39m
     18 Linear |R| = [32m2.570648e-01[39m
     19 Linear |R| = [32m2.165247e-01[39m
     20 Linear |R| = [32m1.704236e-01[39m
     21 Linear |R| = [32m1.226827e-01[39m
     22 Linear |R| = [32m8.197545e-02[39m
     23 Linear |R| = [32m5.497114e-02[39m
     24 Linear |R| = [32m3.654366e-02[39m
     25 Linear |R| = [32m2.442408e-02[39m
     26 Linear |R| = [32m1.631954e-02[39m
     27 Linear |R| = [32m1.058521e-02[39m
     28 Linear |R| = [32m7.045902e-03[39m
 7 Nonlinear |R| = [32m4.567486e+01[39m
      0 Linear |R| = [32m4.567486e+01[39m
      1 Linear |R| = [32m1.474802e+01[39m
      2 Linear |R| = [32m6.691292e+00[39m
      3 Linear |R| = [32m4.153403e+00[39m
      4 Linear |R| = [32m2.776488e+00[39m
      5 Linear |R| = [32m2.028836e+00[39m
      6 Linear |R| = [32m1.484376e+00[39m
      7 Linear |R| = [32m1.059917e+00[39m
      8 Linear |R| = [32m7.181538e-01[39m
      9 Linear |R| = [32m4.755684e-01[39m
     10 Linear |R| = [32m3.370111e-01[39m
     11 Linear |R| = [32m2.469908e-01[39m
     12 Linear |R| = [32m1.880589e-01[39m
     13 Linear |R| = [32m1.367562e-01[39m
     14 Linear |R| = [32m9.248648e-02[39m
     15 Linear |R| = [32m6.613371e-02[39m
     16 Linear |R| = [32m4.959717e-02[39m
     17 Linear |R| = [32m4.081375e-02[39m
     18 Linear |R| = [32m3.325073e-02[39m
     19 Linear |R| = [32m2.569046e-02[39m
     20 Linear |R| = [32m1.746970e-02[39m
     21 Linear |R| = [32m1.194616e-02[39m
     22 Linear |R| = [32m8.108812e-03[39m
     23 Linear |R| = [32m5.667122e-03[39m
     24 Linear |R| = [32m3.996267e-03[39m
     25 Linear |R| = [32m2.829969e-03[39m
     26 Linear |R| = [32m1.996616e-03[39m
     27 Linear |R| = [32m1.372226e-03[39m
     28 Linear |R| = [32m8.868229e-04[39m
     29 Linear |R| = [32m5.174816e-04[39m
     30 Linear |R| = [32m3.154100e-04[39m
 8 Nonlinear |R| = [32m3.982429e+00[39m
      0 Linear |R| = [32m3.982429e+00[39m
      1 Linear |R| = [32m1.745941e+00[39m
      2 Linear |R| = [32m8.682816e-01[39m
      3 Linear |R| = [32m5.031317e-01[39m
      4 Linear |R| = [32m3.101851e-01[39m
      5 Linear |R| = [32m2.052581e-01[39m
      6 Linear |R| = [32m1.423685e-01[39m
      7 Linear |R| = [32m9.961736e-02[39m
      8 Linear |R| = [32m6.588062e-02[39m
      9 Linear |R| = [32m4.319416e-02[39m
     10 Linear |R| = [32m2.901837e-02[39m
     11 Linear |R| = [32m2.109392e-02[39m
     12 Linear |R| = [32m1.663897e-02[39m
     13 Linear |R| = [32m1.338810e-02[39m
     14 Linear |R| = [32m1.012171e-02[39m
     15 Linear |R| = [32m7.548260e-03[39m
     16 Linear |R| = [32m5.482849e-03[39m
     17 Linear |R| = [32m4.034494e-03[39m
     18 Linear |R| = [32m3.082860e-03[39m
     19 Linear |R| = [32m2.393290e-03[39m
     20 Linear |R| = [32m1.800573e-03[39m
     21 Linear |R| = [32m1.308372e-03[39m
     22 Linear |R| = [32m9.039352e-04[39m
     23 Linear |R| = [32m6.300228e-04[39m
     24 Linear |R| = [32m4.237209e-04[39m
     25 Linear |R| = [32m2.757040e-04[39m
     26 Linear |R| = [32m1.963520e-04[39m
     27 Linear |R| = [32m1.406233e-04[39m
     28 Linear |R| = [32m9.840836e-05[39m
     29 Linear |R| = [32m6.436318e-05[39m
     30 Linear |R| = [31m2.007197e-03[39m
     31 Linear |R| = [32m6.827990e-04[39m
     32 Linear |R| = [32m3.022223e-04[39m
     33 Linear |R| = [32m1.545190e-04[39m
     34 Linear |R| = [32m1.062170e-04[39m
     35 Linear |R| = [32m7.881352e-05[39m
     36 Linear |R| = [32m5.586261e-05[39m
     37 Linear |R| = [32m3.669357e-05[39m
 9 Nonlinear |R| = [32m2.339409e-01[39m
      0 Linear |R| = [32m2.339409e-01[39m
      1 Linear |R| = [32m8.025342e-02[39m
      2 Linear |R| = [32m3.550729e-02[39m
      3 Linear |R| = [32m1.812570e-02[39m
      4 Linear |R| = [32m1.236100e-02[39m
      5 Linear |R| = [32m9.030881e-03[39m
      6 Linear |R| = [32m6.320344e-03[39m
      7 Linear |R| = [32m4.187279e-03[39m
      8 Linear |R| = [32m2.697171e-03[39m
      9 Linear |R| = [32m1.710287e-03[39m
     10 Linear |R| = [32m1.140736e-03[39m
     11 Linear |R| = [32m8.345451e-04[39m
     12 Linear |R| = [32m6.329946e-04[39m
     13 Linear |R| = [32m4.968672e-04[39m
     14 Linear |R| = [32m3.641097e-04[39m
     15 Linear |R| = [32m2.672671e-04[39m
     16 Linear |R| = [32m1.987015e-04[39m
     17 Linear |R| = [32m1.485513e-04[39m
     18 Linear |R| = [32m1.136058e-04[39m
     19 Linear |R| = [32m8.906161e-05[39m
     20 Linear |R| = [32m6.743093e-05[39m
     21 Linear |R| = [32m4.893770e-05[39m
     22 Linear |R| = [32m3.477856e-05[39m
     23 Linear |R| = [32m2.389339e-05[39m
     24 Linear |R| = [32m1.588918e-05[39m
     25 Linear |R| = [32m1.014357e-05[39m
     26 Linear |R| = [32m7.169152e-06[39m
     27 Linear |R| = [32m5.216070e-06[39m
     28 Linear |R| = [32m3.771062e-06[39m
     29 Linear |R| = [32m2.509246e-06[39m
     30 Linear |R| = [32m1.560987e-06[39m
10 Nonlinear |R| = [32m1.584561e-05[39m
[32m Solve Converged![39m
  Finished Solving                                                                       [[33m 15.99 s[39m] [[33m  186 MB[39m]

Postprocessor Values:
+----------------+----------------------+------------------+----------------+----------------+
| time           | compressive_strength | reaction_force_z | top_disp_z     | vonmises_max   |
+----------------+----------------------+------------------+----------------+----------------+
:                :                      :                  :                :                :
|   2.000000e-01 |        -1.633550e+06 |     2.566036e-08 |  -4.000000e-04 |   3.500000e+06 |
|   2.500000e-01 |        -1.873257e+06 |    -3.348939e-08 |  -5.000000e-04 |   3.500000e+06 |
|   3.000000e-01 |        -1.989241e+06 |     1.617896e-05 |  -6.000000e-04 |   3.500000e+06 |
|   3.500000e-01 |        -2.074472e+06 |     1.841035e-05 |  -7.000000e-04 |   3.500000e+06 |
|   4.000000e-01 |        -2.140895e+06 |    -2.593809e-05 |  -8.000000e-04 |   3.500000e+06 |
|   4.500000e-01 |        -2.211821e+06 |     6.395530e-06 |  -9.000000e-04 |   3.500000e+06 |
|   5.000000e-01 |        -2.240924e+06 |    -6.762630e-06 |  -1.000000e-03 |   3.500000e+06 |
|   5.500000e-01 |        -2.262734e+06 |     1.050951e-06 |  -1.100000e-03 |   3.500000e+06 |
|   6.000000e-01 |        -2.283478e+06 |    -1.252252e-08 |  -1.200000e-03 |   3.500000e+06 |
|   6.500000e-01 |        -2.300340e+06 |     1.124002e-06 |  -1.300000e-03 |   3.500000e+06 |
|   7.000000e-01 |        -2.314357e+06 |     6.160927e-05 |  -1.400000e-03 |   3.500000e+06 |
|   7.500000e-01 |        -2.328661e+06 |     3.730318e-05 |  -1.500000e-03 |   3.500000e+06 |
|   8.000000e-01 |        -2.340071e+06 |     1.076304e-06 |  -1.600000e-03 |   3.500000e+06 |
|   8.500000e-01 |        -2.341487e+06 |     1.097861e-05 |  -1.700000e-03 |   3.500000e+06 |
|   9.000000e-01 |        -2.342733e+06 |    -6.761284e-06 |  -1.800000e-03 |   3.500000e+06 |
+----------------+----------------------+------------------+----------------+----------------+


Time Step 19, time = 0.95, dt = 0.05
 0 Nonlinear |R| = [32m1.057270e+03[39m
      0 Linear |R| = [32m1.057270e+03[39m
      1 Linear |R| = [32m9.666741e+02[39m
      2 Linear |R| = [32m7.202318e+02[39m
      3 Linear |R| = [32m6.134817e+02[39m
      4 Linear |R| = [32m5.588340e+02[39m
      5 Linear |R| = [32m4.860158e+02[39m
      6 Linear |R| = [32m3.615118e+02[39m
      7 Linear |R| = [32m2.399757e+02[39m
      8 Linear |R| = [32m1.474129e+02[39m
      9 Linear |R| = [32m8.889780e+01[39m
     10 Linear |R| = [32m5.065372e+01[39m
     11 Linear |R| = [32m2.795798e+01[39m
     12 Linear |R| = [32m1.566300e+01[39m
     13 Linear |R| = [32m9.318803e+00[39m
     14 Linear |R| = [32m5.545954e+00[39m
     15 Linear |R| = [32m3.301424e+00[39m
     16 Linear |R| = [32m1.988543e+00[39m
     17 Linear |R| = [32m1.123478e+00[39m
     18 Linear |R| = [32m6.003567e-01[39m
     19 Linear |R| = [32m3.282724e-01[39m
     20 Linear |R| = [32m2.026478e-01[39m
     21 Linear |R| = [32m1.332566e-01[39m
     22 Linear |R| = [32m9.266993e-02[39m
     23 Linear |R| = [32m6.702994e-02[39m
     24 Linear |R| = [32m5.063505e-02[39m
     25 Linear |R| = [32m3.605217e-02[39m
     26 Linear |R| = [32m2.542456e-02[39m
     27 Linear |R| = [32m1.822350e-02[39m
     28 Linear |R| = [32m1.206763e-02[39m
     29 Linear |R| = [32m7.320201e-03[39m
 1 Nonlinear |R| = [32m9.693804e+02[39m
      0 Linear |R| = [32m9.693804e+02[39m
      1 Linear |R| = [32m8.979792e+02[39m
      2 Linear |R| = [32m7.622573e+02[39m
      3 Linear |R| = [32m7.204109e+02[39m
      4 Linear |R| = [33m6.953772e+02[39m
      5 Linear |R| = [33m6.781948e+02[39m
      6 Linear |R| = [33m6.684679e+02[39m
      7 Linear |R| = [33m6.642848e+02[39m
      8 Linear |R| = [33m6.562124e+02[39m
      9 Linear |R| = [33m6.477600e+02[39m
     10 Linear |R| = [33m6.410173e+02[39m
     11 Linear |R| = [33m6.293690e+02[39m
     12 Linear |R| = [33m6.141846e+02[39m
     13 Linear |R| = [32m5.661289e+02[39m
     14 Linear |R| = [32m4.909944e+02[39m
     15 Linear |R| = [32m4.143314e+02[39m
     16 Linear |R| = [32m3.468099e+02[39m
     17 Linear |R| = [32m2.693326e+02[39m
     18 Linear |R| = [32m1.969354e+02[39m
     19 Linear |R| = [32m1.521669e+02[39m
     20 Linear |R| = [32m1.176491e+02[39m
     21 Linear |R| = [32m8.892140e+01[39m
     22 Linear |R| = [32m6.220395e+01[39m
     23 Linear |R| = [32m4.298084e+01[39m
     24 Linear |R| = [32m2.920992e+01[39m
     25 Linear |R| = [32m1.982398e+01[39m
     26 Linear |R| = [32m1.309433e+01[39m
     27 Linear |R| = [32m8.461821e+00[39m
     28 Linear |R| = [32m5.470981e+00[39m
     29 Linear |R| = [32m3.378258e+00[39m
     30 Linear |R| = [32m2.645729e+00[39m
     31 Linear |R| = [32m1.710530e+00[39m
     32 Linear |R| = [32m1.218601e+00[39m
     33 Linear |R| = [32m8.052938e-01[39m
     34 Linear |R| = [32m5.244288e-01[39m
     35 Linear |R| = [32m3.814300e-01[39m
     36 Linear |R| = [32m2.895751e-01[39m
     37 Linear |R| = [32m2.261975e-01[39m
     38 Linear |R| = [32m1.977880e-01[39m
     39 Linear |R| = [32m1.768495e-01[39m
     40 Linear |R| = [32m1.648547e-01[39m
     41 Linear |R| = [33m1.592650e-01[39m
     42 Linear |R| = [33m1.565752e-01[39m
     43 Linear |R| = [33m1.533868e-01[39m
     44 Linear |R| = [33m1.507249e-01[39m
     45 Linear |R| = [33m1.469809e-01[39m
     46 Linear |R| = [33m1.450465e-01[39m
     47 Linear |R| = [33m1.447435e-01[39m
     48 Linear |R| = [33m1.439498e-01[39m
     49 Linear |R| = [33m1.420571e-01[39m
     50 Linear |R| = [33m1.399078e-01[39m
     51 Linear |R| = [33m1.369567e-01[39m
     52 Linear |R| = [32m1.282921e-01[39m
     53 Linear |R| = [32m1.128733e-01[39m
     54 Linear |R| = [32m9.271224e-02[39m
     55 Linear |R| = [32m7.195549e-02[39m
     56 Linear |R| = [32m5.634910e-02[39m
     57 Linear |R| = [32m4.030889e-02[39m
     58 Linear |R| = [32m2.817027e-02[39m
     59 Linear |R| = [32m1.935736e-02[39m
     60 Linear |R| = [32m1.376764e-02[39m
     61 Linear |R| = [32m1.122599e-02[39m
     62 Linear |R| = [32m8.602965e-03[39m
 2 Nonlinear |R| = [33m9.682622e+02[39m
      0 Linear |R| = [32m9.682622e+02[39m
      1 Linear |R| = [32m8.945992e+02[39m
      2 Linear |R| = [32m7.633836e+02[39m
      3 Linear |R| = [32m7.156581e+02[39m
      4 Linear |R| = [33m6.884539e+02[39m
      5 Linear |R| = [33m6.739166e+02[39m
      6 Linear |R| = [33m6.655327e+02[39m
      7 Linear |R| = [33m6.605103e+02[39m
      8 Linear |R| = [33m6.490761e+02[39m
      9 Linear |R| = [33m6.390263e+02[39m
     10 Linear |R| = [33m6.333619e+02[39m
     11 Linear |R| = [33m6.214472e+02[39m
     12 Linear |R| = [33m6.004627e+02[39m
     13 Linear |R| = [32m5.428016e+02[39m
     14 Linear |R| = [32m4.654308e+02[39m
     15 Linear |R| = [32m3.929069e+02[39m
     16 Linear |R| = [32m3.258900e+02[39m
     17 Linear |R| = [32m2.468456e+02[39m
     18 Linear |R| = [32m1.781703e+02[39m
     19 Linear |R| = [32m1.392892e+02[39m
     20 Linear |R| = [32m1.106263e+02[39m
     21 Linear |R| = [32m8.107818e+01[39m
     22 Linear |R| = [32m5.771794e+01[39m
     23 Linear |R| = [32m4.070562e+01[39m
     24 Linear |R| = [32m2.868801e+01[39m
     25 Linear |R| = [32m2.003282e+01[39m
     26 Linear |R| = [32m1.284257e+01[39m
     27 Linear |R| = [32m8.210622e+00[39m
     28 Linear |R| = [32m5.211071e+00[39m
     29 Linear |R| = [32m3.290560e+00[39m
     30 Linear |R| = [32m2.859886e+00[39m
     31 Linear |R| = [32m1.798217e+00[39m
     32 Linear |R| = [32m1.352496e+00[39m
     33 Linear |R| = [32m8.780369e-01[39m
     34 Linear |R| = [32m5.667503e-01[39m
     35 Linear |R| = [32m4.134475e-01[39m
     36 Linear |R| = [32m3.067182e-01[39m
     37 Linear |R| = [32m2.368248e-01[39m
     38 Linear |R| = [32m2.022991e-01[39m
     39 Linear |R| = [32m1.779694e-01[39m
     40 Linear |R| = [32m1.629132e-01[39m
     41 Linear |R| = [33m1.550874e-01[39m
     42 Linear |R| = [33m1.509662e-01[39m
     43 Linear |R| = [33m1.462186e-01[39m
     44 Linear |R| = [33m1.429791e-01[39m
     45 Linear |R| = [33m1.390270e-01[39m
     46 Linear |R| = [33m1.373971e-01[39m
     47 Linear |R| = [33m1.368151e-01[39m
     48 Linear |R| = [33m1.357429e-01[39m
     49 Linear |R| = [33m1.339456e-01[39m
     50 Linear |R| = [33m1.323199e-01[39m
     51 Linear |R| = [33m1.301266e-01[39m
     52 Linear |R| = [32m1.212520e-01[39m
     53 Linear |R| = [32m1.083198e-01[39m
     54 Linear |R| = [32m9.078786e-02[39m
     55 Linear |R| = [32m7.463973e-02[39m
     56 Linear |R| = [32m6.030827e-02[39m
     57 Linear |R| = [32m4.710942e-02[39m
     58 Linear |R| = [32m3.523666e-02[39m
     59 Linear |R| = [32m2.596189e-02[39m
     60 Linear |R| = [32m2.277658e-02[39m
     61 Linear |R| = [32m1.625305e-02[39m
     62 Linear |R| = [32m1.326629e-02[39m
     63 Linear |R| = [32m1.097353e-02[39m
     64 Linear |R| = [32m8.846827e-03[39m
 3 Nonlinear |R| = [33m9.671253e+02[39m
      0 Linear |R| = [32m9.671253e+02[39m
      1 Linear |R| = [32m8.914187e+02[39m
      2 Linear |R| = [32m7.642527e+02[39m
      3 Linear |R| = [32m7.081862e+02[39m
      4 Linear |R| = [33m6.811588e+02[39m
      5 Linear |R| = [33m6.702857e+02[39m
      6 Linear |R| = [33m6.635829e+02[39m
      7 Linear |R| = [33m6.560961e+02[39m
      8 Linear |R| = [33m6.378522e+02[39m
      9 Linear |R| = [33m6.273332e+02[39m
     10 Linear |R| = [33m6.230216e+02[39m
     11 Linear |R| = [33m6.083112e+02[39m
     12 Linear |R| = [33m5.779680e+02[39m
     13 Linear |R| = [32m5.168449e+02[39m
     14 Linear |R| = [32m4.401321e+02[39m
     15 Linear |R| = [32m3.667455e+02[39m
     16 Linear |R| = [32m2.959296e+02[39m
     17 Linear |R| = [32m2.213142e+02[39m
     18 Linear |R| = [32m1.609705e+02[39m
     19 Linear |R| = [32m1.291009e+02[39m
     20 Linear |R| = [32m1.023915e+02[39m
     21 Linear |R| = [32m7.323288e+01[39m
     22 Linear |R| = [32m5.241185e+01[39m
     23 Linear |R| = [32m3.735638e+01[39m
     24 Linear |R| = [32m2.751243e+01[39m
     25 Linear |R| = [32m1.911274e+01[39m
     26 Linear |R| = [32m1.217915e+01[39m
     27 Linear |R| = [32m7.814162e+00[39m
     28 Linear |R| = [32m4.985024e+00[39m
     29 Linear |R| = [32m3.282437e+00[39m
    Linear solve did not converge due to DIVERGED_BREAKDOWN iterations 30
 4 Nonlinear |R| = [33m9.659649e+02[39m
      0 Linear |R| = [32m9.659649e+02[39m
      1 Linear |R| = [32m8.891299e+02[39m
      2 Linear |R| = [32m7.632293e+02[39m
      3 Linear |R| = [32m6.972283e+02[39m
      4 Linear |R| = [33m6.730882e+02[39m
      5 Linear |R| = [33m6.660698e+02[39m
      6 Linear |R| = [33m6.605861e+02[39m
      7 Linear |R| = [33m6.480728e+02[39m
      8 Linear |R| = [33m6.227756e+02[39m
      9 Linear |R| = [33m6.136866e+02[39m
     10 Linear |R| = [33m6.098089e+02[39m
     11 Linear |R| = [33m5.858094e+02[39m
     12 Linear |R| = [32m5.459327e+02[39m
     13 Linear |R| = [32m4.877373e+02[39m
     14 Linear |R| = [32m4.119780e+02[39m
     15 Linear |R| = [32m3.309629e+02[39m
     16 Linear |R| = [32m2.569964e+02[39m
     17 Linear |R| = [32m1.910679e+02[39m
     18 Linear |R| = [32m1.410854e+02[39m
     19 Linear |R| = [32m1.154341e+02[39m
     20 Linear |R| = [32m9.133861e+01[39m
     21 Linear |R| = [32m6.485868e+01[39m
     22 Linear |R| = [32m4.565643e+01[39m
     23 Linear |R| = [32m3.232973e+01[39m
     24 Linear |R| = [32m2.406219e+01[39m
     25 Linear |R| = [32m1.677904e+01[39m
     26 Linear |R| = [32m1.099326e+01[39m
     27 Linear |R| = [32m7.086318e+00[39m
     28 Linear |R| = [32m4.639219e+00[39m
     29 Linear |R| = [32m3.030791e+00[39m
     30 Linear |R| = [31m3.387387e+00[39m
     31 Linear |R| = [32m1.665576e+00[39m
     32 Linear |R| = [32m1.317207e+00[39m
     33 Linear |R| = [32m8.730312e-01[39m
     34 Linear |R| = [32m5.611957e-01[39m
     35 Linear |R| = [32m3.979396e-01[39m
     36 Linear |R| = [32m2.744105e-01[39m
     37 Linear |R| = [32m1.874061e-01[39m
     38 Linear |R| = [32m1.400582e-01[39m
     39 Linear |R| = [32m1.113475e-01[39m
     40 Linear |R| = [32m9.403713e-02[39m
     41 Linear |R| = [32m8.277197e-02[39m
     42 Linear |R| = [32m7.699332e-02[39m
     43 Linear |R| = [33m7.389820e-02[39m
     44 Linear |R| = [33m7.214653e-02[39m
     45 Linear |R| = [33m6.997281e-02[39m
     46 Linear |R| = [33m6.839590e-02[39m
     47 Linear |R| = [33m6.716544e-02[39m
     48 Linear |R| = [33m6.622888e-02[39m
     49 Linear |R| = [33m6.529883e-02[39m
     50 Linear |R| = [33m6.444860e-02[39m
     51 Linear |R| = [33m6.331846e-02[39m
     52 Linear |R| = [33m6.070794e-02[39m
     53 Linear |R| = [32m5.762151e-02[39m
     54 Linear |R| = [32m5.230765e-02[39m
     55 Linear |R| = [32m4.405025e-02[39m
     56 Linear |R| = [32m3.512910e-02[39m
     57 Linear |R| = [32m2.859722e-02[39m
     58 Linear |R| = [32m2.304080e-02[39m
     59 Linear |R| = [32m1.782900e-02[39m
     60 Linear |R| = [32m1.243038e-02[39m
     61 Linear |R| = [32m1.016661e-02[39m
     62 Linear |R| = [32m8.486663e-03[39m
 5 Nonlinear |R| = [33m9.551981e+02[39m
      0 Linear |R| = [32m9.551981e+02[39m
      1 Linear |R| = [32m7.453531e+02[39m
      2 Linear |R| = [32m6.093992e+02[39m
      3 Linear |R| = [32m5.225253e+02[39m
      4 Linear |R| = [32m4.808890e+02[39m
      5 Linear |R| = [32m4.439373e+02[39m
      6 Linear |R| = [32m3.712054e+02[39m
      7 Linear |R| = [32m2.963690e+02[39m
      8 Linear |R| = [32m2.464850e+02[39m
      9 Linear |R| = [32m2.065689e+02[39m
     10 Linear |R| = [32m1.635907e+02[39m
     11 Linear |R| = [32m1.158398e+02[39m
     12 Linear |R| = [32m8.806304e+01[39m
     13 Linear |R| = [32m6.471790e+01[39m
     14 Linear |R| = [32m4.529939e+01[39m
     15 Linear |R| = [32m3.088095e+01[39m
     16 Linear |R| = [32m2.154030e+01[39m
     17 Linear |R| = [32m1.530344e+01[39m
     18 Linear |R| = [32m1.118843e+01[39m
     19 Linear |R| = [32m8.938133e+00[39m
     20 Linear |R| = [32m7.026296e+00[39m
     21 Linear |R| = [32m5.332708e+00[39m
     22 Linear |R| = [32m3.728496e+00[39m
     23 Linear |R| = [32m2.530720e+00[39m
     24 Linear |R| = [32m1.817752e+00[39m
     25 Linear |R| = [32m1.278748e+00[39m
     26 Linear |R| = [32m8.476273e-01[39m
     27 Linear |R| = [32m5.505334e-01[39m
     28 Linear |R| = [32m3.603535e-01[39m
     29 Linear |R| = [32m2.384053e-01[39m
     30 Linear |R| = [32m2.144575e-01[39m
     31 Linear |R| = [32m1.369269e-01[39m
     32 Linear |R| = [32m1.043443e-01[39m
     33 Linear |R| = [32m7.164970e-02[39m
     34 Linear |R| = [32m4.690447e-02[39m
     35 Linear |R| = [32m3.129688e-02[39m
     36 Linear |R| = [32m2.188533e-02[39m
     37 Linear |R| = [32m1.560985e-02[39m
     38 Linear |R| = [32m1.173847e-02[39m
     39 Linear |R| = [32m9.004475e-03[39m
 6 Nonlinear |R| = [32m7.928298e+02[39m
      0 Linear |R| = [32m7.928298e+02[39m
      1 Linear |R| = [32m2.169398e+02[39m
      2 Linear |R| = [32m7.354707e+01[39m
      3 Linear |R| = [32m4.163415e+01[39m
      4 Linear |R| = [32m2.574421e+01[39m
      5 Linear |R| = [32m1.814571e+01[39m
      6 Linear |R| = [32m1.280102e+01[39m
      7 Linear |R| = [32m1.012626e+01[39m
      8 Linear |R| = [32m7.962253e+00[39m
      9 Linear |R| = [32m5.773208e+00[39m
     10 Linear |R| = [32m4.021170e+00[39m
     11 Linear |R| = [32m2.779417e+00[39m
     12 Linear |R| = [32m1.894034e+00[39m
     13 Linear |R| = [32m1.265868e+00[39m
     14 Linear |R| = [32m9.040725e-01[39m
     15 Linear |R| = [32m6.500414e-01[39m
     16 Linear |R| = [32m4.752876e-01[39m
     17 Linear |R| = [32m3.759584e-01[39m
     18 Linear |R| = [32m3.089240e-01[39m
     19 Linear |R| = [32m2.614728e-01[39m
     20 Linear |R| = [32m2.056828e-01[39m
     21 Linear |R| = [32m1.460914e-01[39m
     22 Linear |R| = [32m9.603926e-02[39m
     23 Linear |R| = [32m6.351931e-02[39m
     24 Linear |R| = [32m4.098831e-02[39m
     25 Linear |R| = [32m2.665191e-02[39m
     26 Linear |R| = [32m1.725629e-02[39m
     27 Linear |R| = [32m1.083231e-02[39m
     28 Linear |R| = [32m7.137898e-03[39m
 7 Nonlinear |R| = [32m3.738837e+01[39m
      0 Linear |R| = [32m3.738837e+01[39m
      1 Linear |R| = [32m1.288724e+01[39m
      2 Linear |R| = [32m6.570210e+00[39m
      3 Linear |R| = [32m4.032707e+00[39m
      4 Linear |R| = [32m2.586890e+00[39m
      5 Linear |R| = [32m1.908058e+00[39m
      6 Linear |R| = [32m1.428837e+00[39m
      7 Linear |R| = [32m1.050720e+00[39m
      8 Linear |R| = [32m6.947600e-01[39m
      9 Linear |R| = [32m4.564098e-01[39m
     10 Linear |R| = [32m3.276202e-01[39m
     11 Linear |R| = [32m2.478368e-01[39m
     12 Linear |R| = [32m1.916891e-01[39m
     13 Linear |R| = [32m1.444315e-01[39m
     14 Linear |R| = [32m9.914774e-02[39m
     15 Linear |R| = [32m7.173280e-02[39m
     16 Linear |R| = [32m5.333202e-02[39m
     17 Linear |R| = [32m4.249123e-02[39m
     18 Linear |R| = [32m3.406373e-02[39m
     19 Linear |R| = [32m2.661199e-02[39m
     20 Linear |R| = [32m1.942854e-02[39m
     21 Linear |R| = [32m1.403822e-02[39m
     22 Linear |R| = [32m9.708396e-03[39m
     23 Linear |R| = [32m6.621000e-03[39m
     24 Linear |R| = [32m4.451663e-03[39m
     25 Linear |R| = [32m3.011353e-03[39m
     26 Linear |R| = [32m2.110497e-03[39m
     27 Linear |R| = [32m1.540670e-03[39m
     28 Linear |R| = [32m1.074977e-03[39m
     29 Linear |R| = [32m6.845280e-04[39m
     30 Linear |R| = [32m4.848803e-04[39m
     31 Linear |R| = [32m3.148092e-04[39m
 8 Nonlinear |R| = [32m3.257802e+00[39m
      0 Linear |R| = [32m3.257802e+00[39m
      1 Linear |R| = [32m1.476419e+00[39m
      2 Linear |R| = [32m7.206782e-01[39m
      3 Linear |R| = [32m4.187340e-01[39m
      4 Linear |R| = [32m2.525587e-01[39m
      5 Linear |R| = [32m1.697976e-01[39m
      6 Linear |R| = [32m1.209279e-01[39m
      7 Linear |R| = [32m8.681800e-02[39m
      8 Linear |R| = [32m6.009672e-02[39m
      9 Linear |R| = [32m4.089375e-02[39m
     10 Linear |R| = [32m2.818744e-02[39m
     11 Linear |R| = [32m2.069789e-02[39m
     12 Linear |R| = [32m1.639030e-02[39m
     13 Linear |R| = [32m1.314875e-02[39m
     14 Linear |R| = [32m1.013127e-02[39m
     15 Linear |R| = [32m7.736582e-03[39m
     16 Linear |R| = [32m5.698230e-03[39m
     17 Linear |R| = [32m4.218037e-03[39m
     18 Linear |R| = [32m3.181990e-03[39m
     19 Linear |R| = [32m2.488530e-03[39m
     20 Linear |R| = [32m1.879819e-03[39m
     21 Linear |R| = [32m1.363100e-03[39m
     22 Linear |R| = [32m9.669433e-04[39m
     23 Linear |R| = [32m6.745652e-04[39m
     24 Linear |R| = [32m4.534361e-04[39m
     25 Linear |R| = [32m2.913445e-04[39m
     26 Linear |R| = [32m1.969408e-04[39m
     27 Linear |R| = [32m1.346484e-04[39m
     28 Linear |R| = [32m9.283846e-05[39m
     29 Linear |R| = [32m6.426379e-05[39m
     30 Linear |R| = [32m6.099095e-05[39m
     31 Linear |R| = [32m3.665545e-05[39m
     32 Linear |R| = [32m2.821864e-05[39m
 9 Nonlinear |R| = [32m3.829299e-03[39m
      0 Linear |R| = [32m3.829299e-03[39m
      1 Linear |R| = [32m1.212968e-03[39m
      2 Linear |R| = [32m5.905417e-04[39m
      3 Linear |R| = [32m3.484933e-04[39m
      4 Linear |R| = [32m2.367651e-04[39m
      5 Linear |R| = [32m1.710231e-04[39m
      6 Linear |R| = [32m1.324684e-04[39m
      7 Linear |R| = [32m1.020029e-04[39m
      8 Linear |R| = [32m7.259786e-05[39m
      9 Linear |R| = [32m5.034547e-05[39m
     10 Linear |R| = [32m3.690693e-05[39m
     11 Linear |R| = [32m2.866700e-05[39m
     12 Linear |R| = [32m2.319112e-05[39m
     13 Linear |R| = [32m1.843466e-05[39m
     14 Linear |R| = [32m1.357773e-05[39m
     15 Linear |R| = [32m9.822198e-06[39m
     16 Linear |R| = [32m7.139853e-06[39m
     17 Linear |R| = [32m5.323649e-06[39m
     18 Linear |R| = [32m3.970397e-06[39m
     19 Linear |R| = [32m2.991661e-06[39m
     20 Linear |R| = [32m2.166659e-06[39m
     21 Linear |R| = [32m1.442984e-06[39m
     22 Linear |R| = [32m9.871432e-07[39m
     23 Linear |R| = [32m6.689891e-07[39m
     24 Linear |R| = [32m4.655147e-07[39m
     25 Linear |R| = [32m3.218580e-07[39m
     26 Linear |R| = [32m2.241385e-07[39m
     27 Linear |R| = [32m1.580454e-07[39m
     28 Linear |R| = [32m1.059546e-07[39m
     29 Linear |R| = [32m6.778461e-08[39m
     30 Linear |R| = [31m1.349220e-07[39m
     31 Linear |R| = [32m7.402730e-08[39m
     32 Linear |R| = [32m4.584805e-08[39m
     33 Linear |R| = [32m2.745733e-08[39m
10 Nonlinear |R| = [32m1.517862e-07[39m
  Finished Solving                                                                       [[33m 15.83 s[39m] [[33m  186 MB[39m]
[32m Solve Converged![39m

Postprocessor Values:
+----------------+----------------------+------------------+----------------+----------------+
| time           | compressive_strength | reaction_force_z | top_disp_z     | vonmises_max   |
+----------------+----------------------+------------------+----------------+----------------+
:                :                      :                  :                :                :
|   2.500000e-01 |        -1.873257e+06 |    -3.348939e-08 |  -5.000000e-04 |   3.500000e+06 |
|   3.000000e-01 |        -1.989241e+06 |     1.617896e-05 |  -6.000000e-04 |   3.500000e+06 |
|   3.500000e-01 |        -2.074472e+06 |     1.841035e-05 |  -7.000000e-04 |   3.500000e+06 |
|   4.000000e-01 |        -2.140895e+06 |    -2.593809e-05 |  -8.000000e-04 |   3.500000e+06 |
|   4.500000e-01 |        -2.211821e+06 |     6.395530e-06 |  -9.000000e-04 |   3.500000e+06 |
|   5.000000e-01 |        -2.240924e+06 |    -6.762630e-06 |  -1.000000e-03 |   3.500000e+06 |
|   5.500000e-01 |        -2.262734e+06 |     1.050951e-06 |  -1.100000e-03 |   3.500000e+06 |
|   6.000000e-01 |        -2.283478e+06 |    -1.252252e-08 |  -1.200000e-03 |   3.500000e+06 |
|   6.500000e-01 |        -2.300340e+06 |     1.124002e-06 |  -1.300000e-03 |   3.500000e+06 |
|   7.000000e-01 |        -2.314357e+06 |     6.160927e-05 |  -1.400000e-03 |   3.500000e+06 |
|   7.500000e-01 |        -2.328661e+06 |     3.730318e-05 |  -1.500000e-03 |   3.500000e+06 |
|   8.000000e-01 |        -2.340071e+06 |     1.076304e-06 |  -1.600000e-03 |   3.500000e+06 |
|   8.500000e-01 |        -2.341487e+06 |     1.097861e-05 |  -1.700000e-03 |   3.500000e+06 |
|   9.000000e-01 |        -2.342733e+06 |    -6.761284e-06 |  -1.800000e-03 |   3.500000e+06 |
|   9.500000e-01 |        -2.343988e+06 |     9.331338e-07 |  -1.900000e-03 |   3.500000e+06 |
+----------------+----------------------+------------------+----------------+----------------+


Time Step 20, time = 1, dt = 0.05
 0 Nonlinear |R| = [32m1.056494e+03[39m
      0 Linear |R| = [32m1.056494e+03[39m
      1 Linear |R| = [32m9.641918e+02[39m
      2 Linear |R| = [32m7.180756e+02[39m
      3 Linear |R| = [32m6.108082e+02[39m
      4 Linear |R| = [32m5.566821e+02[39m
      5 Linear |R| = [32m4.855570e+02[39m
      6 Linear |R| = [32m3.627181e+02[39m
      7 Linear |R| = [32m2.419140e+02[39m
      8 Linear |R| = [32m1.491229e+02[39m
      9 Linear |R| = [32m9.036875e+01[39m
     10 Linear |R| = [32m5.166398e+01[39m
     11 Linear |R| = [32m2.848032e+01[39m
     12 Linear |R| = [32m1.585676e+01[39m
     13 Linear |R| = [32m9.455454e+00[39m
     14 Linear |R| = [32m5.637540e+00[39m
     15 Linear |R| = [32m3.352987e+00[39m
     16 Linear |R| = [32m2.012680e+00[39m
     17 Linear |R| = [32m1.142176e+00[39m
     18 Linear |R| = [32m6.137210e-01[39m
     19 Linear |R| = [32m3.321631e-01[39m
     20 Linear |R| = [32m2.033631e-01[39m
     21 Linear |R| = [32m1.340700e-01[39m
     22 Linear |R| = [32m9.275722e-02[39m
     23 Linear |R| = [32m6.626506e-02[39m
     24 Linear |R| = [32m5.029034e-02[39m
     25 Linear |R| = [32m3.602885e-02[39m
     26 Linear |R| = [32m2.540250e-02[39m
     27 Linear |R| = [32m1.836214e-02[39m
     28 Linear |R| = [32m1.233170e-02[39m
     29 Linear |R| = [32m7.488092e-03[39m
 1 Nonlinear |R| = [32m9.689718e+02[39m
      0 Linear |R| = [32m9.689718e+02[39m
      1 Linear |R| = [32m8.956633e+02[39m
      2 Linear |R| = [32m7.597824e+02[39m
      3 Linear |R| = [32m7.177233e+02[39m
      4 Linear |R| = [33m6.925682e+02[39m
      5 Linear |R| = [33m6.752213e+02[39m
      6 Linear |R| = [33m6.657732e+02[39m
      7 Linear |R| = [33m6.617076e+02[39m
      8 Linear |R| = [33m6.530330e+02[39m
      9 Linear |R| = [33m6.450836e+02[39m
     10 Linear |R| = [33m6.384627e+02[39m
     11 Linear |R| = [33m6.256888e+02[39m
     12 Linear |R| = [33m6.124342e+02[39m
     13 Linear |R| = [32m5.731678e+02[39m
     14 Linear |R| = [32m5.074025e+02[39m
     15 Linear |R| = [32m4.353874e+02[39m
     16 Linear |R| = [32m3.712516e+02[39m
     17 Linear |R| = [32m2.956271e+02[39m
     18 Linear |R| = [32m2.181283e+02[39m
     19 Linear |R| = [32m1.681541e+02[39m
     20 Linear |R| = [32m1.306674e+02[39m
     21 Linear |R| = [32m1.002898e+02[39m
     22 Linear |R| = [32m7.263399e+01[39m
     23 Linear |R| = [32m5.268279e+01[39m
     24 Linear |R| = [32m3.683907e+01[39m
     25 Linear |R| = [32m2.518933e+01[39m
     26 Linear |R| = [32m1.642821e+01[39m
     27 Linear |R| = [32m1.043061e+01[39m
     28 Linear |R| = [32m6.713429e+00[39m
     29 Linear |R| = [32m4.184140e+00[39m
     30 Linear |R| = [32m3.119210e+00[39m
     31 Linear |R| = [32m2.125874e+00[39m
     32 Linear |R| = [32m1.520636e+00[39m
     33 Linear |R| = [32m9.886985e-01[39m
     34 Linear |R| = [32m6.303645e-01[39m
     35 Linear |R| = [32m4.432599e-01[39m
     36 Linear |R| = [32m3.184333e-01[39m
     37 Linear |R| = [32m2.346120e-01[39m
     38 Linear |R| = [32m1.971591e-01[39m
     39 Linear |R| = [32m1.703962e-01[39m
     40 Linear |R| = [32m1.537111e-01[39m
     41 Linear |R| = [33m1.473020e-01[39m
     42 Linear |R| = [33m1.442511e-01[39m
     43 Linear |R| = [33m1.418968e-01[39m
     44 Linear |R| = [33m1.398977e-01[39m
     45 Linear |R| = [33m1.375074e-01[39m
     46 Linear |R| = [33m1.358156e-01[39m
     47 Linear |R| = [33m1.352243e-01[39m
     48 Linear |R| = [33m1.340889e-01[39m
     49 Linear |R| = [33m1.316965e-01[39m
     50 Linear |R| = [33m1.295846e-01[39m
     51 Linear |R| = [33m1.273699e-01[39m
     52 Linear |R| = [33m1.232728e-01[39m
     53 Linear |R| = [32m1.144576e-01[39m
     54 Linear |R| = [32m1.004018e-01[39m
     55 Linear |R| = [32m8.469592e-02[39m
     56 Linear |R| = [32m7.047677e-02[39m
     57 Linear |R| = [32m5.239800e-02[39m
     58 Linear |R| = [32m3.640849e-02[39m
     59 Linear |R| = [32m2.393516e-02[39m
     60 Linear |R| = [32m1.599421e-02[39m
     61 Linear |R| = [32m1.263283e-02[39m
     62 Linear |R| = [32m9.124349e-03[39m
 2 Nonlinear |R| = [33m9.678401e+02[39m
      0 Linear |R| = [32m9.678401e+02[39m
      1 Linear |R| = [32m8.921863e+02[39m
      2 Linear |R| = [32m7.610148e+02[39m
      3 Linear |R| = [32m7.129289e+02[39m
      4 Linear |R| = [33m6.855826e+02[39m
      5 Linear |R| = [33m6.709863e+02[39m
      6 Linear |R| = [33m6.627448e+02[39m
      7 Linear |R| = [33m6.575893e+02[39m
      8 Linear |R| = [33m6.450936e+02[39m
      9 Linear |R| = [33m6.356633e+02[39m
     10 Linear |R| = [33m6.305121e+02[39m
     11 Linear |R| = [33m6.177714e+02[39m
     12 Linear |R| = [33m5.986063e+02[39m
     13 Linear |R| = [32m5.486062e+02[39m
     14 Linear |R| = [32m4.778766e+02[39m
     15 Linear |R| = [32m4.076157e+02[39m
     16 Linear |R| = [32m3.434043e+02[39m
     17 Linear |R| = [32m2.659919e+02[39m
     18 Linear |R| = [32m1.936690e+02[39m
     19 Linear |R| = [32m1.507252e+02[39m
     20 Linear |R| = [32m1.199133e+02[39m
     21 Linear |R| = [32m8.898054e+01[39m
     22 Linear |R| = [32m6.526504e+01[39m
     23 Linear |R| = [32m4.777763e+01[39m
     24 Linear |R| = [32m3.436059e+01[39m
     25 Linear |R| = [32m2.391076e+01[39m
     26 Linear |R| = [32m1.516974e+01[39m
     27 Linear |R| = [32m9.648629e+00[39m
     28 Linear |R| = [32m6.130331e+00[39m
     29 Linear |R| = [32m3.877208e+00[39m
     30 Linear |R| = [32m3.156575e+00[39m
     31 Linear |R| = [32m2.081204e+00[39m
     32 Linear |R| = [32m1.559889e+00[39m
     33 Linear |R| = [32m1.001742e+00[39m
     34 Linear |R| = [32m6.398078e-01[39m
     35 Linear |R| = [32m4.554365e-01[39m
     36 Linear |R| = [32m3.213862e-01[39m
     37 Linear |R| = [32m2.379879e-01[39m
     38 Linear |R| = [32m1.970093e-01[39m
     39 Linear |R| = [32m1.689065e-01[39m
     40 Linear |R| = [32m1.518987e-01[39m
     41 Linear |R| = [32m1.438079e-01[39m
     42 Linear |R| = [33m1.400772e-01[39m
     43 Linear |R| = [33m1.367648e-01[39m
     44 Linear |R| = [33m1.344871e-01[39m
     45 Linear |R| = [33m1.318670e-01[39m
     46 Linear |R| = [33m1.299973e-01[39m
     47 Linear |R| = [33m1.292334e-01[39m
     48 Linear |R| = [33m1.275719e-01[39m
     49 Linear |R| = [33m1.254145e-01[39m
     50 Linear |R| = [33m1.237766e-01[39m
     51 Linear |R| = [33m1.218911e-01[39m
     52 Linear |R| = [33m1.166677e-01[39m
     53 Linear |R| = [32m1.067322e-01[39m
     54 Linear |R| = [32m9.204279e-02[39m
     55 Linear |R| = [32m7.723260e-02[39m
     56 Linear |R| = [32m6.386039e-02[39m
     57 Linear |R| = [32m5.051453e-02[39m
     58 Linear |R| = [32m3.817264e-02[39m
     59 Linear |R| = [32m2.798474e-02[39m
     60 Linear |R| = [32m2.053412e-02[39m
     61 Linear |R| = [32m1.708386e-02[39m
     62 Linear |R| = [32m1.405764e-02[39m
     63 Linear |R| = [32m1.153057e-02[39m
     64 Linear |R| = [32m9.433039e-03[39m
 3 Nonlinear |R| = [33m9.666884e+02[39m
      0 Linear |R| = [32m9.666884e+02[39m
      1 Linear |R| = [32m8.890030e+02[39m
      2 Linear |R| = [32m7.616304e+02[39m
      3 Linear |R| = [32m7.049019e+02[39m
      4 Linear |R| = [33m6.777774e+02[39m
      5 Linear |R| = [33m6.667832e+02[39m
      6 Linear |R| = [33m6.600286e+02[39m
      7 Linear |R| = [33m6.521692e+02[39m
      8 Linear |R| = [33m6.332428e+02[39m
      9 Linear |R| = [33m6.238831e+02[39m
     10 Linear |R| = [33m6.202769e+02[39m
     11 Linear |R| = [33m6.043745e+02[39m
     12 Linear |R| = [33m5.745433e+02[39m
     13 Linear |R| = [32m5.195547e+02[39m
     14 Linear |R| = [32m4.481863e+02[39m
     15 Linear |R| = [32m3.754742e+02[39m
     16 Linear |R| = [32m3.061594e+02[39m
     17 Linear |R| = [32m2.330156e+02[39m
     18 Linear |R| = [32m1.706417e+02[39m
     19 Linear |R| = [32m1.362107e+02[39m
     20 Linear |R| = [32m1.080576e+02[39m
     21 Linear |R| = [32m7.845629e+01[39m
     22 Linear |R| = [32m5.723949e+01[39m
     23 Linear |R| = [32m4.185232e+01[39m
     24 Linear |R| = [32m3.117778e+01[39m
     25 Linear |R| = [32m2.181203e+01[39m
     26 Linear |R| = [32m1.396281e+01[39m
     27 Linear |R| = [32m8.871724e+00[39m
     28 Linear |R| = [32m5.646694e+00[39m
     29 Linear |R| = [32m3.711043e+00[39m
     30 Linear |R| = [32m3.306060e+00[39m
     31 Linear |R| = [32m1.995519e+00[39m
     32 Linear |R| = [32m1.562503e+00[39m
     33 Linear |R| = [32m1.024068e+00[39m
     34 Linear |R| = [32m6.791241e-01[39m
     35 Linear |R| = [32m4.927215e-01[39m
     36 Linear |R| = [32m3.507579e-01[39m
     37 Linear |R| = [32m2.591465e-01[39m
     38 Linear |R| = [32m2.070624e-01[39m
     39 Linear |R| = [32m1.712448e-01[39m
     40 Linear |R| = [32m1.459462e-01[39m
     41 Linear |R| = [32m1.279777e-01[39m
     42 Linear |R| = [32m1.161871e-01[39m
     43 Linear |R| = [32m1.072978e-01[39m
     44 Linear |R| = [32m1.014074e-01[39m
     45 Linear |R| = [32m9.594951e-02[39m
     46 Linear |R| = [33m9.271220e-02[39m
     47 Linear |R| = [33m9.154193e-02[39m
     48 Linear |R| = [33m9.046103e-02[39m
     49 Linear |R| = [33m8.969320e-02[39m
     50 Linear |R| = [33m8.903459e-02[39m
     51 Linear |R| = [33m8.829204e-02[39m
     52 Linear |R| = [33m8.627626e-02[39m
     53 Linear |R| = [33m8.232716e-02[39m
     54 Linear |R| = [32m7.580241e-02[39m
     55 Linear |R| = [32m6.577966e-02[39m
     56 Linear |R| = [32m5.459462e-02[39m
     57 Linear |R| = [32m4.523767e-02[39m
     58 Linear |R| = [32m3.594312e-02[39m
     59 Linear |R| = [32m2.694043e-02[39m
     60 Linear |R| = [32m1.861848e-02[39m
     61 Linear |R| = [32m1.524965e-02[39m
     62 Linear |R| = [32m1.271211e-02[39m
     63 Linear |R| = [32m1.066663e-02[39m
     64 Linear |R| = [32m8.949469e-03[39m
 4 Nonlinear |R| = [33m9.655289e+02[39m
      0 Linear |R| = [32m9.655289e+02[39m
      1 Linear |R| = [32m8.866853e+02[39m
      2 Linear |R| = [32m7.607402e+02[39m
      3 Linear |R| = [32m6.941234e+02[39m
      4 Linear |R| = [33m6.697048e+02[39m
      5 Linear |R| = [33m6.623926e+02[39m
      6 Linear |R| = [33m6.563371e+02[39m
      7 Linear |R| = [33m6.427044e+02[39m
      8 Linear |R| = [33m6.176767e+02[39m
      9 Linear |R| = [33m6.101563e+02[39m
     10 Linear |R| = [33m6.071194e+02[39m
     11 Linear |R| = [33m5.820276e+02[39m
     12 Linear |R| = [32m5.425607e+02[39m
     13 Linear |R| = [32m4.882197e+02[39m
     14 Linear |R| = [32m4.158386e+02[39m
     15 Linear |R| = [32m3.359510e+02[39m
     16 Linear |R| = [32m2.650725e+02[39m
     17 Linear |R| = [32m2.004728e+02[39m
     18 Linear |R| = [32m1.475640e+02[39m
     19 Linear |R| = [32m1.188344e+02[39m
     20 Linear |R| = [32m9.411373e+01[39m
     21 Linear |R| = [32m6.828517e+01[39m
     22 Linear |R| = [32m4.945176e+01[39m
     23 Linear |R| = [32m3.609056e+01[39m
     24 Linear |R| = [32m2.704672e+01[39m
     25 Linear |R| = [32m1.891346e+01[39m
     26 Linear |R| = [32m1.237007e+01[39m
     27 Linear |R| = [32m7.912479e+00[39m
     28 Linear |R| = [32m5.148055e+00[39m
     29 Linear |R| = [32m3.343107e+00[39m
     30 Linear |R| = [31m3.519859e+00[39m
     31 Linear |R| = [32m1.830988e+00[39m
     32 Linear |R| = [32m1.457190e+00[39m
     33 Linear |R| = [32m9.633158e-01[39m
     34 Linear |R| = [32m6.348605e-01[39m
     35 Linear |R| = [32m4.570023e-01[39m
     36 Linear |R| = [32m3.148183e-01[39m
     37 Linear |R| = [32m2.188650e-01[39m
     38 Linear |R| = [32m1.640253e-01[39m
     39 Linear |R| = [32m1.277880e-01[39m
     40 Linear |R| = [32m1.018016e-01[39m
     41 Linear |R| = [32m8.199017e-02[39m
     42 Linear |R| = [32m6.881696e-02[39m
     43 Linear |R| = [32m5.974192e-02[39m
     44 Linear |R| = [32m5.311524e-02[39m
     45 Linear |R| = [32m4.609965e-02[39m
     46 Linear |R| = [32m4.132168e-02[39m
     47 Linear |R| = [32m3.916752e-02[39m
     48 Linear |R| = [33m3.777772e-02[39m
     49 Linear |R| = [33m3.703578e-02[39m
     50 Linear |R| = [33m3.666767e-02[39m
     51 Linear |R| = [33m3.639307e-02[39m
     52 Linear |R| = [33m3.595345e-02[39m
     53 Linear |R| = [33m3.546708e-02[39m
     54 Linear |R| = [33m3.465441e-02[39m
     55 Linear |R| = [32m3.248589e-02[39m
     56 Linear |R| = [32m2.948170e-02[39m
     57 Linear |R| = [32m2.638356e-02[39m
     58 Linear |R| = [32m2.288270e-02[39m
     59 Linear |R| = [32m1.847508e-02[39m
     60 Linear |R| = [32m1.339294e-02[39m
     61 Linear |R| = [32m1.129204e-02[39m
     62 Linear |R| = [32m9.824948e-03[39m
     63 Linear |R| = [32m8.478434e-03[39m
 5 Nonlinear |R| = [33m9.516092e+02[39m
      0 Linear |R| = [32m9.516092e+02[39m
      1 Linear |R| = [32m7.126393e+02[39m
      2 Linear |R| = [32m5.762619e+02[39m
      3 Linear |R| = [32m4.897419e+02[39m
      4 Linear |R| = [32m4.446007e+02[39m
      5 Linear |R| = [32m3.982145e+02[39m
      6 Linear |R| = [32m3.211571e+02[39m
      7 Linear |R| = [32m2.520327e+02[39m
      8 Linear |R| = [32m2.078353e+02[39m
      9 Linear |R| = [32m1.729224e+02[39m
     10 Linear |R| = [32m1.357499e+02[39m
     11 Linear |R| = [32m9.417287e+01[39m
     12 Linear |R| = [32m7.137950e+01[39m
     13 Linear |R| = [32m5.291639e+01[39m
     14 Linear |R| = [32m3.771983e+01[39m
     15 Linear |R| = [32m2.570032e+01[39m
     16 Linear |R| = [32m1.804129e+01[39m
     17 Linear |R| = [32m1.273710e+01[39m
     18 Linear |R| = [32m9.470608e+00[39m
     19 Linear |R| = [32m7.422422e+00[39m
     20 Linear |R| = [32m5.868439e+00[39m
     21 Linear |R| = [32m4.503676e+00[39m
     22 Linear |R| = [32m3.201858e+00[39m
     23 Linear |R| = [32m2.212942e+00[39m
     24 Linear |R| = [32m1.588421e+00[39m
     25 Linear |R| = [32m1.116714e+00[39m
     26 Linear |R| = [32m7.471314e-01[39m
     27 Linear |R| = [32m4.832471e-01[39m
     28 Linear |R| = [32m3.147736e-01[39m
     29 Linear |R| = [32m2.085164e-01[39m
     30 Linear |R| = [32m1.720703e-01[39m
     31 Linear |R| = [32m1.166090e-01[39m
     32 Linear |R| = [32m8.977583e-02[39m
     33 Linear |R| = [32m6.055274e-02[39m
     34 Linear |R| = [32m3.925689e-02[39m
     35 Linear |R| = [32m2.596201e-02[39m
     36 Linear |R| = [32m1.755517e-02[39m
     37 Linear |R| = [32m1.252383e-02[39m
     38 Linear |R| = [32m9.233685e-03[39m
 6 Nonlinear |R| = [32m5.925852e+02[39m
      0 Linear |R| = [32m5.925852e+02[39m
      1 Linear |R| = [32m1.704710e+02[39m
      2 Linear |R| = [32m8.608594e+01[39m
      3 Linear |R| = [32m5.436373e+01[39m
      4 Linear |R| = [32m3.608417e+01[39m
      5 Linear |R| = [32m2.454174e+01[39m
      6 Linear |R| = [32m1.696163e+01[39m
      7 Linear |R| = [32m1.293544e+01[39m
      8 Linear |R| = [32m1.029192e+01[39m
      9 Linear |R| = [32m7.699089e+00[39m
     10 Linear |R| = [32m5.558295e+00[39m
     11 Linear |R| = [32m3.811561e+00[39m
     12 Linear |R| = [32m2.650112e+00[39m
     13 Linear |R| = [32m1.774175e+00[39m
     14 Linear |R| = [32m1.230709e+00[39m
     15 Linear |R| = [32m8.543876e-01[39m
     16 Linear |R| = [32m6.306106e-01[39m
     17 Linear |R| = [32m4.906705e-01[39m
     18 Linear |R| = [32m4.091195e-01[39m
     19 Linear |R| = [32m3.431407e-01[39m
     20 Linear |R| = [32m2.632642e-01[39m
     21 Linear |R| = [32m1.789020e-01[39m
     22 Linear |R| = [32m1.229066e-01[39m
     23 Linear |R| = [32m8.355311e-02[39m
     24 Linear |R| = [32m5.640295e-02[39m
     25 Linear |R| = [32m3.794289e-02[39m
     26 Linear |R| = [32m2.541209e-02[39m
     27 Linear |R| = [32m1.674165e-02[39m
     28 Linear |R| = [32m1.127616e-02[39m
     29 Linear |R| = [32m7.538826e-03[39m
     30 Linear |R| = [32m5.061396e-03[39m
 7 Nonlinear |R| = [32m1.979701e+02[39m
      0 Linear |R| = [32m1.979701e+02[39m
      1 Linear |R| = [32m5.969685e+01[39m
      2 Linear |R| = [32m2.143991e+01[39m
      3 Linear |R| = [32m1.104034e+01[39m
      4 Linear |R| = [32m5.724302e+00[39m
      5 Linear |R| = [32m3.464264e+00[39m
      6 Linear |R| = [32m2.309479e+00[39m
      7 Linear |R| = [32m1.696880e+00[39m
      8 Linear |R| = [32m1.233432e+00[39m
      9 Linear |R| = [32m8.904980e-01[39m
     10 Linear |R| = [32m6.652398e-01[39m
     11 Linear |R| = [32m4.756016e-01[39m
     12 Linear |R| = [32m3.394460e-01[39m
     13 Linear |R| = [32m2.511205e-01[39m
     14 Linear |R| = [32m1.854018e-01[39m
     15 Linear |R| = [32m1.372291e-01[39m
     16 Linear |R| = [32m9.858082e-02[39m
     17 Linear |R| = [32m7.031240e-02[39m
     18 Linear |R| = [32m5.368739e-02[39m
     19 Linear |R| = [32m4.414349e-02[39m
     20 Linear |R| = [32m3.599658e-02[39m
     21 Linear |R| = [32m2.797143e-02[39m
     22 Linear |R| = [32m1.978451e-02[39m
     23 Linear |R| = [32m1.300979e-02[39m
     24 Linear |R| = [32m8.419535e-03[39m
     25 Linear |R| = [32m5.636938e-03[39m
     26 Linear |R| = [32m3.868527e-03[39m
     27 Linear |R| = [32m2.756105e-03[39m
     28 Linear |R| = [32m1.951048e-03[39m
 8 Nonlinear |R| = [32m8.944104e+00[39m
      0 Linear |R| = [32m8.944104e+00[39m
      1 Linear |R| = [32m4.298211e+00[39m
      2 Linear |R| = [32m1.906390e+00[39m
      3 Linear |R| = [32m1.208024e+00[39m
      4 Linear |R| = [32m9.033809e-01[39m
      5 Linear |R| = [32m6.970037e-01[39m
      6 Linear |R| = [32m5.026500e-01[39m
      7 Linear |R| = [32m3.553173e-01[39m
      8 Linear |R| = [32m2.304971e-01[39m
      9 Linear |R| = [32m1.470217e-01[39m
     10 Linear |R| = [32m1.087421e-01[39m
     11 Linear |R| = [32m8.345369e-02[39m
     12 Linear |R| = [32m6.677399e-02[39m
     13 Linear |R| = [32m5.081185e-02[39m
     14 Linear |R| = [32m3.697089e-02[39m
     15 Linear |R| = [32m2.750594e-02[39m
     16 Linear |R| = [32m2.094499e-02[39m
     17 Linear |R| = [32m1.594773e-02[39m
     18 Linear |R| = [32m1.251981e-02[39m
     19 Linear |R| = [32m9.690518e-03[39m
     20 Linear |R| = [32m7.226673e-03[39m
     21 Linear |R| = [32m5.211576e-03[39m
     22 Linear |R| = [32m3.743996e-03[39m
     23 Linear |R| = [32m2.554000e-03[39m
     24 Linear |R| = [32m1.684690e-03[39m
     25 Linear |R| = [32m1.101113e-03[39m
     26 Linear |R| = [32m7.530933e-04[39m
     27 Linear |R| = [32m5.080102e-04[39m
     28 Linear |R| = [32m3.425809e-04[39m
     29 Linear |R| = [32m2.331877e-04[39m
     30 Linear |R| = [31m2.451453e-04[39m
     31 Linear |R| = [32m1.376894e-04[39m
     32 Linear |R| = [32m1.035805e-04[39m
     33 Linear |R| = [32m7.885170e-05[39m
 9 Nonlinear |R| = [32m3.477804e-02[39m
      0 Linear |R| = [32m3.477804e-02[39m
      1 Linear |R| = [32m1.326285e-02[39m
      2 Linear |R| = [32m5.227386e-03[39m
      3 Linear |R| = [32m2.702701e-03[39m
      4 Linear |R| = [32m1.907046e-03[39m
      5 Linear |R| = [32m1.494348e-03[39m
      6 Linear |R| = [32m1.144245e-03[39m
      7 Linear |R| = [32m8.501042e-04[39m
      8 Linear |R| = [32m6.080722e-04[39m
      9 Linear |R| = [32m3.922647e-04[39m
     10 Linear |R| = [32m2.820160e-04[39m
     11 Linear |R| = [32m2.251506e-04[39m
     12 Linear |R| = [32m1.816429e-04[39m
     13 Linear |R| = [32m1.445531e-04[39m
     14 Linear |R| = [32m1.088720e-04[39m
     15 Linear |R| = [32m7.799303e-05[39m
     16 Linear |R| = [32m5.680397e-05[39m
     17 Linear |R| = [32m4.275161e-05[39m
     18 Linear |R| = [32m3.277658e-05[39m
     19 Linear |R| = [32m2.525604e-05[39m
     20 Linear |R| = [32m1.907974e-05[39m
     21 Linear |R| = [32m1.383370e-05[39m
     22 Linear |R| = [32m9.536304e-06[39m
     23 Linear |R| = [32m6.370504e-06[39m
     24 Linear |R| = [32m4.102054e-06[39m
     25 Linear |R| = [32m2.761947e-06[39m
     26 Linear |R| = [32m1.884514e-06[39m
     27 Linear |R| = [32m1.308248e-06[39m
     28 Linear |R| = [32m8.920948e-07[39m
     29 Linear |R| = [32m6.117074e-07[39m
     30 Linear |R| = [31m7.036548e-07[39m
     31 Linear |R| = [32m3.728167e-07[39m
     32 Linear |R| = [32m2.684009e-07[39m
10 Nonlinear |R| = [32m1.210730e-06[39m
  Finished Solving                                                                       [[33m 17.79 s[39m] [[33m  186 MB[39m]
[32m Solve Converged![39m

Postprocessor Values:
+----------------+----------------------+------------------+----------------+----------------+
| time           | compressive_strength | reaction_force_z | top_disp_z     | vonmises_max   |
+----------------+----------------------+------------------+----------------+----------------+
:                :                      :                  :                :                :
|   3.000000e-01 |        -1.989241e+06 |     1.617896e-05 |  -6.000000e-04 |   3.500000e+06 |
|   3.500000e-01 |        -2.074472e+06 |     1.841035e-05 |  -7.000000e-04 |   3.500000e+06 |
|   4.000000e-01 |        -2.140895e+06 |    -2.593809e-05 |  -8.000000e-04 |   3.500000e+06 |
|   4.500000e-01 |        -2.211821e+06 |     6.395530e-06 |  -9.000000e-04 |   3.500000e+06 |
|   5.000000e-01 |        -2.240924e+06 |    -6.762630e-06 |  -1.000000e-03 |   3.500000e+06 |
|   5.500000e-01 |        -2.262734e+06 |     1.050951e-06 |  -1.100000e-03 |   3.500000e+06 |
|   6.000000e-01 |        -2.283478e+06 |    -1.252252e-08 |  -1.200000e-03 |   3.500000e+06 |
|   6.500000e-01 |        -2.300340e+06 |     1.124002e-06 |  -1.300000e-03 |   3.500000e+06 |
|   7.000000e-01 |        -2.314357e+06 |     6.160927e-05 |  -1.400000e-03 |   3.500000e+06 |
|   7.500000e-01 |        -2.328661e+06 |     3.730318e-05 |  -1.500000e-03 |   3.500000e+06 |
|   8.000000e-01 |        -2.340071e+06 |     1.076304e-06 |  -1.600000e-03 |   3.500000e+06 |
|   8.500000e-01 |        -2.341487e+06 |     1.097861e-05 |  -1.700000e-03 |   3.500000e+06 |
|   9.000000e-01 |        -2.342733e+06 |    -6.761284e-06 |  -1.800000e-03 |   3.500000e+06 |
|   9.500000e-01 |        -2.343988e+06 |     9.331338e-07 |  -1.900000e-03 |   3.500000e+06 |
|   1.000000e+00 |        -2.345842e+06 |     1.342261e-06 |  -2.000000e-03 |   3.500000e+06 |
+----------------+----------------------+------------------+----------------+----------------+

Finished Executing                                                                       [[33m233.72 s[39m] [[33m  186 MB[39m]
