
╔══════════════════════════════════════════════════════════════╗
║                                                              ║
║   _   _                       _                               ║
║  | | | | ___  _ __   __ _ ___| |__  _   _  __ _ _ __   ___  ║
║  | |_| |/ _ \| '_ \ / _` / __| '_ \| | | |/ _` | '_ \ / _ \ ║
║  |  _  | (_) | | | | (_| \__ \ | | | |_| | (_| | | | |  __/ ║
║  |_| |_|\___/|_| |_|\__, |___/_| |_|\__,_|\__,_|_| |_|\___| ║
║                     |___/                                     ║
║                                                              ║
║    红创科技多物理场仿真引擎 (核心模块) V1.0                     ║
║    基于 MOOSE 多物理场面向对象仿真环境                         ║
║    © 2026 红创科技 (Hongchuang Tech)                          ║
║                                                              ║
╚══════════════════════════════════════════════════════════════╝


[33m
*** Deprecation Warning ***
/home/kevin/gt/demo/mayor/rig/inputs/aac_material_tests/aac_compression_prism.i:55.3: The 'Kernels/TensorMechanics' syntax is deprecated. Please use 'Physics/SolidMechanics/QuasiStatic' instead.[39m
Stack frames: 14
0: libMesh::print_trace(std::ostream&)
1: void moose::internal::mooseDeprecatedStream<libMesh::BasicOStreamProxy<char, std::char_traits<char> >, std::__cxx11::basic_string<char, std::char_traits<char>, std::allocator<char> > >(libMesh::BasicOStreamProxy<char, std::char_traits<char> >&, bool, bool, bool, std::__cxx11::basic_string<char, std::char_traits<char>, std::allocator<char> >&&)
2: Moose::Builder::walkRaw(std::__cxx11::basic_string<char, std::char_traits<char>, std::allocator<char> >, std::__cxx11::basic_string<char, std::char_traits<char>, std::allocator<char> >, hit::Node*)
3: Moose::Builder::walk(std::__cxx11::basic_string<char, std::char_traits<char>, std::allocator<char> > const&, std::__cxx11::basic_string<char, std::char_traits<char>, std::allocator<char> > const&, hit::Node*)
4: hit::Node::walk(hit::Walker*, hit::NodeType, hit::TraversalOrder)
5: hit::Node::walk(hit::Walker*, hit::NodeType, hit::TraversalOrder)
6: hit::Node::walk(hit::Walker*, hit::NodeType, hit::TraversalOrder)
7: Moose::Builder::build()
8: MooseApp::setupOptions()
9: MooseApp::run()
10: /home/kevin/gt/demo/mayor/rig/build/moose/modules/solid_mechanics/solid_mechanics-opt(+0x50f2) [0x562a927310f2]
11: /lib/libc.so.6(+0x27741) [0x7fd283227741]
12: __libc_start_main
13: /home/kevin/gt/demo/mayor/rig/build/moose/modules/solid_mechanics/solid_mechanics-opt(+0x5365) [0x562a92731365]


[36m
*** Info ***
/home/kevin/gt/demo/mayor/rig/inputs/aac_material_tests/aac_compression_prism.i:55.3:
The following occurred in the Action 'TensorMechanics' of type LegacyTensorMechanicsAction.

SolidMechanics Action: selecting 'total small strain' formulation. Use `incremental = true` to select 'incremental small strain' instead.[39m
Framework Information:
MOOSE Version:           git commit dd5a8961 on 2026-05-01
LibMesh Version:         
PETSc Version:           3.24.6
SLEPc Version:           3.24.0
Current Time:            Tue May 19 17:19:21 2026
Executable Timestamp:    Wed May 13 15:08:44 2026

Input File(s):
  /home/kevin/gt/demo/mayor/rig/inputs/aac_material_tests/aac_compression_prism.i

Checkpoint:
  Wall Time Interval:      Every 3600 s
  User Checkpoint:         Disabled
  # Checkpoints Kept:      2
  Execute On:              TIMESTEP_END 

Parallelism:
  Num Processors:          1
  Num Threads:             1

Mesh: 
  Parallel Type:           replicated
  Mesh Dimension:          3
  Spatial Dimension:       3
  Nodes:                   3751
  Elems:                   3000
  Num Subdomains:          1

Nonlinear System:
  Num DOFs:                11253
  Num Local DOFs:          11253
  Variables:               { "disp_x" "disp_y" "disp_z" } 
  Finite Element Types:    "LAGRANGE" 
  Approximation Orders:    "FIRST" 

Auxiliary System:
  Num DOFs:                12000
  Num Local DOFs:          12000
  Variables:               { "vonmises" "max_princ" "min_princ" "stress_zz" } 
  Finite Element Types:    "MONOMIAL" 
  Approximation Orders:    "CONSTANT" 

Execution Information:
  Executioner:             Transient
  TimeStepper:             ConstantDT
  TimeIntegrator(s):       ImplicitEuler
  Solver Mode:             Preconditioned JFNK 
  PETSc Preconditioner:    hypre boomeramg strong_threshold: 0.7 (auto)


Time Step 0, time = 0

Postprocessor Values:
+----------------+----------------+------------------+----------------+
| time           | mid_stress     | reaction_force_z | top_disp_z     |
+----------------+----------------+------------------+----------------+
|   0.000000e+00 |   0.000000e+00 |     0.000000e+00 |   0.000000e+00 |
+----------------+----------------+------------------+----------------+


Time Step 1, time = 0.05, dt = 0.05
 0 Nonlinear |R| = [32m2.380614e+03[39m
      0 Linear |R| = [32m2.380614e+03[39m
      1 Linear |R| = [32m2.058679e+03[39m
      2 Linear |R| = [32m1.388865e+03[39m
      3 Linear |R| = [32m1.014348e+03[39m
      4 Linear |R| = [32m7.935003e+02[39m
      5 Linear |R| = [32m5.770579e+02[39m
      6 Linear |R| = [32m3.523507e+02[39m
      7 Linear |R| = [32m2.092723e+02[39m
      8 Linear |R| = [32m1.324951e+02[39m
      9 Linear |R| = [32m8.305801e+01[39m
     10 Linear |R| = [32m4.996898e+01[39m
     11 Linear |R| = [32m3.059877e+01[39m
     12 Linear |R| = [32m1.890592e+01[39m
     13 Linear |R| = [32m1.191054e+01[39m
     14 Linear |R| = [32m6.978601e+00[39m
     15 Linear |R| = [32m4.429601e+00[39m
     16 Linear |R| = [32m3.033750e+00[39m
     17 Linear |R| = [32m2.076662e+00[39m
     18 Linear |R| = [32m1.428546e+00[39m
     19 Linear |R| = [32m9.644994e-01[39m
     20 Linear |R| = [32m6.259796e-01[39m
     21 Linear |R| = [32m3.872713e-01[39m
     22 Linear |R| = [32m2.568108e-01[39m
     23 Linear |R| = [32m1.689806e-01[39m
     24 Linear |R| = [32m1.109813e-01[39m
     25 Linear |R| = [32m7.302026e-02[39m
     26 Linear |R| = [32m4.851833e-02[39m
     27 Linear |R| = [32m3.200913e-02[39m
     28 Linear |R| = [32m2.104126e-02[39m
 1 Nonlinear |R| = [32m1.925926e+03[39m
      0 Linear |R| = [32m1.925926e+03[39m
      1 Linear |R| = [32m1.596960e+03[39m
      2 Linear |R| = [32m1.117448e+03[39m
      3 Linear |R| = [32m7.472632e+02[39m
      4 Linear |R| = [32m5.034326e+02[39m
      5 Linear |R| = [32m3.303812e+02[39m
      6 Linear |R| = [32m2.234707e+02[39m
      7 Linear |R| = [32m1.449350e+02[39m
      8 Linear |R| = [32m8.116796e+01[39m
      9 Linear |R| = [32m4.644251e+01[39m
     10 Linear |R| = [32m2.464694e+01[39m
     11 Linear |R| = [32m1.175333e+01[39m
     12 Linear |R| = [32m5.725150e+00[39m
     13 Linear |R| = [32m3.229209e+00[39m
     14 Linear |R| = [32m1.656060e+00[39m
     15 Linear |R| = [32m7.987296e-01[39m
     16 Linear |R| = [32m4.500865e-01[39m
     17 Linear |R| = [32m2.817732e-01[39m
     18 Linear |R| = [32m1.927875e-01[39m
     19 Linear |R| = [32m1.425162e-01[39m
     20 Linear |R| = [32m1.083836e-01[39m
     21 Linear |R| = [32m7.396651e-02[39m
     22 Linear |R| = [32m4.583054e-02[39m
     23 Linear |R| = [32m2.734124e-02[39m
     24 Linear |R| = [32m1.564445e-02[39m
 2 Nonlinear |R| = [32m1.662927e+03[39m
      0 Linear |R| = [32m1.662927e+03[39m
      1 Linear |R| = [32m1.306232e+03[39m
      2 Linear |R| = [32m8.743420e+02[39m
      3 Linear |R| = [32m4.972559e+02[39m
      4 Linear |R| = [32m2.106463e+02[39m
      5 Linear |R| = [32m1.041965e+02[39m
      6 Linear |R| = [32m5.875401e+01[39m
      7 Linear |R| = [32m3.032843e+01[39m
      8 Linear |R| = [32m1.565138e+01[39m
      9 Linear |R| = [32m8.024933e+00[39m
     10 Linear |R| = [32m4.113389e+00[39m
     11 Linear |R| = [32m2.143562e+00[39m
     12 Linear |R| = [32m1.012322e+00[39m
     13 Linear |R| = [32m4.769991e-01[39m
     14 Linear |R| = [32m2.130785e-01[39m
     15 Linear |R| = [32m1.100837e-01[39m
     16 Linear |R| = [32m6.279376e-02[39m
     17 Linear |R| = [32m3.688354e-02[39m
     18 Linear |R| = [32m2.230712e-02[39m
     19 Linear |R| = [32m1.362421e-02[39m
 3 Nonlinear |R| = [32m1.459994e+03[39m
      0 Linear |R| = [32m1.459994e+03[39m
      1 Linear |R| = [32m1.130999e+03[39m
      2 Linear |R| = [32m7.635300e+02[39m
      3 Linear |R| = [32m3.996801e+02[39m
      4 Linear |R| = [32m1.840090e+02[39m
      5 Linear |R| = [32m1.064831e+02[39m
      6 Linear |R| = [32m5.867456e+01[39m
      7 Linear |R| = [32m2.728215e+01[39m
      8 Linear |R| = [32m1.339632e+01[39m
      9 Linear |R| = [32m6.850686e+00[39m
     10 Linear |R| = [32m3.329558e+00[39m
     11 Linear |R| = [32m1.563730e+00[39m
     12 Linear |R| = [32m7.025061e-01[39m
     13 Linear |R| = [32m3.055323e-01[39m
     14 Linear |R| = [32m1.368413e-01[39m
     15 Linear |R| = [32m6.980527e-02[39m
     16 Linear |R| = [32m3.716459e-02[39m
     17 Linear |R| = [32m1.992633e-02[39m
     18 Linear |R| = [32m1.140332e-02[39m
 4 Nonlinear |R| = [32m1.288706e+03[39m
      0 Linear |R| = [32m1.288706e+03[39m
      1 Linear |R| = [32m9.747982e+02[39m
      2 Linear |R| = [32m6.720904e+02[39m
      3 Linear |R| = [32m3.410825e+02[39m
      4 Linear |R| = [32m1.623048e+02[39m
      5 Linear |R| = [32m9.558463e+01[39m
      6 Linear |R| = [32m5.069224e+01[39m
      7 Linear |R| = [32m2.279333e+01[39m
      8 Linear |R| = [32m1.039965e+01[39m
      9 Linear |R| = [32m5.148657e+00[39m
     10 Linear |R| = [32m2.450568e+00[39m
     11 Linear |R| = [32m1.082740e+00[39m
     12 Linear |R| = [32m4.729545e-01[39m
     13 Linear |R| = [32m2.039062e-01[39m
     14 Linear |R| = [32m9.058913e-02[39m
     15 Linear |R| = [32m4.572056e-02[39m
     16 Linear |R| = [32m2.410937e-02[39m
     17 Linear |R| = [32m1.182757e-02[39m
 5 Nonlinear |R| = [32m1.127078e+03[39m
      0 Linear |R| = [32m1.127078e+03[39m
      1 Linear |R| = [32m7.983223e+02[39m
      2 Linear |R| = [32m5.754138e+02[39m
      3 Linear |R| = [32m3.005572e+02[39m
      4 Linear |R| = [32m1.375171e+02[39m
      5 Linear |R| = [32m7.315479e+01[39m
      6 Linear |R| = [32m3.966329e+01[39m
      7 Linear |R| = [32m1.769697e+01[39m
      8 Linear |R| = [32m6.829308e+00[39m
      9 Linear |R| = [32m2.926112e+00[39m
     10 Linear |R| = [32m1.363557e+00[39m
     11 Linear |R| = [32m5.925285e-01[39m
     12 Linear |R| = [32m2.533256e-01[39m
     13 Linear |R| = [32m1.111908e-01[39m
     14 Linear |R| = [32m5.114643e-02[39m
     15 Linear |R| = [32m2.514495e-02[39m
     16 Linear |R| = [32m1.277628e-02[39m
     17 Linear |R| = [32m6.119592e-03[39m
 6 Nonlinear |R| = [32m9.852507e+02[39m
      0 Linear |R| = [32m9.852507e+02[39m
      1 Linear |R| = [32m6.372206e+02[39m
      2 Linear |R| = [32m4.629163e+02[39m
      3 Linear |R| = [32m2.339074e+02[39m
      4 Linear |R| = [32m1.011167e+02[39m
      5 Linear |R| = [32m4.815146e+01[39m
      6 Linear |R| = [32m2.452170e+01[39m
      7 Linear |R| = [32m1.095145e+01[39m
      8 Linear |R| = [32m4.031413e+00[39m
      9 Linear |R| = [32m1.530168e+00[39m
     10 Linear |R| = [32m6.274041e-01[39m
     11 Linear |R| = [32m2.724855e-01[39m
     12 Linear |R| = [32m1.299746e-01[39m
     13 Linear |R| = [32m6.492789e-02[39m
     14 Linear |R| = [32m3.217025e-02[39m
     15 Linear |R| = [32m1.584419e-02[39m
     16 Linear |R| = [32m7.774869e-03[39m
 7 Nonlinear |R| = [32m8.337841e+02[39m
      0 Linear |R| = [32m8.337841e+02[39m
      1 Linear |R| = [32m3.419405e+02[39m
      2 Linear |R| = [32m2.148553e+02[39m
      3 Linear |R| = [32m9.820539e+01[39m
      4 Linear |R| = [32m3.522070e+01[39m
      5 Linear |R| = [32m1.219845e+01[39m
      6 Linear |R| = [32m4.631410e+00[39m
      7 Linear |R| = [32m1.958245e+00[39m
      8 Linear |R| = [32m8.135077e-01[39m
      9 Linear |R| = [32m3.424574e-01[39m
     10 Linear |R| = [32m1.441749e-01[39m
     11 Linear |R| = [32m6.220033e-02[39m
     12 Linear |R| = [32m2.702113e-02[39m
     13 Linear |R| = [32m1.147380e-02[39m
     14 Linear |R| = [32m4.808741e-03[39m
 8 Nonlinear |R| = [32m5.155312e+02[39m
      0 Linear |R| = [32m5.155312e+02[39m
      1 Linear |R| = [32m1.248422e+02[39m
      2 Linear |R| = [32m3.440199e+01[39m
      3 Linear |R| = [32m1.212127e+01[39m
      4 Linear |R| = [32m4.811982e+00[39m
      5 Linear |R| = [32m2.012938e+00[39m
      6 Linear |R| = [32m8.832402e-01[39m
      7 Linear |R| = [32m4.288295e-01[39m
      8 Linear |R| = [32m2.182088e-01[39m
      9 Linear |R| = [32m9.606090e-02[39m
     10 Linear |R| = [32m3.866456e-02[39m
     11 Linear |R| = [32m1.499836e-02[39m
     12 Linear |R| = [32m6.753429e-03[39m
     13 Linear |R| = [32m3.012913e-03[39m
 9 Nonlinear |R| = [32m2.347523e-02[39m
      0 Linear |R| = [32m2.347523e-02[39m
      1 Linear |R| = [32m5.378727e-03[39m
      2 Linear |R| = [32m2.210287e-03[39m
      3 Linear |R| = [32m8.953697e-04[39m
      4 Linear |R| = [32m4.057775e-04[39m
      5 Linear |R| = [32m1.958348e-04[39m
      6 Linear |R| = [32m9.218913e-05[39m
      7 Linear |R| = [32m4.016392e-05[39m
      8 Linear |R| = [32m1.825882e-05[39m
      9 Linear |R| = [32m9.476913e-06[39m
     10 Linear |R| = [32m5.695067e-06[39m
     11 Linear |R| = [32m3.600823e-06[39m
     12 Linear |R| = [32m2.153282e-06[39m
     13 Linear |R| = [32m1.178792e-06[39m
     14 Linear |R| = [32m6.146899e-07[39m
     15 Linear |R| = [32m2.934670e-07[39m
     16 Linear |R| = [32m1.393491e-07[39m
10 Nonlinear |R| = [32m5.886629e-07[39m
[32m Solve Converged![39m
Currently Executing
  Finished Solving                                                                       [[33m 12.02 s[39m] [[33m  216 MB[39m]

Postprocessor Values:
+----------------+----------------+------------------+----------------+
| time           | mid_stress     | reaction_force_z | top_disp_z     |
+----------------+----------------+------------------+----------------+
|   0.000000e+00 |   0.000000e+00 |     0.000000e+00 |   0.000000e+00 |
|   5.000000e-02 |  -1.065269e+06 |    -3.125098e-07 |  -1.500000e-04 |
+----------------+----------------+------------------+----------------+


Time Step 2, time = 0.1, dt = 0.05
 0 Nonlinear |R| = [32m1.110832e+03[39m
      0 Linear |R| = [32m1.110832e+03[39m
      1 Linear |R| = [33m1.057872e+03[39m
      2 Linear |R| = [32m7.928552e+02[39m
      3 Linear |R| = [32m5.533227e+02[39m
      4 Linear |R| = [32m4.114844e+02[39m
      5 Linear |R| = [32m3.256355e+02[39m
      6 Linear |R| = [32m2.297398e+02[39m
      7 Linear |R| = [32m1.512143e+02[39m
      8 Linear |R| = [32m9.504204e+01[39m
      9 Linear |R| = [32m5.547057e+01[39m
     10 Linear |R| = [32m3.086656e+01[39m
     11 Linear |R| = [32m1.807264e+01[39m
     12 Linear |R| = [32m1.048800e+01[39m
     13 Linear |R| = [32m6.689018e+00[39m
     14 Linear |R| = [32m4.429624e+00[39m
     15 Linear |R| = [32m3.100128e+00[39m
     16 Linear |R| = [32m2.111174e+00[39m
     17 Linear |R| = [32m1.389647e+00[39m
     18 Linear |R| = [32m9.160485e-01[39m
     19 Linear |R| = [32m6.010311e-01[39m
     20 Linear |R| = [32m3.941399e-01[39m
     21 Linear |R| = [32m2.533961e-01[39m
     22 Linear |R| = [32m1.750360e-01[39m
     23 Linear |R| = [32m1.237219e-01[39m
     24 Linear |R| = [32m8.206272e-02[39m
     25 Linear |R| = [32m4.925119e-02[39m
     26 Linear |R| = [32m3.098609e-02[39m
     27 Linear |R| = [32m2.093562e-02[39m
     28 Linear |R| = [32m1.443902e-02[39m
     29 Linear |R| = [32m9.863425e-03[39m
 1 Nonlinear |R| = [32m9.991027e+02[39m
      0 Linear |R| = [32m9.991027e+02[39m
      1 Linear |R| = [33m9.496274e+02[39m
      2 Linear |R| = [32m7.095016e+02[39m
      3 Linear |R| = [32m5.080590e+02[39m
      4 Linear |R| = [32m3.879687e+02[39m
      5 Linear |R| = [32m3.082059e+02[39m
      6 Linear |R| = [32m2.189887e+02[39m
      7 Linear |R| = [32m1.442768e+02[39m
      8 Linear |R| = [32m8.787213e+01[39m
      9 Linear |R| = [32m4.927141e+01[39m
     10 Linear |R| = [32m2.710339e+01[39m
     11 Linear |R| = [32m1.559154e+01[39m
     12 Linear |R| = [32m8.560519e+00[39m
     13 Linear |R| = [32m4.990882e+00[39m
     14 Linear |R| = [32m2.976002e+00[39m
     15 Linear |R| = [32m1.928429e+00[39m
     16 Linear |R| = [32m1.293425e+00[39m
     17 Linear |R| = [32m8.719713e-01[39m
     18 Linear |R| = [32m5.781192e-01[39m
     19 Linear |R| = [32m3.660735e-01[39m
     20 Linear |R| = [32m2.226483e-01[39m
     21 Linear |R| = [32m1.292977e-01[39m
     22 Linear |R| = [32m8.114740e-02[39m
     23 Linear |R| = [32m5.596243e-02[39m
     24 Linear |R| = [32m3.923072e-02[39m
     25 Linear |R| = [32m2.724815e-02[39m
     26 Linear |R| = [32m1.938946e-02[39m
     27 Linear |R| = [32m1.372210e-02[39m
     28 Linear |R| = [32m9.662365e-03[39m
 2 Nonlinear |R| = [32m8.986149e+02[39m
      0 Linear |R| = [32m8.986149e+02[39m
      1 Linear |R| = [32m8.507778e+02[39m
      2 Linear |R| = [32m6.418830e+02[39m
      3 Linear |R| = [32m4.832089e+02[39m
      4 Linear |R| = [32m3.772067e+02[39m
      5 Linear |R| = [32m2.985284e+02[39m
      6 Linear |R| = [32m2.112482e+02[39m
      7 Linear |R| = [32m1.360372e+02[39m
      8 Linear |R| = [32m7.941024e+01[39m
      9 Linear |R| = [32m4.430482e+01[39m
     10 Linear |R| = [32m2.639662e+01[39m
     11 Linear |R| = [32m1.592714e+01[39m
     12 Linear |R| = [32m8.871190e+00[39m
     13 Linear |R| = [32m4.893664e+00[39m
     14 Linear |R| = [32m2.657090e+00[39m
     15 Linear |R| = [32m1.517409e+00[39m
     16 Linear |R| = [32m8.751558e-01[39m
     17 Linear |R| = [32m5.309935e-01[39m
     18 Linear |R| = [32m3.335374e-01[39m
     19 Linear |R| = [32m2.197535e-01[39m
     20 Linear |R| = [32m1.461396e-01[39m
     21 Linear |R| = [32m9.772135e-02[39m
     22 Linear |R| = [32m6.776786e-02[39m
     23 Linear |R| = [32m4.816076e-02[39m
     24 Linear |R| = [32m3.430281e-02[39m
     25 Linear |R| = [32m2.483659e-02[39m
     26 Linear |R| = [32m1.842523e-02[39m
     27 Linear |R| = [32m1.266602e-02[39m
     28 Linear |R| = [32m8.537288e-03[39m
 3 Nonlinear |R| = [32m8.078759e+02[39m
      0 Linear |R| = [32m8.078759e+02[39m
      1 Linear |R| = [32m7.588679e+02[39m
      2 Linear |R| = [32m5.865685e+02[39m
      3 Linear |R| = [32m4.677009e+02[39m
      4 Linear |R| = [32m3.605546e+02[39m
      5 Linear |R| = [32m2.827799e+02[39m
      6 Linear |R| = [32m1.960099e+02[39m
      7 Linear |R| = [32m1.208042e+02[39m
      8 Linear |R| = [32m7.221825e+01[39m
      9 Linear |R| = [32m4.377840e+01[39m
     10 Linear |R| = [32m2.728746e+01[39m
     11 Linear |R| = [32m1.523173e+01[39m
     12 Linear |R| = [32m7.495861e+00[39m
     13 Linear |R| = [32m3.995982e+00[39m
     14 Linear |R| = [32m2.199263e+00[39m
     15 Linear |R| = [32m1.216130e+00[39m
     16 Linear |R| = [32m6.738037e-01[39m
     17 Linear |R| = [32m3.963780e-01[39m
     18 Linear |R| = [32m2.509331e-01[39m
     19 Linear |R| = [32m1.674562e-01[39m
     20 Linear |R| = [32m1.149757e-01[39m
     21 Linear |R| = [32m8.083865e-02[39m
     22 Linear |R| = [32m5.898998e-02[39m
     23 Linear |R| = [32m4.292020e-02[39m
     24 Linear |R| = [32m3.127634e-02[39m
     25 Linear |R| = [32m2.231529e-02[39m
     26 Linear |R| = [32m1.520303e-02[39m
     27 Linear |R| = [32m9.788391e-03[39m
     28 Linear |R| = [32m6.318375e-03[39m
 4 Nonlinear |R| = [32m7.256193e+02[39m
      0 Linear |R| = [32m7.256193e+02[39m
      1 Linear |R| = [32m6.749102e+02[39m
      2 Linear |R| = [32m5.419904e+02[39m
      3 Linear |R| = [32m4.186017e+02[39m
      4 Linear |R| = [32m3.316472e+02[39m
      5 Linear |R| = [32m2.624825e+02[39m
      6 Linear |R| = [32m1.654135e+02[39m
      7 Linear |R| = [32m1.051653e+02[39m
      8 Linear |R| = [32m6.637645e+01[39m
      9 Linear |R| = [32m4.135543e+01[39m
     10 Linear |R| = [32m2.353120e+01[39m
     11 Linear |R| = [32m1.248372e+01[39m
     12 Linear |R| = [32m6.503798e+00[39m
     13 Linear |R| = [32m3.552398e+00[39m
     14 Linear |R| = [32m1.887424e+00[39m
     15 Linear |R| = [32m9.373986e-01[39m
     16 Linear |R| = [32m5.204303e-01[39m
     17 Linear |R| = [32m3.026784e-01[39m
     18 Linear |R| = [32m1.957660e-01[39m
     19 Linear |R| = [32m1.370666e-01[39m
     20 Linear |R| = [32m9.913264e-02[39m
     21 Linear |R| = [32m7.114888e-02[39m
     22 Linear |R| = [32m5.115847e-02[39m
     23 Linear |R| = [32m3.580763e-02[39m
     24 Linear |R| = [32m2.563961e-02[39m
     25 Linear |R| = [32m1.768987e-02[39m
     26 Linear |R| = [32m1.169227e-02[39m
     27 Linear |R| = [32m7.192206e-03[39m
 5 Nonlinear |R| = [32m5.597355e+02[39m
      0 Linear |R| = [32m5.597355e+02[39m
      1 Linear |R| = [32m5.006649e+02[39m
      2 Linear |R| = [32m3.486350e+02[39m
      3 Linear |R| = [32m2.551856e+02[39m
      4 Linear |R| = [32m1.938599e+02[39m
      5 Linear |R| = [32m1.357227e+02[39m
      6 Linear |R| = [32m8.181863e+01[39m
      7 Linear |R| = [32m5.017796e+01[39m
      8 Linear |R| = [32m2.953049e+01[39m
      9 Linear |R| = [32m1.692809e+01[39m
     10 Linear |R| = [32m9.030563e+00[39m
     11 Linear |R| = [32m4.490217e+00[39m
     12 Linear |R| = [32m2.231771e+00[39m
     13 Linear |R| = [32m1.171523e+00[39m
     14 Linear |R| = [32m6.109006e-01[39m
     15 Linear |R| = [32m3.228858e-01[39m
     16 Linear |R| = [32m1.861628e-01[39m
     17 Linear |R| = [32m1.234075e-01[39m
     18 Linear |R| = [32m7.889767e-02[39m
     19 Linear |R| = [32m4.985933e-02[39m
     20 Linear |R| = [32m3.048973e-02[39m
     21 Linear |R| = [32m1.885395e-02[39m
     22 Linear |R| = [32m1.229586e-02[39m
     23 Linear |R| = [32m8.506646e-03[39m
     24 Linear |R| = [32m5.672013e-03[39m
     25 Linear |R| = [32m3.767608e-03[39m
 6 Nonlinear |R| = [32m5.034618e+02[39m
      0 Linear |R| = [32m5.034618e+02[39m
      1 Linear |R| = [32m4.510144e+02[39m
      2 Linear |R| = [32m3.152540e+02[39m
      3 Linear |R| = [32m2.319806e+02[39m
      4 Linear |R| = [32m1.791248e+02[39m
      5 Linear |R| = [32m1.249645e+02[39m
      6 Linear |R| = [32m7.479007e+01[39m
      7 Linear |R| = [32m4.581183e+01[39m
      8 Linear |R| = [32m2.748432e+01[39m
      9 Linear |R| = [32m1.577145e+01[39m
     10 Linear |R| = [32m8.347245e+00[39m
     11 Linear |R| = [32m4.074837e+00[39m
     12 Linear |R| = [32m2.008232e+00[39m
     13 Linear |R| = [32m1.061014e+00[39m
     14 Linear |R| = [32m5.554509e-01[39m
     15 Linear |R| = [32m2.913822e-01[39m
     16 Linear |R| = [32m1.613088e-01[39m
     17 Linear |R| = [32m1.039698e-01[39m
     18 Linear |R| = [32m6.835222e-02[39m
     19 Linear |R| = [32m4.506504e-02[39m
     20 Linear |R| = [32m2.796271e-02[39m
     21 Linear |R| = [32m1.756941e-02[39m
     22 Linear |R| = [32m1.160360e-02[39m
     23 Linear |R| = [32m7.881586e-03[39m
     24 Linear |R| = [32m5.271608e-03[39m
     25 Linear |R| = [32m3.557991e-03[39m
 7 Nonlinear |R| = [32m4.526710e+02[39m
      0 Linear |R| = [32m4.526710e+02[39m
      1 Linear |R| = [32m4.066716e+02[39m
      2 Linear |R| = [32m2.851014e+02[39m
      3 Linear |R| = [32m2.122230e+02[39m
      4 Linear |R| = [32m1.671980e+02[39m
      5 Linear |R| = [32m1.160412e+02[39m
      6 Linear |R| = [32m6.861269e+01[39m
      7 Linear |R| = [32m4.200767e+01[39m
      8 Linear |R| = [32m2.574784e+01[39m
      9 Linear |R| = [32m1.478099e+01[39m
     10 Linear |R| = [32m7.780079e+00[39m
     11 Linear |R| = [32m3.772264e+00[39m
     12 Linear |R| = [32m1.865086e+00[39m
     13 Linear |R| = [32m9.739565e-01[39m
     14 Linear |R| = [32m5.004627e-01[39m
     15 Linear |R| = [32m2.583468e-01[39m
     16 Linear |R| = [32m1.436654e-01[39m
     17 Linear |R| = [32m9.108482e-02[39m
     18 Linear |R| = [32m6.021166e-02[39m
     19 Linear |R| = [32m4.157067e-02[39m
     20 Linear |R| = [32m2.670584e-02[39m
     21 Linear |R| = [32m1.645832e-02[39m
     22 Linear |R| = [32m1.084406e-02[39m
     23 Linear |R| = [32m7.481833e-03[39m
     24 Linear |R| = [32m4.903445e-03[39m
     25 Linear |R| = [32m3.223138e-03[39m
 8 Nonlinear |R| = [32m3.772213e+02[39m
      0 Linear |R| = [32m3.772213e+02[39m
      1 Linear |R| = [32m3.158744e+02[39m
      2 Linear |R| = [32m2.415709e+02[39m
      3 Linear |R| = [32m1.722584e+02[39m
      4 Linear |R| = [32m1.235161e+02[39m
      5 Linear |R| = [32m8.562880e+01[39m
      6 Linear |R| = [32m5.187908e+01[39m
      7 Linear |R| = [32m2.927483e+01[39m
      8 Linear |R| = [32m1.716970e+01[39m
      9 Linear |R| = [32m9.700900e+00[39m
     10 Linear |R| = [32m5.067029e+00[39m
     11 Linear |R| = [32m2.385787e+00[39m
     12 Linear |R| = [32m1.140208e+00[39m
     13 Linear |R| = [32m5.563440e-01[39m
     14 Linear |R| = [32m2.925250e-01[39m
     15 Linear |R| = [32m1.553777e-01[39m
     16 Linear |R| = [32m8.788490e-02[39m
     17 Linear |R| = [32m5.430443e-02[39m
     18 Linear |R| = [32m3.405679e-02[39m
     19 Linear |R| = [32m2.113809e-02[39m
     20 Linear |R| = [32m1.244719e-02[39m
     21 Linear |R| = [32m6.901305e-03[39m
     22 Linear |R| = [32m4.038145e-03[39m
     23 Linear |R| = [32m2.603335e-03[39m
 9 Nonlinear |R| = [32m3.324430e+02[39m
      0 Linear |R| = [32m3.324430e+02[39m
      1 Linear |R| = [32m2.785968e+02[39m
      2 Linear |R| = [32m2.181436e+02[39m
      3 Linear |R| = [32m1.562003e+02[39m
      4 Linear |R| = [32m1.200893e+02[39m
      5 Linear |R| = [32m8.621660e+01[39m
      6 Linear |R| = [32m5.172550e+01[39m
      7 Linear |R| = [32m3.011946e+01[39m
      8 Linear |R| = [32m1.801834e+01[39m
      9 Linear |R| = [32m1.007796e+01[39m
     10 Linear |R| = [32m5.291739e+00[39m
     11 Linear |R| = [32m2.461767e+00[39m
     12 Linear |R| = [32m1.213156e+00[39m
     13 Linear |R| = [32m6.231914e-01[39m
     14 Linear |R| = [32m3.384916e-01[39m
     15 Linear |R| = [32m1.873506e-01[39m
     16 Linear |R| = [32m1.105220e-01[39m
     17 Linear |R| = [32m6.737075e-02[39m
     18 Linear |R| = [32m3.983243e-02[39m
     19 Linear |R| = [32m2.337559e-02[39m
     20 Linear |R| = [32m1.380186e-02[39m
     21 Linear |R| = [32m7.533762e-03[39m
     22 Linear |R| = [32m4.371531e-03[39m
     23 Linear |R| = [32m2.844492e-03[39m
10 Nonlinear |R| = [32m2.994542e+02[39m
      0 Linear |R| = [32m2.994542e+02[39m
      1 Linear |R| = [32m2.532580e+02[39m
      2 Linear |R| = [32m2.067475e+02[39m
      3 Linear |R| = [32m1.693534e+02[39m
      4 Linear |R| = [32m1.523602e+02[39m
      5 Linear |R| = [32m1.328001e+02[39m
      6 Linear |R| = [32m1.051989e+02[39m
      7 Linear |R| = [32m8.444704e+01[39m
      8 Linear |R| = [32m7.079301e+01[39m
      9 Linear |R| = [32m6.106520e+01[39m
     10 Linear |R| = [32m5.428166e+01[39m
     11 Linear |R| = [32m4.837926e+01[39m
     12 Linear |R| = [32m4.196157e+01[39m
     13 Linear |R| = [32m3.561628e+01[39m
     14 Linear |R| = [32m3.287657e+01[39m
     15 Linear |R| = [33m3.183407e+01[39m
     16 Linear |R| = [33m3.133053e+01[39m
     17 Linear |R| = [33m3.090579e+01[39m
     18 Linear |R| = [33m3.030949e+01[39m
     19 Linear |R| = [33m2.916566e+01[39m
     20 Linear |R| = [32m2.691044e+01[39m
     21 Linear |R| = [32m2.347921e+01[39m
     22 Linear |R| = [32m1.870825e+01[39m
     23 Linear |R| = [32m1.446370e+01[39m
     24 Linear |R| = [32m1.173305e+01[39m
     25 Linear |R| = [32m9.552302e+00[39m
     26 Linear |R| = [32m7.505837e+00[39m
     27 Linear |R| = [32m5.542065e+00[39m
     28 Linear |R| = [32m3.661703e+00[39m
     29 Linear |R| = [32m2.092860e+00[39m
     30 Linear |R| = [32m1.225376e+00[39m
     31 Linear |R| = [32m8.472132e-01[39m
     32 Linear |R| = [32m5.161482e-01[39m
     33 Linear |R| = [32m3.256893e-01[39m
     34 Linear |R| = [32m2.309312e-01[39m
     35 Linear |R| = [32m1.791920e-01[39m
     36 Linear |R| = [32m1.458709e-01[39m
     37 Linear |R| = [32m1.188675e-01[39m
     38 Linear |R| = [32m9.738354e-02[39m
     39 Linear |R| = [32m8.056868e-02[39m
     40 Linear |R| = [32m6.959825e-02[39m
     41 Linear |R| = [32m6.196086e-02[39m
     42 Linear |R| = [32m5.771891e-02[39m
     43 Linear |R| = [33m5.594511e-02[39m
     44 Linear |R| = [33m5.486037e-02[39m
     45 Linear |R| = [33m5.399819e-02[39m
     46 Linear |R| = [33m5.287111e-02[39m
     47 Linear |R| = [33m5.059036e-02[39m
     48 Linear |R| = [32m4.732286e-02[39m
     49 Linear |R| = [32m4.392119e-02[39m
     50 Linear |R| = [32m4.059801e-02[39m
     51 Linear |R| = [32m3.784349e-02[39m
     52 Linear |R| = [32m3.539715e-02[39m
     53 Linear |R| = [32m3.267812e-02[39m
     54 Linear |R| = [32m2.996648e-02[39m
     55 Linear |R| = [32m2.633741e-02[39m
     56 Linear |R| = [32m2.167610e-02[39m
     57 Linear |R| = [32m1.670610e-02[39m
     58 Linear |R| = [32m1.298970e-02[39m
     59 Linear |R| = [32m1.069038e-02[39m
     60 Linear |R| = [32m8.815505e-03[39m
     61 Linear |R| = [32m8.027006e-03[39m
     62 Linear |R| = [32m7.328913e-03[39m
     63 Linear |R| = [32m6.515412e-03[39m
     64 Linear |R| = [32m5.801203e-03[39m
     65 Linear |R| = [32m5.089085e-03[39m
     66 Linear |R| = [32m4.545464e-03[39m
     67 Linear |R| = [32m4.044342e-03[39m
     68 Linear |R| = [32m3.575450e-03[39m
     69 Linear |R| = [32m3.127154e-03[39m
     70 Linear |R| = [32m2.779198e-03[39m
11 Nonlinear |R| = [33m2.969403e+02[39m
      0 Linear |R| = [32m2.969403e+02[39m
      1 Linear |R| = [32m2.508927e+02[39m
      2 Linear |R| = [32m2.067668e+02[39m
      3 Linear |R| = [32m1.751368e+02[39m
      4 Linear |R| = [32m1.627293e+02[39m
      5 Linear |R| = [32m1.488613e+02[39m
      6 Linear |R| = [32m1.272668e+02[39m
      7 Linear |R| = [32m1.092550e+02[39m
      8 Linear |R| = [32m9.692204e+01[39m
      9 Linear |R| = [32m8.714260e+01[39m
     10 Linear |R| = [32m7.892211e+01[39m
     11 Linear |R| = [32m6.967740e+01[39m
     12 Linear |R| = [32m5.539935e+01[39m
     13 Linear |R| = [32m3.602894e+01[39m
     14 Linear |R| = [32m2.476747e+01[39m
     15 Linear |R| = [32m1.898928e+01[39m
     16 Linear |R| = [32m1.558179e+01[39m
     17 Linear |R| = [32m1.292336e+01[39m
     18 Linear |R| = [32m1.041160e+01[39m
     19 Linear |R| = [32m7.702806e+00[39m
     20 Linear |R| = [32m5.315462e+00[39m
     21 Linear |R| = [32m3.632094e+00[39m
     22 Linear |R| = [32m2.230562e+00[39m
     23 Linear |R| = [32m1.247234e+00[39m
     24 Linear |R| = [32m7.122582e-01[39m
     25 Linear |R| = [32m3.911088e-01[39m
     26 Linear |R| = [32m2.056305e-01[39m
     27 Linear |R| = [32m1.101554e-01[39m
     28 Linear |R| = [32m6.135068e-02[39m
     29 Linear |R| = [32m3.259720e-02[39m
     30 Linear |R| = [32m2.103549e-02[39m
     31 Linear |R| = [32m1.247112e-02[39m
     32 Linear |R| = [32m8.586502e-03[39m
     33 Linear |R| = [32m5.512975e-03[39m
     34 Linear |R| = [32m3.661158e-03[39m
     35 Linear |R| = [32m2.578057e-03[39m
12 Nonlinear |R| = [32m2.632340e+02[39m
      0 Linear |R| = [32m2.632340e+02[39m
      1 Linear |R| = [32m2.140001e+02[39m
      2 Linear |R| = [32m1.783571e+02[39m
      3 Linear |R| = [32m1.573419e+02[39m
      4 Linear |R| = [32m1.475049e+02[39m
      5 Linear |R| = [32m1.380618e+02[39m
      6 Linear |R| = [32m1.242302e+02[39m
      7 Linear |R| = [32m1.064447e+02[39m
      8 Linear |R| = [32m9.082436e+01[39m
      9 Linear |R| = [32m7.896368e+01[39m
     10 Linear |R| = [32m6.973860e+01[39m
     11 Linear |R| = [32m6.195284e+01[39m
     12 Linear |R| = [32m5.431611e+01[39m
     13 Linear |R| = [32m4.682068e+01[39m
     14 Linear |R| = [32m4.041192e+01[39m
     15 Linear |R| = [32m3.506016e+01[39m
     16 Linear |R| = [32m2.908634e+01[39m
     17 Linear |R| = [32m2.164665e+01[39m
     18 Linear |R| = [32m1.520044e+01[39m
     19 Linear |R| = [32m1.056738e+01[39m
     20 Linear |R| = [32m6.999964e+00[39m
     21 Linear |R| = [32m4.472015e+00[39m
     22 Linear |R| = [32m2.682098e+00[39m
     23 Linear |R| = [32m1.610637e+00[39m
     24 Linear |R| = [32m9.778508e-01[39m
     25 Linear |R| = [32m5.760880e-01[39m
     26 Linear |R| = [32m3.445423e-01[39m
     27 Linear |R| = [32m2.041448e-01[39m
     28 Linear |R| = [32m1.281621e-01[39m
     29 Linear |R| = [32m8.315961e-02[39m
     30 Linear |R| = [31m2.498629e+00[39m
     31 Linear |R| = [32m1.117672e+00[39m
     32 Linear |R| = [32m6.540135e-01[39m
     33 Linear |R| = [32m3.909486e-01[39m
     34 Linear |R| = [32m2.554441e-01[39m
     35 Linear |R| = [32m1.677776e-01[39m
     36 Linear |R| = [32m1.128732e-01[39m
     37 Linear |R| = [32m7.858639e-02[39m
     38 Linear |R| = [32m6.242871e-02[39m
     39 Linear |R| = [32m5.214236e-02[39m
     40 Linear |R| = [32m4.444217e-02[39m
     41 Linear |R| = [32m3.770934e-02[39m
     42 Linear |R| = [32m3.263740e-02[39m
     43 Linear |R| = [32m2.800692e-02[39m
     44 Linear |R| = [32m2.318928e-02[39m
     45 Linear |R| = [32m1.897355e-02[39m
     46 Linear |R| = [32m1.552396e-02[39m
     47 Linear |R| = [32m1.202486e-02[39m
     48 Linear |R| = [32m9.206255e-03[39m
     49 Linear |R| = [32m7.439969e-03[39m
     50 Linear |R| = [32m6.530968e-03[39m
     51 Linear |R| = [32m5.872785e-03[39m
     52 Linear |R| = [32m5.205915e-03[39m
     53 Linear |R| = [32m4.498727e-03[39m
     54 Linear |R| = [32m3.546889e-03[39m
     55 Linear |R| = [32m2.450524e-03[39m
13 Nonlinear |R| = [32m2.260028e+02[39m
      0 Linear |R| = [32m2.260028e+02[39m
      1 Linear |R| = [32m1.807356e+02[39m
      2 Linear |R| = [32m1.537432e+02[39m
      3 Linear |R| = [32m1.330172e+02[39m
      4 Linear |R| = [32m1.227241e+02[39m
      5 Linear |R| = [32m1.143783e+02[39m
      6 Linear |R| = [32m1.004252e+02[39m
      7 Linear |R| = [32m8.654941e+01[39m
      8 Linear |R| = [32m7.592058e+01[39m
      9 Linear |R| = [32m6.706641e+01[39m
     10 Linear |R| = [32m6.011540e+01[39m
     11 Linear |R| = [32m5.405153e+01[39m
     12 Linear |R| = [32m4.798617e+01[39m
     13 Linear |R| = [32m4.248983e+01[39m
     14 Linear |R| = [32m3.837502e+01[39m
     15 Linear |R| = [32m3.469174e+01[39m
     16 Linear |R| = [32m2.993335e+01[39m
     17 Linear |R| = [32m2.449979e+01[39m
     18 Linear |R| = [32m1.910011e+01[39m
     19 Linear |R| = [32m1.438270e+01[39m
     20 Linear |R| = [32m1.021140e+01[39m
     21 Linear |R| = [32m7.042240e+00[39m
     22 Linear |R| = [32m4.636281e+00[39m
     23 Linear |R| = [32m3.026272e+00[39m
     24 Linear |R| = [32m1.950210e+00[39m
     25 Linear |R| = [32m1.190319e+00[39m
     26 Linear |R| = [32m7.007748e-01[39m
     27 Linear |R| = [32m3.782075e-01[39m
     28 Linear |R| = [32m2.108173e-01[39m
     29 Linear |R| = [32m1.180170e-01[39m
     30 Linear |R| = [31m1.989476e-01[39m
     31 Linear |R| = [32m8.946992e-02[39m
     32 Linear |R| = [32m5.288261e-02[39m
     33 Linear |R| = [32m3.510127e-02[39m
     34 Linear |R| = [32m2.367067e-02[39m
     35 Linear |R| = [32m1.662872e-02[39m
     36 Linear |R| = [32m1.164607e-02[39m
     37 Linear |R| = [32m8.761869e-03[39m
     38 Linear |R| = [32m7.176085e-03[39m
     39 Linear |R| = [32m6.294825e-03[39m
     40 Linear |R| = [32m5.656163e-03[39m
     41 Linear |R| = [32m5.164425e-03[39m
     42 Linear |R| = [32m4.802266e-03[39m
     43 Linear |R| = [32m4.507815e-03[39m
     44 Linear |R| = [32m4.089654e-03[39m
     45 Linear |R| = [32m3.523131e-03[39m
     46 Linear |R| = [32m2.843571e-03[39m
     47 Linear |R| = [32m2.111507e-03[39m
14 Nonlinear |R| = [32m2.038262e+02[39m
      0 Linear |R| = [32m2.038262e+02[39m
      1 Linear |R| = [32m1.634573e+02[39m
      2 Linear |R| = [32m1.396940e+02[39m
      3 Linear |R| = [32m1.209565e+02[39m
      4 Linear |R| = [32m1.116118e+02[39m
      5 Linear |R| = [32m1.045046e+02[39m
      6 Linear |R| = [32m9.355840e+01[39m
      7 Linear |R| = [32m8.259293e+01[39m
      8 Linear |R| = [32m7.429614e+01[39m
      9 Linear |R| = [32m6.733388e+01[39m
     10 Linear |R| = [32m6.135010e+01[39m
     11 Linear |R| = [32m5.530090e+01[39m
     12 Linear |R| = [32m4.875161e+01[39m
     13 Linear |R| = [32m4.374940e+01[39m
     14 Linear |R| = [32m4.037709e+01[39m
     15 Linear |R| = [32m3.716398e+01[39m
     16 Linear |R| = [32m3.373702e+01[39m
     17 Linear |R| = [32m3.093834e+01[39m
     18 Linear |R| = [32m2.810057e+01[39m
     19 Linear |R| = [32m2.516156e+01[39m
     20 Linear |R| = [32m2.175032e+01[39m
     21 Linear |R| = [32m1.793620e+01[39m
     22 Linear |R| = [32m1.291267e+01[39m
     23 Linear |R| = [32m8.620142e+00[39m
     24 Linear |R| = [32m5.946064e+00[39m
     25 Linear |R| = [32m4.067365e+00[39m
     26 Linear |R| = [32m2.727077e+00[39m
     27 Linear |R| = [32m1.691836e+00[39m
     28 Linear |R| = [32m1.055112e+00[39m
     29 Linear |R| = [32m6.526304e-01[39m
     30 Linear |R| = [31m1.185647e+00[39m
     31 Linear |R| = [32m5.602458e-01[39m
     32 Linear |R| = [32m3.461038e-01[39m
     33 Linear |R| = [32m2.155772e-01[39m
     34 Linear |R| = [32m1.361209e-01[39m
     35 Linear |R| = [32m8.880142e-02[39m
     36 Linear |R| = [32m6.423897e-02[39m
     37 Linear |R| = [32m4.608412e-02[39m
     38 Linear |R| = [32m3.416122e-02[39m
     39 Linear |R| = [32m2.779127e-02[39m
     40 Linear |R| = [32m2.462099e-02[39m
     41 Linear |R| = [32m2.253474e-02[39m
     42 Linear |R| = [32m2.073190e-02[39m
     43 Linear |R| = [32m1.902038e-02[39m
     44 Linear |R| = [32m1.673571e-02[39m
     45 Linear |R| = [32m1.394710e-02[39m
     46 Linear |R| = [32m1.139301e-02[39m
     47 Linear |R| = [32m9.601169e-03[39m
     48 Linear |R| = [32m8.214892e-03[39m
     49 Linear |R| = [32m7.197424e-03[39m
     50 Linear |R| = [32m6.396900e-03[39m
     51 Linear |R| = [32m5.792251e-03[39m
     52 Linear |R| = [32m5.262994e-03[39m
     53 Linear |R| = [32m4.841301e-03[39m
     54 Linear |R| = [32m4.398932e-03[39m
     55 Linear |R| = [32m3.775572e-03[39m
     56 Linear |R| = [32m3.004107e-03[39m
     57 Linear |R| = [32m2.227294e-03[39m
     58 Linear |R| = [32m1.659918e-03[39m
15 Nonlinear |R| = [32m1.811120e+02[39m
      0 Linear |R| = [32m1.811120e+02[39m
      1 Linear |R| = [32m1.404972e+02[39m
      2 Linear |R| = [32m1.205675e+02[39m
      3 Linear |R| = [32m1.043514e+02[39m
      4 Linear |R| = [32m9.468879e+01[39m
      5 Linear |R| = [32m8.644461e+01[39m
      6 Linear |R| = [32m7.692955e+01[39m
      7 Linear |R| = [32m6.692548e+01[39m
      8 Linear |R| = [32m5.999182e+01[39m
      9 Linear |R| = [32m5.514059e+01[39m
     10 Linear |R| = [32m5.085765e+01[39m
     11 Linear |R| = [32m4.570090e+01[39m
     12 Linear |R| = [32m3.951747e+01[39m
     13 Linear |R| = [32m3.443953e+01[39m
     14 Linear |R| = [32m3.120650e+01[39m
     15 Linear |R| = [32m2.881870e+01[39m
     16 Linear |R| = [32m2.672956e+01[39m
     17 Linear |R| = [32m2.469441e+01[39m
     18 Linear |R| = [32m2.280558e+01[39m
     19 Linear |R| = [32m2.140546e+01[39m
     20 Linear |R| = [32m2.020485e+01[39m
     21 Linear |R| = [32m1.914601e+01[39m
     22 Linear |R| = [32m1.716121e+01[39m
     23 Linear |R| = [32m1.412893e+01[39m
     24 Linear |R| = [32m1.032065e+01[39m
     25 Linear |R| = [32m6.873737e+00[39m
     26 Linear |R| = [32m4.620983e+00[39m
     27 Linear |R| = [32m3.088332e+00[39m
     28 Linear |R| = [32m2.142197e+00[39m
     29 Linear |R| = [32m1.504355e+00[39m
     30 Linear |R| = [32m1.202314e+00[39m
     31 Linear |R| = [32m9.032048e-01[39m
     32 Linear |R| = [32m7.213812e-01[39m
     33 Linear |R| = [32m5.338929e-01[39m
     34 Linear |R| = [32m3.622837e-01[39m
     35 Linear |R| = [32m2.395041e-01[39m
     36 Linear |R| = [32m1.684535e-01[39m
     37 Linear |R| = [32m1.272082e-01[39m
     38 Linear |R| = [32m1.053070e-01[39m
     39 Linear |R| = [32m9.361737e-02[39m
     40 Linear |R| = [32m8.712233e-02[39m
     41 Linear |R| = [32m8.233318e-02[39m
     42 Linear |R| = [32m7.747117e-02[39m
     43 Linear |R| = [32m7.260131e-02[39m
     44 Linear |R| = [32m6.788735e-02[39m
     45 Linear |R| = [32m6.320726e-02[39m
     46 Linear |R| = [32m5.785399e-02[39m
     47 Linear |R| = [32m5.171335e-02[39m
     48 Linear |R| = [32m4.398862e-02[39m
     49 Linear |R| = [32m3.593554e-02[39m
     50 Linear |R| = [32m2.970716e-02[39m
     51 Linear |R| = [32m2.633708e-02[39m
     52 Linear |R| = [32m2.423483e-02[39m
     53 Linear |R| = [32m2.188731e-02[39m
     54 Linear |R| = [32m1.878336e-02[39m
     55 Linear |R| = [32m1.515352e-02[39m
     56 Linear |R| = [32m1.143786e-02[39m
     57 Linear |R| = [32m8.426626e-03[39m
     58 Linear |R| = [32m6.629631e-03[39m
     59 Linear |R| = [32m5.588706e-03[39m
    Linear solve did not converge due to DIVERGED_BREAKDOWN iterations 60
16 Nonlinear |R| = [33m1.737472e+02[39m
      0 Linear |R| = [32m1.737472e+02[39m
      1 Linear |R| = [32m1.312364e+02[39m
      2 Linear |R| = [32m1.128576e+02[39m
      3 Linear |R| = [32m9.827234e+01[39m
      4 Linear |R| = [32m8.921908e+01[39m
      5 Linear |R| = [32m8.115340e+01[39m
      6 Linear |R| = [32m7.272070e+01[39m
      7 Linear |R| = [32m6.370038e+01[39m
      8 Linear |R| = [32m5.802759e+01[39m
      9 Linear |R| = [32m5.385957e+01[39m
     10 Linear |R| = [32m4.885734e+01[39m
     11 Linear |R| = [32m4.298822e+01[39m
     12 Linear |R| = [32m3.613482e+01[39m
     13 Linear |R| = [32m2.869450e+01[39m
     14 Linear |R| = [32m2.241088e+01[39m
     15 Linear |R| = [32m1.721661e+01[39m
     16 Linear |R| = [32m1.234283e+01[39m
     17 Linear |R| = [32m8.144589e+00[39m
     18 Linear |R| = [32m5.439001e+00[39m
     19 Linear |R| = [32m3.884646e+00[39m
     20 Linear |R| = [32m2.694366e+00[39m
     21 Linear |R| = [32m1.971921e+00[39m
     22 Linear |R| = [32m1.409791e+00[39m
     23 Linear |R| = [32m9.880218e-01[39m
     24 Linear |R| = [32m6.542678e-01[39m
     25 Linear |R| = [32m4.150425e-01[39m
     26 Linear |R| = [32m2.750583e-01[39m
     27 Linear |R| = [32m1.915051e-01[39m
     28 Linear |R| = [32m1.397553e-01[39m
     29 Linear |R| = [32m1.025426e-01[39m
     30 Linear |R| = [32m7.484124e-02[39m
     31 Linear |R| = [32m6.066906e-02[39m
     32 Linear |R| = [32m4.699038e-02[39m
     33 Linear |R| = [32m3.473953e-02[39m
     34 Linear |R| = [32m2.344684e-02[39m
     35 Linear |R| = [32m1.544617e-02[39m
     36 Linear |R| = [32m1.066082e-02[39m
     37 Linear |R| = [32m7.859472e-03[39m
     38 Linear |R| = [32m6.307545e-03[39m
     39 Linear |R| = [32m5.383127e-03[39m
     40 Linear |R| = [32m4.570202e-03[39m
     41 Linear |R| = [32m3.798799e-03[39m
     42 Linear |R| = [32m3.251659e-03[39m
     43 Linear |R| = [32m2.820577e-03[39m
     44 Linear |R| = [32m2.477914e-03[39m
     45 Linear |R| = [32m2.186232e-03[39m
     46 Linear |R| = [32m1.901172e-03[39m
     47 Linear |R| = [32m1.576838e-03[39m
17 Nonlinear |R| = [32m1.527301e+02[39m
      0 Linear |R| = [32m1.527301e+02[39m
      1 Linear |R| = [32m1.137760e+02[39m
      2 Linear |R| = [32m9.906126e+01[39m
      3 Linear |R| = [32m8.535313e+01[39m
      4 Linear |R| = [32m7.746588e+01[39m
      5 Linear |R| = [32m7.003198e+01[39m
      6 Linear |R| = [32m6.128595e+01[39m
      7 Linear |R| = [32m5.294083e+01[39m
      8 Linear |R| = [32m4.816273e+01[39m
      9 Linear |R| = [32m4.402424e+01[39m
     10 Linear |R| = [32m3.932072e+01[39m
     11 Linear |R| = [32m3.481292e+01[39m
     12 Linear |R| = [32m2.916008e+01[39m
     13 Linear |R| = [32m2.217317e+01[39m
     14 Linear |R| = [32m1.622911e+01[39m
     15 Linear |R| = [32m1.215534e+01[39m
     16 Linear |R| = [32m8.690862e+00[39m
     17 Linear |R| = [32m5.993010e+00[39m
     18 Linear |R| = [32m4.367131e+00[39m
     19 Linear |R| = [32m3.350283e+00[39m
     20 Linear |R| = [32m2.441212e+00[39m
     21 Linear |R| = [32m1.731621e+00[39m
     22 Linear |R| = [32m1.172973e+00[39m
     23 Linear |R| = [32m7.969565e-01[39m
     24 Linear |R| = [32m5.385776e-01[39m
     25 Linear |R| = [32m3.550497e-01[39m
     26 Linear |R| = [32m2.344893e-01[39m
     27 Linear |R| = [32m1.483536e-01[39m
     28 Linear |R| = [32m9.315297e-02[39m
     29 Linear |R| = [32m6.027908e-02[39m
     30 Linear |R| = [32m4.212239e-02[39m
     31 Linear |R| = [32m3.424494e-02[39m
     32 Linear |R| = [32m2.575169e-02[39m
     33 Linear |R| = [32m1.811948e-02[39m
     34 Linear |R| = [32m1.197967e-02[39m
     35 Linear |R| = [32m7.835805e-03[39m
     36 Linear |R| = [32m5.116240e-03[39m
     37 Linear |R| = [32m3.391093e-03[39m
     38 Linear |R| = [32m2.285548e-03[39m
     39 Linear |R| = [32m1.656792e-03[39m
     40 Linear |R| = [32m1.222195e-03[39m
18 Nonlinear |R| = [32m1.372105e+02[39m
      0 Linear |R| = [32m1.372105e+02[39m
      1 Linear |R| = [32m1.022555e+02[39m
      2 Linear |R| = [32m8.912291e+01[39m
      3 Linear |R| = [32m7.691553e+01[39m
      4 Linear |R| = [32m7.020723e+01[39m
      5 Linear |R| = [32m6.346612e+01[39m
      6 Linear |R| = [32m5.496761e+01[39m
      7 Linear |R| = [32m4.666982e+01[39m
      8 Linear |R| = [32m4.212829e+01[39m
      9 Linear |R| = [32m3.859078e+01[39m
     10 Linear |R| = [32m3.470597e+01[39m
     11 Linear |R| = [32m3.084009e+01[39m
     12 Linear |R| = [32m2.560478e+01[39m
     13 Linear |R| = [32m1.865062e+01[39m
     14 Linear |R| = [32m1.284789e+01[39m
     15 Linear |R| = [32m9.407265e+00[39m
     16 Linear |R| = [32m6.838031e+00[39m
     17 Linear |R| = [32m4.737237e+00[39m
     18 Linear |R| = [32m3.320809e+00[39m
     19 Linear |R| = [32m2.449227e+00[39m
     20 Linear |R| = [32m1.780268e+00[39m
     21 Linear |R| = [32m1.284862e+00[39m
     22 Linear |R| = [32m8.946798e-01[39m
     23 Linear |R| = [32m6.247972e-01[39m
     24 Linear |R| = [32m4.449394e-01[39m
     25 Linear |R| = [32m3.231512e-01[39m
     26 Linear |R| = [32m2.406282e-01[39m
     27 Linear |R| = [32m1.749148e-01[39m
     28 Linear |R| = [32m1.255443e-01[39m
     29 Linear |R| = [32m8.859711e-02[39m
     30 Linear |R| = [31m1.759904e-01[39m
     31 Linear |R| = [32m7.607250e-02[39m
     32 Linear |R| = [32m5.035421e-02[39m
     33 Linear |R| = [32m3.708640e-02[39m
     34 Linear |R| = [32m2.752823e-02[39m
     35 Linear |R| = [32m1.977599e-02[39m
     36 Linear |R| = [32m1.355127e-02[39m
     37 Linear |R| = [32m9.611108e-03[39m
     38 Linear |R| = [32m7.522288e-03[39m
     39 Linear |R| = [32m5.962099e-03[39m
     40 Linear |R| = [32m4.615449e-03[39m
     41 Linear |R| = [32m3.537898e-03[39m
     42 Linear |R| = [32m2.771892e-03[39m
     43 Linear |R| = [32m2.245586e-03[39m
     44 Linear |R| = [32m1.905048e-03[39m
     45 Linear |R| = [32m1.695491e-03[39m
     46 Linear |R| = [32m1.529968e-03[39m
     47 Linear |R| = [32m1.344226e-03[39m
19 Nonlinear |R| = [32m1.235540e+02[39m
      0 Linear |R| = [32m1.235540e+02[39m
      1 Linear |R| = [32m9.214682e+01[39m
      2 Linear |R| = [32m8.051458e+01[39m
      3 Linear |R| = [32m6.971581e+01[39m
      4 Linear |R| = [32m6.371398e+01[39m
      5 Linear |R| = [32m5.756816e+01[39m
      6 Linear |R| = [32m4.983463e+01[39m
      7 Linear |R| = [32m4.237455e+01[39m
      8 Linear |R| = [32m3.823784e+01[39m
      9 Linear |R| = [32m3.501195e+01[39m
     10 Linear |R| = [32m3.157920e+01[39m
     11 Linear |R| = [32m2.828905e+01[39m
     12 Linear |R| = [32m2.380241e+01[39m
     13 Linear |R| = [32m1.761089e+01[39m
     14 Linear |R| = [32m1.219513e+01[39m
     15 Linear |R| = [32m8.855747e+00[39m
     16 Linear |R| = [32m6.390446e+00[39m
     17 Linear |R| = [32m4.424859e+00[39m
     18 Linear |R| = [32m3.103966e+00[39m
     19 Linear |R| = [32m2.274950e+00[39m
     20 Linear |R| = [32m1.608664e+00[39m
     21 Linear |R| = [32m1.092764e+00[39m
     22 Linear |R| = [32m7.132038e-01[39m
     23 Linear |R| = [32m4.691823e-01[39m
     24 Linear |R| = [32m3.180465e-01[39m
     25 Linear |R| = [32m2.264141e-01[39m
     26 Linear |R| = [32m1.705895e-01[39m
     27 Linear |R| = [32m1.296705e-01[39m
     28 Linear |R| = [32m9.863914e-02[39m
     29 Linear |R| = [32m7.228589e-02[39m
     30 Linear |R| = [32m5.292557e-02[39m
     31 Linear |R| = [32m4.374314e-02[39m
     32 Linear |R| = [32m3.403201e-02[39m
     33 Linear |R| = [32m2.538799e-02[39m
     34 Linear |R| = [32m1.893819e-02[39m
     35 Linear |R| = [32m1.431739e-02[39m
     36 Linear |R| = [32m1.055597e-02[39m
     37 Linear |R| = [32m7.676618e-03[39m
     38 Linear |R| = [32m5.518357e-03[39m
     39 Linear |R| = [32m3.902107e-03[39m
     40 Linear |R| = [32m2.772275e-03[39m
     41 Linear |R| = [32m2.017735e-03[39m
     42 Linear |R| = [32m1.558439e-03[39m
     43 Linear |R| = [32m1.266718e-03[39m
     44 Linear |R| = [32m1.077990e-03[39m
20 Nonlinear |R| = [32m1.101134e+02[39m
      0 Linear |R| = [32m1.101134e+02[39m
      1 Linear |R| = [32m8.008371e+01[39m
      2 Linear |R| = [32m7.006202e+01[39m
      3 Linear |R| = [32m6.140019e+01[39m
      4 Linear |R| = [32m5.573212e+01[39m
      5 Linear |R| = [32m4.970377e+01[39m
      6 Linear |R| = [32m4.264170e+01[39m
      7 Linear |R| = [32m3.550448e+01[39m
      8 Linear |R| = [32m3.123741e+01[39m
      9 Linear |R| = [32m2.834832e+01[39m
     10 Linear |R| = [32m2.573922e+01[39m
     11 Linear |R| = [32m2.313368e+01[39m
     12 Linear |R| = [32m1.998082e+01[39m
     13 Linear |R| = [32m1.619009e+01[39m
     14 Linear |R| = [32m1.234715e+01[39m
     15 Linear |R| = [32m9.162516e+00[39m
     16 Linear |R| = [32m6.654194e+00[39m
     17 Linear |R| = [32m4.840087e+00[39m
     18 Linear |R| = [32m3.553340e+00[39m
     19 Linear |R| = [32m2.617874e+00[39m
     20 Linear |R| = [32m1.851103e+00[39m
     21 Linear |R| = [32m1.261318e+00[39m
     22 Linear |R| = [32m8.136941e-01[39m
     23 Linear |R| = [32m5.389474e-01[39m
     24 Linear |R| = [32m3.992444e-01[39m
     25 Linear |R| = [32m3.256506e-01[39m
     26 Linear |R| = [32m2.710600e-01[39m
     27 Linear |R| = [32m2.182126e-01[39m
     28 Linear |R| = [32m1.665229e-01[39m
     29 Linear |R| = [32m1.181399e-01[39m
     30 Linear |R| = [31m8.655775e-01[39m
     31 Linear |R| = [32m3.012195e-01[39m
     32 Linear |R| = [32m1.305426e-01[39m
     33 Linear |R| = [32m8.085728e-02[39m
     34 Linear |R| = [32m5.990171e-02[39m
     35 Linear |R| = [32m4.781833e-02[39m
     36 Linear |R| = [32m3.854253e-02[39m
     37 Linear |R| = [32m3.134312e-02[39m
     38 Linear |R| = [32m2.495837e-02[39m
     39 Linear |R| = [32m1.858216e-02[39m
     40 Linear |R| = [32m1.324385e-02[39m
     41 Linear |R| = [32m9.633103e-03[39m
     42 Linear |R| = [32m6.930789e-03[39m
     43 Linear |R| = [32m4.956775e-03[39m
     44 Linear |R| = [32m3.631413e-03[39m
     45 Linear |R| = [32m2.734357e-03[39m
     46 Linear |R| = [32m2.069383e-03[39m
     47 Linear |R| = [32m1.592026e-03[39m
     48 Linear |R| = [32m1.236582e-03[39m
     49 Linear |R| = [32m9.700336e-04[39m
21 Nonlinear |R| = [32m9.814281e+01[39m
      0 Linear |R| = [32m9.814281e+01[39m
      1 Linear |R| = [32m7.022886e+01[39m
      2 Linear |R| = [32m6.215760e+01[39m
      3 Linear |R| = [32m5.496114e+01[39m
      4 Linear |R| = [32m4.949493e+01[39m
      5 Linear |R| = [32m4.381957e+01[39m
      6 Linear |R| = [32m3.749509e+01[39m
      7 Linear |R| = [32m3.135670e+01[39m
      8 Linear |R| = [32m2.760847e+01[39m
      9 Linear |R| = [32m2.512415e+01[39m
     10 Linear |R| = [32m2.253470e+01[39m
     11 Linear |R| = [32m1.959476e+01[39m
     12 Linear |R| = [32m1.652487e+01[39m
     13 Linear |R| = [32m1.322222e+01[39m
     14 Linear |R| = [32m1.002302e+01[39m
     15 Linear |R| = [32m7.665010e+00[39m
     16 Linear |R| = [32m6.012444e+00[39m
     17 Linear |R| = [32m4.687487e+00[39m
     18 Linear |R| = [32m3.639637e+00[39m
     19 Linear |R| = [32m2.812095e+00[39m
     20 Linear |R| = [32m2.185237e+00[39m
     21 Linear |R| = [32m1.768964e+00[39m
     22 Linear |R| = [32m1.492106e+00[39m
     23 Linear |R| = [32m1.324332e+00[39m
     24 Linear |R| = [32m1.221050e+00[39m
     25 Linear |R| = [32m1.131962e+00[39m
     26 Linear |R| = [32m1.032357e+00[39m
     27 Linear |R| = [32m9.151790e-01[39m
     28 Linear |R| = [32m7.889395e-01[39m
     29 Linear |R| = [32m6.653684e-01[39m
     30 Linear |R| = [32m5.461293e-01[39m
     31 Linear |R| = [32m4.799469e-01[39m
     32 Linear |R| = [32m4.178651e-01[39m
     33 Linear |R| = [32m3.604047e-01[39m
     34 Linear |R| = [32m3.198106e-01[39m
     35 Linear |R| = [32m2.888522e-01[39m
     36 Linear |R| = [32m2.667523e-01[39m
     37 Linear |R| = [32m2.481094e-01[39m
     38 Linear |R| = [32m2.277715e-01[39m
     39 Linear |R| = [32m2.039189e-01[39m
     40 Linear |R| = [32m1.733562e-01[39m
     41 Linear |R| = [32m1.392780e-01[39m
     42 Linear |R| = [32m1.081983e-01[39m
     43 Linear |R| = [32m8.334374e-02[39m
     44 Linear |R| = [32m6.260452e-02[39m
     45 Linear |R| = [32m4.690128e-02[39m
     46 Linear |R| = [32m3.923737e-02[39m
     47 Linear |R| = [32m3.461115e-02[39m
     48 Linear |R| = [32m3.166597e-02[39m
     49 Linear |R| = [32m2.857391e-02[39m
     50 Linear |R| = [32m2.511984e-02[39m
     51 Linear |R| = [32m2.138772e-02[39m
     52 Linear |R| = [32m1.774254e-02[39m
     53 Linear |R| = [32m1.426792e-02[39m
     54 Linear |R| = [32m1.147707e-02[39m
     55 Linear |R| = [32m9.251631e-03[39m
     56 Linear |R| = [32m6.817058e-03[39m
     57 Linear |R| = [32m4.723356e-03[39m
     58 Linear |R| = [32m3.405785e-03[39m
     59 Linear |R| = [32m2.479214e-03[39m
    Linear solve did not converge due to DIVERGED_BREAKDOWN iterations 60
22 Nonlinear |R| = [32m8.733766e+01[39m
      0 Linear |R| = [32m8.733766e+01[39m
      1 Linear |R| = [32m6.170854e+01[39m
      2 Linear |R| = [32m5.485152e+01[39m
      3 Linear |R| = [32m4.796122e+01[39m
      4 Linear |R| = [32m4.291447e+01[39m
      5 Linear |R| = [32m3.803435e+01[39m
      6 Linear |R| = [32m3.253826e+01[39m
      7 Linear |R| = [32m2.724619e+01[39m
      8 Linear |R| = [32m2.371724e+01[39m
      9 Linear |R| = [32m2.093739e+01[39m
     10 Linear |R| = [32m1.800899e+01[39m
     11 Linear |R| = [32m1.533858e+01[39m
     12 Linear |R| = [32m1.302743e+01[39m
     13 Linear |R| = [32m1.053292e+01[39m
     14 Linear |R| = [32m7.797590e+00[39m
     15 Linear |R| = [32m5.595668e+00[39m
     16 Linear |R| = [32m4.111495e+00[39m
     17 Linear |R| = [32m3.115812e+00[39m
     18 Linear |R| = [32m2.378978e+00[39m
     19 Linear |R| = [32m1.844011e+00[39m
     20 Linear |R| = [32m1.435075e+00[39m
     21 Linear |R| = [32m1.134101e+00[39m
     22 Linear |R| = [32m9.402833e-01[39m
     23 Linear |R| = [32m8.439440e-01[39m
     24 Linear |R| = [32m7.920561e-01[39m
     25 Linear |R| = [32m7.472899e-01[39m
     26 Linear |R| = [32m6.937320e-01[39m
     27 Linear |R| = [32m6.230516e-01[39m
     28 Linear |R| = [32m5.409595e-01[39m
     29 Linear |R| = [32m4.526855e-01[39m
     30 Linear |R| = [32m3.560237e-01[39m
     31 Linear |R| = [32m3.029046e-01[39m
     32 Linear |R| = [32m2.530759e-01[39m
     33 Linear |R| = [32m2.111963e-01[39m
     34 Linear |R| = [32m1.806346e-01[39m
     35 Linear |R| = [32m1.546920e-01[39m
     36 Linear |R| = [32m1.367020e-01[39m
     37 Linear |R| = [32m1.242638e-01[39m
     38 Linear |R| = [32m1.143140e-01[39m
     39 Linear |R| = [32m1.036805e-01[39m
     40 Linear |R| = [32m9.152320e-02[39m
     41 Linear |R| = [32m7.836011e-02[39m
     42 Linear |R| = [32m6.531753e-02[39m
     43 Linear |R| = [32m5.373187e-02[39m
     44 Linear |R| = [32m4.326319e-02[39m
     45 Linear |R| = [32m3.262995e-02[39m
     46 Linear |R| = [32m2.488977e-02[39m
     47 Linear |R| = [32m1.953649e-02[39m
     48 Linear |R| = [32m1.637381e-02[39m
     49 Linear |R| = [32m1.404394e-02[39m
     50 Linear |R| = [32m1.219020e-02[39m
     51 Linear |R| = [32m1.057607e-02[39m
     52 Linear |R| = [32m9.158658e-03[39m
     53 Linear |R| = [32m7.777797e-03[39m
     54 Linear |R| = [32m6.548596e-03[39m
     55 Linear |R| = [32m5.438759e-03[39m
     56 Linear |R| = [32m4.152137e-03[39m
     57 Linear |R| = [32m2.957898e-03[39m
     58 Linear |R| = [32m2.166472e-03[39m
     59 Linear |R| = [32m1.587847e-03[39m
     60 Linear |R| = [32m1.117965e-03[39m
     61 Linear |R| = [32m9.056753e-04[39m
     62 Linear |R| = [32m7.340060e-04[39m
23 Nonlinear |R| = [32m7.182967e+01[39m
      0 Linear |R| = [32m7.182967e+01[39m
      1 Linear |R| = [32m5.095848e+01[39m
      2 Linear |R| = [32m4.542959e+01[39m
      3 Linear |R| = [32m3.974240e+01[39m
      4 Linear |R| = [32m3.586065e+01[39m
      5 Linear |R| = [32m3.200753e+01[39m
      6 Linear |R| = [32m2.731131e+01[39m
      7 Linear |R| = [32m2.218629e+01[39m
      8 Linear |R| = [32m1.851070e+01[39m
      9 Linear |R| = [32m1.590414e+01[39m
     10 Linear |R| = [32m1.356936e+01[39m
     11 Linear |R| = [32m1.154155e+01[39m
     12 Linear |R| = [32m9.717779e+00[39m
     13 Linear |R| = [32m7.854523e+00[39m
     14 Linear |R| = [32m6.077489e+00[39m
     15 Linear |R| = [32m4.835762e+00[39m
     16 Linear |R| = [32m3.799038e+00[39m
     17 Linear |R| = [32m2.806035e+00[39m
     18 Linear |R| = [32m1.978481e+00[39m
     19 Linear |R| = [32m1.400468e+00[39m
     20 Linear |R| = [32m9.889479e-01[39m
     21 Linear |R| = [32m7.203555e-01[39m
     22 Linear |R| = [32m5.529969e-01[39m
     23 Linear |R| = [32m4.663813e-01[39m
     24 Linear |R| = [32m4.190970e-01[39m
     25 Linear |R| = [32m3.872123e-01[39m
     26 Linear |R| = [32m3.621473e-01[39m
     27 Linear |R| = [32m3.363405e-01[39m
     28 Linear |R| = [32m3.057333e-01[39m
     29 Linear |R| = [32m2.644634e-01[39m
     30 Linear |R| = [32m2.145370e-01[39m
     31 Linear |R| = [32m1.896919e-01[39m
     32 Linear |R| = [32m1.687670e-01[39m
     33 Linear |R| = [32m1.504247e-01[39m
     34 Linear |R| = [32m1.324109e-01[39m
     35 Linear |R| = [32m1.148733e-01[39m
     36 Linear |R| = [32m1.017481e-01[39m
     37 Linear |R| = [32m9.121845e-02[39m
     38 Linear |R| = [32m8.227499e-02[39m
     39 Linear |R| = [32m7.365895e-02[39m
     40 Linear |R| = [32m6.448311e-02[39m
     41 Linear |R| = [32m5.445336e-02[39m
     42 Linear |R| = [32m4.369895e-02[39m
     43 Linear |R| = [32m3.419902e-02[39m
     44 Linear |R| = [32m2.546533e-02[39m
     45 Linear |R| = [32m1.803062e-02[39m
     46 Linear |R| = [32m1.324718e-02[39m
     47 Linear |R| = [32m9.794605e-03[39m
     48 Linear |R| = [32m8.288958e-03[39m
     49 Linear |R| = [32m7.392643e-03[39m
     50 Linear |R| = [32m6.730426e-03[39m
     51 Linear |R| = [32m6.033397e-03[39m
     52 Linear |R| = [32m5.118803e-03[39m
     53 Linear |R| = [32m3.915851e-03[39m
     54 Linear |R| = [32m2.773692e-03[39m
     55 Linear |R| = [32m1.906265e-03[39m
     56 Linear |R| = [32m1.274337e-03[39m
     57 Linear |R| = [32m8.492837e-04[39m
     58 Linear |R| = [32m5.834494e-04[39m
24 Nonlinear |R| = [32m6.115948e+01[39m
      0 Linear |R| = [32m6.115948e+01[39m
      1 Linear |R| = [32m4.334106e+01[39m
      2 Linear |R| = [32m3.865440e+01[39m
      3 Linear |R| = [32m3.398846e+01[39m
      4 Linear |R| = [32m3.088751e+01[39m
      5 Linear |R| = [32m2.766070e+01[39m
      6 Linear |R| = [32m2.360197e+01[39m
      7 Linear |R| = [32m1.898189e+01[39m
      8 Linear |R| = [32m1.546174e+01[39m
      9 Linear |R| = [32m1.287268e+01[39m
     10 Linear |R| = [32m1.065452e+01[39m
     11 Linear |R| = [32m8.956164e+00[39m
     12 Linear |R| = [32m7.592495e+00[39m
     13 Linear |R| = [32m6.262715e+00[39m
     14 Linear |R| = [32m5.021417e+00[39m
     15 Linear |R| = [32m4.159351e+00[39m
     16 Linear |R| = [32m3.391738e+00[39m
     17 Linear |R| = [32m2.552886e+00[39m
     18 Linear |R| = [32m1.809049e+00[39m
     19 Linear |R| = [32m1.285633e+00[39m
     20 Linear |R| = [32m8.936790e-01[39m
     21 Linear |R| = [32m6.287827e-01[39m
     22 Linear |R| = [32m4.668649e-01[39m
     23 Linear |R| = [32m3.843251e-01[39m
     24 Linear |R| = [32m3.394481e-01[39m
     25 Linear |R| = [32m3.112783e-01[39m
     26 Linear |R| = [32m2.916813e-01[39m
     27 Linear |R| = [32m2.719671e-01[39m
     28 Linear |R| = [32m2.473157e-01[39m
     29 Linear |R| = [32m2.127278e-01[39m
     30 Linear |R| = [32m1.683514e-01[39m
     31 Linear |R| = [32m1.454667e-01[39m
     32 Linear |R| = [32m1.281368e-01[39m
     33 Linear |R| = [32m1.150487e-01[39m
     34 Linear |R| = [32m1.036811e-01[39m
     35 Linear |R| = [32m9.287386e-02[39m
     36 Linear |R| = [32m8.326254e-02[39m
     37 Linear |R| = [32m7.417218e-02[39m
     38 Linear |R| = [32m6.475142e-02[39m
     39 Linear |R| = [32m5.534789e-02[39m
     40 Linear |R| = [32m4.661390e-02[39m
     41 Linear |R| = [32m3.841911e-02[39m
     42 Linear |R| = [32m3.074072e-02[39m
     43 Linear |R| = [32m2.437834e-02[39m
     44 Linear |R| = [32m1.880637e-02[39m
     45 Linear |R| = [32m1.403985e-02[39m
     46 Linear |R| = [32m1.062040e-02[39m
     47 Linear |R| = [32m7.990718e-03[39m
     48 Linear |R| = [32m6.829705e-03[39m
     49 Linear |R| = [32m6.081027e-03[39m
     50 Linear |R| = [32m5.485552e-03[39m
     51 Linear |R| = [32m4.866671e-03[39m
     52 Linear |R| = [32m4.110444e-03[39m
     53 Linear |R| = [32m3.156880e-03[39m
     54 Linear |R| = [32m2.318544e-03[39m
     55 Linear |R| = [32m1.652442e-03[39m
     56 Linear |R| = [32m1.136543e-03[39m
     57 Linear |R| = [32m7.772369e-04[39m
     58 Linear |R| = [32m5.327471e-04[39m
25 Nonlinear |R| = [32m5.459216e+01[39m
      0 Linear |R| = [32m5.459216e+01[39m
      1 Linear |R| = [32m3.867408e+01[39m
      2 Linear |R| = [32m3.451233e+01[39m
      3 Linear |R| = [32m3.042393e+01[39m
      4 Linear |R| = [32m2.772493e+01[39m
      5 Linear |R| = [32m2.484073e+01[39m
      6 Linear |R| = [32m2.109588e+01[39m
      7 Linear |R| = [32m1.676549e+01[39m
      8 Linear |R| = [32m1.341706e+01[39m
      9 Linear |R| = [32m1.095521e+01[39m
     10 Linear |R| = [32m8.943220e+00[39m
     11 Linear |R| = [32m7.539211e+00[39m
     12 Linear |R| = [32m6.497216e+00[39m
     13 Linear |R| = [32m5.460750e+00[39m
     14 Linear |R| = [32m4.425852e+00[39m
     15 Linear |R| = [32m3.652092e+00[39m
     16 Linear |R| = [32m2.906742e+00[39m
     17 Linear |R| = [32m2.099855e+00[39m
     18 Linear |R| = [32m1.444817e+00[39m
     19 Linear |R| = [32m1.024916e+00[39m
     20 Linear |R| = [32m7.190949e-01[39m
     21 Linear |R| = [32m5.088837e-01[39m
     22 Linear |R| = [32m3.833523e-01[39m
     23 Linear |R| = [32m3.197944e-01[39m
     24 Linear |R| = [32m2.825351e-01[39m
     25 Linear |R| = [32m2.569287e-01[39m
     26 Linear |R| = [32m2.378008e-01[39m
     27 Linear |R| = [32m2.187429e-01[39m
     28 Linear |R| = [32m1.978434e-01[39m
     29 Linear |R| = [32m1.736377e-01[39m
     30 Linear |R| = [32m1.524321e-01[39m
     31 Linear |R| = [32m1.328877e-01[39m
     32 Linear |R| = [32m1.206800e-01[39m
     33 Linear |R| = [32m1.102201e-01[39m
     34 Linear |R| = [32m9.974742e-02[39m
     35 Linear |R| = [32m8.816301e-02[39m
     36 Linear |R| = [32m7.703538e-02[39m
     37 Linear |R| = [32m6.719473e-02[39m
     38 Linear |R| = [32m5.894164e-02[39m
     39 Linear |R| = [32m5.147504e-02[39m
     40 Linear |R| = [32m4.420215e-02[39m
     41 Linear |R| = [32m3.672654e-02[39m
     42 Linear |R| = [32m2.814551e-02[39m
     43 Linear |R| = [32m2.117944e-02[39m
     44 Linear |R| = [32m1.563821e-02[39m
     45 Linear |R| = [32m1.136536e-02[39m
     46 Linear |R| = [32m8.574719e-03[39m
     47 Linear |R| = [32m6.670578e-03[39m
     48 Linear |R| = [32m5.847622e-03[39m
     49 Linear |R| = [32m5.388459e-03[39m
     50 Linear |R| = [32m4.939707e-03[39m
     51 Linear |R| = [32m4.289601e-03[39m
     52 Linear |R| = [32m3.482817e-03[39m
     53 Linear |R| = [32m2.486287e-03[39m
     54 Linear |R| = [32m1.582582e-03[39m
     55 Linear |R| = [32m9.769315e-04[39m
     56 Linear |R| = [32m6.172830e-04[39m
     57 Linear |R| = [32m4.077197e-04[39m
26 Nonlinear |R| = [32m4.917719e+01[39m
      0 Linear |R| = [32m4.917719e+01[39m
      1 Linear |R| = [32m3.482895e+01[39m
      2 Linear |R| = [32m3.111831e+01[39m
      3 Linear |R| = [32m2.759615e+01[39m
      4 Linear |R| = [32m2.526415e+01[39m
      5 Linear |R| = [32m2.260367e+01[39m
      6 Linear |R| = [32m1.900701e+01[39m
      7 Linear |R| = [32m1.479006e+01[39m
      8 Linear |R| = [32m1.144209e+01[39m
      9 Linear |R| = [32m8.919536e+00[39m
     10 Linear |R| = [32m6.985854e+00[39m
     11 Linear |R| = [32m5.837534e+00[39m
     12 Linear |R| = [32m5.122679e+00[39m
     13 Linear |R| = [32m4.429446e+00[39m
     14 Linear |R| = [32m3.673247e+00[39m
     15 Linear |R| = [32m3.053613e+00[39m
     16 Linear |R| = [32m2.400150e+00[39m
     17 Linear |R| = [32m1.657890e+00[39m
     18 Linear |R| = [32m1.082260e+00[39m
     19 Linear |R| = [32m7.487268e-01[39m
     20 Linear |R| = [32m5.151039e-01[39m
     21 Linear |R| = [32m3.471743e-01[39m
     22 Linear |R| = [32m2.435502e-01[39m
     23 Linear |R| = [32m1.915326e-01[39m
     24 Linear |R| = [32m1.641887e-01[39m
     25 Linear |R| = [32m1.484489e-01[39m
     26 Linear |R| = [32m1.376561e-01[39m
     27 Linear |R| = [32m1.269052e-01[39m
     28 Linear |R| = [32m1.146580e-01[39m
     29 Linear |R| = [32m1.000987e-01[39m
     30 Linear |R| = [32m8.330457e-02[39m
     31 Linear |R| = [32m7.175825e-02[39m
     32 Linear |R| = [32m6.344247e-02[39m
     33 Linear |R| = [32m5.687442e-02[39m
     34 Linear |R| = [32m5.190557e-02[39m
     35 Linear |R| = [32m4.788486e-02[39m
     36 Linear |R| = [32m4.388642e-02[39m
     37 Linear |R| = [32m3.940748e-02[39m
     38 Linear |R| = [32m3.327251e-02[39m
     39 Linear |R| = [32m2.605467e-02[39m
     40 Linear |R| = [32m1.973308e-02[39m
     41 Linear |R| = [32m1.487659e-02[39m
     42 Linear |R| = [32m1.104419e-02[39m
     43 Linear |R| = [32m8.615556e-03[39m
     44 Linear |R| = [32m6.949920e-03[39m
     45 Linear |R| = [32m5.670726e-03[39m
     46 Linear |R| = [32m4.693465e-03[39m
     47 Linear |R| = [32m3.822806e-03[39m
     48 Linear |R| = [32m3.285128e-03[39m
     49 Linear |R| = [32m2.837875e-03[39m
     50 Linear |R| = [32m2.449526e-03[39m
     51 Linear |R| = [32m2.118733e-03[39m
     52 Linear |R| = [32m1.796207e-03[39m
     53 Linear |R| = [32m1.445664e-03[39m
     54 Linear |R| = [32m1.136938e-03[39m
     55 Linear |R| = [32m8.372046e-04[39m
     56 Linear |R| = [32m5.620768e-04[39m
     57 Linear |R| = [32m3.611393e-04[39m
27 Nonlinear |R| = [32m4.419781e+01[39m
      0 Linear |R| = [32m4.419781e+01[39m
      1 Linear |R| = [32m3.104109e+01[39m
      2 Linear |R| = [32m2.770378e+01[39m
      3 Linear |R| = [32m2.477418e+01[39m
      4 Linear |R| = [32m2.278534e+01[39m
      5 Linear |R| = [32m2.041140e+01[39m
      6 Linear |R| = [32m1.745449e+01[39m
      7 Linear |R| = [32m1.376068e+01[39m
      8 Linear |R| = [32m1.021844e+01[39m
      9 Linear |R| = [32m7.236863e+00[39m
     10 Linear |R| = [32m4.992774e+00[39m
     11 Linear |R| = [32m3.675848e+00[39m
     12 Linear |R| = [32m2.965527e+00[39m
     13 Linear |R| = [32m2.498334e+00[39m
     14 Linear |R| = [32m2.155407e+00[39m
     15 Linear |R| = [32m1.936589e+00[39m
     16 Linear |R| = [32m1.728975e+00[39m
     17 Linear |R| = [32m1.454665e+00[39m
     18 Linear |R| = [32m1.154343e+00[39m
     19 Linear |R| = [32m8.996798e-01[39m
     20 Linear |R| = [32m6.573884e-01[39m
     21 Linear |R| = [32m4.716024e-01[39m
     22 Linear |R| = [32m3.600130e-01[39m
     23 Linear |R| = [32m3.019226e-01[39m
     24 Linear |R| = [32m2.684061e-01[39m
     25 Linear |R| = [32m2.465637e-01[39m
     26 Linear |R| = [32m2.280406e-01[39m
     27 Linear |R| = [32m2.044967e-01[39m
     28 Linear |R| = [32m1.764140e-01[39m
     29 Linear |R| = [32m1.453434e-01[39m
     30 Linear |R| = [32m1.108935e-01[39m
     31 Linear |R| = [32m9.216609e-02[39m
     32 Linear |R| = [32m7.674878e-02[39m
     33 Linear |R| = [32m6.535367e-02[39m
     34 Linear |R| = [32m5.769249e-02[39m
     35 Linear |R| = [32m5.313577e-02[39m
     36 Linear |R| = [32m4.963010e-02[39m
     37 Linear |R| = [32m4.579326e-02[39m
     38 Linear |R| = [32m4.026912e-02[39m
     39 Linear |R| = [32m3.291542e-02[39m
     40 Linear |R| = [32m2.574902e-02[39m
     41 Linear |R| = [32m1.973466e-02[39m
     42 Linear |R| = [32m1.509225e-02[39m
     43 Linear |R| = [32m1.249730e-02[39m
     44 Linear |R| = [32m1.077479e-02[39m
     45 Linear |R| = [32m9.441811e-03[39m
     46 Linear |R| = [32m8.475011e-03[39m
     47 Linear |R| = [32m7.328902e-03[39m
     48 Linear |R| = [32m6.295058e-03[39m
     49 Linear |R| = [32m5.007505e-03[39m
     50 Linear |R| = [32m3.846581e-03[39m
     51 Linear |R| = [32m2.958311e-03[39m
     52 Linear |R| = [32m2.318015e-03[39m
     53 Linear |R| = [32m1.765305e-03[39m
     54 Linear |R| = [32m1.362824e-03[39m
     55 Linear |R| = [32m1.026325e-03[39m
     56 Linear |R| = [32m7.246165e-04[39m
     57 Linear |R| = [32m4.761851e-04[39m
     58 Linear |R| = [32m3.054557e-04[39m
28 Nonlinear |R| = [32m3.964780e+01[39m
      0 Linear |R| = [32m3.964780e+01[39m
      1 Linear |R| = [32m2.749370e+01[39m
      2 Linear |R| = [32m2.459594e+01[39m
      3 Linear |R| = [32m2.221334e+01[39m
      4 Linear |R| = [32m2.045049e+01[39m
      5 Linear |R| = [32m1.831472e+01[39m
      6 Linear |R| = [32m1.590936e+01[39m
      7 Linear |R| = [32m1.282089e+01[39m
      8 Linear |R| = [32m9.604822e+00[39m
      9 Linear |R| = [32m6.793494e+00[39m
     10 Linear |R| = [32m4.720715e+00[39m
     11 Linear |R| = [32m3.441971e+00[39m
     12 Linear |R| = [32m2.763652e+00[39m
     13 Linear |R| = [32m2.374289e+00[39m
     14 Linear |R| = [32m2.150823e+00[39m
     15 Linear |R| = [32m2.038253e+00[39m
     16 Linear |R| = [32m1.934148e+00[39m
     17 Linear |R| = [32m1.806920e+00[39m
     18 Linear |R| = [32m1.639957e+00[39m
     19 Linear |R| = [32m1.404899e+00[39m
     20 Linear |R| = [32m1.045735e+00[39m
     21 Linear |R| = [32m6.840061e-01[39m
     22 Linear |R| = [32m4.225808e-01[39m
     23 Linear |R| = [32m2.752373e-01[39m
     24 Linear |R| = [32m1.975117e-01[39m
     25 Linear |R| = [32m1.576810e-01[39m
     26 Linear |R| = [32m1.343129e-01[39m
     27 Linear |R| = [32m1.160315e-01[39m
     28 Linear |R| = [32m1.012733e-01[39m
     29 Linear |R| = [32m8.843831e-02[39m
     30 Linear |R| = [32m7.704751e-02[39m
     31 Linear |R| = [32m7.072741e-02[39m
     32 Linear |R| = [32m6.431000e-02[39m
     33 Linear |R| = [32m5.855809e-02[39m
     34 Linear |R| = [32m5.145062e-02[39m
     35 Linear |R| = [32m4.325688e-02[39m
     36 Linear |R| = [32m3.510506e-02[39m
     37 Linear |R| = [32m2.630291e-02[39m
     38 Linear |R| = [32m1.814347e-02[39m
     39 Linear |R| = [32m1.155824e-02[39m
     40 Linear |R| = [32m7.531401e-03[39m
     41 Linear |R| = [32m5.001757e-03[39m
     42 Linear |R| = [32m3.186754e-03[39m
     43 Linear |R| = [32m2.032658e-03[39m
     44 Linear |R| = [32m1.345579e-03[39m
     45 Linear |R| = [32m9.349935e-04[39m
     46 Linear |R| = [32m6.614547e-04[39m
     47 Linear |R| = [32m5.489380e-04[39m
     48 Linear |R| = [32m4.913179e-04[39m
     49 Linear |R| = [32m4.493039e-04[39m
     50 Linear |R| = [32m4.068899e-04[39m
     51 Linear |R| = [32m3.571142e-04[39m
29 Nonlinear |R| = [32m3.445561e+01[39m
      0 Linear |R| = [32m3.445561e+01[39m
      1 Linear |R| = [32m2.380422e+01[39m
      2 Linear |R| = [32m2.145357e+01[39m
      3 Linear |R| = [32m1.968050e+01[39m
      4 Linear |R| = [32m1.828412e+01[39m
      5 Linear |R| = [32m1.665437e+01[39m
      6 Linear |R| = [32m1.514657e+01[39m
      7 Linear |R| = [32m1.335734e+01[39m
      8 Linear |R| = [32m1.136328e+01[39m
      9 Linear |R| = [32m9.670668e+00[39m
     10 Linear |R| = [32m8.565921e+00[39m
     11 Linear |R| = [32m7.928623e+00[39m
     12 Linear |R| = [33m7.587489e+00[39m
     13 Linear |R| = [33m7.345419e+00[39m
     14 Linear |R| = [33m7.133866e+00[39m
     15 Linear |R| = [33m6.935586e+00[39m
     16 Linear |R| = [33m6.615436e+00[39m
     17 Linear |R| = [32m6.132286e+00[39m
     18 Linear |R| = [32m5.450050e+00[39m
     19 Linear |R| = [32m4.535582e+00[39m
     20 Linear |R| = [32m3.442539e+00[39m
     21 Linear |R| = [32m2.626880e+00[39m
     22 Linear |R| = [32m2.201023e+00[39m
     23 Linear |R| = [32m1.995337e+00[39m
     24 Linear |R| = [32m1.869458e+00[39m
     25 Linear |R| = [32m1.756500e+00[39m
     26 Linear |R| = [32m1.583879e+00[39m
     27 Linear |R| = [32m1.291039e+00[39m
     28 Linear |R| = [32m9.812956e-01[39m
     29 Linear |R| = [32m7.044810e-01[39m
     30 Linear |R| = [32m6.594538e-01[39m
     31 Linear |R| = [32m3.980464e-01[39m
     32 Linear |R| = [32m3.183407e-01[39m
     33 Linear |R| = [32m2.485351e-01[39m
     34 Linear |R| = [32m1.948607e-01[39m
     35 Linear |R| = [32m1.681865e-01[39m
     36 Linear |R| = [32m1.504460e-01[39m
     37 Linear |R| = [32m1.380621e-01[39m
     38 Linear |R| = [32m1.260103e-01[39m
     39 Linear |R| = [32m1.131735e-01[39m
     40 Linear |R| = [32m9.902187e-02[39m
     41 Linear |R| = [32m8.450967e-02[39m
     42 Linear |R| = [32m7.092412e-02[39m
     43 Linear |R| = [32m5.703498e-02[39m
     44 Linear |R| = [32m4.604287e-02[39m
     45 Linear |R| = [32m3.751693e-02[39m
     46 Linear |R| = [32m3.116829e-02[39m
     47 Linear |R| = [32m2.707306e-02[39m
     48 Linear |R| = [32m2.414778e-02[39m
     49 Linear |R| = [32m2.222251e-02[39m
     50 Linear |R| = [32m2.061743e-02[39m
     51 Linear |R| = [32m1.950829e-02[39m
     52 Linear |R| = [33m1.881832e-02[39m
     53 Linear |R| = [33m1.830645e-02[39m
     54 Linear |R| = [33m1.769123e-02[39m
     55 Linear |R| = [32m1.658387e-02[39m
     56 Linear |R| = [32m1.473721e-02[39m
     57 Linear |R| = [32m1.207894e-02[39m
     58 Linear |R| = [32m9.261789e-03[39m
     59 Linear |R| = [32m6.668168e-03[39m
    Linear solve did not converge due to DIVERGED_BREAKDOWN iterations 60
30 Nonlinear |R| = [32m3.059361e+01[39m
  Nonlinear solve did not converge due to DIVERGED_MAX_IT iterations 30
[31m Solve Did NOT Converge![39m
  Finished Solving                                                                       [[33m 79.45 s[39m] [[33m  237 MB[39m]
Aborting as solve did not converge

Time Step 2, time = 0.075, dt = 0.025
 0 Nonlinear |R| = [32m1.300670e+03[39m
      0 Linear |R| = [32m1.300670e+03[39m
      1 Linear |R| = [32m1.232015e+03[39m
      2 Linear |R| = [32m9.118874e+02[39m
      3 Linear |R| = [32m6.359209e+02[39m
      4 Linear |R| = [32m4.608347e+02[39m
      5 Linear |R| = [32m3.486035e+02[39m
      6 Linear |R| = [32m2.417065e+02[39m
      7 Linear |R| = [32m1.547894e+02[39m
      8 Linear |R| = [32m9.167505e+01[39m
      9 Linear |R| = [32m5.198704e+01[39m
     10 Linear |R| = [32m3.070570e+01[39m
     11 Linear |R| = [32m1.818849e+01[39m
     12 Linear |R| = [32m9.846410e+00[39m
     13 Linear |R| = [32m5.600241e+00[39m
     14 Linear |R| = [32m3.124450e+00[39m
     15 Linear |R| = [32m1.798602e+00[39m
     16 Linear |R| = [32m1.036937e+00[39m
     17 Linear |R| = [32m6.020239e-01[39m
     18 Linear |R| = [32m3.575670e-01[39m
     19 Linear |R| = [32m2.256525e-01[39m
     20 Linear |R| = [32m1.534660e-01[39m
     21 Linear |R| = [32m1.061361e-01[39m
     22 Linear |R| = [32m7.697547e-02[39m
     23 Linear |R| = [32m5.626684e-02[39m
     24 Linear |R| = [32m4.149492e-02[39m
     25 Linear |R| = [32m2.978695e-02[39m
     26 Linear |R| = [32m2.032079e-02[39m
     27 Linear |R| = [32m1.327196e-02[39m
     28 Linear |R| = [32m8.376936e-03[39m
 1 Nonlinear |R| = [32m1.169619e+03[39m
      0 Linear |R| = [32m1.169619e+03[39m
      1 Linear |R| = [32m1.096338e+03[39m
      2 Linear |R| = [32m8.342508e+02[39m
      3 Linear |R| = [32m6.119808e+02[39m
      4 Linear |R| = [32m4.502984e+02[39m
      5 Linear |R| = [32m3.507669e+02[39m
      6 Linear |R| = [32m2.177644e+02[39m
      7 Linear |R| = [32m1.245772e+02[39m
      8 Linear |R| = [32m7.814980e+01[39m
      9 Linear |R| = [32m4.917914e+01[39m
     10 Linear |R| = [32m2.895872e+01[39m
     11 Linear |R| = [32m1.508638e+01[39m
     12 Linear |R| = [32m8.256989e+00[39m
     13 Linear |R| = [32m4.708132e+00[39m
     14 Linear |R| = [32m2.327372e+00[39m
     15 Linear |R| = [32m1.072225e+00[39m
     16 Linear |R| = [32m5.820968e-01[39m
     17 Linear |R| = [32m3.321450e-01[39m
     18 Linear |R| = [32m2.024675e-01[39m
     19 Linear |R| = [32m1.391805e-01[39m
     20 Linear |R| = [32m1.070689e-01[39m
     21 Linear |R| = [32m8.255716e-02[39m
     22 Linear |R| = [32m6.031692e-02[39m
     23 Linear |R| = [32m3.972585e-02[39m
     24 Linear |R| = [32m2.420304e-02[39m
     25 Linear |R| = [32m1.273540e-02[39m
     26 Linear |R| = [32m6.694310e-03[39m
 2 Nonlinear |R| = [32m9.192742e+02[39m
      0 Linear |R| = [32m9.192742e+02[39m
      1 Linear |R| = [32m7.106194e+02[39m
      2 Linear |R| = [32m5.409677e+02[39m
      3 Linear |R| = [32m3.642444e+02[39m
      4 Linear |R| = [32m2.333055e+02[39m
      5 Linear |R| = [32m1.577106e+02[39m
      6 Linear |R| = [32m9.544561e+01[39m
      7 Linear |R| = [32m5.019864e+01[39m
      8 Linear |R| = [32m2.701693e+01[39m
      9 Linear |R| = [32m1.458946e+01[39m
     10 Linear |R| = [32m7.431115e+00[39m
     11 Linear |R| = [32m3.448956e+00[39m
     12 Linear |R| = [32m1.607951e+00[39m
     13 Linear |R| = [32m7.636042e-01[39m
     14 Linear |R| = [32m3.561818e-01[39m
     15 Linear |R| = [32m1.759254e-01[39m
     16 Linear |R| = [32m9.221443e-02[39m
     17 Linear |R| = [32m5.493158e-02[39m
     18 Linear |R| = [32m3.770709e-02[39m
     19 Linear |R| = [32m2.440085e-02[39m
     20 Linear |R| = [32m1.428294e-02[39m
     21 Linear |R| = [32m8.111921e-03[39m
 3 Nonlinear |R| = [32m7.908097e+02[39m
      0 Linear |R| = [32m7.908097e+02[39m
      1 Linear |R| = [32m5.791471e+02[39m
      2 Linear |R| = [32m4.391595e+02[39m
      3 Linear |R| = [32m2.878659e+02[39m
      4 Linear |R| = [32m1.806270e+02[39m
      5 Linear |R| = [32m1.239908e+02[39m
      6 Linear |R| = [32m6.981111e+01[39m
      7 Linear |R| = [32m3.604008e+01[39m
      8 Linear |R| = [32m1.950336e+01[39m
      9 Linear |R| = [32m1.017190e+01[39m
     10 Linear |R| = [32m4.825055e+00[39m
     11 Linear |R| = [32m2.198268e+00[39m
     12 Linear |R| = [32m1.009737e+00[39m
     13 Linear |R| = [32m4.779840e-01[39m
     14 Linear |R| = [32m2.223231e-01[39m
     15 Linear |R| = [32m9.993791e-02[39m
     16 Linear |R| = [32m5.101791e-02[39m
     17 Linear |R| = [32m2.808811e-02[39m
     18 Linear |R| = [32m1.670555e-02[39m
     19 Linear |R| = [32m9.810866e-03[39m
     20 Linear |R| = [32m5.518396e-03[39m
 4 Nonlinear |R| = [32m7.102499e+02[39m
      0 Linear |R| = [32m7.102499e+02[39m
      1 Linear |R| = [32m5.197800e+02[39m
      2 Linear |R| = [32m3.939782e+02[39m
      3 Linear |R| = [32m2.533407e+02[39m
      4 Linear |R| = [32m1.638548e+02[39m
      5 Linear |R| = [32m1.114822e+02[39m
      6 Linear |R| = [32m6.057745e+01[39m
      7 Linear |R| = [32m3.196095e+01[39m
      8 Linear |R| = [32m1.783122e+01[39m
      9 Linear |R| = [32m9.140104e+00[39m
     10 Linear |R| = [32m4.215046e+00[39m
     11 Linear |R| = [32m1.892844e+00[39m
     12 Linear |R| = [32m8.531510e-01[39m
     13 Linear |R| = [32m4.137743e-01[39m
     14 Linear |R| = [32m1.981338e-01[39m
     15 Linear |R| = [32m8.453812e-02[39m
     16 Linear |R| = [32m4.123402e-02[39m
     17 Linear |R| = [32m2.323046e-02[39m
     18 Linear |R| = [32m1.433787e-02[39m
     19 Linear |R| = [32m8.434310e-03[39m
     20 Linear |R| = [32m4.807872e-03[39m
 5 Nonlinear |R| = [32m6.095014e+02[39m
      0 Linear |R| = [32m6.095014e+02[39m
      1 Linear |R| = [32m4.170355e+02[39m
      2 Linear |R| = [32m3.176078e+02[39m
      3 Linear |R| = [32m2.000020e+02[39m
      4 Linear |R| = [32m1.245685e+02[39m
      5 Linear |R| = [32m8.145127e+01[39m
      6 Linear |R| = [32m4.507532e+01[39m
      7 Linear |R| = [32m2.266370e+01[39m
      8 Linear |R| = [32m1.203765e+01[39m
      9 Linear |R| = [32m6.217016e+00[39m
     10 Linear |R| = [32m2.832625e+00[39m
     11 Linear |R| = [32m1.211028e+00[39m
     12 Linear |R| = [32m5.005779e-01[39m
     13 Linear |R| = [32m2.372386e-01[39m
     14 Linear |R| = [32m1.177232e-01[39m
     15 Linear |R| = [32m5.397553e-02[39m
     16 Linear |R| = [32m2.607150e-02[39m
     17 Linear |R| = [32m1.403084e-02[39m
     18 Linear |R| = [32m8.135636e-03[39m
     19 Linear |R| = [32m4.353191e-03[39m
 6 Nonlinear |R| = [32m5.429543e+02[39m
      0 Linear |R| = [32m5.429543e+02[39m
      1 Linear |R| = [32m3.446863e+02[39m
      2 Linear |R| = [32m2.678690e+02[39m
      3 Linear |R| = [32m1.735697e+02[39m
      4 Linear |R| = [32m1.013729e+02[39m
      5 Linear |R| = [32m6.274470e+01[39m
      6 Linear |R| = [32m3.553265e+01[39m
      7 Linear |R| = [32m1.802823e+01[39m
      8 Linear |R| = [32m8.813408e+00[39m
      9 Linear |R| = [32m4.333589e+00[39m
     10 Linear |R| = [32m2.099369e+00[39m
     11 Linear |R| = [32m9.073998e-01[39m
     12 Linear |R| = [32m3.445041e-01[39m
     13 Linear |R| = [32m1.499553e-01[39m
     14 Linear |R| = [32m7.405433e-02[39m
     15 Linear |R| = [32m3.650164e-02[39m
     16 Linear |R| = [32m1.838498e-02[39m
     17 Linear |R| = [32m9.489998e-03[39m
     18 Linear |R| = [32m5.071707e-03[39m
 7 Nonlinear |R| = [32m4.431408e+02[39m
      0 Linear |R| = [32m4.431408e+02[39m
      1 Linear |R| = [32m2.689881e+02[39m
      2 Linear |R| = [32m2.076815e+02[39m
      3 Linear |R| = [32m1.342452e+02[39m
      4 Linear |R| = [32m7.737131e+01[39m
      5 Linear |R| = [32m4.571890e+01[39m
      6 Linear |R| = [32m2.540600e+01[39m
      7 Linear |R| = [32m1.269877e+01[39m
      8 Linear |R| = [32m6.093846e+00[39m
      9 Linear |R| = [32m2.911703e+00[39m
     10 Linear |R| = [32m1.311752e+00[39m
     11 Linear |R| = [32m5.694215e-01[39m
     12 Linear |R| = [32m2.306061e-01[39m
     13 Linear |R| = [32m9.621383e-02[39m
     14 Linear |R| = [32m4.369221e-02[39m
     15 Linear |R| = [32m2.091082e-02[39m
     16 Linear |R| = [32m1.079657e-02[39m
     17 Linear |R| = [32m5.462051e-03[39m
     18 Linear |R| = [32m2.724030e-03[39m
 8 Nonlinear |R| = [32m3.356176e+02[39m
      0 Linear |R| = [32m3.356176e+02[39m
      1 Linear |R| = [32m1.909087e+02[39m
      2 Linear |R| = [32m1.477258e+02[39m
      3 Linear |R| = [32m9.208280e+01[39m
      4 Linear |R| = [32m5.048371e+01[39m
      5 Linear |R| = [32m2.932402e+01[39m
      6 Linear |R| = [32m1.579259e+01[39m
      7 Linear |R| = [32m7.607151e+00[39m
      8 Linear |R| = [32m3.481126e+00[39m
      9 Linear |R| = [32m1.597047e+00[39m
     10 Linear |R| = [32m7.199447e-01[39m
     11 Linear |R| = [32m3.208933e-01[39m
     12 Linear |R| = [32m1.252616e-01[39m
     13 Linear |R| = [32m5.092154e-02[39m
     14 Linear |R| = [32m2.294716e-02[39m
     15 Linear |R| = [32m1.177252e-02[39m
     16 Linear |R| = [32m5.965360e-03[39m
     17 Linear |R| = [32m2.862906e-03[39m
 9 Nonlinear |R| = [32m2.294031e+02[39m
      0 Linear |R| = [32m2.294031e+02[39m
      1 Linear |R| = [32m1.202531e+02[39m
      2 Linear |R| = [32m9.182466e+01[39m
      3 Linear |R| = [32m5.699545e+01[39m
      4 Linear |R| = [32m2.926293e+01[39m
      5 Linear |R| = [32m1.588575e+01[39m
      6 Linear |R| = [32m8.273705e+00[39m
      7 Linear |R| = [32m3.855412e+00[39m
      8 Linear |R| = [32m1.711166e+00[39m
      9 Linear |R| = [32m7.522706e-01[39m
     10 Linear |R| = [32m3.168501e-01[39m
     11 Linear |R| = [32m1.439855e-01[39m
     12 Linear |R| = [32m5.929150e-02[39m
     13 Linear |R| = [32m2.519978e-02[39m
     14 Linear |R| = [32m1.122196e-02[39m
     15 Linear |R| = [32m5.866896e-03[39m
     16 Linear |R| = [32m2.985315e-03[39m
     17 Linear |R| = [32m1.418586e-03[39m
10 Nonlinear |R| = [32m1.298237e+02[39m
      0 Linear |R| = [32m1.298237e+02[39m
      1 Linear |R| = [32m5.913728e+01[39m
      2 Linear |R| = [32m4.308945e+01[39m
      3 Linear |R| = [32m2.705355e+01[39m
      4 Linear |R| = [32m1.299507e+01[39m
      5 Linear |R| = [32m6.420211e+00[39m
      6 Linear |R| = [32m3.077063e+00[39m
      7 Linear |R| = [32m1.395894e+00[39m
      8 Linear |R| = [32m6.142378e-01[39m
      9 Linear |R| = [32m2.758953e-01[39m
     10 Linear |R| = [32m1.102967e-01[39m
     11 Linear |R| = [32m4.680188e-02[39m
     12 Linear |R| = [32m2.085529e-02[39m
     13 Linear |R| = [32m9.891414e-03[39m
     14 Linear |R| = [32m4.518837e-03[39m
     15 Linear |R| = [32m2.310817e-03[39m
     16 Linear |R| = [32m1.174584e-03[39m
11 Nonlinear |R| = [32m8.016237e+01[39m
      0 Linear |R| = [32m8.016237e+01[39m
      1 Linear |R| = [32m2.418721e+01[39m
      2 Linear |R| = [32m1.132344e+01[39m
      3 Linear |R| = [32m8.595352e+00[39m
      4 Linear |R| = [32m6.823517e+00[39m
      5 Linear |R| = [32m5.373100e+00[39m
      6 Linear |R| = [32m4.061604e+00[39m
      7 Linear |R| = [32m2.916945e+00[39m
      8 Linear |R| = [32m2.257013e+00[39m
      9 Linear |R| = [32m1.920973e+00[39m
     10 Linear |R| = [32m1.630899e+00[39m
     11 Linear |R| = [32m1.304034e+00[39m
     12 Linear |R| = [32m1.026387e+00[39m
     13 Linear |R| = [32m8.344017e-01[39m
     14 Linear |R| = [32m6.897827e-01[39m
     15 Linear |R| = [32m5.626031e-01[39m
     16 Linear |R| = [32m4.609257e-01[39m
     17 Linear |R| = [32m3.637427e-01[39m
     18 Linear |R| = [32m2.702776e-01[39m
     19 Linear |R| = [32m1.922350e-01[39m
     20 Linear |R| = [32m1.360494e-01[39m
     21 Linear |R| = [32m1.048249e-01[39m
     22 Linear |R| = [32m8.788983e-02[39m
     23 Linear |R| = [32m7.652601e-02[39m
     24 Linear |R| = [32m6.736074e-02[39m
     25 Linear |R| = [32m5.973861e-02[39m
     26 Linear |R| = [32m5.137823e-02[39m
     27 Linear |R| = [32m3.878340e-02[39m
     28 Linear |R| = [32m2.340368e-02[39m
     29 Linear |R| = [32m1.346828e-02[39m
     30 Linear |R| = [32m7.361616e-03[39m
     31 Linear |R| = [32m4.800240e-03[39m
     32 Linear |R| = [32m2.961583e-03[39m
     33 Linear |R| = [32m1.925956e-03[39m
     34 Linear |R| = [32m1.456098e-03[39m
     35 Linear |R| = [32m1.206803e-03[39m
     36 Linear |R| = [32m1.025253e-03[39m
     37 Linear |R| = [32m8.516235e-04[39m
     38 Linear |R| = [32m7.250095e-04[39m
12 Nonlinear |R| = [32m1.164767e+01[39m
      0 Linear |R| = [32m1.164767e+01[39m
      1 Linear |R| = [32m3.574491e+00[39m
      2 Linear |R| = [32m1.803918e+00[39m
      3 Linear |R| = [32m1.347872e+00[39m
      4 Linear |R| = [32m1.023040e+00[39m
      5 Linear |R| = [32m8.741932e-01[39m
      6 Linear |R| = [32m7.692162e-01[39m
      7 Linear |R| = [32m6.683613e-01[39m
      8 Linear |R| = [32m5.683833e-01[39m
      9 Linear |R| = [32m4.692455e-01[39m
     10 Linear |R| = [32m3.736113e-01[39m
     11 Linear |R| = [32m2.970190e-01[39m
     12 Linear |R| = [32m2.442578e-01[39m
     13 Linear |R| = [32m2.026076e-01[39m
     14 Linear |R| = [32m1.638298e-01[39m
     15 Linear |R| = [32m1.232728e-01[39m
     16 Linear |R| = [32m8.937959e-02[39m
     17 Linear |R| = [32m6.465504e-02[39m
     18 Linear |R| = [32m4.958548e-02[39m
     19 Linear |R| = [32m4.058654e-02[39m
     20 Linear |R| = [32m3.504632e-02[39m
     21 Linear |R| = [32m3.058335e-02[39m
     22 Linear |R| = [32m2.551663e-02[39m
     23 Linear |R| = [32m1.954749e-02[39m
     24 Linear |R| = [32m1.422591e-02[39m
     25 Linear |R| = [32m9.518289e-03[39m
     26 Linear |R| = [32m5.855358e-03[39m
     27 Linear |R| = [32m3.803703e-03[39m
     28 Linear |R| = [32m2.393617e-03[39m
     29 Linear |R| = [32m1.482658e-03[39m
     30 Linear |R| = [31m4.419642e-03[39m
     31 Linear |R| = [32m1.292734e-03[39m
     32 Linear |R| = [32m7.922161e-04[39m
     33 Linear |R| = [32m6.727749e-04[39m
     34 Linear |R| = [32m5.304240e-04[39m
     35 Linear |R| = [32m3.575347e-04[39m
     36 Linear |R| = [32m2.152197e-04[39m
     37 Linear |R| = [32m1.278819e-04[39m
     38 Linear |R| = [32m8.316091e-05[39m
13 Nonlinear |R| = [32m6.520235e-01[39m
      0 Linear |R| = [32m6.520235e-01[39m
      1 Linear |R| = [32m2.487296e-01[39m
      2 Linear |R| = [32m1.181814e-01[39m
      3 Linear |R| = [32m7.965703e-02[39m
      4 Linear |R| = [32m6.016167e-02[39m
      5 Linear |R| = [32m4.947944e-02[39m
      6 Linear |R| = [32m4.184977e-02[39m
      7 Linear |R| = [32m3.563834e-02[39m
      8 Linear |R| = [32m3.071184e-02[39m
      9 Linear |R| = [32m2.488151e-02[39m
     10 Linear |R| = [32m1.790323e-02[39m
     11 Linear |R| = [32m1.311168e-02[39m
     12 Linear |R| = [32m1.035277e-02[39m
     13 Linear |R| = [32m8.167833e-03[39m
     14 Linear |R| = [32m6.371696e-03[39m
     15 Linear |R| = [32m4.919963e-03[39m
     16 Linear |R| = [32m3.860776e-03[39m
     17 Linear |R| = [32m3.162044e-03[39m
     18 Linear |R| = [32m2.602570e-03[39m
     19 Linear |R| = [32m2.037805e-03[39m
     20 Linear |R| = [32m1.726305e-03[39m
     21 Linear |R| = [32m1.543415e-03[39m
     22 Linear |R| = [32m1.325483e-03[39m
     23 Linear |R| = [32m1.103885e-03[39m
     24 Linear |R| = [32m8.645401e-04[39m
     25 Linear |R| = [32m6.246285e-04[39m
     26 Linear |R| = [32m4.710590e-04[39m
     27 Linear |R| = [32m3.330321e-04[39m
     28 Linear |R| = [32m2.289530e-04[39m
     29 Linear |R| = [32m1.463593e-04[39m
     30 Linear |R| = [31m1.112244e-03[39m
     31 Linear |R| = [32m3.163039e-04[39m
     32 Linear |R| = [32m1.312461e-04[39m
     33 Linear |R| = [32m9.233382e-05[39m
     34 Linear |R| = [32m7.007301e-05[39m
     35 Linear |R| = [32m5.624585e-05[39m
     36 Linear |R| = [32m4.740573e-05[39m
     37 Linear |R| = [32m3.736753e-05[39m
     38 Linear |R| = [32m2.748266e-05[39m
     39 Linear |R| = [32m2.099656e-05[39m
     40 Linear |R| = [32m1.734080e-05[39m
     41 Linear |R| = [32m1.491641e-05[39m
     42 Linear |R| = [32m1.296468e-05[39m
     43 Linear |R| = [32m1.080076e-05[39m
     44 Linear |R| = [32m8.385655e-06[39m
     45 Linear |R| = [32m5.656789e-06[39m
14 Nonlinear |R| = [32m3.942861e-03[39m
      0 Linear |R| = [32m3.942861e-03[39m
      1 Linear |R| = [32m9.681941e-04[39m
      2 Linear |R| = [32m3.168054e-04[39m
      3 Linear |R| = [32m1.804516e-04[39m
      4 Linear |R| = [32m1.176593e-04[39m
      5 Linear |R| = [32m8.616312e-05[39m
      6 Linear |R| = [32m7.340633e-05[39m
      7 Linear |R| = [32m6.404378e-05[39m
      8 Linear |R| = [32m5.469635e-05[39m
      9 Linear |R| = [32m4.473554e-05[39m
     10 Linear |R| = [32m3.883335e-05[39m
     11 Linear |R| = [32m3.437084e-05[39m
     12 Linear |R| = [32m2.903301e-05[39m
     13 Linear |R| = [32m2.367436e-05[39m
     14 Linear |R| = [32m1.977097e-05[39m
     15 Linear |R| = [32m1.627411e-05[39m
     16 Linear |R| = [32m1.265727e-05[39m
     17 Linear |R| = [32m8.842995e-06[39m
     18 Linear |R| = [32m5.584431e-06[39m
     19 Linear |R| = [32m3.511411e-06[39m
     20 Linear |R| = [32m2.325990e-06[39m
     21 Linear |R| = [32m1.696308e-06[39m
     22 Linear |R| = [32m1.267585e-06[39m
     23 Linear |R| = [32m9.932619e-07[39m
     24 Linear |R| = [32m8.432077e-07[39m
     25 Linear |R| = [32m7.428344e-07[39m
     26 Linear |R| = [32m6.351183e-07[39m
     27 Linear |R| = [32m5.171540e-07[39m
     28 Linear |R| = [32m4.042989e-07[39m
     29 Linear |R| = [32m2.952471e-07[39m
     30 Linear |R| = [31m1.679941e-05[39m
     31 Linear |R| = [32m4.127043e-06[39m
     32 Linear |R| = [32m1.360293e-06[39m
     33 Linear |R| = [32m7.874008e-07[39m
     34 Linear |R| = [32m5.246206e-07[39m
     35 Linear |R| = [32m3.930465e-07[39m
     36 Linear |R| = [32m3.386054e-07[39m
     37 Linear |R| = [32m2.970080e-07[39m
     38 Linear |R| = [32m2.557056e-07[39m
     39 Linear |R| = [32m2.124800e-07[39m
     40 Linear |R| = [32m1.861040e-07[39m
     41 Linear |R| = [32m1.638690e-07[39m
     42 Linear |R| = [32m1.353922e-07[39m
     43 Linear |R| = [32m1.080021e-07[39m
     44 Linear |R| = [32m8.955913e-08[39m
     45 Linear |R| = [32m7.405974e-08[39m
     46 Linear |R| = [32m5.762104e-08[39m
     47 Linear |R| = [32m3.898386e-08[39m
15 Nonlinear |R| = [32m2.122983e-04[39m
[32m Solve Converged![39m
  Finished Solving                                                                       [[33m 23.92 s[39m] [[33m  217 MB[39m]

Postprocessor Values:
+----------------+----------------+------------------+----------------+
| time           | mid_stress     | reaction_force_z | top_disp_z     |
+----------------+----------------+------------------+----------------+
|   0.000000e+00 |   0.000000e+00 |     0.000000e+00 |   0.000000e+00 |
|   5.000000e-02 |  -1.065269e+06 |    -3.125098e-07 |  -1.500000e-04 |
|   7.500000e-02 |  -1.591193e+06 |     9.779882e-08 |  -2.250000e-04 |
+----------------+----------------+------------------+----------------+


Time Step 3, time = 0.125, dt = 0.05
 0 Nonlinear |R| = [32m9.006596e+02[39m
      0 Linear |R| = [32m9.006596e+02[39m
      1 Linear |R| = [32m8.283662e+02[39m
      2 Linear |R| = [32m5.385094e+02[39m
      3 Linear |R| = [32m3.619522e+02[39m
      4 Linear |R| = [32m2.713401e+02[39m
      5 Linear |R| = [32m2.273115e+02[39m
      6 Linear |R| = [32m1.929444e+02[39m
      7 Linear |R| = [32m1.491721e+02[39m
      8 Linear |R| = [32m1.124624e+02[39m
      9 Linear |R| = [32m7.621246e+01[39m
     10 Linear |R| = [32m4.426831e+01[39m
     11 Linear |R| = [32m2.732829e+01[39m
     12 Linear |R| = [32m1.686541e+01[39m
     13 Linear |R| = [32m1.115889e+01[39m
     14 Linear |R| = [32m7.724486e+00[39m
     15 Linear |R| = [32m5.458791e+00[39m
     16 Linear |R| = [32m3.669249e+00[39m
     17 Linear |R| = [32m2.296446e+00[39m
     18 Linear |R| = [32m1.504138e+00[39m
     19 Linear |R| = [32m9.919909e-01[39m
     20 Linear |R| = [32m6.529869e-01[39m
     21 Linear |R| = [32m4.331675e-01[39m
     22 Linear |R| = [32m3.103640e-01[39m
     23 Linear |R| = [32m2.068258e-01[39m
     24 Linear |R| = [32m1.278702e-01[39m
     25 Linear |R| = [32m7.891343e-02[39m
     26 Linear |R| = [32m5.098473e-02[39m
     27 Linear |R| = [32m3.548237e-02[39m
     28 Linear |R| = [32m2.344571e-02[39m
     29 Linear |R| = [32m1.531118e-02[39m
    Linear solve did not converge due to DIVERGED_BREAKDOWN iterations 30
 1 Nonlinear |R| = [32m7.605969e+02[39m
      0 Linear |R| = [32m7.605969e+02[39m
      1 Linear |R| = [32m6.956618e+02[39m
      2 Linear |R| = [32m4.653929e+02[39m
      3 Linear |R| = [32m3.328300e+02[39m
      4 Linear |R| = [32m2.607948e+02[39m
      5 Linear |R| = [32m2.263776e+02[39m
      6 Linear |R| = [32m2.009589e+02[39m
      7 Linear |R| = [32m1.763108e+02[39m
      8 Linear |R| = [32m1.533743e+02[39m
      9 Linear |R| = [32m1.272411e+02[39m
     10 Linear |R| = [32m9.541075e+01[39m
     11 Linear |R| = [32m6.596269e+01[39m
     12 Linear |R| = [32m4.573717e+01[39m
     13 Linear |R| = [32m3.493671e+01[39m
     14 Linear |R| = [32m2.710116e+01[39m
     15 Linear |R| = [32m2.001941e+01[39m
     16 Linear |R| = [32m1.368503e+01[39m
     17 Linear |R| = [32m8.301499e+00[39m
     18 Linear |R| = [32m4.926003e+00[39m
     19 Linear |R| = [32m2.865453e+00[39m
     20 Linear |R| = [32m1.827350e+00[39m
     21 Linear |R| = [32m1.177839e+00[39m
     22 Linear |R| = [32m7.679904e-01[39m
     23 Linear |R| = [32m4.892777e-01[39m
     24 Linear |R| = [32m3.039781e-01[39m
     25 Linear |R| = [32m1.948262e-01[39m
     26 Linear |R| = [32m1.219492e-01[39m
     27 Linear |R| = [32m7.382757e-02[39m
     28 Linear |R| = [32m4.522167e-02[39m
     29 Linear |R| = [32m2.903614e-02[39m
     30 Linear |R| = [31m9.364662e-02[39m
     31 Linear |R| = [32m4.314702e-02[39m
     32 Linear |R| = [32m2.499679e-02[39m
     33 Linear |R| = [32m1.618812e-02[39m
     34 Linear |R| = [32m1.034084e-02[39m
     35 Linear |R| = [32m6.954106e-03[39m
 2 Nonlinear |R| = [32m6.843312e+02[39m
      0 Linear |R| = [32m6.843312e+02[39m
      1 Linear |R| = [32m6.226631e+02[39m
      2 Linear |R| = [32m4.207788e+02[39m
      3 Linear |R| = [32m3.113432e+02[39m
      4 Linear |R| = [32m2.501692e+02[39m
      5 Linear |R| = [32m2.217316e+02[39m
      6 Linear |R| = [32m2.042620e+02[39m
      7 Linear |R| = [32m1.897375e+02[39m
      8 Linear |R| = [32m1.801861e+02[39m
      9 Linear |R| = [33m1.732203e+02[39m
     10 Linear |R| = [33m1.648725e+02[39m
     11 Linear |R| = [32m1.528809e+02[39m
     12 Linear |R| = [32m1.382826e+02[39m
     13 Linear |R| = [32m1.271327e+02[39m
     14 Linear |R| = [32m1.168684e+02[39m
     15 Linear |R| = [32m1.038203e+02[39m
     16 Linear |R| = [32m8.833448e+01[39m
     17 Linear |R| = [32m7.025435e+01[39m
     18 Linear |R| = [32m5.247297e+01[39m
     19 Linear |R| = [32m3.792175e+01[39m
     20 Linear |R| = [32m2.961676e+01[39m
     21 Linear |R| = [32m2.424828e+01[39m
     22 Linear |R| = [32m2.106100e+01[39m
     23 Linear |R| = [32m1.891286e+01[39m
     24 Linear |R| = [32m1.774392e+01[39m
     25 Linear |R| = [33m1.705733e+01[39m
     26 Linear |R| = [33m1.654913e+01[39m
     27 Linear |R| = [33m1.614946e+01[39m
     28 Linear |R| = [33m1.545432e+01[39m
     29 Linear |R| = [32m1.408751e+01[39m
     30 Linear |R| = [32m1.285776e+01[39m
     31 Linear |R| = [32m1.041253e+01[39m
     32 Linear |R| = [32m9.432295e+00[39m
     33 Linear |R| = [32m8.804249e+00[39m
     34 Linear |R| = [33m8.381107e+00[39m
     35 Linear |R| = [33m8.126916e+00[39m
     36 Linear |R| = [33m7.836041e+00[39m
     37 Linear |R| = [33m7.451264e+00[39m
     38 Linear |R| = [32m6.950606e+00[39m
     39 Linear |R| = [32m6.351673e+00[39m
     40 Linear |R| = [32m5.721481e+00[39m
     41 Linear |R| = [32m5.076737e+00[39m
     42 Linear |R| = [32m4.419670e+00[39m
     43 Linear |R| = [32m3.726662e+00[39m
     44 Linear |R| = [32m2.959774e+00[39m
     45 Linear |R| = [32m2.181648e+00[39m
     46 Linear |R| = [32m1.526808e+00[39m
     47 Linear |R| = [32m1.067687e+00[39m
     48 Linear |R| = [32m7.542568e-01[39m
     49 Linear |R| = [32m5.532599e-01[39m
     50 Linear |R| = [32m4.456919e-01[39m
     51 Linear |R| = [32m3.892085e-01[39m
     52 Linear |R| = [32m3.617285e-01[39m
     53 Linear |R| = [33m3.457872e-01[39m
     54 Linear |R| = [33m3.326845e-01[39m
     55 Linear |R| = [33m3.179993e-01[39m
     56 Linear |R| = [32m2.927859e-01[39m
     57 Linear |R| = [32m2.527276e-01[39m
     58 Linear |R| = [32m1.985578e-01[39m
     59 Linear |R| = [32m1.441822e-01[39m
    Linear solve did not converge due to DIVERGED_BREAKDOWN iterations 60
 3 Nonlinear |R| = [32m6.206220e+02[39m
      0 Linear |R| = [32m6.206220e+02[39m
      1 Linear |R| = [32m5.578664e+02[39m
      2 Linear |R| = [32m3.968906e+02[39m
      3 Linear |R| = [32m3.179238e+02[39m
      4 Linear |R| = [32m2.644674e+02[39m
      5 Linear |R| = [32m2.452813e+02[39m
      6 Linear |R| = [33m2.403968e+02[39m
      7 Linear |R| = [33m2.383099e+02[39m
      8 Linear |R| = [33m2.383007e+02[39m
      9 Linear |R| = [33m2.375843e+02[39m
     10 Linear |R| = [33m2.352035e+02[39m
     11 Linear |R| = [33m2.277560e+02[39m
     12 Linear |R| = [33m2.187391e+02[39m
     13 Linear |R| = [33m2.096747e+02[39m
     14 Linear |R| = [33m1.997951e+02[39m
     15 Linear |R| = [33m1.913205e+02[39m
     16 Linear |R| = [33m1.844429e+02[39m
     17 Linear |R| = [32m1.727425e+02[39m
     18 Linear |R| = [32m1.570627e+02[39m
     19 Linear |R| = [32m1.442776e+02[39m
     20 Linear |R| = [33m1.373954e+02[39m
     21 Linear |R| = [33m1.331572e+02[39m
     22 Linear |R| = [33m1.309491e+02[39m
     23 Linear |R| = [33m1.294772e+02[39m
     24 Linear |R| = [33m1.279299e+02[39m
     25 Linear |R| = [33m1.268848e+02[39m
     26 Linear |R| = [33m1.262302e+02[39m
     27 Linear |R| = [33m1.258875e+02[39m
     28 Linear |R| = [33m1.258408e+02[39m
     29 Linear |R| = [33m1.258018e+02[39m
     30 Linear |R| = [33m1.251637e+02[39m
     31 Linear |R| = [33m1.248492e+02[39m
     32 Linear |R| = [33m1.247909e+02[39m
     33 Linear |R| = [33m1.247875e+02[39m
     34 Linear |R| = [33m1.247286e+02[39m
     35 Linear |R| = [33m1.245566e+02[39m
     36 Linear |R| = [33m1.239003e+02[39m
     37 Linear |R| = [33m1.229421e+02[39m
     38 Linear |R| = [33m1.208106e+02[39m
     39 Linear |R| = [33m1.149804e+02[39m
     40 Linear |R| = [32m1.089024e+02[39m
     41 Linear |R| = [32m1.023307e+02[39m
     42 Linear |R| = [33m9.748308e+01[39m
     43 Linear |R| = [33m9.378366e+01[39m
     44 Linear |R| = [33m9.034130e+01[39m
     45 Linear |R| = [33m8.897302e+01[39m
     46 Linear |R| = [33m8.841350e+01[39m
     47 Linear |R| = [33m8.821772e+01[39m
     48 Linear |R| = [33m8.817024e+01[39m
     49 Linear |R| = [33m8.813717e+01[39m
     50 Linear |R| = [33m8.762736e+01[39m
     51 Linear |R| = [33m8.630907e+01[39m
     52 Linear |R| = [33m8.362419e+01[39m
     53 Linear |R| = [33m7.986943e+01[39m
     54 Linear |R| = [32m7.578165e+01[39m
     55 Linear |R| = [32m7.019148e+01[39m
     56 Linear |R| = [32m6.407637e+01[39m
     57 Linear |R| = [32m5.691114e+01[39m
     58 Linear |R| = [32m4.920007e+01[39m
     59 Linear |R| = [32m4.482846e+01[39m
     60 Linear |R| = [33m4.276006e+01[39m
     61 Linear |R| = [33m4.183771e+01[39m
     62 Linear |R| = [33m4.150499e+01[39m
     63 Linear |R| = [33m4.135295e+01[39m
     64 Linear |R| = [33m4.134965e+01[39m
     65 Linear |R| = [33m4.128520e+01[39m
     66 Linear |R| = [33m4.070365e+01[39m
     67 Linear |R| = [33m3.951959e+01[39m
     68 Linear |R| = [33m3.801731e+01[39m
     69 Linear |R| = [32m3.560043e+01[39m
     70 Linear |R| = [32m3.217599e+01[39m
     71 Linear |R| = [32m2.866558e+01[39m
     72 Linear |R| = [32m2.548216e+01[39m
     73 Linear |R| = [32m2.261423e+01[39m
     74 Linear |R| = [32m2.011236e+01[39m
     75 Linear |R| = [32m1.805427e+01[39m
     76 Linear |R| = [32m1.686339e+01[39m
     77 Linear |R| = [33m1.638832e+01[39m
     78 Linear |R| = [33m1.625318e+01[39m
     79 Linear |R| = [33m1.624625e+01[39m
     80 Linear |R| = [33m1.622672e+01[39m
     81 Linear |R| = [33m1.613103e+01[39m
     82 Linear |R| = [33m1.593509e+01[39m
     83 Linear |R| = [33m1.562722e+01[39m
     84 Linear |R| = [33m1.524467e+01[39m
     85 Linear |R| = [33m1.484886e+01[39m
     86 Linear |R| = [33m1.446036e+01[39m
     87 Linear |R| = [33m1.392658e+01[39m
     88 Linear |R| = [32m1.314805e+01[39m
     89 Linear |R| = [32m1.225749e+01[39m
    Linear solve did not converge due to DIVERGED_BREAKDOWN iterations 90
 4 Nonlinear |R| = [33m6.185130e+02[39m
      0 Linear |R| = [32m6.185130e+02[39m
      1 Linear |R| = [32m5.531968e+02[39m
      2 Linear |R| = [32m3.950961e+02[39m
      3 Linear |R| = [32m3.092999e+02[39m
      4 Linear |R| = [32m2.577009e+02[39m
      5 Linear |R| = [32m2.399434e+02[39m
      6 Linear |R| = [33m2.331963e+02[39m
      7 Linear |R| = [33m2.286523e+02[39m
      8 Linear |R| = [33m2.281740e+02[39m
      9 Linear |R| = [33m2.281558e+02[39m
     10 Linear |R| = [33m2.281554e+02[39m
     11 Linear |R| = [33m2.272214e+02[39m
     12 Linear |R| = [33m2.249543e+02[39m
     13 Linear |R| = [33m2.214182e+02[39m
     14 Linear |R| = [33m2.160663e+02[39m
     15 Linear |R| = [33m2.101619e+02[39m
     16 Linear |R| = [33m2.050572e+02[39m
     17 Linear |R| = [33m1.975455e+02[39m
     18 Linear |R| = [32m1.873414e+02[39m
     19 Linear |R| = [33m1.786565e+02[39m
     20 Linear |R| = [33m1.743688e+02[39m
     21 Linear |R| = [33m1.715636e+02[39m
     22 Linear |R| = [33m1.693305e+02[39m
     23 Linear |R| = [33m1.672514e+02[39m
     24 Linear |R| = [33m1.649898e+02[39m
     25 Linear |R| = [33m1.632833e+02[39m
     26 Linear |R| = [33m1.609865e+02[39m
     27 Linear |R| = [33m1.569191e+02[39m
     28 Linear |R| = [33m1.515888e+02[39m
     29 Linear |R| = [33m1.459596e+02[39m
     30 Linear |R| = [33m1.425506e+02[39m
     31 Linear |R| = [33m1.412407e+02[39m
     32 Linear |R| = [33m1.406974e+02[39m
     33 Linear |R| = [33m1.404378e+02[39m
     34 Linear |R| = [33m1.403505e+02[39m
     35 Linear |R| = [33m1.403500e+02[39m
     36 Linear |R| = [33m1.397156e+02[39m
     37 Linear |R| = [33m1.383736e+02[39m
     38 Linear |R| = [33m1.365866e+02[39m
     39 Linear |R| = [33m1.338777e+02[39m
     40 Linear |R| = [33m1.310123e+02[39m
     41 Linear |R| = [33m1.284328e+02[39m
     42 Linear |R| = [33m1.261256e+02[39m
     43 Linear |R| = [33m1.242600e+02[39m
     44 Linear |R| = [33m1.222775e+02[39m
     45 Linear |R| = [33m1.202636e+02[39m
     46 Linear |R| = [33m1.178201e+02[39m
     47 Linear |R| = [33m1.123434e+02[39m
     48 Linear |R| = [32m1.055664e+02[39m
     49 Linear |R| = [32m9.893271e+01[39m
     50 Linear |R| = [33m9.473251e+01[39m
     51 Linear |R| = [33m9.141109e+01[39m
     52 Linear |R| = [33m8.941005e+01[39m
     53 Linear |R| = [33m8.888755e+01[39m
     54 Linear |R| = [33m8.883277e+01[39m
     55 Linear |R| = [33m8.882921e+01[39m
     56 Linear |R| = [33m8.865683e+01[39m
     57 Linear |R| = [33m8.799554e+01[39m
     58 Linear |R| = [33m8.671420e+01[39m
     59 Linear |R| = [33m8.484606e+01[39m
     60 Linear |R| = [31m8.531542e+01[39m
     61 Linear |R| = [33m8.157777e+01[39m
     62 Linear |R| = [33m8.027977e+01[39m
     63 Linear |R| = [33m7.939872e+01[39m
     64 Linear |R| = [33m7.881607e+01[39m
     65 Linear |R| = [33m7.832300e+01[39m
     66 Linear |R| = [33m7.826820e+01[39m
     67 Linear |R| = [33m7.825273e+01[39m
     68 Linear |R| = [33m7.821053e+01[39m
     69 Linear |R| = [33m7.796594e+01[39m
     70 Linear |R| = [33m7.742597e+01[39m
     71 Linear |R| = [33m7.627956e+01[39m
     72 Linear |R| = [33m7.455269e+01[39m
     73 Linear |R| = [33m7.293898e+01[39m
     74 Linear |R| = [33m7.151611e+01[39m
     75 Linear |R| = [33m7.078402e+01[39m
     76 Linear |R| = [33m7.004534e+01[39m
     77 Linear |R| = [33m6.927029e+01[39m
     78 Linear |R| = [33m6.856221e+01[39m
     79 Linear |R| = [33m6.760380e+01[39m
     80 Linear |R| = [33m6.689024e+01[39m
     81 Linear |R| = [33m6.630366e+01[39m
     82 Linear |R| = [33m6.567671e+01[39m
     83 Linear |R| = [33m6.530455e+01[39m
     84 Linear |R| = [33m6.518711e+01[39m
     85 Linear |R| = [33m6.518180e+01[39m
     86 Linear |R| = [33m6.517402e+01[39m
     87 Linear |R| = [33m6.513442e+01[39m
     88 Linear |R| = [33m6.502003e+01[39m
     89 Linear |R| = [33m6.467630e+01[39m
     90 Linear |R| = [31m6.565513e+01[39m
     91 Linear |R| = [33m6.379191e+01[39m
     92 Linear |R| = [33m6.319453e+01[39m
     93 Linear |R| = [33m6.302610e+01[39m
     94 Linear |R| = [33m6.295665e+01[39m
     95 Linear |R| = [33m6.293555e+01[39m
     96 Linear |R| = [33m6.293501e+01[39m
     97 Linear |R| = [33m6.289211e+01[39m
     98 Linear |R| = [33m6.273506e+01[39m
     99 Linear |R| = [33m6.247589e+01[39m
    100 Linear |R| = [33m6.212061e+01[39m
    101 Linear |R| = [33m6.153036e+01[39m
    102 Linear |R| = [33m6.087703e+01[39m
    103 Linear |R| = [33m6.042764e+01[39m
    104 Linear |R| = [33m6.002696e+01[39m
    105 Linear |R| = [33m5.947291e+01[39m
    106 Linear |R| = [33m5.838640e+01[39m
    107 Linear |R| = [33m5.628698e+01[39m
    108 Linear |R| = [32m5.305690e+01[39m
    109 Linear |R| = [32m4.976705e+01[39m
    110 Linear |R| = [33m4.786418e+01[39m
    111 Linear |R| = [33m4.693938e+01[39m
    112 Linear |R| = [33m4.634735e+01[39m
    113 Linear |R| = [33m4.611579e+01[39m
    114 Linear |R| = [33m4.611219e+01[39m
    115 Linear |R| = [33m4.604641e+01[39m
    116 Linear |R| = [33m4.579536e+01[39m
    117 Linear |R| = [33m4.527481e+01[39m
    118 Linear |R| = [33m4.429263e+01[39m
    119 Linear |R| = [33m4.287933e+01[39m
    120 Linear |R| = [31m4.419369e+01[39m
    121 Linear |R| = [32m4.058310e+01[39m
    122 Linear |R| = [33m3.928615e+01[39m
    123 Linear |R| = [33m3.833996e+01[39m
    124 Linear |R| = [33m3.758687e+01[39m
    125 Linear |R| = [33m3.722134e+01[39m
    126 Linear |R| = [33m3.714166e+01[39m
    127 Linear |R| = [33m3.713493e+01[39m
    128 Linear |R| = [33m3.712715e+01[39m
    129 Linear |R| = [33m3.700309e+01[39m
    130 Linear |R| = [33m3.665217e+01[39m
    131 Linear |R| = [33m3.609592e+01[39m
    132 Linear |R| = [33m3.531250e+01[39m
    133 Linear |R| = [33m3.405308e+01[39m
    134 Linear |R| = [33m3.304864e+01[39m
    135 Linear |R| = [33m3.220720e+01[39m
    136 Linear |R| = [33m3.171180e+01[39m
    137 Linear |R| = [33m3.120400e+01[39m
    138 Linear |R| = [33m3.077760e+01[39m
    139 Linear |R| = [33m3.040413e+01[39m
    140 Linear |R| = [33m3.000497e+01[39m
    141 Linear |R| = [33m2.965869e+01[39m
    142 Linear |R| = [33m2.942266e+01[39m
    143 Linear |R| = [33m2.933559e+01[39m
    144 Linear |R| = [33m2.930882e+01[39m
    145 Linear |R| = [33m2.930689e+01[39m
    146 Linear |R| = [33m2.928219e+01[39m
    147 Linear |R| = [33m2.922793e+01[39m
    148 Linear |R| = [33m2.913980e+01[39m
    149 Linear |R| = [33m2.903912e+01[39m
    150 Linear |R| = [31m2.915304e+01[39m
    151 Linear |R| = [33m2.884522e+01[39m
    152 Linear |R| = [33m2.870178e+01[39m
    153 Linear |R| = [33m2.861796e+01[39m
    154 Linear |R| = [33m2.856634e+01[39m
    155 Linear |R| = [33m2.856297e+01[39m
    156 Linear |R| = [33m2.855961e+01[39m
    157 Linear |R| = [33m2.854556e+01[39m
    158 Linear |R| = [33m2.850343e+01[39m
    159 Linear |R| = [33m2.842387e+01[39m
    160 Linear |R| = [33m2.832968e+01[39m
    161 Linear |R| = [33m2.821121e+01[39m
    162 Linear |R| = [33m2.808837e+01[39m
    163 Linear |R| = [33m2.787699e+01[39m
    164 Linear |R| = [33m2.766938e+01[39m
    165 Linear |R| = [33m2.728114e+01[39m
    166 Linear |R| = [33m2.682743e+01[39m
    167 Linear |R| = [33m2.602158e+01[39m
    168 Linear |R| = [32m2.463644e+01[39m
    169 Linear |R| = [32m2.290341e+01[39m
    170 Linear |R| = [32m2.109257e+01[39m
    171 Linear |R| = [32m1.941454e+01[39m
    172 Linear |R| = [32m1.805183e+01[39m
    173 Linear |R| = [32m1.688917e+01[39m
    174 Linear |R| = [32m1.590299e+01[39m
    175 Linear |R| = [33m1.513970e+01[39m
    176 Linear |R| = [33m1.461887e+01[39m
    177 Linear |R| = [33m1.435919e+01[39m
    178 Linear |R| = [33m1.429077e+01[39m
    179 Linear |R| = [33m1.429072e+01[39m
    Linear solve did not converge due to DIVERGED_BREAKDOWN iterations 180
 5 Nonlinear |R| = [33m6.182277e+02[39m
      0 Linear |R| = [32m6.182277e+02[39m
      1 Linear |R| = [32m5.502657e+02[39m
      2 Linear |R| = [32m4.009052e+02[39m
      3 Linear |R| = [32m3.059914e+02[39m
      4 Linear |R| = [32m2.539833e+02[39m
      5 Linear |R| = [32m2.372482e+02[39m
      6 Linear |R| = [33m2.315435e+02[39m
      7 Linear |R| = [33m2.284945e+02[39m
      8 Linear |R| = [33m2.281562e+02[39m
      9 Linear |R| = [33m2.281473e+02[39m
     10 Linear |R| = [33m2.280917e+02[39m
     11 Linear |R| = [33m2.265524e+02[39m
     12 Linear |R| = [33m2.238459e+02[39m
     13 Linear |R| = [33m2.190715e+02[39m
     14 Linear |R| = [33m2.093872e+02[39m
     15 Linear |R| = [32m1.985706e+02[39m
     16 Linear |R| = [33m1.897544e+02[39m
     17 Linear |R| = [32m1.791378e+02[39m
     18 Linear |R| = [32m1.648485e+02[39m
     19 Linear |R| = [32m1.503816e+02[39m
     20 Linear |R| = [32m1.374046e+02[39m
     21 Linear |R| = [32m1.217380e+02[39m
     22 Linear |R| = [32m1.051105e+02[39m
     23 Linear |R| = [32m8.998802e+01[39m
     24 Linear |R| = [32m7.420778e+01[39m
     25 Linear |R| = [32m6.131128e+01[39m
     26 Linear |R| = [32m5.404012e+01[39m
     27 Linear |R| = [32m5.084681e+01[39m
     28 Linear |R| = [33m4.975562e+01[39m
     29 Linear |R| = [33m4.950644e+01[39m
     30 Linear |R| = [31m4.997013e+01[39m
     31 Linear |R| = [33m4.968171e+01[39m
     32 Linear |R| = [33m4.967807e+01[39m
     33 Linear |R| = [33m4.944881e+01[39m
     34 Linear |R| = [33m4.897346e+01[39m
     35 Linear |R| = [33m4.811686e+01[39m
     36 Linear |R| = [33m4.671229e+01[39m
     37 Linear |R| = [33m4.472298e+01[39m
     38 Linear |R| = [32m4.194045e+01[39m
     39 Linear |R| = [32m3.806315e+01[39m
     40 Linear |R| = [32m3.349603e+01[39m
     41 Linear |R| = [32m2.742810e+01[39m
     42 Linear |R| = [32m2.119437e+01[39m
     43 Linear |R| = [32m1.682843e+01[39m
     44 Linear |R| = [32m1.420466e+01[39m
     45 Linear |R| = [32m1.255052e+01[39m
     46 Linear |R| = [32m1.126936e+01[39m
     47 Linear |R| = [32m1.030185e+01[39m
     48 Linear |R| = [32m9.652613e+00[39m
     49 Linear |R| = [33m9.178286e+00[39m
     50 Linear |R| = [33m8.869690e+00[39m
     51 Linear |R| = [33m8.654607e+00[39m
     52 Linear |R| = [33m8.519547e+00[39m
     53 Linear |R| = [33m8.410939e+00[39m
     54 Linear |R| = [33m8.321500e+00[39m
     55 Linear |R| = [33m8.276612e+00[39m
     56 Linear |R| = [33m8.263113e+00[39m
     57 Linear |R| = [33m8.262016e+00[39m
     58 Linear |R| = [33m8.254207e+00[39m
     59 Linear |R| = [33m8.185904e+00[39m
    Linear solve did not converge due to DIVERGED_BREAKDOWN iterations 60
 6 Nonlinear |R| = [33m6.165306e+02[39m
      0 Linear |R| = [32m6.165306e+02[39m
      1 Linear |R| = [32m5.457426e+02[39m
      2 Linear |R| = [32m4.005100e+02[39m
      3 Linear |R| = [32m2.967358e+02[39m
      4 Linear |R| = [32m2.416932e+02[39m
      5 Linear |R| = [32m2.201910e+02[39m
      6 Linear |R| = [33m2.096180e+02[39m
      7 Linear |R| = [33m2.002454e+02[39m
      8 Linear |R| = [33m1.947135e+02[39m
      9 Linear |R| = [33m1.905085e+02[39m
     10 Linear |R| = [33m1.857939e+02[39m
     11 Linear |R| = [33m1.795671e+02[39m
     12 Linear |R| = [33m1.707126e+02[39m
     13 Linear |R| = [32m1.612368e+02[39m
     14 Linear |R| = [32m1.528796e+02[39m
     15 Linear |R| = [33m1.456234e+02[39m
     16 Linear |R| = [33m1.398315e+02[39m
     17 Linear |R| = [33m1.362292e+02[39m
     18 Linear |R| = [33m1.334013e+02[39m
     19 Linear |R| = [33m1.314373e+02[39m
     20 Linear |R| = [33m1.300481e+02[39m
     21 Linear |R| = [33m1.292875e+02[39m
     22 Linear |R| = [33m1.290225e+02[39m
     23 Linear |R| = [33m1.290134e+02[39m
     24 Linear |R| = [33m1.289515e+02[39m
     25 Linear |R| = [33m1.288325e+02[39m
     26 Linear |R| = [33m1.284098e+02[39m
     27 Linear |R| = [33m1.268293e+02[39m
     28 Linear |R| = [33m1.215118e+02[39m
     29 Linear |R| = [32m1.093624e+02[39m
     30 Linear |R| = [32m9.420457e+01[39m
     31 Linear |R| = [32m8.747574e+01[39m
     32 Linear |R| = [32m8.264362e+01[39m
     33 Linear |R| = [33m7.879665e+01[39m
     34 Linear |R| = [33m7.673799e+01[39m
     35 Linear |R| = [33m7.535422e+01[39m
     36 Linear |R| = [33m7.443620e+01[39m
     37 Linear |R| = [33m7.398872e+01[39m
     38 Linear |R| = [33m7.386971e+01[39m
     39 Linear |R| = [33m7.386694e+01[39m
     40 Linear |R| = [33m7.380487e+01[39m
     41 Linear |R| = [33m7.351613e+01[39m
     42 Linear |R| = [33m7.257314e+01[39m
     43 Linear |R| = [33m7.105438e+01[39m
     44 Linear |R| = [33m6.921996e+01[39m
     45 Linear |R| = [33m6.670618e+01[39m
     46 Linear |R| = [33m6.521428e+01[39m
     47 Linear |R| = [33m6.343649e+01[39m
     48 Linear |R| = [33m6.233054e+01[39m
     49 Linear |R| = [33m6.114613e+01[39m
     50 Linear |R| = [33m5.990810e+01[39m
     51 Linear |R| = [33m5.819800e+01[39m
     52 Linear |R| = [33m5.557412e+01[39m
     53 Linear |R| = [32m5.248317e+01[39m
     54 Linear |R| = [32m4.975464e+01[39m
     55 Linear |R| = [33m4.774401e+01[39m
     56 Linear |R| = [33m4.568308e+01[39m
     57 Linear |R| = [32m4.336957e+01[39m
     58 Linear |R| = [32m3.967648e+01[39m
     59 Linear |R| = [32m3.597968e+01[39m
     60 Linear |R| = [32m2.942111e+01[39m
     61 Linear |R| = [32m2.626297e+01[39m
     62 Linear |R| = [32m2.371470e+01[39m
     63 Linear |R| = [32m2.169759e+01[39m
     64 Linear |R| = [32m2.004909e+01[39m
     65 Linear |R| = [32m1.869925e+01[39m
     66 Linear |R| = [32m1.755249e+01[39m
     67 Linear |R| = [32m1.662508e+01[39m
     68 Linear |R| = [33m1.598965e+01[39m
     69 Linear |R| = [33m1.545298e+01[39m
     70 Linear |R| = [33m1.489594e+01[39m
     71 Linear |R| = [33m1.452242e+01[39m
     72 Linear |R| = [33m1.437031e+01[39m
     73 Linear |R| = [33m1.423224e+01[39m
     74 Linear |R| = [33m1.410360e+01[39m
     75 Linear |R| = [33m1.399858e+01[39m
     76 Linear |R| = [33m1.394315e+01[39m
     77 Linear |R| = [33m1.390999e+01[39m
     78 Linear |R| = [33m1.389574e+01[39m
     79 Linear |R| = [33m1.389498e+01[39m
     80 Linear |R| = [33m1.389428e+01[39m
     81 Linear |R| = [33m1.388178e+01[39m
     82 Linear |R| = [33m1.383824e+01[39m
     83 Linear |R| = [33m1.374599e+01[39m
     84 Linear |R| = [33m1.353150e+01[39m
     85 Linear |R| = [33m1.319390e+01[39m
     86 Linear |R| = [33m1.280197e+01[39m
     87 Linear |R| = [33m1.235622e+01[39m
     88 Linear |R| = [33m1.182790e+01[39m
     89 Linear |R| = [32m1.122164e+01[39m
     90 Linear |R| = [32m1.044973e+01[39m
     91 Linear |R| = [32m9.825068e+00[39m
     92 Linear |R| = [33m9.420582e+00[39m
     93 Linear |R| = [33m9.058000e+00[39m
     94 Linear |R| = [33m8.792599e+00[39m
     95 Linear |R| = [33m8.569473e+00[39m
     96 Linear |R| = [33m8.426608e+00[39m
     97 Linear |R| = [33m8.367773e+00[39m
     98 Linear |R| = [33m8.335257e+00[39m
     99 Linear |R| = [33m8.331701e+00[39m
    100 Linear |R| = [33m8.331696e+00[39m
    101 Linear |R| = [33m8.325466e+00[39m
    102 Linear |R| = [33m8.289769e+00[39m
    103 Linear |R| = [33m8.243831e+00[39m
    104 Linear |R| = [33m8.164534e+00[39m
    105 Linear |R| = [33m8.061196e+00[39m
    106 Linear |R| = [33m7.974913e+00[39m
    107 Linear |R| = [33m7.887509e+00[39m
    108 Linear |R| = [33m7.780091e+00[39m
    109 Linear |R| = [33m7.646480e+00[39m
    110 Linear |R| = [33m7.524901e+00[39m
    111 Linear |R| = [33m7.366430e+00[39m
    112 Linear |R| = [33m7.086926e+00[39m
    113 Linear |R| = [33m6.739344e+00[39m
    114 Linear |R| = [32m6.390380e+00[39m
    115 Linear |R| = [33m6.084854e+00[39m
    116 Linear |R| = [32m5.770600e+00[39m
    117 Linear |R| = [32m5.409843e+00[39m
    118 Linear |R| = [32m4.938176e+00[39m
    119 Linear |R| = [32m4.387972e+00[39m
    120 Linear |R| = [32m3.967335e+00[39m
    121 Linear |R| = [32m3.471520e+00[39m
    122 Linear |R| = [32m3.170401e+00[39m
    123 Linear |R| = [32m2.935492e+00[39m
    124 Linear |R| = [32m2.713905e+00[39m
    125 Linear |R| = [32m2.499775e+00[39m
    126 Linear |R| = [32m2.334328e+00[39m
    127 Linear |R| = [32m2.192929e+00[39m
    128 Linear |R| = [33m2.102613e+00[39m
    129 Linear |R| = [33m2.041628e+00[39m
    130 Linear |R| = [33m1.989440e+00[39m
    131 Linear |R| = [33m1.957960e+00[39m
    132 Linear |R| = [33m1.945909e+00[39m
    133 Linear |R| = [33m1.937560e+00[39m
    134 Linear |R| = [33m1.932387e+00[39m
    135 Linear |R| = [33m1.928422e+00[39m
    136 Linear |R| = [33m1.927162e+00[39m
    137 Linear |R| = [33m1.927161e+00[39m
    138 Linear |R| = [33m1.926938e+00[39m
    139 Linear |R| = [33m1.924223e+00[39m
    140 Linear |R| = [33m1.919591e+00[39m
    141 Linear |R| = [33m1.911850e+00[39m
    142 Linear |R| = [33m1.899117e+00[39m
    143 Linear |R| = [33m1.880613e+00[39m
    144 Linear |R| = [33m1.847761e+00[39m
    145 Linear |R| = [33m1.803066e+00[39m
    146 Linear |R| = [33m1.752095e+00[39m
    147 Linear |R| = [33m1.696450e+00[39m
    148 Linear |R| = [33m1.622949e+00[39m
    149 Linear |R| = [33m1.551618e+00[39m
    150 Linear |R| = [31m1.555165e+00[39m
    151 Linear |R| = [32m1.410654e+00[39m
    152 Linear |R| = [33m1.355742e+00[39m
    153 Linear |R| = [33m1.308105e+00[39m
    154 Linear |R| = [33m1.264917e+00[39m
    155 Linear |R| = [33m1.230920e+00[39m
    156 Linear |R| = [33m1.207627e+00[39m
    157 Linear |R| = [33m1.194742e+00[39m
    158 Linear |R| = [33m1.187833e+00[39m
    159 Linear |R| = [33m1.185803e+00[39m
    160 Linear |R| = [33m1.184805e+00[39m
    161 Linear |R| = [33m1.184805e+00[39m
    162 Linear |R| = [33m1.183918e+00[39m
    163 Linear |R| = [33m1.182206e+00[39m
    164 Linear |R| = [33m1.176972e+00[39m
    165 Linear |R| = [33m1.169954e+00[39m
    166 Linear |R| = [33m1.160403e+00[39m
    167 Linear |R| = [33m1.151394e+00[39m
    168 Linear |R| = [33m1.141598e+00[39m
    169 Linear |R| = [33m1.126237e+00[39m
    170 Linear |R| = [33m1.112430e+00[39m
    171 Linear |R| = [33m1.092637e+00[39m
    172 Linear |R| = [33m1.059966e+00[39m
    173 Linear |R| = [33m1.008832e+00[39m
    174 Linear |R| = [32m9.501412e-01[39m
    175 Linear |R| = [32m8.944727e-01[39m
    176 Linear |R| = [32m8.387096e-01[39m
    177 Linear |R| = [32m7.804085e-01[39m
    178 Linear |R| = [32m7.136040e-01[39m
    179 Linear |R| = [32m6.463820e-01[39m
    180 Linear |R| = [31m6.507111e-01[39m
    181 Linear |R| = [32m5.216264e-01[39m
    182 Linear |R| = [32m4.751015e-01[39m
    183 Linear |R| = [32m4.417999e-01[39m
    184 Linear |R| = [32m4.063891e-01[39m
    185 Linear |R| = [32m3.753908e-01[39m
    186 Linear |R| = [32m3.493216e-01[39m
    187 Linear |R| = [32m3.272744e-01[39m
    188 Linear |R| = [32m3.107649e-01[39m
    189 Linear |R| = [33m2.986753e-01[39m
    190 Linear |R| = [33m2.913369e-01[39m
    191 Linear |R| = [33m2.876229e-01[39m
    192 Linear |R| = [33m2.856845e-01[39m
    193 Linear |R| = [33m2.843411e-01[39m
    194 Linear |R| = [33m2.839606e-01[39m
    195 Linear |R| = [33m2.836483e-01[39m
    196 Linear |R| = [33m2.836190e-01[39m
    197 Linear |R| = [33m2.836126e-01[39m
    198 Linear |R| = [33m2.833707e-01[39m
    199 Linear |R| = [33m2.823289e-01[39m
    200 Linear |R| = [33m2.808071e-01[39m
    201 Linear |R| = [33m2.788946e-01[39m
    202 Linear |R| = [33m2.764128e-01[39m
    203 Linear |R| = [33m2.732555e-01[39m
    204 Linear |R| = [33m2.684774e-01[39m
    205 Linear |R| = [33m2.634998e-01[39m
    206 Linear |R| = [33m2.570528e-01[39m
    207 Linear |R| = [33m2.488257e-01[39m
    208 Linear |R| = [33m2.398215e-01[39m
    209 Linear |R| = [33m2.313691e-01[39m
    Linear solve did not converge due to DIVERGED_BREAKDOWN iterations 210
 7 Nonlinear |R| = [33m6.047335e+02[39m
      0 Linear |R| = [32m6.047335e+02[39m
      1 Linear |R| = [32m5.331823e+02[39m
      2 Linear |R| = [32m3.930917e+02[39m
      3 Linear |R| = [32m3.020240e+02[39m
      4 Linear |R| = [32m2.468819e+02[39m
      5 Linear |R| = [32m2.296666e+02[39m
      6 Linear |R| = [33m2.239313e+02[39m
      7 Linear |R| = [33m2.200046e+02[39m
      8 Linear |R| = [33m2.184179e+02[39m
      9 Linear |R| = [33m2.177864e+02[39m
     10 Linear |R| = [33m2.177374e+02[39m
     11 Linear |R| = [33m2.173227e+02[39m
     12 Linear |R| = [33m2.167261e+02[39m
     13 Linear |R| = [33m2.156744e+02[39m
     14 Linear |R| = [33m2.127247e+02[39m
     15 Linear |R| = [33m2.099252e+02[39m
     16 Linear |R| = [33m2.077068e+02[39m
     17 Linear |R| = [33m2.038349e+02[39m
     18 Linear |R| = [33m1.976281e+02[39m
     19 Linear |R| = [33m1.895294e+02[39m
     20 Linear |R| = [32m1.799225e+02[39m
     21 Linear |R| = [32m1.638515e+02[39m
     22 Linear |R| = [32m1.413050e+02[39m
     23 Linear |R| = [32m1.178566e+02[39m
     24 Linear |R| = [32m9.437309e+01[39m
     25 Linear |R| = [32m7.275908e+01[39m
     26 Linear |R| = [32m5.614527e+01[39m
     27 Linear |R| = [32m4.587517e+01[39m
     28 Linear |R| = [32m4.007871e+01[39m
     29 Linear |R| = [32m3.676182e+01[39m
     30 Linear |R| = [31m6.091813e+01[39m
     31 Linear |R| = [32m4.148624e+01[39m
     32 Linear |R| = [32m3.518533e+01[39m
     33 Linear |R| = [32m3.340162e+01[39m
     34 Linear |R| = [33m3.274749e+01[39m
     35 Linear |R| = [33m3.252812e+01[39m
     36 Linear |R| = [33m3.250548e+01[39m
     37 Linear |R| = [33m3.247714e+01[39m
     38 Linear |R| = [33m3.229561e+01[39m
     39 Linear |R| = [33m3.181941e+01[39m
     40 Linear |R| = [33m3.082917e+01[39m
     41 Linear |R| = [32m2.904882e+01[39m
     42 Linear |R| = [32m2.661848e+01[39m
     43 Linear |R| = [32m2.340768e+01[39m
     44 Linear |R| = [32m1.973053e+01[39m
     45 Linear |R| = [32m1.589979e+01[39m
     46 Linear |R| = [32m1.270820e+01[39m
     47 Linear |R| = [32m1.042882e+01[39m
     48 Linear |R| = [32m8.672426e+00[39m
     49 Linear |R| = [32m7.278266e+00[39m
     50 Linear |R| = [32m6.092451e+00[39m
     51 Linear |R| = [32m5.184486e+00[39m
     52 Linear |R| = [32m4.506105e+00[39m
     53 Linear |R| = [32m4.089628e+00[39m
     54 Linear |R| = [32m3.844218e+00[39m
     55 Linear |R| = [33m3.680135e+00[39m
     56 Linear |R| = [33m3.579000e+00[39m
     57 Linear |R| = [33m3.513876e+00[39m
     58 Linear |R| = [33m3.459886e+00[39m
     59 Linear |R| = [33m3.415993e+00[39m
    Linear solve did not converge due to DIVERGED_BREAKDOWN iterations 60
 8 Nonlinear |R| = [33m6.034106e+02[39m
      0 Linear |R| = [32m6.034106e+02[39m
      1 Linear |R| = [32m5.311631e+02[39m
      2 Linear |R| = [32m3.930495e+02[39m
      3 Linear |R| = [32m2.966179e+02[39m
      4 Linear |R| = [32m2.411916e+02[39m
      5 Linear |R| = [32m2.219272e+02[39m
      6 Linear |R| = [33m2.136435e+02[39m
      7 Linear |R| = [33m2.067120e+02[39m
      8 Linear |R| = [33m2.032668e+02[39m
      9 Linear |R| = [33m2.013284e+02[39m
     10 Linear |R| = [33m1.997876e+02[39m
     11 Linear |R| = [33m1.986766e+02[39m
     12 Linear |R| = [33m1.971614e+02[39m
     13 Linear |R| = [33m1.949299e+02[39m
     14 Linear |R| = [33m1.918394e+02[39m
     15 Linear |R| = [33m1.872528e+02[39m
     16 Linear |R| = [33m1.831889e+02[39m
     17 Linear |R| = [33m1.807553e+02[39m
     18 Linear |R| = [33m1.788174e+02[39m
     19 Linear |R| = [33m1.768389e+02[39m
     20 Linear |R| = [33m1.736821e+02[39m
     21 Linear |R| = [33m1.698537e+02[39m
     22 Linear |R| = [33m1.657599e+02[39m
     23 Linear |R| = [33m1.624329e+02[39m
     24 Linear |R| = [33m1.595689e+02[39m
     25 Linear |R| = [33m1.567008e+02[39m
     26 Linear |R| = [33m1.551646e+02[39m
     27 Linear |R| = [33m1.548822e+02[39m
     28 Linear |R| = [33m1.548747e+02[39m
     29 Linear |R| = [33m1.544475e+02[39m
     30 Linear |R| = [33m1.535288e+02[39m
     31 Linear |R| = [33m1.533640e+02[39m
     32 Linear |R| = [33m1.532986e+02[39m
     33 Linear |R| = [33m1.530632e+02[39m
     34 Linear |R| = [33m1.530613e+02[39m
     35 Linear |R| = [33m1.529844e+02[39m
     36 Linear |R| = [33m1.521962e+02[39m
     37 Linear |R| = [33m1.509032e+02[39m
     38 Linear |R| = [33m1.496942e+02[39m
     39 Linear |R| = [33m1.484395e+02[39m
     40 Linear |R| = [33m1.470421e+02[39m
     41 Linear |R| = [33m1.450546e+02[39m
     42 Linear |R| = [33m1.425779e+02[39m
     43 Linear |R| = [33m1.406194e+02[39m
     44 Linear |R| = [33m1.391356e+02[39m
     45 Linear |R| = [33m1.371931e+02[39m
     46 Linear |R| = [33m1.357584e+02[39m
     47 Linear |R| = [33m1.340580e+02[39m
     48 Linear |R| = [33m1.323702e+02[39m
     49 Linear |R| = [33m1.315167e+02[39m
     50 Linear |R| = [33m1.309048e+02[39m
     51 Linear |R| = [33m1.303280e+02[39m
     52 Linear |R| = [33m1.294836e+02[39m
     53 Linear |R| = [33m1.278428e+02[39m
     54 Linear |R| = [33m1.245145e+02[39m
     55 Linear |R| = [33m1.202329e+02[39m
     56 Linear |R| = [33m1.146416e+02[39m
     57 Linear |R| = [32m1.082498e+02[39m
     58 Linear |R| = [32m1.021499e+02[39m
     59 Linear |R| = [32m9.598601e+01[39m
     60 Linear |R| = [32m8.819067e+01[39m
     61 Linear |R| = [33m8.380317e+01[39m
     62 Linear |R| = [33m8.034846e+01[39m
     63 Linear |R| = [33m7.635986e+01[39m
     64 Linear |R| = [33m7.266252e+01[39m
     65 Linear |R| = [33m6.925762e+01[39m
     66 Linear |R| = [33m6.642715e+01[39m
     67 Linear |R| = [33m6.410082e+01[39m
     68 Linear |R| = [33m6.215614e+01[39m
     69 Linear |R| = [33m6.110897e+01[39m
     70 Linear |R| = [33m6.042373e+01[39m
     71 Linear |R| = [33m5.995276e+01[39m
     72 Linear |R| = [33m5.955799e+01[39m
     73 Linear |R| = [33m5.918581e+01[39m
     74 Linear |R| = [33m5.899453e+01[39m
     75 Linear |R| = [33m5.881151e+01[39m
     76 Linear |R| = [33m5.869366e+01[39m
     77 Linear |R| = [33m5.866642e+01[39m
     78 Linear |R| = [33m5.865264e+01[39m
     79 Linear |R| = [33m5.863068e+01[39m
     80 Linear |R| = [33m5.863036e+01[39m
     81 Linear |R| = [33m5.862921e+01[39m
     82 Linear |R| = [33m5.852227e+01[39m
     83 Linear |R| = [33m5.831395e+01[39m
     84 Linear |R| = [33m5.814776e+01[39m
     85 Linear |R| = [33m5.802245e+01[39m
     86 Linear |R| = [33m5.789729e+01[39m
     87 Linear |R| = [33m5.741614e+01[39m
     88 Linear |R| = [33m5.620664e+01[39m
     89 Linear |R| = [33m5.510513e+01[39m
     90 Linear |R| = [31m5.697604e+01[39m
     91 Linear |R| = [32m5.159660e+01[39m
     92 Linear |R| = [33m5.047358e+01[39m
     93 Linear |R| = [33m4.989659e+01[39m
     94 Linear |R| = [33m4.944331e+01[39m
     95 Linear |R| = [33m4.918034e+01[39m
     96 Linear |R| = [33m4.907858e+01[39m
     97 Linear |R| = [33m4.904252e+01[39m
     98 Linear |R| = [33m4.897687e+01[39m
     99 Linear |R| = [33m4.892536e+01[39m
    100 Linear |R| = [33m4.887999e+01[39m
    101 Linear |R| = [33m4.885699e+01[39m
    102 Linear |R| = [33m4.885523e+01[39m
    103 Linear |R| = [33m4.881524e+01[39m
    104 Linear |R| = [33m4.871313e+01[39m
    105 Linear |R| = [33m4.856659e+01[39m
    106 Linear |R| = [33m4.844863e+01[39m
    107 Linear |R| = [33m4.826781e+01[39m
    108 Linear |R| = [33m4.812917e+01[39m
    109 Linear |R| = [33m4.798112e+01[39m
    110 Linear |R| = [33m4.781166e+01[39m
    111 Linear |R| = [33m4.760600e+01[39m
    112 Linear |R| = [33m4.731563e+01[39m
    113 Linear |R| = [33m4.686734e+01[39m
    114 Linear |R| = [33m4.627582e+01[39m
    115 Linear |R| = [33m4.556019e+01[39m
    116 Linear |R| = [33m4.447441e+01[39m
    117 Linear |R| = [33m4.315161e+01[39m
    118 Linear |R| = [33m4.174960e+01[39m
    119 Linear |R| = [33m3.983728e+01[39m
    Linear solve did not converge due to DIVERGED_BREAKDOWN iterations 120
 9 Nonlinear |R| = [33m6.030165e+02[39m
      0 Linear |R| = [32m6.030165e+02[39m
      1 Linear |R| = [32m5.306334e+02[39m
      2 Linear |R| = [32m3.922804e+02[39m
      3 Linear |R| = [32m3.014436e+02[39m
      4 Linear |R| = [32m2.460321e+02[39m
      5 Linear |R| = [32m2.287196e+02[39m
      6 Linear |R| = [33m2.225595e+02[39m
      7 Linear |R| = [33m2.178711e+02[39m
      8 Linear |R| = [33m2.158891e+02[39m
      9 Linear |R| = [33m2.151020e+02[39m
     10 Linear |R| = [33m2.149900e+02[39m
     11 Linear |R| = [33m2.147893e+02[39m
     12 Linear |R| = [33m2.145007e+02[39m
     13 Linear |R| = [33m2.141080e+02[39m
     14 Linear |R| = [33m2.128555e+02[39m
     15 Linear |R| = [33m2.117186e+02[39m
     16 Linear |R| = [33m2.107175e+02[39m
     17 Linear |R| = [33m2.084255e+02[39m
     18 Linear |R| = [33m2.044111e+02[39m
     19 Linear |R| = [33m1.988065e+02[39m
     20 Linear |R| = [33m1.923402e+02[39m
     21 Linear |R| = [32m1.810046e+02[39m
     22 Linear |R| = [32m1.635814e+02[39m
     23 Linear |R| = [32m1.427833e+02[39m
     24 Linear |R| = [32m1.185405e+02[39m
     25 Linear |R| = [32m9.551355e+01[39m
     26 Linear |R| = [32m7.751610e+01[39m
     27 Linear |R| = [32m6.643041e+01[39m
     28 Linear |R| = [32m6.047729e+01[39m
     29 Linear |R| = [32m5.731510e+01[39m
     30 Linear |R| = [31m5.903890e+01[39m
     31 Linear |R| = [32m5.566492e+01[39m
     32 Linear |R| = [33m5.517582e+01[39m
     33 Linear |R| = [33m5.508078e+01[39m
     34 Linear |R| = [33m5.508002e+01[39m
     35 Linear |R| = [33m5.500063e+01[39m
     36 Linear |R| = [33m5.462785e+01[39m
     37 Linear |R| = [33m5.355672e+01[39m
     38 Linear |R| = [33m5.173492e+01[39m
     39 Linear |R| = [32m4.886399e+01[39m
     40 Linear |R| = [32m4.485577e+01[39m
     41 Linear |R| = [32m3.955588e+01[39m
     42 Linear |R| = [32m3.308156e+01[39m
     43 Linear |R| = [32m2.636548e+01[39m
     44 Linear |R| = [32m2.118747e+01[39m
     45 Linear |R| = [32m1.803361e+01[39m
     46 Linear |R| = [32m1.620684e+01[39m
     47 Linear |R| = [32m1.473788e+01[39m
     48 Linear |R| = [32m1.310395e+01[39m
     49 Linear |R| = [32m1.174917e+01[39m
     50 Linear |R| = [32m1.102941e+01[39m
     51 Linear |R| = [33m1.070806e+01[39m
     52 Linear |R| = [33m1.054977e+01[39m
     53 Linear |R| = [33m1.048731e+01[39m
     54 Linear |R| = [33m1.045830e+01[39m
     55 Linear |R| = [33m1.043164e+01[39m
     56 Linear |R| = [33m1.042629e+01[39m
     57 Linear |R| = [33m1.042551e+01[39m
     58 Linear |R| = [33m1.042551e+01[39m
     59 Linear |R| = [33m1.042155e+01[39m
    Linear solve did not converge due to DIVERGED_BREAKDOWN iterations 60
10 Nonlinear |R| = [33m6.023781e+02[39m
      0 Linear |R| = [32m6.023781e+02[39m
      1 Linear |R| = [32m5.296603e+02[39m
      2 Linear |R| = [32m3.927148e+02[39m
      3 Linear |R| = [32m2.969932e+02[39m
      4 Linear |R| = [32m2.412433e+02[39m
      5 Linear |R| = [32m2.222996e+02[39m
      6 Linear |R| = [33m2.144508e+02[39m
      7 Linear |R| = [33m2.079292e+02[39m
      8 Linear |R| = [33m2.046564e+02[39m
      9 Linear |R| = [33m2.028941e+02[39m
     10 Linear |R| = [33m2.016657e+02[39m
     11 Linear |R| = [33m2.009699e+02[39m
     12 Linear |R| = [33m2.000399e+02[39m
     13 Linear |R| = [33m1.986410e+02[39m
     14 Linear |R| = [33m1.967470e+02[39m
     15 Linear |R| = [33m1.935885e+02[39m
     16 Linear |R| = [33m1.907355e+02[39m
     17 Linear |R| = [33m1.892045e+02[39m
     18 Linear |R| = [33m1.881080e+02[39m
     19 Linear |R| = [33m1.870180e+02[39m
     20 Linear |R| = [33m1.850307e+02[39m
     21 Linear |R| = [33m1.825449e+02[39m
     22 Linear |R| = [33m1.796043e+02[39m
     23 Linear |R| = [33m1.767094e+02[39m
     24 Linear |R| = [33m1.734116e+02[39m
     25 Linear |R| = [33m1.688897e+02[39m
     26 Linear |R| = [33m1.656122e+02[39m
     27 Linear |R| = [33m1.644560e+02[39m
     28 Linear |R| = [33m1.642705e+02[39m
     29 Linear |R| = [33m1.642637e+02[39m
     30 Linear |R| = [33m1.641715e+02[39m
     31 Linear |R| = [33m1.641682e+02[39m
     32 Linear |R| = [33m1.641664e+02[39m
     33 Linear |R| = [33m1.641664e+02[39m
     34 Linear |R| = [33m1.641195e+02[39m
     35 Linear |R| = [33m1.639182e+02[39m
     36 Linear |R| = [33m1.631538e+02[39m
     37 Linear |R| = [33m1.615911e+02[39m
     38 Linear |R| = [33m1.602259e+02[39m
     39 Linear |R| = [33m1.591864e+02[39m
     40 Linear |R| = [33m1.579967e+02[39m
     41 Linear |R| = [33m1.563854e+02[39m
     42 Linear |R| = [33m1.541654e+02[39m
     43 Linear |R| = [33m1.522732e+02[39m
     44 Linear |R| = [33m1.510398e+02[39m
     45 Linear |R| = [33m1.497420e+02[39m
     46 Linear |R| = [33m1.486613e+02[39m
     47 Linear |R| = [33m1.476932e+02[39m
     48 Linear |R| = [33m1.466665e+02[39m
     49 Linear |R| = [33m1.459081e+02[39m
     50 Linear |R| = [33m1.454690e+02[39m
     51 Linear |R| = [33m1.451284e+02[39m
     52 Linear |R| = [33m1.445892e+02[39m
     53 Linear |R| = [33m1.434555e+02[39m
     54 Linear |R| = [33m1.412685e+02[39m
     55 Linear |R| = [33m1.380900e+02[39m
     56 Linear |R| = [33m1.345145e+02[39m
     57 Linear |R| = [33m1.304721e+02[39m
     58 Linear |R| = [33m1.264633e+02[39m
     59 Linear |R| = [33m1.213681e+02[39m
     60 Linear |R| = [32m1.136994e+02[39m
     61 Linear |R| = [33m1.099020e+02[39m
     62 Linear |R| = [33m1.077401e+02[39m
     63 Linear |R| = [33m1.040350e+02[39m
     64 Linear |R| = [33m1.008771e+02[39m
     65 Linear |R| = [33m9.815967e+01[39m
     66 Linear |R| = [33m9.629046e+01[39m
     67 Linear |R| = [33m9.413817e+01[39m
     68 Linear |R| = [33m9.215252e+01[39m
     69 Linear |R| = [33m9.086206e+01[39m
     70 Linear |R| = [33m9.000779e+01[39m
     71 Linear |R| = [33m8.954650e+01[39m
     72 Linear |R| = [33m8.919256e+01[39m
     73 Linear |R| = [33m8.884652e+01[39m
     74 Linear |R| = [33m8.861312e+01[39m
     75 Linear |R| = [33m8.834174e+01[39m
     76 Linear |R| = [33m8.820322e+01[39m
     77 Linear |R| = [33m8.816849e+01[39m
     78 Linear |R| = [33m8.815047e+01[39m
     79 Linear |R| = [33m8.814684e+01[39m
     80 Linear |R| = [33m8.814651e+01[39m
     81 Linear |R| = [33m8.814381e+01[39m
     82 Linear |R| = [33m8.808251e+01[39m
     83 Linear |R| = [33m8.797477e+01[39m
     84 Linear |R| = [33m8.787001e+01[39m
     85 Linear |R| = [33m8.774540e+01[39m
     86 Linear |R| = [33m8.758908e+01[39m
     87 Linear |R| = [33m8.710095e+01[39m
     88 Linear |R| = [33m8.581809e+01[39m
     89 Linear |R| = [33m8.464321e+01[39m
     90 Linear |R| = [31m8.910441e+01[39m
     91 Linear |R| = [32m8.202803e+01[39m
     92 Linear |R| = [33m8.093735e+01[39m
     93 Linear |R| = [33m8.032524e+01[39m
     94 Linear |R| = [33m7.975754e+01[39m
     95 Linear |R| = [33m7.954976e+01[39m
     96 Linear |R| = [33m7.950523e+01[39m
     97 Linear |R| = [33m7.947342e+01[39m
     98 Linear |R| = [33m7.939547e+01[39m
     99 Linear |R| = [33m7.934828e+01[39m
    100 Linear |R| = [33m7.930239e+01[39m
    101 Linear |R| = [33m7.929048e+01[39m
    102 Linear |R| = [33m7.928272e+01[39m
    103 Linear |R| = [33m7.922215e+01[39m
    104 Linear |R| = [33m7.908381e+01[39m
    105 Linear |R| = [33m7.889591e+01[39m
    106 Linear |R| = [33m7.880416e+01[39m
    107 Linear |R| = [33m7.865964e+01[39m
    108 Linear |R| = [33m7.847934e+01[39m
    109 Linear |R| = [33m7.827571e+01[39m
    110 Linear |R| = [33m7.809186e+01[39m
    111 Linear |R| = [33m7.791595e+01[39m
    112 Linear |R| = [33m7.771642e+01[39m
    113 Linear |R| = [33m7.746375e+01[39m
    114 Linear |R| = [33m7.700112e+01[39m
    115 Linear |R| = [33m7.609024e+01[39m
    116 Linear |R| = [33m7.486743e+01[39m
    117 Linear |R| = [33m7.327421e+01[39m
    118 Linear |R| = [33m7.147020e+01[39m
    119 Linear |R| = [33m6.948166e+01[39m
    Linear solve did not converge due to DIVERGED_BREAKDOWN iterations 120
11 Nonlinear |R| = [33m6.022411e+02[39m
      0 Linear |R| = [32m6.022411e+02[39m
      1 Linear |R| = [32m5.293036e+02[39m
      2 Linear |R| = [32m3.918815e+02[39m
      3 Linear |R| = [32m3.005588e+02[39m
      4 Linear |R| = [32m2.449947e+02[39m
      5 Linear |R| = [32m2.274044e+02[39m
      6 Linear |R| = [33m2.208322e+02[39m
      7 Linear |R| = [33m2.155712e+02[39m
      8 Linear |R| = [33m2.132333e+02[39m
      9 Linear |R| = [33m2.122931e+02[39m
     10 Linear |R| = [33m2.120457e+02[39m
     11 Linear |R| = [33m2.120304e+02[39m
     12 Linear |R| = [33m2.120044e+02[39m
     13 Linear |R| = [33m2.119661e+02[39m
     14 Linear |R| = [33m2.117057e+02[39m
     15 Linear |R| = [33m2.115851e+02[39m
     16 Linear |R| = [33m2.114803e+02[39m
     17 Linear |R| = [33m2.106887e+02[39m
     18 Linear |R| = [33m2.088128e+02[39m
     19 Linear |R| = [33m2.060361e+02[39m
     20 Linear |R| = [33m2.029432e+02[39m
     21 Linear |R| = [33m1.965308e+02[39m
     22 Linear |R| = [32m1.850197e+02[39m
     23 Linear |R| = [32m1.689984e+02[39m
     24 Linear |R| = [32m1.469979e+02[39m
     25 Linear |R| = [32m1.232309e+02[39m
     26 Linear |R| = [32m1.027713e+02[39m
     27 Linear |R| = [32m8.970757e+01[39m
     28 Linear |R| = [32m8.240900e+01[39m
     29 Linear |R| = [33m7.850012e+01[39m
     30 Linear |R| = [33m7.708690e+01[39m
     31 Linear |R| = [33m7.622367e+01[39m
     32 Linear |R| = [33m7.596195e+01[39m
     33 Linear |R| = [33m7.591415e+01[39m
     34 Linear |R| = [33m7.589962e+01[39m
     35 Linear |R| = [33m7.569136e+01[39m
     36 Linear |R| = [33m7.476609e+01[39m
     37 Linear |R| = [33m7.298905e+01[39m
     38 Linear |R| = [33m7.018418e+01[39m
     39 Linear |R| = [32m6.574612e+01[39m
     40 Linear |R| = [32m6.012753e+01[39m
     41 Linear |R| = [32m5.283651e+01[39m
     42 Linear |R| = [32m4.434686e+01[39m
     43 Linear |R| = [32m3.636014e+01[39m
     44 Linear |R| = [32m3.103586e+01[39m
     45 Linear |R| = [32m2.846198e+01[39m
     46 Linear |R| = [33m2.710923e+01[39m
     47 Linear |R| = [32m2.515815e+01[39m
     48 Linear |R| = [32m2.367042e+01[39m
     49 Linear |R| = [33m2.295227e+01[39m
     50 Linear |R| = [33m2.269988e+01[39m
     51 Linear |R| = [33m2.260661e+01[39m
     52 Linear |R| = [33m2.255509e+01[39m
     53 Linear |R| = [33m2.254427e+01[39m
     54 Linear |R| = [33m2.254304e+01[39m
     55 Linear |R| = [33m2.254212e+01[39m
     56 Linear |R| = [33m2.253230e+01[39m
     57 Linear |R| = [33m2.250018e+01[39m
     58 Linear |R| = [33m2.246643e+01[39m
     59 Linear |R| = [33m2.237407e+01[39m
     60 Linear |R| = [31m2.838012e+01[39m
     61 Linear |R| = [32m2.292542e+01[39m
     62 Linear |R| = [33m2.230759e+01[39m
     63 Linear |R| = [33m2.219649e+01[39m
     64 Linear |R| = [33m2.213176e+01[39m
     65 Linear |R| = [33m2.204701e+01[39m
     66 Linear |R| = [33m2.200040e+01[39m
     67 Linear |R| = [33m2.197305e+01[39m
     68 Linear |R| = [33m2.197296e+01[39m
     69 Linear |R| = [33m2.196875e+01[39m
     70 Linear |R| = [33m2.195063e+01[39m
     71 Linear |R| = [33m2.188545e+01[39m
     72 Linear |R| = [33m2.169722e+01[39m
     73 Linear |R| = [33m2.130296e+01[39m
     74 Linear |R| = [33m2.062561e+01[39m
     75 Linear |R| = [33m1.961690e+01[39m
     76 Linear |R| = [32m1.838292e+01[39m
     77 Linear |R| = [32m1.741460e+01[39m
     78 Linear |R| = [33m1.678637e+01[39m
     79 Linear |R| = [33m1.639863e+01[39m
     80 Linear |R| = [33m1.611946e+01[39m
     81 Linear |R| = [33m1.592792e+01[39m
     82 Linear |R| = [33m1.580428e+01[39m
     83 Linear |R| = [33m1.576573e+01[39m
     84 Linear |R| = [33m1.576536e+01[39m
     85 Linear |R| = [33m1.573191e+01[39m
     86 Linear |R| = [33m1.558829e+01[39m
     87 Linear |R| = [33m1.520011e+01[39m
     88 Linear |R| = [32m1.438545e+01[39m
     89 Linear |R| = [32m1.290884e+01[39m
    Linear solve did not converge due to DIVERGED_BREAKDOWN iterations 90
12 Nonlinear |R| = [33m6.021057e+02[39m
      0 Linear |R| = [32m6.021057e+02[39m
      1 Linear |R| = [32m5.289191e+02[39m
      2 Linear |R| = [32m3.927313e+02[39m
      3 Linear |R| = [32m2.969151e+02[39m
      4 Linear |R| = [32m2.409993e+02[39m
      5 Linear |R| = [32m2.220133e+02[39m
      6 Linear |R| = [33m2.142031e+02[39m
      7 Linear |R| = [33m2.077042e+02[39m
      8 Linear |R| = [33m2.044062e+02[39m
      9 Linear |R| = [33m2.026138e+02[39m
     10 Linear |R| = [33m2.013626e+02[39m
     11 Linear |R| = [33m2.006510e+02[39m
     12 Linear |R| = [33m1.997053e+02[39m
     13 Linear |R| = [33m1.982818e+02[39m
     14 Linear |R| = [33m1.963181e+02[39m
     15 Linear |R| = [33m1.930516e+02[39m
     16 Linear |R| = [33m1.901275e+02[39m
     17 Linear |R| = [33m1.885400e+02[39m
     18 Linear |R| = [33m1.873896e+02[39m
     19 Linear |R| = [33m1.862474e+02[39m
     20 Linear |R| = [33m1.842128e+02[39m
     21 Linear |R| = [33m1.816364e+02[39m
     22 Linear |R| = [33m1.785534e+02[39m
     23 Linear |R| = [33m1.754884e+02[39m
     24 Linear |R| = [33m1.719593e+02[39m
     25 Linear |R| = [33m1.671461e+02[39m
     26 Linear |R| = [33m1.636467e+02[39m
     27 Linear |R| = [33m1.624127e+02[39m
     28 Linear |R| = [33m1.622090e+02[39m
     29 Linear |R| = [33m1.622051e+02[39m
     30 Linear |R| = [33m1.621193e+02[39m
     31 Linear |R| = [33m1.621157e+02[39m
     32 Linear |R| = [33m1.621142e+02[39m
     33 Linear |R| = [33m1.621142e+02[39m
     34 Linear |R| = [33m1.620572e+02[39m
     35 Linear |R| = [33m1.618312e+02[39m
     36 Linear |R| = [33m1.610010e+02[39m
     37 Linear |R| = [33m1.593218e+02[39m
     38 Linear |R| = [33m1.578625e+02[39m
     39 Linear |R| = [33m1.567438e+02[39m
     40 Linear |R| = [33m1.554573e+02[39m
     41 Linear |R| = [33m1.537404e+02[39m
     42 Linear |R| = [33m1.513934e+02[39m
     43 Linear |R| = [33m1.493988e+02[39m
     44 Linear |R| = [33m1.480957e+02[39m
     45 Linear |R| = [33m1.467300e+02[39m
     46 Linear |R| = [33m1.456016e+02[39m
     47 Linear |R| = [33m1.445943e+02[39m
     48 Linear |R| = [33m1.435897e+02[39m
     49 Linear |R| = [33m1.428795e+02[39m
     50 Linear |R| = [33m1.424543e+02[39m
     51 Linear |R| = [33m1.421085e+02[39m
     52 Linear |R| = [33m1.415552e+02[39m
     53 Linear |R| = [33m1.403663e+02[39m
     54 Linear |R| = [33m1.380993e+02[39m
     55 Linear |R| = [33m1.348883e+02[39m
     56 Linear |R| = [33m1.313766e+02[39m
     57 Linear |R| = [33m1.275110e+02[39m
     58 Linear |R| = [33m1.236425e+02[39m
     59 Linear |R| = [33m1.185402e+02[39m
     60 Linear |R| = [32m1.105415e+02[39m
     61 Linear |R| = [33m1.068779e+02[39m
     62 Linear |R| = [33m1.046539e+02[39m
     63 Linear |R| = [33m1.009629e+02[39m
     64 Linear |R| = [33m9.800341e+01[39m
     65 Linear |R| = [33m9.551567e+01[39m
     66 Linear |R| = [33m9.367715e+01[39m
     67 Linear |R| = [33m9.150988e+01[39m
     68 Linear |R| = [33m8.954372e+01[39m
     69 Linear |R| = [33m8.822843e+01[39m
     70 Linear |R| = [33m8.735889e+01[39m
     71 Linear |R| = [33m8.688934e+01[39m
     72 Linear |R| = [33m8.653129e+01[39m
     73 Linear |R| = [33m8.619255e+01[39m
     74 Linear |R| = [33m8.596463e+01[39m
     75 Linear |R| = [33m8.568604e+01[39m
     76 Linear |R| = [33m8.552835e+01[39m
     77 Linear |R| = [33m8.547803e+01[39m
     78 Linear |R| = [33m8.546248e+01[39m
     79 Linear |R| = [33m8.546055e+01[39m
     80 Linear |R| = [33m8.545902e+01[39m
     81 Linear |R| = [33m8.545811e+01[39m
     82 Linear |R| = [33m8.540926e+01[39m
     83 Linear |R| = [33m8.530454e+01[39m
     84 Linear |R| = [33m8.519361e+01[39m
     85 Linear |R| = [33m8.507839e+01[39m
     86 Linear |R| = [33m8.493792e+01[39m
     87 Linear |R| = [33m8.445218e+01[39m
     88 Linear |R| = [33m8.320199e+01[39m
     89 Linear |R| = [33m8.210179e+01[39m
     90 Linear |R| = [33m8.012953e+01[39m
     91 Linear |R| = [33m7.918220e+01[39m
     92 Linear |R| = [33m7.855689e+01[39m
     93 Linear |R| = [33m7.758251e+01[39m
     94 Linear |R| = [33m7.721394e+01[39m
     95 Linear |R| = [33m7.713703e+01[39m
     96 Linear |R| = [33m7.712113e+01[39m
     97 Linear |R| = [33m7.706706e+01[39m
     98 Linear |R| = [33m7.694474e+01[39m
     99 Linear |R| = [33m7.690620e+01[39m
    100 Linear |R| = [33m7.689889e+01[39m
    101 Linear |R| = [33m7.689840e+01[39m
    102 Linear |R| = [33m7.687661e+01[39m
    103 Linear |R| = [33m7.679511e+01[39m
    104 Linear |R| = [33m7.665293e+01[39m
    105 Linear |R| = [33m7.637732e+01[39m
    106 Linear |R| = [33m7.630408e+01[39m
    107 Linear |R| = [33m7.617183e+01[39m
    108 Linear |R| = [33m7.588866e+01[39m
    109 Linear |R| = [33m7.560560e+01[39m
    110 Linear |R| = [33m7.549231e+01[39m
    111 Linear |R| = [33m7.541438e+01[39m
    112 Linear |R| = [33m7.512198e+01[39m
    113 Linear |R| = [33m7.462626e+01[39m
    114 Linear |R| = [33m7.403632e+01[39m
    115 Linear |R| = [33m7.291198e+01[39m
    116 Linear |R| = [33m7.123574e+01[39m
    117 Linear |R| = [33m6.938469e+01[39m
    118 Linear |R| = [33m6.717330e+01[39m
    119 Linear |R| = [33m6.528380e+01[39m
    120 Linear |R| = [33m6.231625e+01[39m
    121 Linear |R| = [33m6.081750e+01[39m
    122 Linear |R| = [33m5.967142e+01[39m
    123 Linear |R| = [33m5.792944e+01[39m
    124 Linear |R| = [33m5.625985e+01[39m
    125 Linear |R| = [33m5.465972e+01[39m
    126 Linear |R| = [33m5.365841e+01[39m
    127 Linear |R| = [33m5.280640e+01[39m
    128 Linear |R| = [33m5.221998e+01[39m
    129 Linear |R| = [33m5.178890e+01[39m
    130 Linear |R| = [33m5.145266e+01[39m
    131 Linear |R| = [33m5.132054e+01[39m
    132 Linear |R| = [33m5.127132e+01[39m
    133 Linear |R| = [33m5.124760e+01[39m
    134 Linear |R| = [33m5.122070e+01[39m
    135 Linear |R| = [33m5.122057e+01[39m
    136 Linear |R| = [33m5.121398e+01[39m
    137 Linear |R| = [33m5.117962e+01[39m
    138 Linear |R| = [33m5.112145e+01[39m
    139 Linear |R| = [33m5.102909e+01[39m
    140 Linear |R| = [33m5.099501e+01[39m
    141 Linear |R| = [33m5.094787e+01[39m
    142 Linear |R| = [33m5.088328e+01[39m
    143 Linear |R| = [33m5.073794e+01[39m
    144 Linear |R| = [33m5.051648e+01[39m
    145 Linear |R| = [33m5.033564e+01[39m
    146 Linear |R| = [33m5.012140e+01[39m
    147 Linear |R| = [33m4.967130e+01[39m
    148 Linear |R| = [33m4.898000e+01[39m
    149 Linear |R| = [33m4.836859e+01[39m
    150 Linear |R| = [33m4.729028e+01[39m
    151 Linear |R| = [33m4.673221e+01[39m
    152 Linear |R| = [33m4.627450e+01[39m
    153 Linear |R| = [33m4.578723e+01[39m
    154 Linear |R| = [33m4.550406e+01[39m
    155 Linear |R| = [33m4.534660e+01[39m
    156 Linear |R| = [33m4.523834e+01[39m
    157 Linear |R| = [33m4.508914e+01[39m
    158 Linear |R| = [33m4.495579e+01[39m
    159 Linear |R| = [33m4.490068e+01[39m
    160 Linear |R| = [33m4.482332e+01[39m
    161 Linear |R| = [33m4.480231e+01[39m
    162 Linear |R| = [33m4.480213e+01[39m
    163 Linear |R| = [33m4.478984e+01[39m
    164 Linear |R| = [33m4.477237e+01[39m
    165 Linear |R| = [33m4.471472e+01[39m
    166 Linear |R| = [33m4.470156e+01[39m
    167 Linear |R| = [33m4.468603e+01[39m
    168 Linear |R| = [33m4.460131e+01[39m
    169 Linear |R| = [33m4.446759e+01[39m
    170 Linear |R| = [33m4.443840e+01[39m
    171 Linear |R| = [33m4.440867e+01[39m
    172 Linear |R| = [33m4.426258e+01[39m
    173 Linear |R| = [33m4.399219e+01[39m
    174 Linear |R| = [33m4.371739e+01[39m
    175 Linear |R| = [33m4.324363e+01[39m
    176 Linear |R| = [33m4.273513e+01[39m
    177 Linear |R| = [33m4.212543e+01[39m
    178 Linear |R| = [33m4.138125e+01[39m
    179 Linear |R| = [33m4.022670e+01[39m
    180 Linear |R| = [32m3.798672e+01[39m
    181 Linear |R| = [33m3.665251e+01[39m
    182 Linear |R| = [33m3.582811e+01[39m
    183 Linear |R| = [33m3.521832e+01[39m
    184 Linear |R| = [33m3.461566e+01[39m
    185 Linear |R| = [33m3.401296e+01[39m
    186 Linear |R| = [33m3.364620e+01[39m
    187 Linear |R| = [33m3.329519e+01[39m
    188 Linear |R| = [33m3.297146e+01[39m
    189 Linear |R| = [33m3.278392e+01[39m
    190 Linear |R| = [33m3.266847e+01[39m
    191 Linear |R| = [33m3.255469e+01[39m
    192 Linear |R| = [33m3.254333e+01[39m
    193 Linear |R| = [33m3.254291e+01[39m
    194 Linear |R| = [33m3.254273e+01[39m
    195 Linear |R| = [33m3.254269e+01[39m
    196 Linear |R| = [33m3.253671e+01[39m
    197 Linear |R| = [33m3.249533e+01[39m
    198 Linear |R| = [33m3.242599e+01[39m
    199 Linear |R| = [33m3.240360e+01[39m
    200 Linear |R| = [33m3.238001e+01[39m
    201 Linear |R| = [33m3.233463e+01[39m
    202 Linear |R| = [33m3.226169e+01[39m
    203 Linear |R| = [33m3.219169e+01[39m
    204 Linear |R| = [33m3.200243e+01[39m
    205 Linear |R| = [33m3.177443e+01[39m
    206 Linear |R| = [33m3.154909e+01[39m
    207 Linear |R| = [33m3.139342e+01[39m
    208 Linear |R| = [33m3.095527e+01[39m
    209 Linear |R| = [33m3.047113e+01[39m
    210 Linear |R| = [33m2.994165e+01[39m
    211 Linear |R| = [33m2.969402e+01[39m
    212 Linear |R| = [33m2.952394e+01[39m
    213 Linear |R| = [33m2.910734e+01[39m
    214 Linear |R| = [33m2.890442e+01[39m
    215 Linear |R| = [33m2.879487e+01[39m
    216 Linear |R| = [33m2.872813e+01[39m
    217 Linear |R| = [33m2.863620e+01[39m
    218 Linear |R| = [33m2.853785e+01[39m
    219 Linear |R| = [33m2.850453e+01[39m
    220 Linear |R| = [33m2.846645e+01[39m
    221 Linear |R| = [33m2.845315e+01[39m
    222 Linear |R| = [33m2.844861e+01[39m
    223 Linear |R| = [33m2.844705e+01[39m
    224 Linear |R| = [33m2.843184e+01[39m
    225 Linear |R| = [33m2.840908e+01[39m
    226 Linear |R| = [33m2.839366e+01[39m
    227 Linear |R| = [33m2.837418e+01[39m
    228 Linear |R| = [33m2.831869e+01[39m
    229 Linear |R| = [33m2.824856e+01[39m
    230 Linear |R| = [33m2.821994e+01[39m
    231 Linear |R| = [33m2.817305e+01[39m
    232 Linear |R| = [33m2.808454e+01[39m
    233 Linear |R| = [33m2.795311e+01[39m
    234 Linear |R| = [33m2.777997e+01[39m
    235 Linear |R| = [33m2.741893e+01[39m
    236 Linear |R| = [33m2.701789e+01[39m
    237 Linear |R| = [33m2.655554e+01[39m
    238 Linear |R| = [33m2.608530e+01[39m
    239 Linear |R| = [33m2.550020e+01[39m
    240 Linear |R| = [33m2.444254e+01[39m
    241 Linear |R| = [33m2.383189e+01[39m
    242 Linear |R| = [33m2.335651e+01[39m
    243 Linear |R| = [33m2.294959e+01[39m
    244 Linear |R| = [33m2.246766e+01[39m
    245 Linear |R| = [33m2.201843e+01[39m
    246 Linear |R| = [33m2.165342e+01[39m
    247 Linear |R| = [33m2.144267e+01[39m
    248 Linear |R| = [33m2.131157e+01[39m
    249 Linear |R| = [33m2.124474e+01[39m
    250 Linear |R| = [33m2.120020e+01[39m
    251 Linear |R| = [33m2.116537e+01[39m
    252 Linear |R| = [33m2.115901e+01[39m
    253 Linear |R| = [33m2.115674e+01[39m
    254 Linear |R| = [33m2.115674e+01[39m
    255 Linear |R| = [33m2.115512e+01[39m
    256 Linear |R| = [33m2.115493e+01[39m
    257 Linear |R| = [33m2.114647e+01[39m
    258 Linear |R| = [33m2.109625e+01[39m
    259 Linear |R| = [33m2.104854e+01[39m
    260 Linear |R| = [33m2.103534e+01[39m
    261 Linear |R| = [33m2.099836e+01[39m
    262 Linear |R| = [33m2.089888e+01[39m
    263 Linear |R| = [33m2.078838e+01[39m
    264 Linear |R| = [33m2.069230e+01[39m
    265 Linear |R| = [33m2.060665e+01[39m
    266 Linear |R| = [33m2.049673e+01[39m
    267 Linear |R| = [33m2.030588e+01[39m
    268 Linear |R| = [33m1.996266e+01[39m
    269 Linear |R| = [33m1.963464e+01[39m
    270 Linear |R| = [33m1.927794e+01[39m
    271 Linear |R| = [33m1.908470e+01[39m
    272 Linear |R| = [33m1.889648e+01[39m
    273 Linear |R| = [33m1.858018e+01[39m
    274 Linear |R| = [33m1.844572e+01[39m
    275 Linear |R| = [33m1.836167e+01[39m
    276 Linear |R| = [33m1.832246e+01[39m
    277 Linear |R| = [33m1.826986e+01[39m
    278 Linear |R| = [33m1.823967e+01[39m
    279 Linear |R| = [33m1.822837e+01[39m
    280 Linear |R| = [33m1.820665e+01[39m
    281 Linear |R| = [33m1.819565e+01[39m
    282 Linear |R| = [33m1.819565e+01[39m
    283 Linear |R| = [33m1.819330e+01[39m
    284 Linear |R| = [33m1.819298e+01[39m
    285 Linear |R| = [33m1.818326e+01[39m
    286 Linear |R| = [33m1.815873e+01[39m
    287 Linear |R| = [33m1.810992e+01[39m
    288 Linear |R| = [33m1.805859e+01[39m
    289 Linear |R| = [33m1.803051e+01[39m
    290 Linear |R| = [33m1.801900e+01[39m
    291 Linear |R| = [33m1.796701e+01[39m
    292 Linear |R| = [33m1.787981e+01[39m
    293 Linear |R| = [33m1.783887e+01[39m
    294 Linear |R| = [33m1.776803e+01[39m
    295 Linear |R| = [33m1.742228e+01[39m
    296 Linear |R| = [33m1.701351e+01[39m
    297 Linear |R| = [33m1.670929e+01[39m
    298 Linear |R| = [33m1.631908e+01[39m
    299 Linear |R| = [33m1.584467e+01[39m
    300 Linear |R| = [32m1.484164e+01[39m
    301 Linear |R| = [33m1.419239e+01[39m
    302 Linear |R| = [33m1.376722e+01[39m
    303 Linear |R| = [33m1.342637e+01[39m
    304 Linear |R| = [33m1.316722e+01[39m
    305 Linear |R| = [33m1.283420e+01[39m
    306 Linear |R| = [33m1.258243e+01[39m
    307 Linear |R| = [33m1.239932e+01[39m
    308 Linear |R| = [33m1.229447e+01[39m
    309 Linear |R| = [33m1.223636e+01[39m
    310 Linear |R| = [33m1.220305e+01[39m
    311 Linear |R| = [33m1.217512e+01[39m
    312 Linear |R| = [33m1.216349e+01[39m
    313 Linear |R| = [33m1.215262e+01[39m
    314 Linear |R| = [33m1.215196e+01[39m
    315 Linear |R| = [33m1.215162e+01[39m
    316 Linear |R| = [33m1.215102e+01[39m
    317 Linear |R| = [33m1.215005e+01[39m
    318 Linear |R| = [33m1.213947e+01[39m
    319 Linear |R| = [33m1.211111e+01[39m
    320 Linear |R| = [33m1.207100e+01[39m
    321 Linear |R| = [33m1.201896e+01[39m
    322 Linear |R| = [33m1.198881e+01[39m
    323 Linear |R| = [33m1.195963e+01[39m
    324 Linear |R| = [33m1.189624e+01[39m
    325 Linear |R| = [33m1.184675e+01[39m
    326 Linear |R| = [33m1.180875e+01[39m
    327 Linear |R| = [33m1.174728e+01[39m
    328 Linear |R| = [33m1.160726e+01[39m
    329 Linear |R| = [33m1.132382e+01[39m
    330 Linear |R| = [33m1.095323e+01[39m
    331 Linear |R| = [33m1.075797e+01[39m
    332 Linear |R| = [33m1.057312e+01[39m
    333 Linear |R| = [33m1.038477e+01[39m
    334 Linear |R| = [33m1.026306e+01[39m
    335 Linear |R| = [33m1.020977e+01[39m
    336 Linear |R| = [33m1.017912e+01[39m
    337 Linear |R| = [33m1.015348e+01[39m
    338 Linear |R| = [33m1.011680e+01[39m
    339 Linear |R| = [33m1.008877e+01[39m
    340 Linear |R| = [33m1.005641e+01[39m
    341 Linear |R| = [33m1.004099e+01[39m
    342 Linear |R| = [33m1.003920e+01[39m
    343 Linear |R| = [33m1.003897e+01[39m
    344 Linear |R| = [33m1.003711e+01[39m
    345 Linear |R| = [33m1.003704e+01[39m
    346 Linear |R| = [33m1.003569e+01[39m
    347 Linear |R| = [33m1.003120e+01[39m
    348 Linear |R| = [33m1.002680e+01[39m
    349 Linear |R| = [33m1.002215e+01[39m
    350 Linear |R| = [33m1.001927e+01[39m
    351 Linear |R| = [33m1.000507e+01[39m
    352 Linear |R| = [33m9.981873e+00[39m
    353 Linear |R| = [33m9.957885e+00[39m
    354 Linear |R| = [33m9.920018e+00[39m
    355 Linear |R| = [33m9.819583e+00[39m
    356 Linear |R| = [33m9.742775e+00[39m
    357 Linear |R| = [33m9.645764e+00[39m
    358 Linear |R| = [33m9.437112e+00[39m
    359 Linear |R| = [33m9.119744e+00[39m
    360 Linear |R| = [33m8.696112e+00[39m
    361 Linear |R| = [33m8.401472e+00[39m
    362 Linear |R| = [33m8.142704e+00[39m
    363 Linear |R| = [33m7.970791e+00[39m
    364 Linear |R| = [33m7.853999e+00[39m
    365 Linear |R| = [33m7.774524e+00[39m
    366 Linear |R| = [33m7.722835e+00[39m
    367 Linear |R| = [33m7.674249e+00[39m
    368 Linear |R| = [33m7.631565e+00[39m
    369 Linear |R| = [33m7.621507e+00[39m
    370 Linear |R| = [33m7.613770e+00[39m
    371 Linear |R| = [33m7.605934e+00[39m
    372 Linear |R| = [33m7.602151e+00[39m
    373 Linear |R| = [33m7.600886e+00[39m
    374 Linear |R| = [33m7.600805e+00[39m
    375 Linear |R| = [33m7.597722e+00[39m
    376 Linear |R| = [33m7.595122e+00[39m
    377 Linear |R| = [33m7.588362e+00[39m
    378 Linear |R| = [33m7.571566e+00[39m
    379 Linear |R| = [33m7.550567e+00[39m
    380 Linear |R| = [33m7.527958e+00[39m
    381 Linear |R| = [33m7.501124e+00[39m
    382 Linear |R| = [33m7.466328e+00[39m
    383 Linear |R| = [33m7.425379e+00[39m
    384 Linear |R| = [33m7.379529e+00[39m
    385 Linear |R| = [33m7.336546e+00[39m
    386 Linear |R| = [33m7.302198e+00[39m
    387 Linear |R| = [33m7.212858e+00[39m
    388 Linear |R| = [33m7.099332e+00[39m
    389 Linear |R| = [33m6.929145e+00[39m
    390 Linear |R| = [33m6.754204e+00[39m
    391 Linear |R| = [33m6.637001e+00[39m
    392 Linear |R| = [33m6.570062e+00[39m
    393 Linear |R| = [33m6.443695e+00[39m
    394 Linear |R| = [33m6.346966e+00[39m
    395 Linear |R| = [33m6.300458e+00[39m
    396 Linear |R| = [33m6.271124e+00[39m
    397 Linear |R| = [33m6.234528e+00[39m
    398 Linear |R| = [33m6.202406e+00[39m
    399 Linear |R| = [33m6.180107e+00[39m
    400 Linear |R| = [33m6.168138e+00[39m
    401 Linear |R| = [33m6.158984e+00[39m
    402 Linear |R| = [33m6.157990e+00[39m
    403 Linear |R| = [33m6.157988e+00[39m
    404 Linear |R| = [33m6.157983e+00[39m
    405 Linear |R| = [33m6.157948e+00[39m
    406 Linear |R| = [33m6.157646e+00[39m
    407 Linear |R| = [33m6.155453e+00[39m
    408 Linear |R| = [33m6.150681e+00[39m
    409 Linear |R| = [33m6.146890e+00[39m
    410 Linear |R| = [33m6.145155e+00[39m
    411 Linear |R| = [33m6.138485e+00[39m
    412 Linear |R| = [33m6.126673e+00[39m
    413 Linear |R| = [33m6.105863e+00[39m
    414 Linear |R| = [33m6.073680e+00[39m
    415 Linear |R| = [33m6.021180e+00[39m
    416 Linear |R| = [33m5.968302e+00[39m
    417 Linear |R| = [33m5.888889e+00[39m
    418 Linear |R| = [33m5.748859e+00[39m
    419 Linear |R| = [33m5.579587e+00[39m
    420 Linear |R| = [33m5.369140e+00[39m
    421 Linear |R| = [33m5.226901e+00[39m
    422 Linear |R| = [33m5.093519e+00[39m
    423 Linear |R| = [33m4.995588e+00[39m
    424 Linear |R| = [33m4.921107e+00[39m
    425 Linear |R| = [33m4.854091e+00[39m
    426 Linear |R| = [33m4.810651e+00[39m
    427 Linear |R| = [33m4.771256e+00[39m
    428 Linear |R| = [33m4.749005e+00[39m
    429 Linear |R| = [33m4.744159e+00[39m
    430 Linear |R| = [33m4.738975e+00[39m
    431 Linear |R| = [33m4.733199e+00[39m
    432 Linear |R| = [33m4.732640e+00[39m
    433 Linear |R| = [33m4.732367e+00[39m
    434 Linear |R| = [33m4.732227e+00[39m
    435 Linear |R| = [33m4.730869e+00[39m
    436 Linear |R| = [33m4.724485e+00[39m
    437 Linear |R| = [33m4.715597e+00[39m
    438 Linear |R| = [33m4.706230e+00[39m
    439 Linear |R| = [33m4.698074e+00[39m
    440 Linear |R| = [33m4.686720e+00[39m
    441 Linear |R| = [33m4.669779e+00[39m
    442 Linear |R| = [33m4.637344e+00[39m
    443 Linear |R| = [33m4.607158e+00[39m
    444 Linear |R| = [33m4.578094e+00[39m
    445 Linear |R| = [33m4.543324e+00[39m
    446 Linear |R| = [33m4.502156e+00[39m
    447 Linear |R| = [33m4.421166e+00[39m
    448 Linear |R| = [33m4.355368e+00[39m
    449 Linear |R| = [33m4.299484e+00[39m
    450 Linear |R| = [33m4.214688e+00[39m
    451 Linear |R| = [33m4.156851e+00[39m
    452 Linear |R| = [33m4.109393e+00[39m
    453 Linear |R| = [33m4.021372e+00[39m
    454 Linear |R| = [33m3.974565e+00[39m
    455 Linear |R| = [33m3.945525e+00[39m
    456 Linear |R| = [33m3.926653e+00[39m
    457 Linear |R| = [33m3.896978e+00[39m
    458 Linear |R| = [33m3.870937e+00[39m
    459 Linear |R| = [33m3.856875e+00[39m
    460 Linear |R| = [33m3.853650e+00[39m
    461 Linear |R| = [33m3.850241e+00[39m
    462 Linear |R| = [33m3.847906e+00[39m
    463 Linear |R| = [33m3.847659e+00[39m
    464 Linear |R| = [33m3.847022e+00[39m
    465 Linear |R| = [33m3.846004e+00[39m
    466 Linear |R| = [33m3.845779e+00[39m
    467 Linear |R| = [33m3.845663e+00[39m
    468 Linear |R| = [33m3.842978e+00[39m
    469 Linear |R| = [33m3.840329e+00[39m
    470 Linear |R| = [33m3.838530e+00[39m
    471 Linear |R| = [33m3.835456e+00[39m
    472 Linear |R| = [33m3.825731e+00[39m
    473 Linear |R| = [33m3.815903e+00[39m
    474 Linear |R| = [33m3.795870e+00[39m
    475 Linear |R| = [33m3.748782e+00[39m
    476 Linear |R| = [33m3.655251e+00[39m
    477 Linear |R| = [33m3.555071e+00[39m
    478 Linear |R| = [33m3.448713e+00[39m
    479 Linear |R| = [33m3.314753e+00[39m
    480 Linear |R| = [32m3.135683e+00[39m
    481 Linear |R| = [33m3.028719e+00[39m
    482 Linear |R| = [33m2.916835e+00[39m
    483 Linear |R| = [33m2.831722e+00[39m
    484 Linear |R| = [33m2.759585e+00[39m
    485 Linear |R| = [33m2.676884e+00[39m
    486 Linear |R| = [33m2.631073e+00[39m
    487 Linear |R| = [33m2.605310e+00[39m
    488 Linear |R| = [33m2.590327e+00[39m
    489 Linear |R| = [33m2.586421e+00[39m
    490 Linear |R| = [33m2.584244e+00[39m
    491 Linear |R| = [33m2.583660e+00[39m
    492 Linear |R| = [33m2.583656e+00[39m
    493 Linear |R| = [33m2.583135e+00[39m
    494 Linear |R| = [33m2.582786e+00[39m
    495 Linear |R| = [33m2.580473e+00[39m
    496 Linear |R| = [33m2.576202e+00[39m
    497 Linear |R| = [33m2.570236e+00[39m
    498 Linear |R| = [33m2.565526e+00[39m
    499 Linear |R| = [33m2.562446e+00[39m
    500 Linear |R| = [33m2.557092e+00[39m
    501 Linear |R| = [33m2.547032e+00[39m
    502 Linear |R| = [33m2.534125e+00[39m
    503 Linear |R| = [33m2.519000e+00[39m
    504 Linear |R| = [33m2.494435e+00[39m
    505 Linear |R| = [33m2.465213e+00[39m
    506 Linear |R| = [33m2.441605e+00[39m
    507 Linear |R| = [33m2.407107e+00[39m
    508 Linear |R| = [33m2.372381e+00[39m
    509 Linear |R| = [33m2.336139e+00[39m
    510 Linear |R| = [33m2.298454e+00[39m
    511 Linear |R| = [33m2.273177e+00[39m
    512 Linear |R| = [33m2.247517e+00[39m
    513 Linear |R| = [33m2.207470e+00[39m
    514 Linear |R| = [33m2.181215e+00[39m
    515 Linear |R| = [33m2.165609e+00[39m
    516 Linear |R| = [33m2.155589e+00[39m
    517 Linear |R| = [33m2.140279e+00[39m
    518 Linear |R| = [33m2.125121e+00[39m
    519 Linear |R| = [33m2.119395e+00[39m
    520 Linear |R| = [33m2.116695e+00[39m
    521 Linear |R| = [33m2.114008e+00[39m
    522 Linear |R| = [33m2.113251e+00[39m
    523 Linear |R| = [33m2.113195e+00[39m
    524 Linear |R| = [33m2.113166e+00[39m
    525 Linear |R| = [33m2.113050e+00[39m
    526 Linear |R| = [33m2.112901e+00[39m
    527 Linear |R| = [33m2.112418e+00[39m
    528 Linear |R| = [33m2.110814e+00[39m
    529 Linear |R| = [33m2.108684e+00[39m
    530 Linear |R| = [33m2.108006e+00[39m
    531 Linear |R| = [33m2.105637e+00[39m
    532 Linear |R| = [33m2.097313e+00[39m
    533 Linear |R| = [33m2.084800e+00[39m
    534 Linear |R| = [33m2.064975e+00[39m
    535 Linear |R| = [33m2.008218e+00[39m
    536 Linear |R| = [32m1.804472e+00[39m
    537 Linear |R| = [32m1.575345e+00[39m
    538 Linear |R| = [32m1.463588e+00[39m
    539 Linear |R| = [32m1.361406e+00[39m
    540 Linear |R| = [32m1.223037e+00[39m
    541 Linear |R| = [32m1.137840e+00[39m
    542 Linear |R| = [32m1.056653e+00[39m
    543 Linear |R| = [32m9.748375e-01[39m
    544 Linear |R| = [32m8.795489e-01[39m
    545 Linear |R| = [32m7.897711e-01[39m
    546 Linear |R| = [33m7.575588e-01[39m
    547 Linear |R| = [33m7.416911e-01[39m
    548 Linear |R| = [33m7.325050e-01[39m
    549 Linear |R| = [33m7.290720e-01[39m
    550 Linear |R| = [33m7.280197e-01[39m
    551 Linear |R| = [33m7.275755e-01[39m
    552 Linear |R| = [33m7.275753e-01[39m
    553 Linear |R| = [33m7.273465e-01[39m
    554 Linear |R| = [33m7.260557e-01[39m
    555 Linear |R| = [33m7.227421e-01[39m
    556 Linear |R| = [33m7.182304e-01[39m
    557 Linear |R| = [33m7.126324e-01[39m
    558 Linear |R| = [33m7.068629e-01[39m
    559 Linear |R| = [33m7.037668e-01[39m
    560 Linear |R| = [33m7.010806e-01[39m
    561 Linear |R| = [33m6.974574e-01[39m
    562 Linear |R| = [33m6.920835e-01[39m
    563 Linear |R| = [33m6.880175e-01[39m
    564 Linear |R| = [33m6.841556e-01[39m
    565 Linear |R| = [33m6.797952e-01[39m
    566 Linear |R| = [33m6.728919e-01[39m
    567 Linear |R| = [33m6.681695e-01[39m
    568 Linear |R| = [33m6.641820e-01[39m
    569 Linear |R| = [33m6.570831e-01[39m
    570 Linear |R| = [33m6.471377e-01[39m
    571 Linear |R| = [33m6.426995e-01[39m
    572 Linear |R| = [33m6.390199e-01[39m
    573 Linear |R| = [33m6.324382e-01[39m
    574 Linear |R| = [33m6.265911e-01[39m
    575 Linear |R| = [33m6.222305e-01[39m
    576 Linear |R| = [33m6.176737e-01[39m
    577 Linear |R| = [33m6.145547e-01[39m
    578 Linear |R| = [33m6.118886e-01[39m
    579 Linear |R| = [33m6.100936e-01[39m
    580 Linear |R| = [33m6.090402e-01[39m
    581 Linear |R| = [33m6.082073e-01[39m
    582 Linear |R| = [33m6.079858e-01[39m
    583 Linear |R| = [33m6.079225e-01[39m
    584 Linear |R| = [33m6.077032e-01[39m
    585 Linear |R| = [33m6.074839e-01[39m
    586 Linear |R| = [33m6.073944e-01[39m
    587 Linear |R| = [33m6.073886e-01[39m
    588 Linear |R| = [33m6.073870e-01[39m
    589 Linear |R| = [33m6.073805e-01[39m
    590 Linear |R| = [33m6.073778e-01[39m
    591 Linear |R| = [33m6.069468e-01[39m
    592 Linear |R| = [33m6.045695e-01[39m
    593 Linear |R| = [33m6.010581e-01[39m
    594 Linear |R| = [33m5.921953e-01[39m
    595 Linear |R| = [33m5.726127e-01[39m
    596 Linear |R| = [32m5.313068e-01[39m
    597 Linear |R| = [32m4.771446e-01[39m
    598 Linear |R| = [32m4.085390e-01[39m
    599 Linear |R| = [32m3.462870e-01[39m
    600 Linear |R| = [32m2.994617e-01[39m
    601 Linear |R| = [32m2.725938e-01[39m
    602 Linear |R| = [32m2.423698e-01[39m
    603 Linear |R| = [32m2.092116e-01[39m
    604 Linear |R| = [32m1.848411e-01[39m
    605 Linear |R| = [32m1.702898e-01[39m
    606 Linear |R| = [32m1.613854e-01[39m
    607 Linear |R| = [33m1.539729e-01[39m
    608 Linear |R| = [33m1.501567e-01[39m
    609 Linear |R| = [33m1.483631e-01[39m
    610 Linear |R| = [33m1.471575e-01[39m
    611 Linear |R| = [33m1.465467e-01[39m
    612 Linear |R| = [33m1.461610e-01[39m
    613 Linear |R| = [33m1.459085e-01[39m
    614 Linear |R| = [33m1.458150e-01[39m
    615 Linear |R| = [33m1.458111e-01[39m
    616 Linear |R| = [33m1.458109e-01[39m
    617 Linear |R| = [33m1.457989e-01[39m
    618 Linear |R| = [33m1.457185e-01[39m
    619 Linear |R| = [33m1.456459e-01[39m
    620 Linear |R| = [33m1.455145e-01[39m
    621 Linear |R| = [33m1.452893e-01[39m
    622 Linear |R| = [33m1.450332e-01[39m
    623 Linear |R| = [33m1.447623e-01[39m
    624 Linear |R| = [33m1.445106e-01[39m
    625 Linear |R| = [33m1.439916e-01[39m
    626 Linear |R| = [33m1.428317e-01[39m
    627 Linear |R| = [33m1.414258e-01[39m
    628 Linear |R| = [33m1.402544e-01[39m
    629 Linear |R| = [33m1.389629e-01[39m
    630 Linear |R| = [33m1.370149e-01[39m
    631 Linear |R| = [33m1.357993e-01[39m
    632 Linear |R| = [33m1.347411e-01[39m
    633 Linear |R| = [33m1.332014e-01[39m
    634 Linear |R| = [33m1.325413e-01[39m
    635 Linear |R| = [33m1.322051e-01[39m
    636 Linear |R| = [33m1.318191e-01[39m
    637 Linear |R| = [33m1.314088e-01[39m
    638 Linear |R| = [33m1.310983e-01[39m
    639 Linear |R| = [33m1.310404e-01[39m
    640 Linear |R| = [33m1.310162e-01[39m
    641 Linear |R| = [33m1.310018e-01[39m
    642 Linear |R| = [33m1.310016e-01[39m
    643 Linear |R| = [33m1.309944e-01[39m
    644 Linear |R| = [33m1.309801e-01[39m
    645 Linear |R| = [33m1.308859e-01[39m
    646 Linear |R| = [33m1.308331e-01[39m
    647 Linear |R| = [33m1.307663e-01[39m
    648 Linear |R| = [33m1.305939e-01[39m
    649 Linear |R| = [33m1.302047e-01[39m
    650 Linear |R| = [33m1.299578e-01[39m
    651 Linear |R| = [33m1.296001e-01[39m
    652 Linear |R| = [33m1.290530e-01[39m
    653 Linear |R| = [33m1.283743e-01[39m
    654 Linear |R| = [33m1.273021e-01[39m
    655 Linear |R| = [33m1.257731e-01[39m
    656 Linear |R| = [33m1.242375e-01[39m
    657 Linear |R| = [33m1.216974e-01[39m
    658 Linear |R| = [33m1.186363e-01[39m
    659 Linear |R| = [32m1.124423e-01[39m
    660 Linear |R| = [32m1.051061e-01[39m
    661 Linear |R| = [33m9.993382e-02[39m
    662 Linear |R| = [33m9.570567e-02[39m
    663 Linear |R| = [33m9.295820e-02[39m
    664 Linear |R| = [33m9.067864e-02[39m
    665 Linear |R| = [33m8.931445e-02[39m
    666 Linear |R| = [33m8.788428e-02[39m
    667 Linear |R| = [33m8.670208e-02[39m
    668 Linear |R| = [33m8.574206e-02[39m
    669 Linear |R| = [33m8.524831e-02[39m
    670 Linear |R| = [33m8.491777e-02[39m
    671 Linear |R| = [33m8.478007e-02[39m
    672 Linear |R| = [33m8.471026e-02[39m
    673 Linear |R| = [33m8.464362e-02[39m
    674 Linear |R| = [33m8.459964e-02[39m
    675 Linear |R| = [33m8.459561e-02[39m
    676 Linear |R| = [33m8.456020e-02[39m
    677 Linear |R| = [33m8.449574e-02[39m
    678 Linear |R| = [33m8.439598e-02[39m
    679 Linear |R| = [33m8.428665e-02[39m
    680 Linear |R| = [33m8.413767e-02[39m
    681 Linear |R| = [33m8.385935e-02[39m
    682 Linear |R| = [33m8.357349e-02[39m
    683 Linear |R| = [33m8.336721e-02[39m
    684 Linear |R| = [33m8.316833e-02[39m
    685 Linear |R| = [33m8.267412e-02[39m
    686 Linear |R| = [33m8.217926e-02[39m
    687 Linear |R| = [33m8.152785e-02[39m
    688 Linear |R| = [33m8.089213e-02[39m
    689 Linear |R| = [33m8.036396e-02[39m
    690 Linear |R| = [33m7.956348e-02[39m
    691 Linear |R| = [33m7.899966e-02[39m
    692 Linear |R| = [33m7.839981e-02[39m
    693 Linear |R| = [33m7.766905e-02[39m
    694 Linear |R| = [33m7.737722e-02[39m
    695 Linear |R| = [33m7.712563e-02[39m
    696 Linear |R| = [33m7.678099e-02[39m
    697 Linear |R| = [33m7.654438e-02[39m
    698 Linear |R| = [33m7.641883e-02[39m
    699 Linear |R| = [33m7.636027e-02[39m
    700 Linear |R| = [33m7.633231e-02[39m
    701 Linear |R| = [33m7.630975e-02[39m
    702 Linear |R| = [33m7.630864e-02[39m
    703 Linear |R| = [33m7.629895e-02[39m
    704 Linear |R| = [33m7.628775e-02[39m
    705 Linear |R| = [33m7.626790e-02[39m
    706 Linear |R| = [33m7.621464e-02[39m
    707 Linear |R| = [33m7.614444e-02[39m
    708 Linear |R| = [33m7.600504e-02[39m
    709 Linear |R| = [33m7.589504e-02[39m
    710 Linear |R| = [33m7.574449e-02[39m
    711 Linear |R| = [33m7.547720e-02[39m
    712 Linear |R| = [33m7.503151e-02[39m
    713 Linear |R| = [33m7.451885e-02[39m
    714 Linear |R| = [33m7.358589e-02[39m
    715 Linear |R| = [33m7.233251e-02[39m
    716 Linear |R| = [33m7.114282e-02[39m
    717 Linear |R| = [33m6.987889e-02[39m
    718 Linear |R| = [33m6.777030e-02[39m
    719 Linear |R| = [32m6.405469e-02[39m
    720 Linear |R| = [32m5.939706e-02[39m
    721 Linear |R| = [32m5.614010e-02[39m
    722 Linear |R| = [33m5.343656e-02[39m
    723 Linear |R| = [33m5.135394e-02[39m
    724 Linear |R| = [33m5.003320e-02[39m
    725 Linear |R| = [33m4.912195e-02[39m
    726 Linear |R| = [33m4.819458e-02[39m
    727 Linear |R| = [33m4.744786e-02[39m
    728 Linear |R| = [33m4.689533e-02[39m
    729 Linear |R| = [33m4.663181e-02[39m
    730 Linear |R| = [33m4.651734e-02[39m
    731 Linear |R| = [33m4.647680e-02[39m
    732 Linear |R| = [33m4.645260e-02[39m
    733 Linear |R| = [33m4.643816e-02[39m
    734 Linear |R| = [33m4.643455e-02[39m
    735 Linear |R| = [33m4.642882e-02[39m
    736 Linear |R| = [33m4.642447e-02[39m
    737 Linear |R| = [33m4.640395e-02[39m
    738 Linear |R| = [33m4.632715e-02[39m
    739 Linear |R| = [33m4.626690e-02[39m
    740 Linear |R| = [33m4.622153e-02[39m
    741 Linear |R| = [33m4.607398e-02[39m
    742 Linear |R| = [33m4.585637e-02[39m
    743 Linear |R| = [33m4.573000e-02[39m
    744 Linear |R| = [33m4.556764e-02[39m
    745 Linear |R| = [33m4.533364e-02[39m
    746 Linear |R| = [33m4.498626e-02[39m
    747 Linear |R| = [33m4.455559e-02[39m
    748 Linear |R| = [33m4.420172e-02[39m
    749 Linear |R| = [33m4.392772e-02[39m
    750 Linear |R| = [33m4.358953e-02[39m
    751 Linear |R| = [33m4.339404e-02[39m
    752 Linear |R| = [33m4.310151e-02[39m
    753 Linear |R| = [33m4.270806e-02[39m
    754 Linear |R| = [33m4.248024e-02[39m
    755 Linear |R| = [33m4.229542e-02[39m
    756 Linear |R| = [33m4.215924e-02[39m
    757 Linear |R| = [33m4.203666e-02[39m
    758 Linear |R| = [33m4.194059e-02[39m
    759 Linear |R| = [33m4.191195e-02[39m
    760 Linear |R| = [33m4.189548e-02[39m
    761 Linear |R| = [33m4.188641e-02[39m
    762 Linear |R| = [33m4.188427e-02[39m
    763 Linear |R| = [33m4.188228e-02[39m
    764 Linear |R| = [33m4.187261e-02[39m
    765 Linear |R| = [33m4.183891e-02[39m
    766 Linear |R| = [33m4.182576e-02[39m
    767 Linear |R| = [33m4.180052e-02[39m
    768 Linear |R| = [33m4.172253e-02[39m
    769 Linear |R| = [33m4.162956e-02[39m
    770 Linear |R| = [33m4.155241e-02[39m
    771 Linear |R| = [33m4.142792e-02[39m
    772 Linear |R| = [33m4.116159e-02[39m
    773 Linear |R| = [33m4.079555e-02[39m
    774 Linear |R| = [33m4.005626e-02[39m
    775 Linear |R| = [33m3.881560e-02[39m
    776 Linear |R| = [33m3.811815e-02[39m
    777 Linear |R| = [33m3.700822e-02[39m
    778 Linear |R| = [33m3.523444e-02[39m
    779 Linear |R| = [32m3.267732e-02[39m
    780 Linear |R| = [32m2.974939e-02[39m
    781 Linear |R| = [32m2.754799e-02[39m
    782 Linear |R| = [32m2.555295e-02[39m
    783 Linear |R| = [33m2.427620e-02[39m
    784 Linear |R| = [33m2.328812e-02[39m
    785 Linear |R| = [33m2.268773e-02[39m
    786 Linear |R| = [33m2.202670e-02[39m
    787 Linear |R| = [33m2.156359e-02[39m
    788 Linear |R| = [33m2.125077e-02[39m
    789 Linear |R| = [33m2.110190e-02[39m
    790 Linear |R| = [33m2.106731e-02[39m
    791 Linear |R| = [33m2.105717e-02[39m
    792 Linear |R| = [33m2.105239e-02[39m
    793 Linear |R| = [33m2.105160e-02[39m
    794 Linear |R| = [33m2.105117e-02[39m
    795 Linear |R| = [33m2.104810e-02[39m
    796 Linear |R| = [33m2.104223e-02[39m
    797 Linear |R| = [33m2.102576e-02[39m
    798 Linear |R| = [33m2.099924e-02[39m
    799 Linear |R| = [33m2.098026e-02[39m
    800 Linear |R| = [33m2.096197e-02[39m
    801 Linear |R| = [33m2.089978e-02[39m
    802 Linear |R| = [33m2.081255e-02[39m
    803 Linear |R| = [33m2.072573e-02[39m
    804 Linear |R| = [33m2.064754e-02[39m
    805 Linear |R| = [33m2.055480e-02[39m
    806 Linear |R| = [33m2.036760e-02[39m
    807 Linear |R| = [33m2.015197e-02[39m
    808 Linear |R| = [33m1.994485e-02[39m
    809 Linear |R| = [33m1.978477e-02[39m
    810 Linear |R| = [33m1.964485e-02[39m
    811 Linear |R| = [33m1.956551e-02[39m
    812 Linear |R| = [33m1.944016e-02[39m
    813 Linear |R| = [33m1.925063e-02[39m
    814 Linear |R| = [33m1.914093e-02[39m
    815 Linear |R| = [33m1.903344e-02[39m
    816 Linear |R| = [33m1.897974e-02[39m
    817 Linear |R| = [33m1.893271e-02[39m
    818 Linear |R| = [33m1.889132e-02[39m
    819 Linear |R| = [33m1.886742e-02[39m
    820 Linear |R| = [33m1.885424e-02[39m
    821 Linear |R| = [33m1.884697e-02[39m
    822 Linear |R| = [33m1.884537e-02[39m
    823 Linear |R| = [33m1.884481e-02[39m
    824 Linear |R| = [33m1.884260e-02[39m
    825 Linear |R| = [33m1.883729e-02[39m
    826 Linear |R| = [33m1.882925e-02[39m
    827 Linear |R| = [33m1.879274e-02[39m
    828 Linear |R| = [33m1.876235e-02[39m
    829 Linear |R| = [33m1.873749e-02[39m
    830 Linear |R| = [33m1.870560e-02[39m
    831 Linear |R| = [33m1.864054e-02[39m
    832 Linear |R| = [33m1.853126e-02[39m
    833 Linear |R| = [33m1.829926e-02[39m
    834 Linear |R| = [33m1.779328e-02[39m
    835 Linear |R| = [32m1.676181e-02[39m
    836 Linear |R| = [33m1.607608e-02[39m
    837 Linear |R| = [32m1.463756e-02[39m
    838 Linear |R| = [32m1.337414e-02[39m
    839 Linear |R| = [32m1.248371e-02[39m
    840 Linear |R| = [32m1.042055e-02[39m
    841 Linear |R| = [32m9.220420e-03[39m
    842 Linear |R| = [32m8.558007e-03[39m
    843 Linear |R| = [32m7.880316e-03[39m
    844 Linear |R| = [32m7.106883e-03[39m
    845 Linear |R| = [32m6.735540e-03[39m
    846 Linear |R| = [32m6.314104e-03[39m
    847 Linear |R| = [32m5.997167e-03[39m
13 Nonlinear |R| = [33m6.019445e+02[39m
      0 Linear |R| = [32m6.019445e+02[39m
      1 Linear |R| = [32m5.283884e+02[39m
      2 Linear |R| = [32m3.923480e+02[39m
      3 Linear |R| = [32m2.987626e+02[39m
      4 Linear |R| = [32m2.427550e+02[39m
      5 Linear |R| = [32m2.247889e+02[39m
      6 Linear |R| = [33m2.176234e+02[39m
      7 Linear |R| = [33m2.117181e+02[39m
      8 Linear |R| = [33m2.089124e+02[39m
      9 Linear |R| = [33m2.075652e+02[39m
     10 Linear |R| = [33m2.069151e+02[39m
     11 Linear |R| = [33m2.067931e+02[39m
     12 Linear |R| = [33m2.066344e+02[39m
     13 Linear |R| = [33m2.063544e+02[39m
     14 Linear |R| = [33m2.061212e+02[39m
     15 Linear |R| = [33m2.055287e+02[39m
     16 Linear |R| = [33m2.049396e+02[39m
     17 Linear |R| = [33m2.048739e+02[39m
     18 Linear |R| = [33m2.048639e+02[39m
     19 Linear |R| = [33m2.047992e+02[39m
     20 Linear |R| = [33m2.047837e+02[39m
     21 Linear |R| = [33m2.045598e+02[39m
     22 Linear |R| = [33m2.038797e+02[39m
     23 Linear |R| = [33m2.026197e+02[39m
     24 Linear |R| = [33m2.006608e+02[39m
     25 Linear |R| = [33m1.993171e+02[39m
     26 Linear |R| = [33m1.984631e+02[39m
     27 Linear |R| = [33m1.979257e+02[39m
     28 Linear |R| = [33m1.975972e+02[39m
     29 Linear |R| = [33m1.974835e+02[39m
     30 Linear |R| = [33m1.974607e+02[39m
     31 Linear |R| = [33m1.974603e+02[39m
     32 Linear |R| = [33m1.974562e+02[39m
     33 Linear |R| = [33m1.974542e+02[39m
     34 Linear |R| = [33m1.974203e+02[39m
     35 Linear |R| = [33m1.973801e+02[39m
     36 Linear |R| = [33m1.972309e+02[39m
     37 Linear |R| = [33m1.968162e+02[39m
     38 Linear |R| = [33m1.962349e+02[39m
     39 Linear |R| = [33m1.951678e+02[39m
     40 Linear |R| = [33m1.932797e+02[39m
     41 Linear |R| = [33m1.915584e+02[39m
     42 Linear |R| = [33m1.897213e+02[39m
     43 Linear |R| = [33m1.869612e+02[39m
     44 Linear |R| = [33m1.835681e+02[39m
     45 Linear |R| = [33m1.810048e+02[39m
     46 Linear |R| = [33m1.795774e+02[39m
     47 Linear |R| = [33m1.790573e+02[39m
     48 Linear |R| = [33m1.790131e+02[39m
     49 Linear |R| = [33m1.790126e+02[39m
     50 Linear |R| = [33m1.789363e+02[39m
     51 Linear |R| = [33m1.786738e+02[39m
     52 Linear |R| = [33m1.779819e+02[39m
     53 Linear |R| = [33m1.770401e+02[39m
     54 Linear |R| = [33m1.756232e+02[39m
     55 Linear |R| = [33m1.731844e+02[39m
     56 Linear |R| = [33m1.690355e+02[39m
     57 Linear |R| = [33m1.619934e+02[39m
     58 Linear |R| = [32m1.502581e+02[39m
     59 Linear |R| = [32m1.363439e+02[39m
     60 Linear |R| = [32m1.221635e+02[39m
     61 Linear |R| = [32m1.158450e+02[39m
     62 Linear |R| = [33m1.112823e+02[39m
     63 Linear |R| = [33m1.058535e+02[39m
     64 Linear |R| = [33m1.008001e+02[39m
     65 Linear |R| = [33m9.665748e+01[39m
     66 Linear |R| = [33m9.236743e+01[39m
     67 Linear |R| = [33m8.841950e+01[39m
     68 Linear |R| = [33m8.609165e+01[39m
     69 Linear |R| = [33m8.494273e+01[39m
     70 Linear |R| = [33m8.415777e+01[39m
     71 Linear |R| = [33m8.373213e+01[39m
     72 Linear |R| = [33m8.356015e+01[39m
     73 Linear |R| = [33m8.345646e+01[39m
     74 Linear |R| = [33m8.343540e+01[39m
     75 Linear |R| = [33m8.343431e+01[39m
     76 Linear |R| = [33m8.342954e+01[39m
     77 Linear |R| = [33m8.321244e+01[39m
     78 Linear |R| = [33m8.289827e+01[39m
     79 Linear |R| = [33m8.271203e+01[39m
     80 Linear |R| = [33m8.233337e+01[39m
     81 Linear |R| = [33m8.174477e+01[39m
     82 Linear |R| = [33m8.121315e+01[39m
     83 Linear |R| = [33m8.088662e+01[39m
     84 Linear |R| = [33m8.067273e+01[39m
     85 Linear |R| = [33m8.065731e+01[39m
     86 Linear |R| = [33m8.065676e+01[39m
     87 Linear |R| = [33m8.058053e+01[39m
     88 Linear |R| = [33m8.050507e+01[39m
     89 Linear |R| = [33m8.047423e+01[39m
     90 Linear |R| = [31m8.061333e+01[39m
     91 Linear |R| = [33m8.057701e+01[39m
     92 Linear |R| = [33m8.056914e+01[39m
     93 Linear |R| = [33m8.056823e+01[39m
     94 Linear |R| = [33m8.056814e+01[39m
     95 Linear |R| = [33m8.056569e+01[39m
     96 Linear |R| = [33m8.056561e+01[39m
     97 Linear |R| = [33m8.056498e+01[39m
     98 Linear |R| = [33m8.056200e+01[39m
     99 Linear |R| = [33m8.053765e+01[39m
    100 Linear |R| = [33m8.052325e+01[39m
    101 Linear |R| = [33m8.051926e+01[39m
    102 Linear |R| = [33m8.050596e+01[39m
    103 Linear |R| = [33m8.048469e+01[39m
    104 Linear |R| = [33m8.044597e+01[39m
    105 Linear |R| = [33m8.041911e+01[39m
    106 Linear |R| = [33m8.039342e+01[39m
    107 Linear |R| = [33m8.029757e+01[39m
    108 Linear |R| = [33m8.018410e+01[39m
    109 Linear |R| = [33m8.011193e+01[39m
    110 Linear |R| = [33m8.009218e+01[39m
    111 Linear |R| = [33m8.009133e+01[39m
    112 Linear |R| = [33m8.008311e+01[39m
    113 Linear |R| = [33m8.005592e+01[39m
    114 Linear |R| = [33m8.004797e+01[39m
    115 Linear |R| = [33m8.004781e+01[39m
    116 Linear |R| = [33m8.003505e+01[39m
    117 Linear |R| = [33m8.003489e+01[39m
    118 Linear |R| = [33m8.003234e+01[39m
    119 Linear |R| = [33m7.997481e+01[39m
    120 Linear |R| = [31m8.292791e+01[39m
    121 Linear |R| = [33m8.047532e+01[39m
    122 Linear |R| = [33m8.021156e+01[39m
    123 Linear |R| = [33m8.017110e+01[39m
    124 Linear |R| = [33m8.011624e+01[39m
    125 Linear |R| = [33m8.009537e+01[39m
    126 Linear |R| = [33m8.006819e+01[39m
    127 Linear |R| = [33m8.005763e+01[39m
    128 Linear |R| = [33m8.005707e+01[39m
    129 Linear |R| = [33m8.004933e+01[39m
    130 Linear |R| = [33m8.004800e+01[39m
    131 Linear |R| = [33m8.004598e+01[39m
    132 Linear |R| = [33m8.004040e+01[39m
    133 Linear |R| = [33m8.001606e+01[39m
    134 Linear |R| = [33m7.998449e+01[39m
    135 Linear |R| = [33m7.995513e+01[39m
    136 Linear |R| = [33m7.993502e+01[39m
    137 Linear |R| = [33m7.979397e+01[39m
    138 Linear |R| = [33m7.958842e+01[39m
    139 Linear |R| = [33m7.919991e+01[39m
    140 Linear |R| = [33m7.875688e+01[39m
    141 Linear |R| = [33m7.831628e+01[39m
    142 Linear |R| = [33m7.777842e+01[39m
    143 Linear |R| = [33m7.695532e+01[39m
    144 Linear |R| = [33m7.609224e+01[39m
    145 Linear |R| = [33m7.527027e+01[39m
    146 Linear |R| = [33m7.435588e+01[39m
    147 Linear |R| = [33m7.256791e+01[39m
    148 Linear |R| = [33m7.018213e+01[39m
    149 Linear |R| = [33m6.808377e+01[39m
    Linear solve did not converge due to DIVERGED_BREAKDOWN iterations 150
14 Nonlinear |R| = [33m6.019319e+02[39m
      0 Linear |R| = [32m6.019319e+02[39m
      1 Linear |R| = [32m5.285343e+02[39m
      2 Linear |R| = [32m3.925920e+02[39m
      3 Linear |R| = [32m2.973378e+02[39m
      4 Linear |R| = [32m2.413198e+02[39m
      5 Linear |R| = [32m2.226751e+02[39m
      6 Linear |R| = [33m2.150406e+02[39m
      7 Linear |R| = [33m2.086797e+02[39m
      8 Linear |R| = [33m2.055041e+02[39m
      9 Linear |R| = [33m2.038282e+02[39m
     10 Linear |R| = [33m2.027841e+02[39m
     11 Linear |R| = [33m2.022915e+02[39m
     12 Linear |R| = [33m2.016394e+02[39m
     13 Linear |R| = [33m2.006508e+02[39m
     14 Linear |R| = [33m1.993650e+02[39m
     15 Linear |R| = [33m1.970763e+02[39m
     16 Linear |R| = [33m1.949935e+02[39m
     17 Linear |R| = [33m1.940303e+02[39m
     18 Linear |R| = [33m1.934622e+02[39m
     19 Linear |R| = [33m1.929621e+02[39m
     20 Linear |R| = [33m1.919365e+02[39m
     21 Linear |R| = [33m1.908268e+02[39m
     22 Linear |R| = [33m1.896087e+02[39m
     23 Linear |R| = [33m1.884644e+02[39m
     24 Linear |R| = [33m1.872218e+02[39m
     25 Linear |R| = [33m1.850392e+02[39m
     26 Linear |R| = [33m1.832600e+02[39m
     27 Linear |R| = [33m1.826242e+02[39m
     28 Linear |R| = [33m1.825444e+02[39m
     29 Linear |R| = [33m1.825338e+02[39m
     30 Linear |R| = [31m1.826414e+02[39m
     31 Linear |R| = [33m1.826336e+02[39m
     32 Linear |R| = [33m1.826305e+02[39m
     33 Linear |R| = [33m1.826305e+02[39m
     34 Linear |R| = [33m1.826236e+02[39m
     35 Linear |R| = [33m1.825617e+02[39m
     36 Linear |R| = [33m1.823074e+02[39m
     37 Linear |R| = [33m1.816922e+02[39m
     38 Linear |R| = [33m1.810902e+02[39m
     39 Linear |R| = [33m1.806815e+02[39m
     40 Linear |R| = [33m1.803429e+02[39m
     41 Linear |R| = [33m1.798837e+02[39m
     42 Linear |R| = [33m1.790566e+02[39m
     43 Linear |R| = [33m1.781301e+02[39m
     44 Linear |R| = [33m1.774435e+02[39m
     45 Linear |R| = [33m1.768199e+02[39m
     46 Linear |R| = [33m1.762706e+02[39m
     47 Linear |R| = [33m1.757322e+02[39m
     48 Linear |R| = [33m1.750329e+02[39m
     49 Linear |R| = [33m1.743222e+02[39m
     50 Linear |R| = [33m1.739331e+02[39m
     51 Linear |R| = [33m1.737281e+02[39m
     52 Linear |R| = [33m1.734221e+02[39m
     53 Linear |R| = [33m1.727495e+02[39m
     54 Linear |R| = [33m1.713454e+02[39m
     55 Linear |R| = [33m1.690385e+02[39m
     56 Linear |R| = [33m1.659395e+02[39m
     57 Linear |R| = [33m1.617904e+02[39m
     58 Linear |R| = [33m1.573897e+02[39m
     59 Linear |R| = [33m1.526819e+02[39m
     60 Linear |R| = [31m1.530477e+02[39m
     61 Linear |R| = [32m1.441581e+02[39m
     62 Linear |R| = [33m1.420094e+02[39m
     63 Linear |R| = [33m1.392259e+02[39m
     64 Linear |R| = [33m1.357511e+02[39m
     65 Linear |R| = [33m1.322862e+02[39m
     66 Linear |R| = [33m1.301419e+02[39m
     67 Linear |R| = [33m1.281186e+02[39m
     68 Linear |R| = [33m1.267189e+02[39m
     69 Linear |R| = [33m1.256068e+02[39m
     70 Linear |R| = [33m1.245234e+02[39m
     71 Linear |R| = [33m1.240415e+02[39m
     72 Linear |R| = [33m1.237705e+02[39m
     73 Linear |R| = [33m1.235622e+02[39m
     74 Linear |R| = [33m1.234156e+02[39m
     75 Linear |R| = [33m1.233024e+02[39m
     76 Linear |R| = [33m1.232795e+02[39m
     77 Linear |R| = [33m1.232785e+02[39m
     78 Linear |R| = [33m1.232331e+02[39m
     79 Linear |R| = [33m1.231312e+02[39m
     80 Linear |R| = [33m1.230511e+02[39m
     81 Linear |R| = [33m1.229785e+02[39m
     82 Linear |R| = [33m1.228789e+02[39m
     83 Linear |R| = [33m1.228125e+02[39m
     84 Linear |R| = [33m1.227393e+02[39m
     85 Linear |R| = [33m1.226335e+02[39m
     86 Linear |R| = [33m1.225330e+02[39m
     87 Linear |R| = [33m1.222621e+02[39m
     88 Linear |R| = [33m1.214436e+02[39m
     89 Linear |R| = [33m1.203286e+02[39m
    Linear solve did not converge due to DIVERGED_BREAKDOWN iterations 90
15 Nonlinear |R| = [33m6.018220e+02[39m
      0 Linear |R| = [32m6.018220e+02[39m
      1 Linear |R| = [32m5.281696e+02[39m
      2 Linear |R| = [32m3.918375e+02[39m
      3 Linear |R| = [32m3.015420e+02[39m
      4 Linear |R| = [32m2.453686e+02[39m
      5 Linear |R| = [32m2.281889e+02[39m
      6 Linear |R| = [33m2.221459e+02[39m
      7 Linear |R| = [33m2.174698e+02[39m
      8 Linear |R| = [33m2.154432e+02[39m
      9 Linear |R| = [33m2.146558e+02[39m
     10 Linear |R| = [33m2.145568e+02[39m
     11 Linear |R| = [33m2.143239e+02[39m
     12 Linear |R| = [33m2.139826e+02[39m
     13 Linear |R| = [33m2.135295e+02[39m
     14 Linear |R| = [33m2.121645e+02[39m
     15 Linear |R| = [33m2.108938e+02[39m
     16 Linear |R| = [33m2.097309e+02[39m
     17 Linear |R| = [33m2.072044e+02[39m
     18 Linear |R| = [33m2.029920e+02[39m
     19 Linear |R| = [33m1.972194e+02[39m
     20 Linear |R| = [33m1.904555e+02[39m
     21 Linear |R| = [32m1.787493e+02[39m
     22 Linear |R| = [32m1.613443e+02[39m
     23 Linear |R| = [32m1.412149e+02[39m
     24 Linear |R| = [32m1.184973e+02[39m
     25 Linear |R| = [32m9.800195e+01[39m
     26 Linear |R| = [32m8.322292e+01[39m
     27 Linear |R| = [32m7.492141e+01[39m
     28 Linear |R| = [32m7.097788e+01[39m
     29 Linear |R| = [33m6.924012e+01[39m
     30 Linear |R| = [33m6.870517e+01[39m
     31 Linear |R| = [33m6.864974e+01[39m
     32 Linear |R| = [33m6.864794e+01[39m
     33 Linear |R| = [33m6.857976e+01[39m
     34 Linear |R| = [33m6.829146e+01[39m
     35 Linear |R| = [33m6.747457e+01[39m
     36 Linear |R| = [33m6.552496e+01[39m
     37 Linear |R| = [33m6.313389e+01[39m
     38 Linear |R| = [32m5.912194e+01[39m
     39 Linear |R| = [32m5.313889e+01[39m
     40 Linear |R| = [32m4.673046e+01[39m
     41 Linear |R| = [32m3.929667e+01[39m
     42 Linear |R| = [32m3.227498e+01[39m
     43 Linear |R| = [32m2.705604e+01[39m
     44 Linear |R| = [32m2.377430e+01[39m
     45 Linear |R| = [32m2.225246e+01[39m
     46 Linear |R| = [32m2.078988e+01[39m
     47 Linear |R| = [32m1.906869e+01[39m
     48 Linear |R| = [32m1.811298e+01[39m
     49 Linear |R| = [33m1.775093e+01[39m
     50 Linear |R| = [33m1.751732e+01[39m
     51 Linear |R| = [33m1.736588e+01[39m
     52 Linear |R| = [33m1.731101e+01[39m
     53 Linear |R| = [33m1.729742e+01[39m
     54 Linear |R| = [33m1.729654e+01[39m
     55 Linear |R| = [33m1.729636e+01[39m
     56 Linear |R| = [33m1.729595e+01[39m
     57 Linear |R| = [33m1.729117e+01[39m
     58 Linear |R| = [33m1.723795e+01[39m
     59 Linear |R| = [33m1.710318e+01[39m
     60 Linear |R| = [33m1.696696e+01[39m
     61 Linear |R| = [33m1.691556e+01[39m
     62 Linear |R| = [33m1.689917e+01[39m
     63 Linear |R| = [33m1.677952e+01[39m
     64 Linear |R| = [33m1.670817e+01[39m
     65 Linear |R| = [33m1.666630e+01[39m
     66 Linear |R| = [33m1.666248e+01[39m
     67 Linear |R| = [33m1.666121e+01[39m
     68 Linear |R| = [33m1.665769e+01[39m
     69 Linear |R| = [33m1.660713e+01[39m
     70 Linear |R| = [33m1.653469e+01[39m
     71 Linear |R| = [33m1.644105e+01[39m
     72 Linear |R| = [33m1.626040e+01[39m
     73 Linear |R| = [33m1.598707e+01[39m
     74 Linear |R| = [33m1.536398e+01[39m
     75 Linear |R| = [33m1.487281e+01[39m
     76 Linear |R| = [33m1.439210e+01[39m
     77 Linear |R| = [33m1.399268e+01[39m
     78 Linear |R| = [33m1.365872e+01[39m
     79 Linear |R| = [33m1.349004e+01[39m
     80 Linear |R| = [33m1.337866e+01[39m
     81 Linear |R| = [33m1.327333e+01[39m
     82 Linear |R| = [33m1.318121e+01[39m
     83 Linear |R| = [33m1.313822e+01[39m
     84 Linear |R| = [33m1.312664e+01[39m
     85 Linear |R| = [33m1.312426e+01[39m
     86 Linear |R| = [33m1.312422e+01[39m
     87 Linear |R| = [33m1.311214e+01[39m
     88 Linear |R| = [33m1.305263e+01[39m
     89 Linear |R| = [33m1.299422e+01[39m
     90 Linear |R| = [33m1.293664e+01[39m
     91 Linear |R| = [33m1.291565e+01[39m
     92 Linear |R| = [33m1.290602e+01[39m
     93 Linear |R| = [33m1.286595e+01[39m
     94 Linear |R| = [33m1.282407e+01[39m
     95 Linear |R| = [33m1.280560e+01[39m
     96 Linear |R| = [33m1.280187e+01[39m
     97 Linear |R| = [33m1.280187e+01[39m
     98 Linear |R| = [33m1.279989e+01[39m
     99 Linear |R| = [33m1.278821e+01[39m
    100 Linear |R| = [33m1.277563e+01[39m
    101 Linear |R| = [33m1.275164e+01[39m
    102 Linear |R| = [33m1.269647e+01[39m
    103 Linear |R| = [33m1.261574e+01[39m
    104 Linear |R| = [33m1.244647e+01[39m
    105 Linear |R| = [33m1.231110e+01[39m
    106 Linear |R| = [33m1.196870e+01[39m
    107 Linear |R| = [33m1.164861e+01[39m
    108 Linear |R| = [33m1.126789e+01[39m
    109 Linear |R| = [33m1.096282e+01[39m
    110 Linear |R| = [33m1.066456e+01[39m
    111 Linear |R| = [33m1.036092e+01[39m
    112 Linear |R| = [33m1.006128e+01[39m
    113 Linear |R| = [33m9.865367e+00[39m
    114 Linear |R| = [33m9.792808e+00[39m
    115 Linear |R| = [33m9.734757e+00[39m
    116 Linear |R| = [33m9.715039e+00[39m
    117 Linear |R| = [33m9.713868e+00[39m
    118 Linear |R| = [33m9.711272e+00[39m
    119 Linear |R| = [33m9.690150e+00[39m
    120 Linear |R| = [33m9.609806e+00[39m
    121 Linear |R| = [33m9.567984e+00[39m
    122 Linear |R| = [33m9.561685e+00[39m
    123 Linear |R| = [33m9.546563e+00[39m
    124 Linear |R| = [33m9.537372e+00[39m
    125 Linear |R| = [33m9.535597e+00[39m
    126 Linear |R| = [33m9.482029e+00[39m
    127 Linear |R| = [33m9.417783e+00[39m
    128 Linear |R| = [33m9.377484e+00[39m
    129 Linear |R| = [33m9.251900e+00[39m
    130 Linear |R| = [33m9.156968e+00[39m
    131 Linear |R| = [33m9.027782e+00[39m
    132 Linear |R| = [33m8.855635e+00[39m
    133 Linear |R| = [33m8.740449e+00[39m
    134 Linear |R| = [33m8.608353e+00[39m
    135 Linear |R| = [33m8.518031e+00[39m
    136 Linear |R| = [33m8.376712e+00[39m
    137 Linear |R| = [33m8.264035e+00[39m
    138 Linear |R| = [33m8.188162e+00[39m
    139 Linear |R| = [33m8.147595e+00[39m
    140 Linear |R| = [33m8.131412e+00[39m
    141 Linear |R| = [33m8.129119e+00[39m
    142 Linear |R| = [33m8.128767e+00[39m
    143 Linear |R| = [33m8.127241e+00[39m
    144 Linear |R| = [33m8.116341e+00[39m
    145 Linear |R| = [33m8.080061e+00[39m
    146 Linear |R| = [33m8.010582e+00[39m
    147 Linear |R| = [33m7.943204e+00[39m
    148 Linear |R| = [33m7.852705e+00[39m
    149 Linear |R| = [33m7.764354e+00[39m
    150 Linear |R| = [33m7.640557e+00[39m
    151 Linear |R| = [33m7.586279e+00[39m
    152 Linear |R| = [33m7.571867e+00[39m
    153 Linear |R| = [33m7.526167e+00[39m
    154 Linear |R| = [33m7.475029e+00[39m
    155 Linear |R| = [33m7.440672e+00[39m
    156 Linear |R| = [33m7.409848e+00[39m
    157 Linear |R| = [33m7.394246e+00[39m
    158 Linear |R| = [33m7.382375e+00[39m
    159 Linear |R| = [33m7.370400e+00[39m
    160 Linear |R| = [33m7.363249e+00[39m
    161 Linear |R| = [33m7.360154e+00[39m
    162 Linear |R| = [33m7.360153e+00[39m
    163 Linear |R| = [33m7.356033e+00[39m
    164 Linear |R| = [33m7.343238e+00[39m
    165 Linear |R| = [33m7.332472e+00[39m
    166 Linear |R| = [33m7.319644e+00[39m
    167 Linear |R| = [33m7.292182e+00[39m
    168 Linear |R| = [33m7.217457e+00[39m
    169 Linear |R| = [33m7.094030e+00[39m
    170 Linear |R| = [33m6.941958e+00[39m
    171 Linear |R| = [33m6.708330e+00[39m
    172 Linear |R| = [32m6.346942e+00[39m
    173 Linear |R| = [33m6.038580e+00[39m
    174 Linear |R| = [33m5.887878e+00[39m
    175 Linear |R| = [33m5.804535e+00[39m
    176 Linear |R| = [33m5.760339e+00[39m
    177 Linear |R| = [33m5.742726e+00[39m
    178 Linear |R| = [33m5.740518e+00[39m
    179 Linear |R| = [33m5.739645e+00[39m
    180 Linear |R| = [31m5.743883e+00[39m
    181 Linear |R| = [33m5.736953e+00[39m
    182 Linear |R| = [33m5.736421e+00[39m
    183 Linear |R| = [33m5.736346e+00[39m
    184 Linear |R| = [33m5.735415e+00[39m
    185 Linear |R| = [33m5.728094e+00[39m
    186 Linear |R| = [33m5.687195e+00[39m
    187 Linear |R| = [33m5.588922e+00[39m
    188 Linear |R| = [33m5.445645e+00[39m
    189 Linear |R| = [33m5.245677e+00[39m
    190 Linear |R| = [33m5.087678e+00[39m
    191 Linear |R| = [33m4.980213e+00[39m
    192 Linear |R| = [33m4.910899e+00[39m
    193 Linear |R| = [33m4.875522e+00[39m
    194 Linear |R| = [33m4.845649e+00[39m
    195 Linear |R| = [33m4.833730e+00[39m
    196 Linear |R| = [33m4.829199e+00[39m
    197 Linear |R| = [33m4.823329e+00[39m
    198 Linear |R| = [33m4.821458e+00[39m
    199 Linear |R| = [33m4.821071e+00[39m
    200 Linear |R| = [33m4.819864e+00[39m
    201 Linear |R| = [33m4.814407e+00[39m
    202 Linear |R| = [33m4.799544e+00[39m
    203 Linear |R| = [33m4.774975e+00[39m
    204 Linear |R| = [33m4.744360e+00[39m
    205 Linear |R| = [33m4.707849e+00[39m
    206 Linear |R| = [33m4.670000e+00[39m
    207 Linear |R| = [33m4.607750e+00[39m
    208 Linear |R| = [33m4.565791e+00[39m
    209 Linear |R| = [33m4.533767e+00[39m
    Linear solve did not converge due to DIVERGED_BREAKDOWN iterations 210
16 Nonlinear |R| = [33m6.013813e+02[39m
      0 Linear |R| = [32m6.013813e+02[39m
      1 Linear |R| = [32m5.275815e+02[39m
      2 Linear |R| = [32m3.925516e+02[39m
      3 Linear |R| = [32m2.965937e+02[39m
      4 Linear |R| = [32m2.403307e+02[39m
      5 Linear |R| = [32m2.213484e+02[39m
      6 Linear |R| = [33m2.136241e+02[39m
      7 Linear |R| = [33m2.071903e+02[39m
      8 Linear |R| = [33m2.038642e+02[39m
      9 Linear |R| = [33m2.020360e+02[39m
     10 Linear |R| = [33m2.007955e+02[39m
     11 Linear |R| = [33m2.000955e+02[39m
     12 Linear |R| = [33m1.991679e+02[39m
     13 Linear |R| = [33m1.977600e+02[39m
     14 Linear |R| = [33m1.957707e+02[39m
     15 Linear |R| = [33m1.924115e+02[39m
     16 Linear |R| = [33m1.893765e+02[39m
     17 Linear |R| = [33m1.876668e+02[39m
     18 Linear |R| = [33m1.863815e+02[39m
     19 Linear |R| = [33m1.850792e+02[39m
     20 Linear |R| = [33m1.827973e+02[39m
     21 Linear |R| = [33m1.798142e+02[39m
     22 Linear |R| = [33m1.760591e+02[39m
     23 Linear |R| = [33m1.720446e+02[39m
     24 Linear |R| = [33m1.670905e+02[39m
     25 Linear |R| = [33m1.602187e+02[39m
     26 Linear |R| = [33m1.549116e+02[39m
     27 Linear |R| = [33m1.527069e+02[39m
     28 Linear |R| = [33m1.521131e+02[39m
     29 Linear |R| = [33m1.520636e+02[39m
     30 Linear |R| = [31m1.692216e+02[39m
     31 Linear |R| = [32m1.544764e+02[39m
     32 Linear |R| = [33m1.535552e+02[39m
     33 Linear |R| = [33m1.535415e+02[39m
     34 Linear |R| = [33m1.533556e+02[39m
     35 Linear |R| = [33m1.529437e+02[39m
     36 Linear |R| = [33m1.523560e+02[39m
     37 Linear |R| = [33m1.510452e+02[39m
     38 Linear |R| = [33m1.492265e+02[39m
     39 Linear |R| = [33m1.469241e+02[39m
     40 Linear |R| = [33m1.451897e+02[39m
     41 Linear |R| = [33m1.432643e+02[39m
     42 Linear |R| = [33m1.406683e+02[39m
     43 Linear |R| = [33m1.375192e+02[39m
     44 Linear |R| = [33m1.348069e+02[39m
     45 Linear |R| = [33m1.333011e+02[39m
     46 Linear |R| = [33m1.322763e+02[39m
     47 Linear |R| = [33m1.313118e+02[39m
     48 Linear |R| = [33m1.302636e+02[39m
     49 Linear |R| = [33m1.292753e+02[39m
     50 Linear |R| = [33m1.286399e+02[39m
     51 Linear |R| = [33m1.282047e+02[39m
     52 Linear |R| = [33m1.277872e+02[39m
     53 Linear |R| = [33m1.270636e+02[39m
     54 Linear |R| = [33m1.255076e+02[39m
     55 Linear |R| = [33m1.231128e+02[39m
     56 Linear |R| = [33m1.201560e+02[39m
     57 Linear |R| = [33m1.169081e+02[39m
     58 Linear |R| = [33m1.138434e+02[39m
     59 Linear |R| = [33m1.104499e+02[39m
    Linear solve did not converge due to DIVERGED_BREAKDOWN iterations 60
17 Nonlinear |R| = [33m6.009469e+02[39m
      0 Linear |R| = [32m6.009469e+02[39m
      1 Linear |R| = [32m5.265930e+02[39m
      2 Linear |R| = [32m3.915272e+02[39m
      3 Linear |R| = [32m3.018088e+02[39m
      4 Linear |R| = [32m2.453506e+02[39m
      5 Linear |R| = [32m2.285424e+02[39m
      6 Linear |R| = [33m2.227668e+02[39m
      7 Linear |R| = [33m2.182036e+02[39m
      8 Linear |R| = [33m2.162212e+02[39m
      9 Linear |R| = [33m2.155011e+02[39m
     10 Linear |R| = [33m2.154446e+02[39m
     11 Linear |R| = [33m2.151119e+02[39m
     12 Linear |R| = [33m2.146264e+02[39m
     13 Linear |R| = [33m2.139206e+02[39m
     14 Linear |R| = [33m2.119593e+02[39m
     15 Linear |R| = [33m2.100885e+02[39m
     16 Linear |R| = [33m2.083781e+02[39m
     17 Linear |R| = [33m2.050323e+02[39m
     18 Linear |R| = [33m1.999924e+02[39m
     19 Linear |R| = [33m1.935455e+02[39m
     20 Linear |R| = [33m1.860602e+02[39m
     21 Linear |R| = [32m1.737012e+02[39m
     22 Linear |R| = [32m1.559663e+02[39m
     23 Linear |R| = [32m1.362365e+02[39m
     24 Linear |R| = [32m1.148162e+02[39m
     25 Linear |R| = [32m9.669428e+01[39m
     26 Linear |R| = [32m8.455765e+01[39m
     27 Linear |R| = [32m7.815767e+01[39m
     28 Linear |R| = [33m7.541102e+01[39m
     29 Linear |R| = [33m7.445334e+01[39m
     30 Linear |R| = [31m8.857319e+01[39m
     31 Linear |R| = [32m7.656216e+01[39m
     32 Linear |R| = [33m7.507571e+01[39m
     33 Linear |R| = [33m7.504146e+01[39m
     34 Linear |R| = [33m7.484130e+01[39m
     35 Linear |R| = [33m7.416286e+01[39m
     36 Linear |R| = [33m7.299733e+01[39m
     37 Linear |R| = [33m7.111368e+01[39m
     38 Linear |R| = [33m6.824198e+01[39m
     39 Linear |R| = [32m6.440740e+01[39m
     40 Linear |R| = [32m5.916807e+01[39m
     41 Linear |R| = [32m5.243858e+01[39m
     42 Linear |R| = [32m4.521652e+01[39m
     43 Linear |R| = [32m3.825470e+01[39m
     44 Linear |R| = [32m3.207743e+01[39m
     45 Linear |R| = [32m2.816711e+01[39m
     46 Linear |R| = [32m2.571425e+01[39m
     47 Linear |R| = [32m2.390797e+01[39m
     48 Linear |R| = [32m2.255095e+01[39m
     49 Linear |R| = [33m2.157574e+01[39m
     50 Linear |R| = [33m2.094363e+01[39m
     51 Linear |R| = [33m2.059729e+01[39m
     52 Linear |R| = [33m2.045254e+01[39m
     53 Linear |R| = [33m2.037198e+01[39m
     54 Linear |R| = [33m2.035241e+01[39m
     55 Linear |R| = [33m2.035159e+01[39m
     56 Linear |R| = [33m2.034378e+01[39m
     57 Linear |R| = [33m2.031179e+01[39m
     58 Linear |R| = [33m2.025777e+01[39m
     59 Linear |R| = [33m2.018567e+01[39m
    Linear solve did not converge due to DIVERGED_BREAKDOWN iterations 60
18 Nonlinear |R| = [33m6.003958e+02[39m
      0 Linear |R| = [32m6.003958e+02[39m
      1 Linear |R| = [32m5.258464e+02[39m
      2 Linear |R| = [32m3.923827e+02[39m
      3 Linear |R| = [32m2.961418e+02[39m
      4 Linear |R| = [32m2.395632e+02[39m
      5 Linear |R| = [32m2.205292e+02[39m
      6 Linear |R| = [33m2.128391e+02[39m
      7 Linear |R| = [33m2.064530e+02[39m
      8 Linear |R| = [33m2.030908e+02[39m
      9 Linear |R| = [33m2.012265e+02[39m
     10 Linear |R| = [33m1.999507e+02[39m
     11 Linear |R| = [33m1.992130e+02[39m
     12 Linear |R| = [33m1.982316e+02[39m
     13 Linear |R| = [33m1.967070e+02[39m
     14 Linear |R| = [33m1.944933e+02[39m
     15 Linear |R| = [33m1.907839e+02[39m
     16 Linear |R| = [33m1.873877e+02[39m
     17 Linear |R| = [33m1.853003e+02[39m
     18 Linear |R| = [33m1.836289e+02[39m
     19 Linear |R| = [33m1.819146e+02[39m
     20 Linear |R| = [33m1.790059e+02[39m
     21 Linear |R| = [33m1.750332e+02[39m
     22 Linear |R| = [33m1.698472e+02[39m
     23 Linear |R| = [33m1.640336e+02[39m
     24 Linear |R| = [33m1.564177e+02[39m
     25 Linear |R| = [32m1.458962e+02[39m
     26 Linear |R| = [32m1.374536e+02[39m
     27 Linear |R| = [33m1.334569e+02[39m
     28 Linear |R| = [33m1.319652e+02[39m
     29 Linear |R| = [33m1.315892e+02[39m
     30 Linear |R| = [33m1.315276e+02[39m
     31 Linear |R| = [33m1.315275e+02[39m
     32 Linear |R| = [33m1.315168e+02[39m
     33 Linear |R| = [33m1.314431e+02[39m
     34 Linear |R| = [33m1.312399e+02[39m
     35 Linear |R| = [33m1.307816e+02[39m
     36 Linear |R| = [33m1.293808e+02[39m
     37 Linear |R| = [33m1.266595e+02[39m
     38 Linear |R| = [33m1.244485e+02[39m
     39 Linear |R| = [33m1.220645e+02[39m
     40 Linear |R| = [33m1.187475e+02[39m
     41 Linear |R| = [33m1.148513e+02[39m
     42 Linear |R| = [33m1.096703e+02[39m
     43 Linear |R| = [33m1.058923e+02[39m
     44 Linear |R| = [33m1.038664e+02[39m
     45 Linear |R| = [33m1.023376e+02[39m
     46 Linear |R| = [33m1.008904e+02[39m
     47 Linear |R| = [33m9.964688e+01[39m
     48 Linear |R| = [33m9.873471e+01[39m
     49 Linear |R| = [33m9.813274e+01[39m
     50 Linear |R| = [33m9.777210e+01[39m
     51 Linear |R| = [33m9.745502e+01[39m
     52 Linear |R| = [33m9.694324e+01[39m
     53 Linear |R| = [33m9.586458e+01[39m
     54 Linear |R| = [33m9.398429e+01[39m
     55 Linear |R| = [33m9.176859e+01[39m
     56 Linear |R| = [33m9.010793e+01[39m
     57 Linear |R| = [33m8.872772e+01[39m
     58 Linear |R| = [33m8.694858e+01[39m
     59 Linear |R| = [33m8.347197e+01[39m
     60 Linear |R| = [32m7.679529e+01[39m
     61 Linear |R| = [33m7.409354e+01[39m
     62 Linear |R| = [33m7.253324e+01[39m
     63 Linear |R| = [33m7.018276e+01[39m
     64 Linear |R| = [33m6.843379e+01[39m
     65 Linear |R| = [33m6.713774e+01[39m
     66 Linear |R| = [33m6.618322e+01[39m
     67 Linear |R| = [33m6.483296e+01[39m
     68 Linear |R| = [33m6.341550e+01[39m
     69 Linear |R| = [33m6.242855e+01[39m
     70 Linear |R| = [33m6.172963e+01[39m
     71 Linear |R| = [33m6.135582e+01[39m
     72 Linear |R| = [33m6.106110e+01[39m
     73 Linear |R| = [33m6.080733e+01[39m
     74 Linear |R| = [33m6.054951e+01[39m
     75 Linear |R| = [33m5.999086e+01[39m
     76 Linear |R| = [33m5.958803e+01[39m
     77 Linear |R| = [33m5.929574e+01[39m
     78 Linear |R| = [33m5.922758e+01[39m
     79 Linear |R| = [33m5.914568e+01[39m
     80 Linear |R| = [33m5.902071e+01[39m
     81 Linear |R| = [33m5.897904e+01[39m
     82 Linear |R| = [33m5.897440e+01[39m
     83 Linear |R| = [33m5.895946e+01[39m
     84 Linear |R| = [33m5.891767e+01[39m
     85 Linear |R| = [33m5.885416e+01[39m
     86 Linear |R| = [33m5.874240e+01[39m
     87 Linear |R| = [33m5.847058e+01[39m
     88 Linear |R| = [33m5.783597e+01[39m
     89 Linear |R| = [33m5.709767e+01[39m
     90 Linear |R| = [33m5.601251e+01[39m
     91 Linear |R| = [33m5.556817e+01[39m
     92 Linear |R| = [33m5.521953e+01[39m
     93 Linear |R| = [33m5.447385e+01[39m
     94 Linear |R| = [33m5.414363e+01[39m
     95 Linear |R| = [33m5.402701e+01[39m
     96 Linear |R| = [33m5.399488e+01[39m
     97 Linear |R| = [33m5.394980e+01[39m
     98 Linear |R| = [33m5.389293e+01[39m
     99 Linear |R| = [33m5.389031e+01[39m
    100 Linear |R| = [33m5.388559e+01[39m
    101 Linear |R| = [33m5.383773e+01[39m
    102 Linear |R| = [33m5.369341e+01[39m
    103 Linear |R| = [33m5.349006e+01[39m
    104 Linear |R| = [33m5.323489e+01[39m
    105 Linear |R| = [33m5.286424e+01[39m
    106 Linear |R| = [33m5.275471e+01[39m
    107 Linear |R| = [33m5.257753e+01[39m
    108 Linear |R| = [33m5.235480e+01[39m
    109 Linear |R| = [33m5.220593e+01[39m
    110 Linear |R| = [33m5.215647e+01[39m
    111 Linear |R| = [33m5.210833e+01[39m
    112 Linear |R| = [33m5.183955e+01[39m
    113 Linear |R| = [33m5.132895e+01[39m
    114 Linear |R| = [33m5.065551e+01[39m
    115 Linear |R| = [33m4.963206e+01[39m
    116 Linear |R| = [33m4.883186e+01[39m
    117 Linear |R| = [33m4.787318e+01[39m
    118 Linear |R| = [33m4.659056e+01[39m
    119 Linear |R| = [33m4.523609e+01[39m
    120 Linear |R| = [32m4.262444e+01[39m
    121 Linear |R| = [33m4.087963e+01[39m
    122 Linear |R| = [33m3.984678e+01[39m
    123 Linear |R| = [33m3.883378e+01[39m
    124 Linear |R| = [33m3.806156e+01[39m
    125 Linear |R| = [33m3.737746e+01[39m
    126 Linear |R| = [33m3.686878e+01[39m
    127 Linear |R| = [33m3.632431e+01[39m
    128 Linear |R| = [33m3.598047e+01[39m
    129 Linear |R| = [33m3.563118e+01[39m
    130 Linear |R| = [33m3.539394e+01[39m
    131 Linear |R| = [33m3.526600e+01[39m
    132 Linear |R| = [33m3.520465e+01[39m
    133 Linear |R| = [33m3.515498e+01[39m
    134 Linear |R| = [33m3.507004e+01[39m
    135 Linear |R| = [33m3.502504e+01[39m
    136 Linear |R| = [33m3.501936e+01[39m
    137 Linear |R| = [33m3.501885e+01[39m
    138 Linear |R| = [33m3.501190e+01[39m
    139 Linear |R| = [33m3.500003e+01[39m
    140 Linear |R| = [33m3.498688e+01[39m
    141 Linear |R| = [33m3.495048e+01[39m
    142 Linear |R| = [33m3.489948e+01[39m
    143 Linear |R| = [33m3.480463e+01[39m
    144 Linear |R| = [33m3.460104e+01[39m
    145 Linear |R| = [33m3.444512e+01[39m
    146 Linear |R| = [33m3.426423e+01[39m
    147 Linear |R| = [33m3.404127e+01[39m
    148 Linear |R| = [33m3.369759e+01[39m
    149 Linear |R| = [33m3.333214e+01[39m
    150 Linear |R| = [33m3.267238e+01[39m
    151 Linear |R| = [33m3.229233e+01[39m
    152 Linear |R| = [33m3.202471e+01[39m
    153 Linear |R| = [33m3.173329e+01[39m
    154 Linear |R| = [33m3.142686e+01[39m
    155 Linear |R| = [33m3.128706e+01[39m
    156 Linear |R| = [33m3.119930e+01[39m
    157 Linear |R| = [33m3.110887e+01[39m
    158 Linear |R| = [33m3.102592e+01[39m
    159 Linear |R| = [33m3.099847e+01[39m
    160 Linear |R| = [33m3.098562e+01[39m
    161 Linear |R| = [33m3.098394e+01[39m
    162 Linear |R| = [33m3.098392e+01[39m
    163 Linear |R| = [33m3.096353e+01[39m
    164 Linear |R| = [33m3.092279e+01[39m
    165 Linear |R| = [33m3.088435e+01[39m
    166 Linear |R| = [33m3.087936e+01[39m
    167 Linear |R| = [33m3.087314e+01[39m
    168 Linear |R| = [33m3.076739e+01[39m
    169 Linear |R| = [33m3.067327e+01[39m
    170 Linear |R| = [33m3.065950e+01[39m
    171 Linear |R| = [33m3.063207e+01[39m
    172 Linear |R| = [33m3.045821e+01[39m
    173 Linear |R| = [33m3.022497e+01[39m
    174 Linear |R| = [33m2.999030e+01[39m
    175 Linear |R| = [33m2.941964e+01[39m
    176 Linear |R| = [33m2.883573e+01[39m
    177 Linear |R| = [33m2.833686e+01[39m
    178 Linear |R| = [33m2.779806e+01[39m
    179 Linear |R| = [33m2.675866e+01[39m
    180 Linear |R| = [32m2.524921e+01[39m
    181 Linear |R| = [33m2.441937e+01[39m
    182 Linear |R| = [33m2.383073e+01[39m
    183 Linear |R| = [33m2.313747e+01[39m
    184 Linear |R| = [33m2.255459e+01[39m
    185 Linear |R| = [33m2.214871e+01[39m
    186 Linear |R| = [33m2.188211e+01[39m
    187 Linear |R| = [33m2.164948e+01[39m
    188 Linear |R| = [33m2.151600e+01[39m
    189 Linear |R| = [33m2.138628e+01[39m
    190 Linear |R| = [33m2.129508e+01[39m
    191 Linear |R| = [33m2.123827e+01[39m
    192 Linear |R| = [33m2.121975e+01[39m
    193 Linear |R| = [33m2.121466e+01[39m
    194 Linear |R| = [33m2.120356e+01[39m
    195 Linear |R| = [33m2.120312e+01[39m
    196 Linear |R| = [33m2.120311e+01[39m
    197 Linear |R| = [33m2.118997e+01[39m
    198 Linear |R| = [33m2.116143e+01[39m
    199 Linear |R| = [33m2.112259e+01[39m
    200 Linear |R| = [33m2.108612e+01[39m
    201 Linear |R| = [33m2.103704e+01[39m
    202 Linear |R| = [33m2.097264e+01[39m
    203 Linear |R| = [33m2.085506e+01[39m
    204 Linear |R| = [33m2.068823e+01[39m
    205 Linear |R| = [33m2.059129e+01[39m
    206 Linear |R| = [33m2.046526e+01[39m
    207 Linear |R| = [33m2.028872e+01[39m
    208 Linear |R| = [33m2.003129e+01[39m
    209 Linear |R| = [33m1.986333e+01[39m
    210 Linear |R| = [33m1.954001e+01[39m
    211 Linear |R| = [33m1.934630e+01[39m
    212 Linear |R| = [33m1.920576e+01[39m
    213 Linear |R| = [33m1.896196e+01[39m
    214 Linear |R| = [33m1.877049e+01[39m
    215 Linear |R| = [33m1.866769e+01[39m
    216 Linear |R| = [33m1.859416e+01[39m
    217 Linear |R| = [33m1.850460e+01[39m
    218 Linear |R| = [33m1.845515e+01[39m
    219 Linear |R| = [33m1.843797e+01[39m
    220 Linear |R| = [33m1.840088e+01[39m
    221 Linear |R| = [33m1.838527e+01[39m
    222 Linear |R| = [33m1.838251e+01[39m
    223 Linear |R| = [33m1.836853e+01[39m
    224 Linear |R| = [33m1.836852e+01[39m
    225 Linear |R| = [33m1.836848e+01[39m
    226 Linear |R| = [33m1.836090e+01[39m
    227 Linear |R| = [33m1.834432e+01[39m
    228 Linear |R| = [33m1.833528e+01[39m
    229 Linear |R| = [33m1.832346e+01[39m
    230 Linear |R| = [33m1.829401e+01[39m
    231 Linear |R| = [33m1.824016e+01[39m
    232 Linear |R| = [33m1.814902e+01[39m
    233 Linear |R| = [33m1.803671e+01[39m
    234 Linear |R| = [33m1.793216e+01[39m
    235 Linear |R| = [33m1.763472e+01[39m
    236 Linear |R| = [33m1.722117e+01[39m
    237 Linear |R| = [33m1.687456e+01[39m
    238 Linear |R| = [33m1.642966e+01[39m
    239 Linear |R| = [33m1.582710e+01[39m
    240 Linear |R| = [32m1.496245e+01[39m
    241 Linear |R| = [33m1.443931e+01[39m
    242 Linear |R| = [33m1.403056e+01[39m
    243 Linear |R| = [33m1.356742e+01[39m
    244 Linear |R| = [33m1.320559e+01[39m
    245 Linear |R| = [33m1.288745e+01[39m
    246 Linear |R| = [33m1.271926e+01[39m
    247 Linear |R| = [33m1.260024e+01[39m
    248 Linear |R| = [33m1.253088e+01[39m
    249 Linear |R| = [33m1.249500e+01[39m
    250 Linear |R| = [33m1.246035e+01[39m
    251 Linear |R| = [33m1.243691e+01[39m
    252 Linear |R| = [33m1.242352e+01[39m
    253 Linear |R| = [33m1.242248e+01[39m
    254 Linear |R| = [33m1.242246e+01[39m
    255 Linear |R| = [33m1.242093e+01[39m
    256 Linear |R| = [33m1.242026e+01[39m
    257 Linear |R| = [33m1.241578e+01[39m
    258 Linear |R| = [33m1.239370e+01[39m
    259 Linear |R| = [33m1.234653e+01[39m
    260 Linear |R| = [33m1.231070e+01[39m
    261 Linear |R| = [33m1.228430e+01[39m
    262 Linear |R| = [33m1.225278e+01[39m
    263 Linear |R| = [33m1.218137e+01[39m
    264 Linear |R| = [33m1.204175e+01[39m
    265 Linear |R| = [33m1.193118e+01[39m
    266 Linear |R| = [33m1.187361e+01[39m
    267 Linear |R| = [33m1.180511e+01[39m
    268 Linear |R| = [33m1.169328e+01[39m
    269 Linear |R| = [33m1.152542e+01[39m
    270 Linear |R| = [33m1.131138e+01[39m
    271 Linear |R| = [33m1.121483e+01[39m
    272 Linear |R| = [33m1.113915e+01[39m
    273 Linear |R| = [33m1.099810e+01[39m
    274 Linear |R| = [33m1.087612e+01[39m
    275 Linear |R| = [33m1.079266e+01[39m
    276 Linear |R| = [33m1.074775e+01[39m
    277 Linear |R| = [33m1.069305e+01[39m
    278 Linear |R| = [33m1.064539e+01[39m
    279 Linear |R| = [33m1.062729e+01[39m
    280 Linear |R| = [33m1.061726e+01[39m
    281 Linear |R| = [33m1.061447e+01[39m
    282 Linear |R| = [33m1.061391e+01[39m
    283 Linear |R| = [33m1.061390e+01[39m
    284 Linear |R| = [33m1.061388e+01[39m
    285 Linear |R| = [33m1.061298e+01[39m
    286 Linear |R| = [33m1.061276e+01[39m
    287 Linear |R| = [33m1.061210e+01[39m
    288 Linear |R| = [33m1.059005e+01[39m
    289 Linear |R| = [33m1.057359e+01[39m
    290 Linear |R| = [33m1.056922e+01[39m
    291 Linear |R| = [33m1.055867e+01[39m
    292 Linear |R| = [33m1.049967e+01[39m
    293 Linear |R| = [33m1.038891e+01[39m
    294 Linear |R| = [33m1.032613e+01[39m
    295 Linear |R| = [33m1.020068e+01[39m
    296 Linear |R| = [33m9.968532e+00[39m
    297 Linear |R| = [33m9.611876e+00[39m
    298 Linear |R| = [33m9.305051e+00[39m
    299 Linear |R| = [33m9.017231e+00[39m
    300 Linear |R| = [33m8.590417e+00[39m
    301 Linear |R| = [33m8.290261e+00[39m
    302 Linear |R| = [33m8.040523e+00[39m
    303 Linear |R| = [33m7.760319e+00[39m
    304 Linear |R| = [33m7.437606e+00[39m
    305 Linear |R| = [33m7.259716e+00[39m
    306 Linear |R| = [33m7.192405e+00[39m
    307 Linear |R| = [33m7.141579e+00[39m
    308 Linear |R| = [33m7.109942e+00[39m
    309 Linear |R| = [33m7.086323e+00[39m
    310 Linear |R| = [33m7.069817e+00[39m
    311 Linear |R| = [33m7.060205e+00[39m
    312 Linear |R| = [33m7.059681e+00[39m
    313 Linear |R| = [33m7.059579e+00[39m
    314 Linear |R| = [33m7.059472e+00[39m
    315 Linear |R| = [33m7.058125e+00[39m
    316 Linear |R| = [33m7.057139e+00[39m
    317 Linear |R| = [33m7.050741e+00[39m
    318 Linear |R| = [33m7.036802e+00[39m
    319 Linear |R| = [33m7.008716e+00[39m
    320 Linear |R| = [33m6.989760e+00[39m
    321 Linear |R| = [33m6.977803e+00[39m
    322 Linear |R| = [33m6.938896e+00[39m
    323 Linear |R| = [33m6.889285e+00[39m
    324 Linear |R| = [33m6.801935e+00[39m
    325 Linear |R| = [33m6.739481e+00[39m
    326 Linear |R| = [33m6.703049e+00[39m
    327 Linear |R| = [33m6.651198e+00[39m
    328 Linear |R| = [33m6.543966e+00[39m
    329 Linear |R| = [33m6.463386e+00[39m
    330 Linear |R| = [33m6.325088e+00[39m
    331 Linear |R| = [33m6.240125e+00[39m
    332 Linear |R| = [33m6.177693e+00[39m
    333 Linear |R| = [33m6.097740e+00[39m
    334 Linear |R| = [33m6.039479e+00[39m
    335 Linear |R| = [33m5.976742e+00[39m
    336 Linear |R| = [33m5.925560e+00[39m
    337 Linear |R| = [33m5.886447e+00[39m
    338 Linear |R| = [33m5.873208e+00[39m
    339 Linear |R| = [33m5.863804e+00[39m
    340 Linear |R| = [33m5.850950e+00[39m
    341 Linear |R| = [33m5.843453e+00[39m
    342 Linear |R| = [33m5.843446e+00[39m
    343 Linear |R| = [33m5.842976e+00[39m
    344 Linear |R| = [33m5.841926e+00[39m
    345 Linear |R| = [33m5.841603e+00[39m
    346 Linear |R| = [33m5.840354e+00[39m
    347 Linear |R| = [33m5.838609e+00[39m
    348 Linear |R| = [33m5.835623e+00[39m
    349 Linear |R| = [33m5.832442e+00[39m
    350 Linear |R| = [33m5.825685e+00[39m
    351 Linear |R| = [33m5.812838e+00[39m
    352 Linear |R| = [33m5.785713e+00[39m
    353 Linear |R| = [33m5.742316e+00[39m
    354 Linear |R| = [33m5.698499e+00[39m
    355 Linear |R| = [33m5.626314e+00[39m
    356 Linear |R| = [33m5.479491e+00[39m
    357 Linear |R| = [33m5.269861e+00[39m
    358 Linear |R| = [33m5.050798e+00[39m
    359 Linear |R| = [33m4.821301e+00[39m
    360 Linear |R| = [33m4.603629e+00[39m
    361 Linear |R| = [33m4.474214e+00[39m
    362 Linear |R| = [33m4.320193e+00[39m
    363 Linear |R| = [33m4.115356e+00[39m
    364 Linear |R| = [33m3.915118e+00[39m
    365 Linear |R| = [33m3.796661e+00[39m
    366 Linear |R| = [33m3.767258e+00[39m
    367 Linear |R| = [33m3.741766e+00[39m
    368 Linear |R| = [33m3.726692e+00[39m
    369 Linear |R| = [33m3.714543e+00[39m
    370 Linear |R| = [33m3.709064e+00[39m
    371 Linear |R| = [33m3.707799e+00[39m
    372 Linear |R| = [33m3.707793e+00[39m
    373 Linear |R| = [33m3.707787e+00[39m
    374 Linear |R| = [33m3.707734e+00[39m
    375 Linear |R| = [33m3.707080e+00[39m
    376 Linear |R| = [33m3.705460e+00[39m
    377 Linear |R| = [33m3.699094e+00[39m
    378 Linear |R| = [33m3.688420e+00[39m
    379 Linear |R| = [33m3.679791e+00[39m
    380 Linear |R| = [33m3.673598e+00[39m
    381 Linear |R| = [33m3.662953e+00[39m
    382 Linear |R| = [33m3.629459e+00[39m
    383 Linear |R| = [33m3.604622e+00[39m
    384 Linear |R| = [33m3.569900e+00[39m
    385 Linear |R| = [33m3.520022e+00[39m
    386 Linear |R| = [33m3.496528e+00[39m
    387 Linear |R| = [33m3.449024e+00[39m
    388 Linear |R| = [33m3.397073e+00[39m
    389 Linear |R| = [33m3.350776e+00[39m
    390 Linear |R| = [33m3.268338e+00[39m
    391 Linear |R| = [33m3.209859e+00[39m
    392 Linear |R| = [33m3.162525e+00[39m
    393 Linear |R| = [33m3.108579e+00[39m
    394 Linear |R| = [33m3.078117e+00[39m
    395 Linear |R| = [33m3.057789e+00[39m
    396 Linear |R| = [33m3.028279e+00[39m
    397 Linear |R| = [33m2.994093e+00[39m
    398 Linear |R| = [33m2.981001e+00[39m
    399 Linear |R| = [33m2.977883e+00[39m
    400 Linear |R| = [33m2.974193e+00[39m
    401 Linear |R| = [33m2.969851e+00[39m
    402 Linear |R| = [33m2.968725e+00[39m
    403 Linear |R| = [33m2.968722e+00[39m
    404 Linear |R| = [33m2.968712e+00[39m
    405 Linear |R| = [33m2.968623e+00[39m
    406 Linear |R| = [33m2.968621e+00[39m
    407 Linear |R| = [33m2.968521e+00[39m
    408 Linear |R| = [33m2.967008e+00[39m
    409 Linear |R| = [33m2.962887e+00[39m
    410 Linear |R| = [33m2.958058e+00[39m
    411 Linear |R| = [33m2.951547e+00[39m
    412 Linear |R| = [33m2.942886e+00[39m
    413 Linear |R| = [33m2.921960e+00[39m
    414 Linear |R| = [33m2.901578e+00[39m
    415 Linear |R| = [33m2.848330e+00[39m
    416 Linear |R| = [33m2.761083e+00[39m
    417 Linear |R| = [33m2.624817e+00[39m
    418 Linear |R| = [32m2.482754e+00[39m
    419 Linear |R| = [33m2.372061e+00[39m
    420 Linear |R| = [32m2.229488e+00[39m
    421 Linear |R| = [33m2.141098e+00[39m
    422 Linear |R| = [33m2.050080e+00[39m
    423 Linear |R| = [33m1.949147e+00[39m
    424 Linear |R| = [32m1.829832e+00[39m
    425 Linear |R| = [33m1.769157e+00[39m
    426 Linear |R| = [33m1.744483e+00[39m
    427 Linear |R| = [33m1.734372e+00[39m
    428 Linear |R| = [33m1.728340e+00[39m
    429 Linear |R| = [33m1.723760e+00[39m
    430 Linear |R| = [33m1.720924e+00[39m
    431 Linear |R| = [33m1.719727e+00[39m
    432 Linear |R| = [33m1.719639e+00[39m
    433 Linear |R| = [33m1.719208e+00[39m
    434 Linear |R| = [33m1.719196e+00[39m
    435 Linear |R| = [33m1.719019e+00[39m
    436 Linear |R| = [33m1.717413e+00[39m
    437 Linear |R| = [33m1.715032e+00[39m
    438 Linear |R| = [33m1.711234e+00[39m
    439 Linear |R| = [33m1.706855e+00[39m
    440 Linear |R| = [33m1.702532e+00[39m
    441 Linear |R| = [33m1.696814e+00[39m
    442 Linear |R| = [33m1.686749e+00[39m
    443 Linear |R| = [33m1.671561e+00[39m
    444 Linear |R| = [33m1.652749e+00[39m
    445 Linear |R| = [33m1.628038e+00[39m
    446 Linear |R| = [33m1.612857e+00[39m
    447 Linear |R| = [33m1.597051e+00[39m
    448 Linear |R| = [33m1.568070e+00[39m
    449 Linear |R| = [33m1.528554e+00[39m
    450 Linear |R| = [33m1.499897e+00[39m
    451 Linear |R| = [33m1.478273e+00[39m
    452 Linear |R| = [33m1.453284e+00[39m
    453 Linear |R| = [33m1.425573e+00[39m
    454 Linear |R| = [33m1.409633e+00[39m
    455 Linear |R| = [33m1.394763e+00[39m
    456 Linear |R| = [33m1.378046e+00[39m
    457 Linear |R| = [33m1.362907e+00[39m
    458 Linear |R| = [33m1.358822e+00[39m
    459 Linear |R| = [33m1.356133e+00[39m
    460 Linear |R| = [33m1.353369e+00[39m
    461 Linear |R| = [33m1.351204e+00[39m
    462 Linear |R| = [33m1.351085e+00[39m
    463 Linear |R| = [33m1.351052e+00[39m
    464 Linear |R| = [33m1.350820e+00[39m
    465 Linear |R| = [33m1.350411e+00[39m
    466 Linear |R| = [33m1.350407e+00[39m
    467 Linear |R| = [33m1.350282e+00[39m
    468 Linear |R| = [33m1.349856e+00[39m
    469 Linear |R| = [33m1.349462e+00[39m
    470 Linear |R| = [33m1.347796e+00[39m
    471 Linear |R| = [33m1.344417e+00[39m
    472 Linear |R| = [33m1.337946e+00[39m
    473 Linear |R| = [33m1.330555e+00[39m
    474 Linear |R| = [33m1.324436e+00[39m
    475 Linear |R| = [33m1.307722e+00[39m
    476 Linear |R| = [33m1.272477e+00[39m
    477 Linear |R| = [33m1.224067e+00[39m
    478 Linear |R| = [33m1.175178e+00[39m
    479 Linear |R| = [33m1.140444e+00[39m
    480 Linear |R| = [32m1.076585e+00[39m
    481 Linear |R| = [33m1.031811e+00[39m
    482 Linear |R| = [33m9.937819e-01[39m
    483 Linear |R| = [33m9.553491e-01[39m
    484 Linear |R| = [33m9.233242e-01[39m
    485 Linear |R| = [33m9.014658e-01[39m
    486 Linear |R| = [33m8.901312e-01[39m
    487 Linear |R| = [33m8.841980e-01[39m
    488 Linear |R| = [33m8.810673e-01[39m
    489 Linear |R| = [33m8.801300e-01[39m
    490 Linear |R| = [33m8.794395e-01[39m
    491 Linear |R| = [33m8.790889e-01[39m
    492 Linear |R| = [33m8.786751e-01[39m
    493 Linear |R| = [33m8.785378e-01[39m
    494 Linear |R| = [33m8.785099e-01[39m
    495 Linear |R| = [33m8.784137e-01[39m
    496 Linear |R| = [33m8.783505e-01[39m
    497 Linear |R| = [33m8.783042e-01[39m
    498 Linear |R| = [33m8.776048e-01[39m
    499 Linear |R| = [33m8.757640e-01[39m
    500 Linear |R| = [33m8.736008e-01[39m
    501 Linear |R| = [33m8.708103e-01[39m
    502 Linear |R| = [33m8.665747e-01[39m
    503 Linear |R| = [33m8.601185e-01[39m
    504 Linear |R| = [33m8.475251e-01[39m
    505 Linear |R| = [33m8.213065e-01[39m
    506 Linear |R| = [33m7.978672e-01[39m
    507 Linear |R| = [33m7.832620e-01[39m
    508 Linear |R| = [33m7.692575e-01[39m
    509 Linear |R| = [33m7.402749e-01[39m
    510 Linear |R| = [33m7.119706e-01[39m
    511 Linear |R| = [33m6.996245e-01[39m
    512 Linear |R| = [33m6.790006e-01[39m
    513 Linear |R| = [33m6.548684e-01[39m
    514 Linear |R| = [33m6.441870e-01[39m
    515 Linear |R| = [33m6.301661e-01[39m
    516 Linear |R| = [33m6.151004e-01[39m
    517 Linear |R| = [33m6.060594e-01[39m
    518 Linear |R| = [33m6.026175e-01[39m
    519 Linear |R| = [33m6.007685e-01[39m
    520 Linear |R| = [33m5.997408e-01[39m
    521 Linear |R| = [33m5.989993e-01[39m
    522 Linear |R| = [33m5.989354e-01[39m
    523 Linear |R| = [33m5.989345e-01[39m
    524 Linear |R| = [33m5.989323e-01[39m
    525 Linear |R| = [33m5.989222e-01[39m
    526 Linear |R| = [33m5.989203e-01[39m
    527 Linear |R| = [33m5.988792e-01[39m
    528 Linear |R| = [33m5.983210e-01[39m
    529 Linear |R| = [33m5.977334e-01[39m
    530 Linear |R| = [33m5.967474e-01[39m
    531 Linear |R| = [33m5.947450e-01[39m
    532 Linear |R| = [33m5.920122e-01[39m
    533 Linear |R| = [33m5.900262e-01[39m
    534 Linear |R| = [33m5.879295e-01[39m
    535 Linear |R| = [33m5.841035e-01[39m
    536 Linear |R| = [33m5.775265e-01[39m
    537 Linear |R| = [33m5.668204e-01[39m
    538 Linear |R| = [33m5.558239e-01[39m
    539 Linear |R| = [33m5.423718e-01[39m
    540 Linear |R| = [33m5.188244e-01[39m
    541 Linear |R| = [33m5.018349e-01[39m
    542 Linear |R| = [33m4.893401e-01[39m
    543 Linear |R| = [33m4.797477e-01[39m
    544 Linear |R| = [33m4.718357e-01[39m
    545 Linear |R| = [33m4.663137e-01[39m
    546 Linear |R| = [33m4.631475e-01[39m
    547 Linear |R| = [33m4.606189e-01[39m
    548 Linear |R| = [33m4.597391e-01[39m
    549 Linear |R| = [33m4.594401e-01[39m
    550 Linear |R| = [33m4.587307e-01[39m
    551 Linear |R| = [33m4.581929e-01[39m
    552 Linear |R| = [33m4.578720e-01[39m
    553 Linear |R| = [33m4.577970e-01[39m
    554 Linear |R| = [33m4.573839e-01[39m
    555 Linear |R| = [33m4.572293e-01[39m
    556 Linear |R| = [33m4.572246e-01[39m
    557 Linear |R| = [33m4.571282e-01[39m
    558 Linear |R| = [33m4.569021e-01[39m
    559 Linear |R| = [33m4.564460e-01[39m
    560 Linear |R| = [33m4.555378e-01[39m
    561 Linear |R| = [33m4.542012e-01[39m
    562 Linear |R| = [33m4.526696e-01[39m
    563 Linear |R| = [33m4.481125e-01[39m
    564 Linear |R| = [33m4.370338e-01[39m
    565 Linear |R| = [32m4.087190e-01[39m
    566 Linear |R| = [32m3.804503e-01[39m
    567 Linear |R| = [32m3.575451e-01[39m
    568 Linear |R| = [32m3.221126e-01[39m
    569 Linear |R| = [32m2.987634e-01[39m
    570 Linear |R| = [32m2.811701e-01[39m
    571 Linear |R| = [33m2.722408e-01[39m
    572 Linear |R| = [32m2.574013e-01[39m
    573 Linear |R| = [32m2.352391e-01[39m
    574 Linear |R| = [32m2.192944e-01[39m
    575 Linear |R| = [32m2.059798e-01[39m
    576 Linear |R| = [33m1.957557e-01[39m
    577 Linear |R| = [33m1.908706e-01[39m
    578 Linear |R| = [33m1.883606e-01[39m
    579 Linear |R| = [33m1.869643e-01[39m
    580 Linear |R| = [33m1.862757e-01[39m
    581 Linear |R| = [33m1.858857e-01[39m
    582 Linear |R| = [33m1.858243e-01[39m
    583 Linear |R| = [33m1.858163e-01[39m
    584 Linear |R| = [33m1.858160e-01[39m
    585 Linear |R| = [33m1.857947e-01[39m
    586 Linear |R| = [33m1.857540e-01[39m
    587 Linear |R| = [33m1.855620e-01[39m
    588 Linear |R| = [33m1.849642e-01[39m
    589 Linear |R| = [33m1.842463e-01[39m
    590 Linear |R| = [33m1.833832e-01[39m
    591 Linear |R| = [33m1.818931e-01[39m
    592 Linear |R| = [33m1.807537e-01[39m
    593 Linear |R| = [33m1.803276e-01[39m
    594 Linear |R| = [33m1.799156e-01[39m
    595 Linear |R| = [33m1.793264e-01[39m
    596 Linear |R| = [33m1.785867e-01[39m
    597 Linear |R| = [33m1.772968e-01[39m
    598 Linear |R| = [33m1.758863e-01[39m
    599 Linear |R| = [33m1.735456e-01[39m
    600 Linear |R| = [33m1.691877e-01[39m
    601 Linear |R| = [33m1.663406e-01[39m
    602 Linear |R| = [33m1.643674e-01[39m
    603 Linear |R| = [33m1.630616e-01[39m
    604 Linear |R| = [33m1.620898e-01[39m
    605 Linear |R| = [33m1.611634e-01[39m
    606 Linear |R| = [33m1.605612e-01[39m
    607 Linear |R| = [33m1.602246e-01[39m
    608 Linear |R| = [33m1.599456e-01[39m
    609 Linear |R| = [33m1.596268e-01[39m
    610 Linear |R| = [33m1.593175e-01[39m
    611 Linear |R| = [33m1.591229e-01[39m
    612 Linear |R| = [33m1.589921e-01[39m
    613 Linear |R| = [33m1.589111e-01[39m
    614 Linear |R| = [33m1.587630e-01[39m
    615 Linear |R| = [33m1.587350e-01[39m
    616 Linear |R| = [33m1.587092e-01[39m
    617 Linear |R| = [33m1.585455e-01[39m
    618 Linear |R| = [33m1.583395e-01[39m
    619 Linear |R| = [33m1.581031e-01[39m
    620 Linear |R| = [33m1.576780e-01[39m
    621 Linear |R| = [33m1.565999e-01[39m
    622 Linear |R| = [33m1.548296e-01[39m
    623 Linear |R| = [33m1.519200e-01[39m
    624 Linear |R| = [33m1.462754e-01[39m
    625 Linear |R| = [32m1.364415e-01[39m
    626 Linear |R| = [32m1.241596e-01[39m
    627 Linear |R| = [32m1.092977e-01[39m
    628 Linear |R| = [32m9.464286e-02[39m
    629 Linear |R| = [32m8.157779e-02[39m
    630 Linear |R| = [32m7.587082e-02[39m
    631 Linear |R| = [33m7.290098e-02[39m
    632 Linear |R| = [32m6.690475e-02[39m
    633 Linear |R| = [32m6.016002e-02[39m
    634 Linear |R| = [32m5.330980e-02[39m
    635 Linear |R| = [32m4.714911e-02[39m
    636 Linear |R| = [32m4.440964e-02[39m
    637 Linear |R| = [33m4.255418e-02[39m
    638 Linear |R| = [33m4.153549e-02[39m
    639 Linear |R| = [33m4.090081e-02[39m
    640 Linear |R| = [33m4.050661e-02[39m
    641 Linear |R| = [33m4.034068e-02[39m
    642 Linear |R| = [33m4.029618e-02[39m
    643 Linear |R| = [33m4.027456e-02[39m
    644 Linear |R| = [33m4.026266e-02[39m
    645 Linear |R| = [33m4.026224e-02[39m
    646 Linear |R| = [33m4.025595e-02[39m
    647 Linear |R| = [33m4.023235e-02[39m
    648 Linear |R| = [33m4.008421e-02[39m
    649 Linear |R| = [33m3.994503e-02[39m
    650 Linear |R| = [33m3.977636e-02[39m
    651 Linear |R| = [33m3.945749e-02[39m
    652 Linear |R| = [33m3.917028e-02[39m
    653 Linear |R| = [33m3.903397e-02[39m
    654 Linear |R| = [33m3.891657e-02[39m
    655 Linear |R| = [33m3.876889e-02[39m
    656 Linear |R| = [33m3.861901e-02[39m
    657 Linear |R| = [33m3.840544e-02[39m
    658 Linear |R| = [33m3.823289e-02[39m
    659 Linear |R| = [33m3.793368e-02[39m
    660 Linear |R| = [33m3.732283e-02[39m
    661 Linear |R| = [33m3.690015e-02[39m
    662 Linear |R| = [33m3.662058e-02[39m
    663 Linear |R| = [33m3.639138e-02[39m
    664 Linear |R| = [33m3.622722e-02[39m
    665 Linear |R| = [33m3.608310e-02[39m
    666 Linear |R| = [33m3.594638e-02[39m
    667 Linear |R| = [33m3.582306e-02[39m
    668 Linear |R| = [33m3.573561e-02[39m
    669 Linear |R| = [33m3.569901e-02[39m
    670 Linear |R| = [33m3.566793e-02[39m
    671 Linear |R| = [33m3.562648e-02[39m
    672 Linear |R| = [33m3.556932e-02[39m
    673 Linear |R| = [33m3.553081e-02[39m
    674 Linear |R| = [33m3.549752e-02[39m
    675 Linear |R| = [33m3.548984e-02[39m
    676 Linear |R| = [33m3.548836e-02[39m
    677 Linear |R| = [33m3.546864e-02[39m
    678 Linear |R| = [33m3.543717e-02[39m
    679 Linear |R| = [33m3.537900e-02[39m
    680 Linear |R| = [33m3.527792e-02[39m
    681 Linear |R| = [33m3.490357e-02[39m
    682 Linear |R| = [33m3.427803e-02[39m
    683 Linear |R| = [32m3.248386e-02[39m
    684 Linear |R| = [32m2.949621e-02[39m
    685 Linear |R| = [32m2.636431e-02[39m
    686 Linear |R| = [32m2.342407e-02[39m
    687 Linear |R| = [32m2.081849e-02[39m
    688 Linear |R| = [32m1.865532e-02[39m
    689 Linear |R| = [32m1.728064e-02[39m
    690 Linear |R| = [33m1.675901e-02[39m
    691 Linear |R| = [33m1.656675e-02[39m
    692 Linear |R| = [33m1.622631e-02[39m
    693 Linear |R| = [33m1.577284e-02[39m
    694 Linear |R| = [33m1.519772e-02[39m
    695 Linear |R| = [33m1.444645e-02[39m
    696 Linear |R| = [33m1.376429e-02[39m
    697 Linear |R| = [32m1.291491e-02[39m
    698 Linear |R| = [32m1.192081e-02[39m
    699 Linear |R| = [32m1.080660e-02[39m
    700 Linear |R| = [32m9.566891e-03[39m
    701 Linear |R| = [32m9.023461e-03[39m
    702 Linear |R| = [33m8.705094e-03[39m
    703 Linear |R| = [33m8.518173e-03[39m
    704 Linear |R| = [33m8.382095e-03[39m
    705 Linear |R| = [33m8.310565e-03[39m
    706 Linear |R| = [33m8.221918e-03[39m
    707 Linear |R| = [33m8.181492e-03[39m
    708 Linear |R| = [33m8.167292e-03[39m
    709 Linear |R| = [33m8.164149e-03[39m
    710 Linear |R| = [33m8.163073e-03[39m
    711 Linear |R| = [33m8.142114e-03[39m
    712 Linear |R| = [33m8.081796e-03[39m
    713 Linear |R| = [33m8.015479e-03[39m
    714 Linear |R| = [33m7.951055e-03[39m
    715 Linear |R| = [33m7.842143e-03[39m
    716 Linear |R| = [33m7.762979e-03[39m
    717 Linear |R| = [33m7.704795e-03[39m
    718 Linear |R| = [33m7.667215e-03[39m
    719 Linear |R| = [33m7.625506e-03[39m
    720 Linear |R| = [33m7.598270e-03[39m
    721 Linear |R| = [33m7.587984e-03[39m
    722 Linear |R| = [33m7.580611e-03[39m
    723 Linear |R| = [33m7.553846e-03[39m
    724 Linear |R| = [33m7.531614e-03[39m
    725 Linear |R| = [33m7.507870e-03[39m
    726 Linear |R| = [33m7.488399e-03[39m
    727 Linear |R| = [33m7.465957e-03[39m
    728 Linear |R| = [33m7.450263e-03[39m
    729 Linear |R| = [33m7.439436e-03[39m
    730 Linear |R| = [33m7.424707e-03[39m
    731 Linear |R| = [33m7.417225e-03[39m
    732 Linear |R| = [33m7.414295e-03[39m
    733 Linear |R| = [33m7.413316e-03[39m
    734 Linear |R| = [33m7.413043e-03[39m
    735 Linear |R| = [33m7.409892e-03[39m
    736 Linear |R| = [33m7.406543e-03[39m
    737 Linear |R| = [33m7.394522e-03[39m
    738 Linear |R| = [33m7.362434e-03[39m
    739 Linear |R| = [33m7.319997e-03[39m
    740 Linear |R| = [33m7.227036e-03[39m
    741 Linear |R| = [33m7.107316e-03[39m
    742 Linear |R| = [33m6.977820e-03[39m
    743 Linear |R| = [33m6.799350e-03[39m
    744 Linear |R| = [33m6.498195e-03[39m
    745 Linear |R| = [33m6.243398e-03[39m
    746 Linear |R| = [33m6.011981e-03[39m
    747 Linear |R| = [32m5.655385e-03[39m
19 Nonlinear |R| = [33m6.000817e+02[39m
      0 Linear |R| = [32m6.000817e+02[39m
      1 Linear |R| = [32m5.250930e+02[39m
      2 Linear |R| = [32m3.919060e+02[39m
      3 Linear |R| = [32m2.976994e+02[39m
      4 Linear |R| = [32m2.409789e+02[39m
      5 Linear |R| = [32m2.230465e+02[39m
      6 Linear |R| = [33m2.159992e+02[39m
      7 Linear |R| = [33m2.101798e+02[39m
      8 Linear |R| = [33m2.072569e+02[39m
      9 Linear |R| = [33m2.058104e+02[39m
     10 Linear |R| = [33m2.051065e+02[39m
     11 Linear |R| = [33m2.049551e+02[39m
     12 Linear |R| = [33m2.047801e+02[39m
     13 Linear |R| = [33m2.044570e+02[39m
     14 Linear |R| = [33m2.041287e+02[39m
     15 Linear |R| = [33m2.033592e+02[39m
     16 Linear |R| = [33m2.026179e+02[39m
     17 Linear |R| = [33m2.024628e+02[39m
     18 Linear |R| = [33m2.024555e+02[39m
     19 Linear |R| = [33m2.024534e+02[39m
     20 Linear |R| = [33m2.024453e+02[39m
     21 Linear |R| = [33m2.023980e+02[39m
     22 Linear |R| = [33m2.021362e+02[39m
     23 Linear |R| = [33m2.015325e+02[39m
     24 Linear |R| = [33m2.004551e+02[39m
     25 Linear |R| = [33m1.997245e+02[39m
     26 Linear |R| = [33m1.992269e+02[39m
     27 Linear |R| = [33m1.988118e+02[39m
     28 Linear |R| = [33m1.984694e+02[39m
     29 Linear |R| = [33m1.982697e+02[39m
     30 Linear |R| = [31m1.985312e+02[39m
     31 Linear |R| = [33m1.985006e+02[39m
     32 Linear |R| = [33m1.985001e+02[39m
     33 Linear |R| = [33m1.984971e+02[39m
     34 Linear |R| = [33m1.984937e+02[39m
     35 Linear |R| = [33m1.984758e+02[39m
     36 Linear |R| = [33m1.984083e+02[39m
     37 Linear |R| = [33m1.982466e+02[39m
     38 Linear |R| = [33m1.979494e+02[39m
     39 Linear |R| = [33m1.974344e+02[39m
     40 Linear |R| = [33m1.966167e+02[39m
     41 Linear |R| = [33m1.956442e+02[39m
     42 Linear |R| = [33m1.945221e+02[39m
     43 Linear |R| = [33m1.928662e+02[39m
     44 Linear |R| = [33m1.903187e+02[39m
     45 Linear |R| = [33m1.874962e+02[39m
     46 Linear |R| = [33m1.855615e+02[39m
     47 Linear |R| = [33m1.847442e+02[39m
     48 Linear |R| = [33m1.845191e+02[39m
     49 Linear |R| = [33m1.844696e+02[39m
     50 Linear |R| = [33m1.844471e+02[39m
     51 Linear |R| = [33m1.842549e+02[39m
     52 Linear |R| = [33m1.836923e+02[39m
     53 Linear |R| = [33m1.828980e+02[39m
     54 Linear |R| = [33m1.817969e+02[39m
     55 Linear |R| = [33m1.796254e+02[39m
     56 Linear |R| = [33m1.761359e+02[39m
     57 Linear |R| = [33m1.708940e+02[39m
     58 Linear |R| = [32m1.616626e+02[39m
     59 Linear |R| = [32m1.470589e+02[39m
    Linear solve did not converge due to DIVERGED_BREAKDOWN iterations 60
20 Nonlinear |R| = [33m6.000739e+02[39m
      0 Linear |R| = [32m6.000739e+02[39m
      1 Linear |R| = [32m5.251109e+02[39m
      2 Linear |R| = [32m3.919360e+02[39m
      3 Linear |R| = [32m2.969913e+02[39m
      4 Linear |R| = [32m2.401875e+02[39m
      5 Linear |R| = [32m2.218918e+02[39m
      6 Linear |R| = [33m2.146430e+02[39m
      7 Linear |R| = [33m2.085878e+02[39m
      8 Linear |R| = [33m2.054618e+02[39m
      9 Linear |R| = [33m2.038350e+02[39m
     10 Linear |R| = [33m2.029191e+02[39m
     11 Linear |R| = [33m2.025908e+02[39m
     12 Linear |R| = [33m2.021910e+02[39m
     13 Linear |R| = [33m2.015290e+02[39m
     14 Linear |R| = [33m2.006886e+02[39m
     15 Linear |R| = [33m1.990517e+02[39m
     16 Linear |R| = [33m1.975548e+02[39m
     17 Linear |R| = [33m1.969622e+02[39m
     18 Linear |R| = [33m1.966859e+02[39m
     19 Linear |R| = [33m1.964747e+02[39m
     20 Linear |R| = [33m1.959903e+02[39m
     21 Linear |R| = [33m1.956213e+02[39m
     22 Linear |R| = [33m1.953221e+02[39m
     23 Linear |R| = [33m1.951025e+02[39m
     24 Linear |R| = [33m1.948761e+02[39m
     25 Linear |R| = [33m1.941598e+02[39m
     26 Linear |R| = [33m1.934507e+02[39m
     27 Linear |R| = [33m1.931915e+02[39m
     28 Linear |R| = [33m1.931642e+02[39m
     29 Linear |R| = [33m1.931574e+02[39m
     30 Linear |R| = [31m1.937294e+02[39m
     31 Linear |R| = [33m1.936736e+02[39m
     32 Linear |R| = [33m1.936706e+02[39m
     33 Linear |R| = [33m1.936704e+02[39m
     34 Linear |R| = [33m1.936703e+02[39m
     35 Linear |R| = [33m1.936648e+02[39m
     36 Linear |R| = [33m1.936141e+02[39m
     37 Linear |R| = [33m1.934842e+02[39m
     38 Linear |R| = [33m1.933281e+02[39m
     39 Linear |R| = [33m1.932435e+02[39m
     40 Linear |R| = [33m1.932128e+02[39m
     41 Linear |R| = [33m1.931593e+02[39m
     42 Linear |R| = [33m1.929871e+02[39m
     43 Linear |R| = [33m1.927810e+02[39m
     44 Linear |R| = [33m1.925572e+02[39m
     45 Linear |R| = [33m1.923599e+02[39m
     46 Linear |R| = [33m1.922102e+02[39m
     47 Linear |R| = [33m1.920468e+02[39m
     48 Linear |R| = [33m1.917747e+02[39m
     49 Linear |R| = [33m1.913854e+02[39m
     50 Linear |R| = [33m1.911548e+02[39m
     51 Linear |R| = [33m1.910603e+02[39m
     52 Linear |R| = [33m1.909654e+02[39m
     53 Linear |R| = [33m1.907062e+02[39m
     54 Linear |R| = [33m1.900771e+02[39m
     55 Linear |R| = [33m1.891485e+02[39m
     56 Linear |R| = [33m1.880147e+02[39m
     57 Linear |R| = [33m1.862494e+02[39m
     58 Linear |R| = [33m1.834398e+02[39m
     59 Linear |R| = [33m1.798226e+02[39m
    Linear solve did not converge due to DIVERGED_BREAKDOWN iterations 60
21 Nonlinear |R| = [33m5.999811e+02[39m
      0 Linear |R| = [32m5.999811e+02[39m
      1 Linear |R| = [32m5.246866e+02[39m
      2 Linear |R| = [32m3.911716e+02[39m
      3 Linear |R| = [32m3.010200e+02[39m
      4 Linear |R| = [32m2.437956e+02[39m
      5 Linear |R| = [32m2.268358e+02[39m
      6 Linear |R| = [33m2.209021e+02[39m
      7 Linear |R| = [33m2.162518e+02[39m
      8 Linear |R| = [33m2.141297e+02[39m
      9 Linear |R| = [33m2.132207e+02[39m
     10 Linear |R| = [33m2.131062e+02[39m
     11 Linear |R| = [33m2.128973e+02[39m
     12 Linear |R| = [33m2.126230e+02[39m
     13 Linear |R| = [33m2.122909e+02[39m
     14 Linear |R| = [33m2.111463e+02[39m
     15 Linear |R| = [33m2.101330e+02[39m
     16 Linear |R| = [33m2.092789e+02[39m
     17 Linear |R| = [33m2.072341e+02[39m
     18 Linear |R| = [33m2.037375e+02[39m
     19 Linear |R| = [33m1.988743e+02[39m
     20 Linear |R| = [33m1.929311e+02[39m
     21 Linear |R| = [32m1.827255e+02[39m
     22 Linear |R| = [32m1.681842e+02[39m
     23 Linear |R| = [32m1.518489e+02[39m
     24 Linear |R| = [32m1.347793e+02[39m
     25 Linear |R| = [32m1.213777e+02[39m
     26 Linear |R| = [32m1.133554e+02[39m
     27 Linear |R| = [33m1.094916e+02[39m
     28 Linear |R| = [33m1.080773e+02[39m
     29 Linear |R| = [33m1.078123e+02[39m
     30 Linear |R| = [31m1.093623e+02[39m
     31 Linear |R| = [33m1.080871e+02[39m
     32 Linear |R| = [33m1.080869e+02[39m
     33 Linear |R| = [33m1.077284e+02[39m
     34 Linear |R| = [33m1.071875e+02[39m
     35 Linear |R| = [33m1.061312e+02[39m
     36 Linear |R| = [33m1.035755e+02[39m
     37 Linear |R| = [33m9.988822e+01[39m
     38 Linear |R| = [33m9.577857e+01[39m
     39 Linear |R| = [32m8.821550e+01[39m
     40 Linear |R| = [32m7.909122e+01[39m
     41 Linear |R| = [32m7.036616e+01[39m
     42 Linear |R| = [32m6.136016e+01[39m
     43 Linear |R| = [32m5.594788e+01[39m
     44 Linear |R| = [32m5.250485e+01[39m
     45 Linear |R| = [33m5.038208e+01[39m
     46 Linear |R| = [33m4.832367e+01[39m
     47 Linear |R| = [33m4.640881e+01[39m
     48 Linear |R| = [33m4.559900e+01[39m
     49 Linear |R| = [33m4.514758e+01[39m
     50 Linear |R| = [33m4.494767e+01[39m
     51 Linear |R| = [33m4.488803e+01[39m
     52 Linear |R| = [33m4.488731e+01[39m
     53 Linear |R| = [33m4.487623e+01[39m
     54 Linear |R| = [33m4.484126e+01[39m
     55 Linear |R| = [33m4.459803e+01[39m
     56 Linear |R| = [33m4.400207e+01[39m
     57 Linear |R| = [33m4.342793e+01[39m
     58 Linear |R| = [33m4.292777e+01[39m
     59 Linear |R| = [33m4.215991e+01[39m
    Linear solve did not converge due to DIVERGED_BREAKDOWN iterations 60
22 Nonlinear |R| = [33m5.993538e+02[39m
      0 Linear |R| = [32m5.993538e+02[39m
      1 Linear |R| = [32m5.241613e+02[39m
      2 Linear |R| = [32m3.920050e+02[39m
      3 Linear |R| = [32m2.954624e+02[39m
      4 Linear |R| = [32m2.387819e+02[39m
      5 Linear |R| = [32m2.197287e+02[39m
      6 Linear |R| = [33m2.121080e+02[39m
      7 Linear |R| = [33m2.057738e+02[39m
      8 Linear |R| = [33m2.023438e+02[39m
      9 Linear |R| = [33m2.004117e+02[39m
     10 Linear |R| = [33m1.990908e+02[39m
     11 Linear |R| = [33m1.982904e+02[39m
     12 Linear |R| = [33m1.972382e+02[39m
     13 Linear |R| = [33m1.956154e+02[39m
     14 Linear |R| = [33m1.931830e+02[39m
     15 Linear |R| = [33m1.890732e+02[39m
     16 Linear |R| = [33m1.853081e+02[39m
     17 Linear |R| = [33m1.828936e+02[39m
     18 Linear |R| = [33m1.808576e+02[39m
     19 Linear |R| = [33m1.787329e+02[39m
     20 Linear |R| = [33m1.752169e+02[39m
     21 Linear |R| = [33m1.703135e+02[39m
     22 Linear |R| = [33m1.637398e+02[39m
     23 Linear |R| = [33m1.561186e+02[39m
     24 Linear |R| = [32m1.459356e+02[39m
     25 Linear |R| = [32m1.321323e+02[39m
     26 Linear |R| = [32m1.208363e+02[39m
     27 Linear |R| = [33m1.150113e+02[39m
     28 Linear |R| = [33m1.124714e+02[39m
     29 Linear |R| = [33m1.115529e+02[39m
     30 Linear |R| = [31m1.116415e+02[39m
     31 Linear |R| = [33m1.114872e+02[39m
     32 Linear |R| = [33m1.114742e+02[39m
     33 Linear |R| = [33m1.113911e+02[39m
     34 Linear |R| = [33m1.112449e+02[39m
     35 Linear |R| = [33m1.108307e+02[39m
     36 Linear |R| = [33m1.094018e+02[39m
     37 Linear |R| = [33m1.069797e+02[39m
     38 Linear |R| = [33m1.046531e+02[39m
     39 Linear |R| = [33m1.016130e+02[39m
     40 Linear |R| = [33m9.762883e+01[39m
     41 Linear |R| = [33m9.285099e+01[39m
     42 Linear |R| = [32m8.587704e+01[39m
     43 Linear |R| = [32m8.109007e+01[39m
     44 Linear |R| = [33m7.853591e+01[39m
     45 Linear |R| = [33m7.695983e+01[39m
     46 Linear |R| = [33m7.558584e+01[39m
     47 Linear |R| = [33m7.422178e+01[39m
     48 Linear |R| = [33m7.326775e+01[39m
     49 Linear |R| = [33m7.261988e+01[39m
     50 Linear |R| = [33m7.232160e+01[39m
     51 Linear |R| = [33m7.201297e+01[39m
     52 Linear |R| = [33m7.159809e+01[39m
     53 Linear |R| = [33m7.080294e+01[39m
     54 Linear |R| = [33m6.948460e+01[39m
     55 Linear |R| = [33m6.798623e+01[39m
     56 Linear |R| = [33m6.683928e+01[39m
     57 Linear |R| = [33m6.591748e+01[39m
     58 Linear |R| = [33m6.478305e+01[39m
     59 Linear |R| = [33m6.248525e+01[39m
     60 Linear |R| = [33m6.136596e+01[39m
     61 Linear |R| = [32m5.693205e+01[39m
     62 Linear |R| = [33m5.573312e+01[39m
     63 Linear |R| = [33m5.435414e+01[39m
     64 Linear |R| = [33m5.299275e+01[39m
     65 Linear |R| = [33m5.190087e+01[39m
     66 Linear |R| = [33m5.096818e+01[39m
     67 Linear |R| = [33m4.990253e+01[39m
     68 Linear |R| = [33m4.904314e+01[39m
     69 Linear |R| = [33m4.839454e+01[39m
     70 Linear |R| = [33m4.781792e+01[39m
     71 Linear |R| = [33m4.741210e+01[39m
     72 Linear |R| = [33m4.719564e+01[39m
     73 Linear |R| = [33m4.697953e+01[39m
     74 Linear |R| = [33m4.677089e+01[39m
     75 Linear |R| = [33m4.611265e+01[39m
     76 Linear |R| = [33m4.551393e+01[39m
     77 Linear |R| = [33m4.499915e+01[39m
     78 Linear |R| = [33m4.462156e+01[39m
     79 Linear |R| = [33m4.435217e+01[39m
     80 Linear |R| = [33m4.413887e+01[39m
     81 Linear |R| = [33m4.399142e+01[39m
     82 Linear |R| = [33m4.395242e+01[39m
     83 Linear |R| = [33m4.395076e+01[39m
     84 Linear |R| = [33m4.393992e+01[39m
     85 Linear |R| = [33m4.389343e+01[39m
     86 Linear |R| = [33m4.382420e+01[39m
     87 Linear |R| = [33m4.365506e+01[39m
     88 Linear |R| = [33m4.329266e+01[39m
     89 Linear |R| = [33m4.263367e+01[39m
    Linear solve did not converge due to DIVERGED_BREAKDOWN iterations 90
23 Nonlinear |R| = [33m5.987865e+02[39m
      0 Linear |R| = [32m5.987865e+02[39m
      1 Linear |R| = [32m5.229006e+02[39m
      2 Linear |R| = [32m3.912389e+02[39m
      3 Linear |R| = [32m2.979373e+02[39m
      4 Linear |R| = [32m2.405143e+02[39m
      5 Linear |R| = [32m2.229638e+02[39m
      6 Linear |R| = [33m2.162765e+02[39m
      7 Linear |R| = [33m2.107362e+02[39m
      8 Linear |R| = [33m2.079311e+02[39m
      9 Linear |R| = [33m2.065770e+02[39m
     10 Linear |R| = [33m2.060113e+02[39m
     11 Linear |R| = [33m2.059534e+02[39m
     12 Linear |R| = [33m2.058989e+02[39m
     13 Linear |R| = [33m2.057703e+02[39m
     14 Linear |R| = [33m2.056872e+02[39m
     15 Linear |R| = [33m2.053845e+02[39m
     16 Linear |R| = [33m2.050825e+02[39m
     17 Linear |R| = [33m2.050785e+02[39m
     18 Linear |R| = [33m2.050036e+02[39m
     19 Linear |R| = [33m2.048148e+02[39m
     20 Linear |R| = [33m2.046682e+02[39m
     21 Linear |R| = [33m2.039235e+02[39m
     22 Linear |R| = [33m2.021512e+02[39m
     23 Linear |R| = [33m1.993087e+02[39m
     24 Linear |R| = [33m1.950558e+02[39m
     25 Linear |R| = [33m1.911967e+02[39m
     26 Linear |R| = [33m1.884348e+02[39m
     27 Linear |R| = [33m1.867048e+02[39m
     28 Linear |R| = [33m1.857522e+02[39m
     29 Linear |R| = [33m1.853670e+02[39m
     30 Linear |R| = [31m1.902678e+02[39m
     31 Linear |R| = [33m1.868922e+02[39m
     32 Linear |R| = [33m1.868921e+02[39m
     33 Linear |R| = [33m1.865931e+02[39m
     34 Linear |R| = [33m1.865681e+02[39m
     35 Linear |R| = [33m1.864520e+02[39m
     36 Linear |R| = [33m1.859349e+02[39m
     37 Linear |R| = [33m1.846032e+02[39m
     38 Linear |R| = [33m1.829698e+02[39m
     39 Linear |R| = [33m1.812546e+02[39m
     40 Linear |R| = [33m1.778368e+02[39m
     41 Linear |R| = [33m1.744041e+02[39m
     42 Linear |R| = [33m1.712267e+02[39m
     43 Linear |R| = [33m1.676290e+02[39m
     44 Linear |R| = [33m1.634443e+02[39m
     45 Linear |R| = [33m1.608309e+02[39m
     46 Linear |R| = [33m1.600418e+02[39m
     47 Linear |R| = [33m1.597792e+02[39m
     48 Linear |R| = [33m1.596327e+02[39m
     49 Linear |R| = [33m1.596142e+02[39m
     50 Linear |R| = [33m1.595741e+02[39m
     51 Linear |R| = [33m1.594326e+02[39m
     52 Linear |R| = [33m1.591306e+02[39m
     53 Linear |R| = [33m1.586532e+02[39m
     54 Linear |R| = [33m1.578863e+02[39m
     55 Linear |R| = [33m1.565646e+02[39m
     56 Linear |R| = [33m1.539545e+02[39m
     57 Linear |R| = [33m1.491425e+02[39m
     58 Linear |R| = [33m1.428144e+02[39m
     59 Linear |R| = [33m1.366654e+02[39m
    Linear solve did not converge due to DIVERGED_BREAKDOWN iterations 60
24 Nonlinear |R| = [33m5.986950e+02[39m
      0 Linear |R| = [32m5.986950e+02[39m
      1 Linear |R| = [32m5.230390e+02[39m
      2 Linear |R| = [32m3.916223e+02[39m
      3 Linear |R| = [32m2.960664e+02[39m
      4 Linear |R| = [32m2.389069e+02[39m
      5 Linear |R| = [32m2.203519e+02[39m
      6 Linear |R| = [33m2.130652e+02[39m
      7 Linear |R| = [33m2.069830e+02[39m
      8 Linear |R| = [33m2.037327e+02[39m
      9 Linear |R| = [33m2.019762e+02[39m
     10 Linear |R| = [33m2.009046e+02[39m
     11 Linear |R| = [33m2.004305e+02[39m
     12 Linear |R| = [33m1.998383e+02[39m
     13 Linear |R| = [33m1.988574e+02[39m
     14 Linear |R| = [33m1.974791e+02[39m
     15 Linear |R| = [33m1.949857e+02[39m
     16 Linear |R| = [33m1.927061e+02[39m
     17 Linear |R| = [33m1.914731e+02[39m
     18 Linear |R| = [33m1.906396e+02[39m
     19 Linear |R| = [33m1.898595e+02[39m
     20 Linear |R| = [33m1.884341e+02[39m
     21 Linear |R| = [33m1.867641e+02[39m
     22 Linear |R| = [33m1.847362e+02[39m
     23 Linear |R| = [33m1.825149e+02[39m
     24 Linear |R| = [33m1.796528e+02[39m
     25 Linear |R| = [33m1.749900e+02[39m
     26 Linear |R| = [33m1.708954e+02[39m
     27 Linear |R| = [33m1.689909e+02[39m
     28 Linear |R| = [33m1.684181e+02[39m
     29 Linear |R| = [33m1.683426e+02[39m
     30 Linear |R| = [31m1.686197e+02[39m
     31 Linear |R| = [33m1.685916e+02[39m
     32 Linear |R| = [33m1.685915e+02[39m
     33 Linear |R| = [33m1.685591e+02[39m
     34 Linear |R| = [33m1.685004e+02[39m
     35 Linear |R| = [33m1.683308e+02[39m
     36 Linear |R| = [33m1.677920e+02[39m
     37 Linear |R| = [33m1.664775e+02[39m
     38 Linear |R| = [33m1.652797e+02[39m
     39 Linear |R| = [33m1.643310e+02[39m
     40 Linear |R| = [33m1.632620e+02[39m
     41 Linear |R| = [33m1.617502e+02[39m
     42 Linear |R| = [33m1.594943e+02[39m
     43 Linear |R| = [33m1.574848e+02[39m
     44 Linear |R| = [33m1.561969e+02[39m
     45 Linear |R| = [33m1.551610e+02[39m
     46 Linear |R| = [33m1.542602e+02[39m
     47 Linear |R| = [33m1.534928e+02[39m
     48 Linear |R| = [33m1.527493e+02[39m
     49 Linear |R| = [33m1.520595e+02[39m
     50 Linear |R| = [33m1.516598e+02[39m
     51 Linear |R| = [33m1.514330e+02[39m
     52 Linear |R| = [33m1.511170e+02[39m
     53 Linear |R| = [33m1.502962e+02[39m
     54 Linear |R| = [33m1.485795e+02[39m
     55 Linear |R| = [33m1.464096e+02[39m
     56 Linear |R| = [33m1.440761e+02[39m
     57 Linear |R| = [33m1.413314e+02[39m
     58 Linear |R| = [33m1.382658e+02[39m
     59 Linear |R| = [33m1.344662e+02[39m
     60 Linear |R| = [33m1.278338e+02[39m
     61 Linear |R| = [33m1.252484e+02[39m
     62 Linear |R| = [33m1.239914e+02[39m
     63 Linear |R| = [33m1.211045e+02[39m
     64 Linear |R| = [33m1.185485e+02[39m
     65 Linear |R| = [33m1.164667e+02[39m
     66 Linear |R| = [33m1.150758e+02[39m
     67 Linear |R| = [33m1.133531e+02[39m
     68 Linear |R| = [33m1.115439e+02[39m
     69 Linear |R| = [33m1.102524e+02[39m
     70 Linear |R| = [33m1.093429e+02[39m
     71 Linear |R| = [33m1.088911e+02[39m
     72 Linear |R| = [33m1.085611e+02[39m
     73 Linear |R| = [33m1.082709e+02[39m
     74 Linear |R| = [33m1.080591e+02[39m
     75 Linear |R| = [33m1.076781e+02[39m
     76 Linear |R| = [33m1.074909e+02[39m
     77 Linear |R| = [33m1.074562e+02[39m
     78 Linear |R| = [33m1.074461e+02[39m
     79 Linear |R| = [33m1.074437e+02[39m
     80 Linear |R| = [33m1.074328e+02[39m
     81 Linear |R| = [33m1.074306e+02[39m
     82 Linear |R| = [33m1.074119e+02[39m
     83 Linear |R| = [33m1.073800e+02[39m
     84 Linear |R| = [33m1.073428e+02[39m
     85 Linear |R| = [33m1.072810e+02[39m
     86 Linear |R| = [33m1.071130e+02[39m
     87 Linear |R| = [33m1.065289e+02[39m
     88 Linear |R| = [33m1.053129e+02[39m
     89 Linear |R| = [33m1.043028e+02[39m
     90 Linear |R| = [33m1.026238e+02[39m
     91 Linear |R| = [33m1.015248e+02[39m
     92 Linear |R| = [33m1.009690e+02[39m
     93 Linear |R| = [33m1.001422e+02[39m
     94 Linear |R| = [33m9.964072e+01[39m
     95 Linear |R| = [33m9.947693e+01[39m
     96 Linear |R| = [33m9.944581e+01[39m
     97 Linear |R| = [33m9.939317e+01[39m
     98 Linear |R| = [33m9.926657e+01[39m
     99 Linear |R| = [33m9.919328e+01[39m
    100 Linear |R| = [33m9.917817e+01[39m
    101 Linear |R| = [33m9.917814e+01[39m
    102 Linear |R| = [33m9.913777e+01[39m
    103 Linear |R| = [33m9.905740e+01[39m
    104 Linear |R| = [33m9.889711e+01[39m
    105 Linear |R| = [33m9.865667e+01[39m
    106 Linear |R| = [33m9.859772e+01[39m
    107 Linear |R| = [33m9.845196e+01[39m
    108 Linear |R| = [33m9.816111e+01[39m
    109 Linear |R| = [33m9.795209e+01[39m
    110 Linear |R| = [33m9.788872e+01[39m
    111 Linear |R| = [33m9.785107e+01[39m
    112 Linear |R| = [33m9.766202e+01[39m
    113 Linear |R| = [33m9.737396e+01[39m
    114 Linear |R| = [33m9.690603e+01[39m
    115 Linear |R| = [33m9.590782e+01[39m
    116 Linear |R| = [33m9.471284e+01[39m
    117 Linear |R| = [33m9.308977e+01[39m
    118 Linear |R| = [33m9.128596e+01[39m
    119 Linear |R| = [33m8.944558e+01[39m
    120 Linear |R| = [33m8.674245e+01[39m
    121 Linear |R| = [33m8.521456e+01[39m
    122 Linear |R| = [33m8.432504e+01[39m
    123 Linear |R| = [33m8.299586e+01[39m
    124 Linear |R| = [33m8.163129e+01[39m
    125 Linear |R| = [33m8.036466e+01[39m
    126 Linear |R| = [33m7.952734e+01[39m
    127 Linear |R| = [33m7.869142e+01[39m
    128 Linear |R| = [33m7.804158e+01[39m
    129 Linear |R| = [33m7.750329e+01[39m
    130 Linear |R| = [33m7.713397e+01[39m
    131 Linear |R| = [33m7.697005e+01[39m
    132 Linear |R| = [33m7.690804e+01[39m
    133 Linear |R| = [33m7.688918e+01[39m
    134 Linear |R| = [33m7.684606e+01[39m
    135 Linear |R| = [33m7.684413e+01[39m
    136 Linear |R| = [33m7.683250e+01[39m
    137 Linear |R| = [33m7.678746e+01[39m
    138 Linear |R| = [33m7.674988e+01[39m
    139 Linear |R| = [33m7.668705e+01[39m
    140 Linear |R| = [33m7.663068e+01[39m
    141 Linear |R| = [33m7.658339e+01[39m
    142 Linear |R| = [33m7.654774e+01[39m
    143 Linear |R| = [33m7.644318e+01[39m
    144 Linear |R| = [33m7.619969e+01[39m
    145 Linear |R| = [33m7.596081e+01[39m
    146 Linear |R| = [33m7.581013e+01[39m
    147 Linear |R| = [33m7.545643e+01[39m
    148 Linear |R| = [33m7.467385e+01[39m
    149 Linear |R| = [33m7.400142e+01[39m
    Linear solve did not converge due to DIVERGED_BREAKDOWN iterations 150
25 Nonlinear |R| = [33m5.985282e+02[39m
      0 Linear |R| = [32m5.985282e+02[39m
      1 Linear |R| = [32m5.224707e+02[39m
      2 Linear |R| = [32m3.912648e+02[39m
      3 Linear |R| = [32m2.971153e+02[39m
      4 Linear |R| = [32m2.397146e+02[39m
      5 Linear |R| = [32m2.219179e+02[39m
      6 Linear |R| = [33m2.150899e+02[39m
      7 Linear |R| = [33m2.093879e+02[39m
      8 Linear |R| = [33m2.064139e+02[39m
      9 Linear |R| = [33m2.049073e+02[39m
     10 Linear |R| = [33m2.042017e+02[39m
     11 Linear |R| = [33m2.040630e+02[39m
     12 Linear |R| = [33m2.039047e+02[39m
     13 Linear |R| = [33m2.035897e+02[39m
     14 Linear |R| = [33m2.032628e+02[39m
     15 Linear |R| = [33m2.024862e+02[39m
     16 Linear |R| = [33m2.017476e+02[39m
     17 Linear |R| = [33m2.015881e+02[39m
     18 Linear |R| = [33m2.015767e+02[39m
     19 Linear |R| = [33m2.015767e+02[39m
     20 Linear |R| = [33m2.015597e+02[39m
     21 Linear |R| = [33m2.015179e+02[39m
     22 Linear |R| = [33m2.012696e+02[39m
     23 Linear |R| = [33m2.007574e+02[39m
     24 Linear |R| = [33m1.999042e+02[39m
     25 Linear |R| = [33m1.993878e+02[39m
     26 Linear |R| = [33m1.990835e+02[39m
     27 Linear |R| = [33m1.988251e+02[39m
     28 Linear |R| = [33m1.985938e+02[39m
     29 Linear |R| = [33m1.984311e+02[39m
     30 Linear |R| = [31m1.986253e+02[39m
     31 Linear |R| = [33m1.986075e+02[39m
     32 Linear |R| = [33m1.986063e+02[39m
     33 Linear |R| = [33m1.986050e+02[39m
     34 Linear |R| = [33m1.986046e+02[39m
     35 Linear |R| = [33m1.985923e+02[39m
     36 Linear |R| = [33m1.985173e+02[39m
     37 Linear |R| = [33m1.984082e+02[39m
     38 Linear |R| = [33m1.982159e+02[39m
     39 Linear |R| = [33m1.978753e+02[39m
     40 Linear |R| = [33m1.973985e+02[39m
     41 Linear |R| = [33m1.967018e+02[39m
     42 Linear |R| = [33m1.956657e+02[39m
     43 Linear |R| = [33m1.941929e+02[39m
     44 Linear |R| = [33m1.919296e+02[39m
     45 Linear |R| = [33m1.885661e+02[39m
     46 Linear |R| = [33m1.847224e+02[39m
     47 Linear |R| = [33m1.822449e+02[39m
     48 Linear |R| = [33m1.812278e+02[39m
     49 Linear |R| = [33m1.807285e+02[39m
     50 Linear |R| = [33m1.806810e+02[39m
     51 Linear |R| = [33m1.806603e+02[39m
     52 Linear |R| = [33m1.804377e+02[39m
     53 Linear |R| = [33m1.799123e+02[39m
     54 Linear |R| = [33m1.790169e+02[39m
     55 Linear |R| = [33m1.771811e+02[39m
     56 Linear |R| = [33m1.738980e+02[39m
     57 Linear |R| = [33m1.692071e+02[39m
     58 Linear |R| = [33m1.619704e+02[39m
     59 Linear |R| = [32m1.502172e+02[39m
    Linear solve did not converge due to DIVERGED_BREAKDOWN iterations 60
26 Nonlinear |R| = [33m5.985179e+02[39m
      0 Linear |R| = [32m5.985179e+02[39m
      1 Linear |R| = [32m5.227410e+02[39m
      2 Linear |R| = [32m3.914402e+02[39m
      3 Linear |R| = [32m2.966016e+02[39m
      4 Linear |R| = [32m2.394547e+02[39m
      5 Linear |R| = [32m2.212499e+02[39m
      6 Linear |R| = [33m2.141948e+02[39m
      7 Linear |R| = [33m2.082999e+02[39m
      8 Linear |R| = [33m2.051458e+02[39m
      9 Linear |R| = [33m2.035041e+02[39m
     10 Linear |R| = [33m2.026447e+02[39m
     11 Linear |R| = [33m2.023860e+02[39m
     12 Linear |R| = [33m2.020690e+02[39m
     13 Linear |R| = [33m2.015021e+02[39m
     14 Linear |R| = [33m2.007969e+02[39m
     15 Linear |R| = [33m1.993788e+02[39m
     16 Linear |R| = [33m1.980780e+02[39m
     17 Linear |R| = [33m1.975667e+02[39m
     18 Linear |R| = [33m1.973454e+02[39m
     19 Linear |R| = [33m1.971922e+02[39m
     20 Linear |R| = [33m1.968263e+02[39m
     21 Linear |R| = [33m1.966052e+02[39m
     22 Linear |R| = [33m1.964649e+02[39m
     23 Linear |R| = [33m1.963770e+02[39m
     24 Linear |R| = [33m1.962820e+02[39m
     25 Linear |R| = [33m1.958316e+02[39m
     26 Linear |R| = [33m1.953053e+02[39m
     27 Linear |R| = [33m1.951053e+02[39m
     28 Linear |R| = [33m1.950837e+02[39m
     29 Linear |R| = [33m1.950809e+02[39m
     30 Linear |R| = [33m1.950790e+02[39m
     31 Linear |R| = [33m1.950790e+02[39m
     32 Linear |R| = [33m1.950789e+02[39m
     33 Linear |R| = [33m1.950788e+02[39m
     34 Linear |R| = [33m1.950783e+02[39m
     35 Linear |R| = [33m1.950770e+02[39m
     36 Linear |R| = [33m1.950636e+02[39m
     37 Linear |R| = [33m1.950112e+02[39m
     38 Linear |R| = [33m1.949441e+02[39m
     39 Linear |R| = [33m1.949019e+02[39m
     40 Linear |R| = [33m1.948774e+02[39m
     41 Linear |R| = [33m1.948507e+02[39m
     42 Linear |R| = [33m1.947878e+02[39m
     43 Linear |R| = [33m1.946899e+02[39m
     44 Linear |R| = [33m1.945771e+02[39m
     45 Linear |R| = [33m1.944888e+02[39m
     46 Linear |R| = [33m1.943938e+02[39m
     47 Linear |R| = [33m1.942837e+02[39m
     48 Linear |R| = [33m1.941366e+02[39m
     49 Linear |R| = [33m1.938563e+02[39m
     50 Linear |R| = [33m1.936959e+02[39m
     51 Linear |R| = [33m1.936371e+02[39m
     52 Linear |R| = [33m1.935865e+02[39m
     53 Linear |R| = [33m1.934631e+02[39m
     54 Linear |R| = [33m1.931249e+02[39m
     55 Linear |R| = [33m1.924431e+02[39m
     56 Linear |R| = [33m1.916434e+02[39m
     57 Linear |R| = [33m1.906239e+02[39m
     58 Linear |R| = [33m1.889196e+02[39m
     59 Linear |R| = [33m1.864099e+02[39m
     60 Linear |R| = [33m1.859537e+02[39m
     61 Linear |R| = [33m1.828692e+02[39m
     62 Linear |R| = [33m1.820128e+02[39m
     63 Linear |R| = [33m1.808733e+02[39m
     64 Linear |R| = [33m1.793515e+02[39m
     65 Linear |R| = [33m1.780884e+02[39m
     66 Linear |R| = [33m1.775948e+02[39m
     67 Linear |R| = [33m1.766620e+02[39m
     68 Linear |R| = [33m1.759554e+02[39m
     69 Linear |R| = [33m1.754989e+02[39m
     70 Linear |R| = [33m1.747195e+02[39m
     71 Linear |R| = [33m1.743390e+02[39m
     72 Linear |R| = [33m1.741431e+02[39m
     73 Linear |R| = [33m1.741008e+02[39m
     74 Linear |R| = [33m1.740997e+02[39m
     75 Linear |R| = [33m1.740894e+02[39m
     76 Linear |R| = [33m1.740769e+02[39m
     77 Linear |R| = [33m1.740429e+02[39m
     78 Linear |R| = [33m1.738501e+02[39m
     79 Linear |R| = [33m1.736631e+02[39m
     80 Linear |R| = [33m1.736102e+02[39m
     81 Linear |R| = [33m1.735490e+02[39m
     82 Linear |R| = [33m1.735186e+02[39m
     83 Linear |R| = [33m1.734346e+02[39m
     84 Linear |R| = [33m1.733488e+02[39m
     85 Linear |R| = [33m1.732581e+02[39m
     86 Linear |R| = [33m1.731153e+02[39m
     87 Linear |R| = [33m1.729132e+02[39m
     88 Linear |R| = [33m1.726183e+02[39m
     89 Linear |R| = [33m1.724438e+02[39m
     90 Linear |R| = [31m1.746118e+02[39m
     91 Linear |R| = [33m1.734082e+02[39m
     92 Linear |R| = [33m1.732741e+02[39m
     93 Linear |R| = [33m1.732085e+02[39m
     94 Linear |R| = [33m1.729759e+02[39m
     95 Linear |R| = [33m1.729710e+02[39m
     96 Linear |R| = [33m1.729581e+02[39m
     97 Linear |R| = [33m1.729200e+02[39m
     98 Linear |R| = [33m1.728823e+02[39m
     99 Linear |R| = [33m1.728325e+02[39m
    100 Linear |R| = [33m1.726735e+02[39m
    101 Linear |R| = [33m1.725902e+02[39m
    102 Linear |R| = [33m1.725893e+02[39m
    103 Linear |R| = [33m1.725639e+02[39m
    104 Linear |R| = [33m1.724962e+02[39m
    105 Linear |R| = [33m1.724643e+02[39m
    106 Linear |R| = [33m1.724624e+02[39m
    107 Linear |R| = [33m1.724329e+02[39m
    108 Linear |R| = [33m1.723109e+02[39m
    109 Linear |R| = [33m1.722203e+02[39m
    110 Linear |R| = [33m1.722193e+02[39m
    111 Linear |R| = [33m1.722186e+02[39m
    112 Linear |R| = [33m1.721652e+02[39m
    113 Linear |R| = [33m1.719985e+02[39m
    114 Linear |R| = [33m1.717999e+02[39m
    115 Linear |R| = [33m1.716430e+02[39m
    116 Linear |R| = [33m1.713136e+02[39m
    117 Linear |R| = [33m1.706407e+02[39m
    118 Linear |R| = [33m1.692222e+02[39m
    119 Linear |R| = [33m1.671672e+02[39m
    120 Linear |R| = [33m1.648953e+02[39m
    121 Linear |R| = [33m1.635450e+02[39m
    122 Linear |R| = [33m1.629637e+02[39m
    123 Linear |R| = [33m1.618622e+02[39m
    124 Linear |R| = [33m1.606162e+02[39m
    125 Linear |R| = [33m1.600682e+02[39m
    126 Linear |R| = [33m1.600092e+02[39m
    127 Linear |R| = [33m1.596645e+02[39m
    128 Linear |R| = [33m1.592064e+02[39m
    129 Linear |R| = [33m1.589386e+02[39m
    130 Linear |R| = [33m1.588445e+02[39m
    131 Linear |R| = [33m1.587920e+02[39m
    132 Linear |R| = [33m1.587562e+02[39m
    133 Linear |R| = [33m1.587541e+02[39m
    134 Linear |R| = [33m1.587109e+02[39m
    135 Linear |R| = [33m1.586804e+02[39m
    136 Linear |R| = [33m1.586788e+02[39m
    137 Linear |R| = [33m1.585902e+02[39m
    138 Linear |R| = [33m1.584279e+02[39m
    139 Linear |R| = [33m1.582487e+02[39m
    140 Linear |R| = [33m1.582325e+02[39m
    141 Linear |R| = [33m1.582281e+02[39m
    142 Linear |R| = [33m1.579736e+02[39m
    143 Linear |R| = [33m1.576764e+02[39m
    144 Linear |R| = [33m1.574165e+02[39m
    145 Linear |R| = [33m1.570996e+02[39m
    146 Linear |R| = [33m1.568709e+02[39m
    147 Linear |R| = [33m1.564371e+02[39m
    148 Linear |R| = [33m1.560920e+02[39m
    149 Linear |R| = [33m1.558979e+02[39m
    150 Linear |R| = [31m1.567495e+02[39m
    151 Linear |R| = [33m1.560662e+02[39m
    152 Linear |R| = [33m1.559983e+02[39m
    153 Linear |R| = [33m1.558936e+02[39m
    154 Linear |R| = [33m1.555408e+02[39m
    155 Linear |R| = [33m1.553862e+02[39m
    156 Linear |R| = [33m1.553545e+02[39m
    157 Linear |R| = [33m1.551722e+02[39m
    158 Linear |R| = [33m1.549539e+02[39m
    159 Linear |R| = [33m1.548574e+02[39m
    160 Linear |R| = [33m1.547877e+02[39m
    161 Linear |R| = [33m1.547738e+02[39m
    162 Linear |R| = [33m1.547734e+02[39m
    163 Linear |R| = [33m1.547517e+02[39m
    164 Linear |R| = [33m1.546771e+02[39m
    165 Linear |R| = [33m1.546195e+02[39m
    166 Linear |R| = [33m1.546123e+02[39m
    167 Linear |R| = [33m1.545990e+02[39m
    168 Linear |R| = [33m1.545968e+02[39m
    169 Linear |R| = [33m1.545398e+02[39m
    170 Linear |R| = [33m1.545334e+02[39m
    171 Linear |R| = [33m1.545313e+02[39m
    172 Linear |R| = [33m1.544495e+02[39m
    173 Linear |R| = [33m1.542554e+02[39m
    174 Linear |R| = [33m1.540012e+02[39m
    175 Linear |R| = [33m1.535006e+02[39m
    176 Linear |R| = [33m1.528568e+02[39m
    177 Linear |R| = [33m1.520300e+02[39m
    178 Linear |R| = [33m1.513002e+02[39m
    179 Linear |R| = [33m1.498648e+02[39m
    180 Linear |R| = [31m1.610223e+02[39m
    181 Linear |R| = [32m1.490372e+02[39m
    182 Linear |R| = [33m1.469710e+02[39m
    183 Linear |R| = [33m1.462405e+02[39m
    184 Linear |R| = [33m1.453226e+02[39m
    185 Linear |R| = [33m1.448176e+02[39m
    186 Linear |R| = [33m1.445631e+02[39m
    187 Linear |R| = [33m1.443007e+02[39m
    188 Linear |R| = [33m1.441765e+02[39m
    189 Linear |R| = [33m1.440384e+02[39m
    190 Linear |R| = [33m1.439270e+02[39m
    191 Linear |R| = [33m1.438403e+02[39m
    192 Linear |R| = [33m1.437865e+02[39m
    193 Linear |R| = [33m1.437863e+02[39m
    194 Linear |R| = [33m1.437542e+02[39m
    195 Linear |R| = [33m1.437465e+02[39m
    196 Linear |R| = [33m1.437330e+02[39m
    197 Linear |R| = [33m1.436424e+02[39m
    198 Linear |R| = [33m1.435736e+02[39m
    199 Linear |R| = [33m1.435064e+02[39m
    200 Linear |R| = [33m1.434734e+02[39m
    201 Linear |R| = [33m1.434545e+02[39m
    202 Linear |R| = [33m1.434365e+02[39m
    203 Linear |R| = [33m1.433855e+02[39m
    204 Linear |R| = [33m1.432202e+02[39m
    205 Linear |R| = [33m1.428425e+02[39m
    206 Linear |R| = [33m1.424559e+02[39m
    207 Linear |R| = [33m1.417676e+02[39m
    208 Linear |R| = [33m1.410387e+02[39m
    209 Linear |R| = [33m1.401449e+02[39m
    Linear solve did not converge due to DIVERGED_BREAKDOWN iterations 210
27 Nonlinear |R| = [33m5.984926e+02[39m
      0 Linear |R| = [32m5.984926e+02[39m
      1 Linear |R| = [32m5.224601e+02[39m
      2 Linear |R| = [32m3.909768e+02[39m
      3 Linear |R| = [32m2.982834e+02[39m
      4 Linear |R| = [32m2.407505e+02[39m
      5 Linear |R| = [32m2.232344e+02[39m
      6 Linear |R| = [33m2.167155e+02[39m
      7 Linear |R| = [33m2.113482e+02[39m
      8 Linear |R| = [33m2.086120e+02[39m
      9 Linear |R| = [33m2.072752e+02[39m
     10 Linear |R| = [33m2.067741e+02[39m
     11 Linear |R| = [33m2.067537e+02[39m
     12 Linear |R| = [33m2.067392e+02[39m
     13 Linear |R| = [33m2.066908e+02[39m
     14 Linear |R| = [33m2.066808e+02[39m
     15 Linear |R| = [33m2.065704e+02[39m
     16 Linear |R| = [33m2.064594e+02[39m
     17 Linear |R| = [33m2.064346e+02[39m
     18 Linear |R| = [33m2.061637e+02[39m
     19 Linear |R| = [33m2.056340e+02[39m
     20 Linear |R| = [33m2.051026e+02[39m
     21 Linear |R| = [33m2.033972e+02[39m
     22 Linear |R| = [33m1.998395e+02[39m
     23 Linear |R| = [33m1.947910e+02[39m
     24 Linear |R| = [33m1.883004e+02[39m
     25 Linear |R| = [33m1.829292e+02[39m
     26 Linear |R| = [33m1.794100e+02[39m
     27 Linear |R| = [33m1.775299e+02[39m
     28 Linear |R| = [33m1.767205e+02[39m
     29 Linear |R| = [33m1.765077e+02[39m
     30 Linear |R| = [31m2.100182e+02[39m
     31 Linear |R| = [32m1.833032e+02[39m
     32 Linear |R| = [33m1.796301e+02[39m
     33 Linear |R| = [33m1.792250e+02[39m
     34 Linear |R| = [33m1.791934e+02[39m
     35 Linear |R| = [33m1.789963e+02[39m
     36 Linear |R| = [33m1.782129e+02[39m
     37 Linear |R| = [33m1.767755e+02[39m
     38 Linear |R| = [33m1.749369e+02[39m
     39 Linear |R| = [33m1.725132e+02[39m
     40 Linear |R| = [33m1.690086e+02[39m
     41 Linear |R| = [33m1.648112e+02[39m
     42 Linear |R| = [33m1.600487e+02[39m
     43 Linear |R| = [33m1.553283e+02[39m
     44 Linear |R| = [33m1.507720e+02[39m
     45 Linear |R| = [33m1.475628e+02[39m
     46 Linear |R| = [33m1.455451e+02[39m
     47 Linear |R| = [33m1.443200e+02[39m
     48 Linear |R| = [33m1.436648e+02[39m
     49 Linear |R| = [33m1.433418e+02[39m
     50 Linear |R| = [33m1.433310e+02[39m
     51 Linear |R| = [33m1.433291e+02[39m
     52 Linear |R| = [33m1.432674e+02[39m
     53 Linear |R| = [33m1.430819e+02[39m
     54 Linear |R| = [33m1.427595e+02[39m
     55 Linear |R| = [33m1.420714e+02[39m
     56 Linear |R| = [33m1.406831e+02[39m
     57 Linear |R| = [33m1.384948e+02[39m
     58 Linear |R| = [33m1.355935e+02[39m
     59 Linear |R| = [33m1.322167e+02[39m
    Linear solve did not converge due to DIVERGED_BREAKDOWN iterations 60
28 Nonlinear |R| = [33m5.982818e+02[39m
      0 Linear |R| = [32m5.982818e+02[39m
      1 Linear |R| = [32m5.224338e+02[39m
      2 Linear |R| = [32m3.915567e+02[39m
      3 Linear |R| = [32m2.957722e+02[39m
      4 Linear |R| = [32m2.385600e+02[39m
      5 Linear |R| = [32m2.198218e+02[39m
      6 Linear |R| = [33m2.125062e+02[39m
      7 Linear |R| = [33m2.064047e+02[39m
      8 Linear |R| = [33m2.031030e+02[39m
      9 Linear |R| = [33m2.013012e+02[39m
     10 Linear |R| = [33m2.001655e+02[39m
     11 Linear |R| = [33m1.996202e+02[39m
     12 Linear |R| = [33m1.989346e+02[39m
     13 Linear |R| = [33m1.978128e+02[39m
     14 Linear |R| = [33m1.961932e+02[39m
     15 Linear |R| = [33m1.933152e+02[39m
     16 Linear |R| = [33m1.906832e+02[39m
     17 Linear |R| = [33m1.891518e+02[39m
     18 Linear |R| = [33m1.880224e+02[39m
     19 Linear |R| = [33m1.869146e+02[39m
     20 Linear |R| = [33m1.849650e+02[39m
     21 Linear |R| = [33m1.825019e+02[39m
     22 Linear |R| = [33m1.793601e+02[39m
     23 Linear |R| = [33m1.757851e+02[39m
     24 Linear |R| = [33m1.710652e+02[39m
     25 Linear |R| = [33m1.639267e+02[39m
     26 Linear |R| = [33m1.577365e+02[39m
     27 Linear |R| = [33m1.546993e+02[39m
     28 Linear |R| = [33m1.536358e+02[39m
     29 Linear |R| = [33m1.534061e+02[39m
     30 Linear |R| = [33m1.533662e+02[39m
     31 Linear |R| = [33m1.533661e+02[39m
     32 Linear |R| = [33m1.533617e+02[39m
     33 Linear |R| = [33m1.533237e+02[39m
     34 Linear |R| = [33m1.531934e+02[39m
     35 Linear |R| = [33m1.529145e+02[39m
     36 Linear |R| = [33m1.520442e+02[39m
     37 Linear |R| = [33m1.500385e+02[39m
     38 Linear |R| = [33m1.483765e+02[39m
     39 Linear |R| = [33m1.468594e+02[39m
     40 Linear |R| = [33m1.447911e+02[39m
     41 Linear |R| = [33m1.420584e+02[39m
     42 Linear |R| = [33m1.384575e+02[39m
     43 Linear |R| = [33m1.354999e+02[39m
     44 Linear |R| = [33m1.337836e+02[39m
     45 Linear |R| = [33m1.324912e+02[39m
     46 Linear |R| = [33m1.312759e+02[39m
     47 Linear |R| = [33m1.302555e+02[39m
     48 Linear |R| = [33m1.294046e+02[39m
     49 Linear |R| = [33m1.287291e+02[39m
     50 Linear |R| = [33m1.283659e+02[39m
     51 Linear |R| = [33m1.281231e+02[39m
     52 Linear |R| = [33m1.277342e+02[39m
     53 Linear |R| = [33m1.268013e+02[39m
     54 Linear |R| = [33m1.250330e+02[39m
     55 Linear |R| = [33m1.227983e+02[39m
     56 Linear |R| = [33m1.207619e+02[39m
     57 Linear |R| = [33m1.187628e+02[39m
     58 Linear |R| = [33m1.164424e+02[39m
     59 Linear |R| = [33m1.128191e+02[39m
     60 Linear |R| = [32m1.059317e+02[39m
     61 Linear |R| = [33m1.032828e+02[39m
     62 Linear |R| = [33m1.019897e+02[39m
     63 Linear |R| = [33m9.937208e+01[39m
     64 Linear |R| = [33m9.719162e+01[39m
     65 Linear |R| = [33m9.545588e+01[39m
     66 Linear |R| = [33m9.427269e+01[39m
     67 Linear |R| = [33m9.270319e+01[39m
     68 Linear |R| = [33m9.100676e+01[39m
     69 Linear |R| = [33m8.982380e+01[39m
     70 Linear |R| = [33m8.896644e+01[39m
     71 Linear |R| = [33m8.853129e+01[39m
     72 Linear |R| = [33m8.819703e+01[39m
     73 Linear |R| = [33m8.790106e+01[39m
     74 Linear |R| = [33m8.765854e+01[39m
     75 Linear |R| = [33m8.715718e+01[39m
     76 Linear |R| = [33m8.684952e+01[39m
     77 Linear |R| = [33m8.671204e+01[39m
     78 Linear |R| = [33m8.670296e+01[39m
     79 Linear |R| = [33m8.667365e+01[39m
     80 Linear |R| = [33m8.660406e+01[39m
     81 Linear |R| = [33m8.659205e+01[39m
     82 Linear |R| = [33m8.659177e+01[39m
     83 Linear |R| = [33m8.657599e+01[39m
     84 Linear |R| = [33m8.654208e+01[39m
     85 Linear |R| = [33m8.649180e+01[39m
     86 Linear |R| = [33m8.635604e+01[39m
     87 Linear |R| = [33m8.594695e+01[39m
     88 Linear |R| = [33m8.509196e+01[39m
     89 Linear |R| = [33m8.432039e+01[39m
     90 Linear |R| = [33m8.295893e+01[39m
     91 Linear |R| = [33m8.241095e+01[39m
     92 Linear |R| = [33m8.208852e+01[39m
     93 Linear |R| = [33m8.129219e+01[39m
     94 Linear |R| = [33m8.095603e+01[39m
     95 Linear |R| = [33m8.085583e+01[39m
     96 Linear |R| = [33m8.082689e+01[39m
     97 Linear |R| = [33m8.078083e+01[39m
     98 Linear |R| = [33m8.067831e+01[39m
     99 Linear |R| = [33m8.065399e+01[39m
    100 Linear |R| = [33m8.065319e+01[39m
    101 Linear |R| = [33m8.063542e+01[39m
    102 Linear |R| = [33m8.054486e+01[39m
    103 Linear |R| = [33m8.039540e+01[39m
    104 Linear |R| = [33m8.017100e+01[39m
    105 Linear |R| = [33m7.982834e+01[39m
    106 Linear |R| = [33m7.974106e+01[39m
    107 Linear |R| = [33m7.954185e+01[39m
    108 Linear |R| = [33m7.924328e+01[39m
    109 Linear |R| = [33m7.908563e+01[39m
    110 Linear |R| = [33m7.904115e+01[39m
    111 Linear |R| = [33m7.900186e+01[39m
    112 Linear |R| = [33m7.878186e+01[39m
    113 Linear |R| = [33m7.842277e+01[39m
    114 Linear |R| = [33m7.780433e+01[39m
    115 Linear |R| = [33m7.644301e+01[39m
    116 Linear |R| = [33m7.522221e+01[39m
    117 Linear |R| = [33m7.361438e+01[39m
    118 Linear |R| = [33m7.189717e+01[39m
    119 Linear |R| = [33m7.031516e+01[39m
    120 Linear |R| = [33m6.766683e+01[39m
    121 Linear |R| = [33m6.618914e+01[39m
    122 Linear |R| = [33m6.520183e+01[39m
    123 Linear |R| = [33m6.367255e+01[39m
    124 Linear |R| = [33m6.241043e+01[39m
    125 Linear |R| = [33m6.137242e+01[39m
    126 Linear |R| = [33m6.070903e+01[39m
    127 Linear |R| = [33m5.989470e+01[39m
    128 Linear |R| = [33m5.930341e+01[39m
    129 Linear |R| = [33m5.883345e+01[39m
    130 Linear |R| = [33m5.856783e+01[39m
    131 Linear |R| = [33m5.843380e+01[39m
    132 Linear |R| = [33m5.834346e+01[39m
    133 Linear |R| = [33m5.828711e+01[39m
    134 Linear |R| = [33m5.821585e+01[39m
    135 Linear |R| = [33m5.820588e+01[39m
    136 Linear |R| = [33m5.820562e+01[39m
    137 Linear |R| = [33m5.820380e+01[39m
    138 Linear |R| = [33m5.817963e+01[39m
    139 Linear |R| = [33m5.813425e+01[39m
    140 Linear |R| = [33m5.812066e+01[39m
    141 Linear |R| = [33m5.807617e+01[39m
    142 Linear |R| = [33m5.800498e+01[39m
    143 Linear |R| = [33m5.786500e+01[39m
    144 Linear |R| = [33m5.764978e+01[39m
    145 Linear |R| = [33m5.750003e+01[39m
    146 Linear |R| = [33m5.733606e+01[39m
    147 Linear |R| = [33m5.695160e+01[39m
    148 Linear |R| = [33m5.643791e+01[39m
    149 Linear |R| = [33m5.590910e+01[39m
    150 Linear |R| = [33m5.484432e+01[39m
    151 Linear |R| = [33m5.418620e+01[39m
    152 Linear |R| = [33m5.379584e+01[39m
    153 Linear |R| = [33m5.341699e+01[39m
    154 Linear |R| = [33m5.305868e+01[39m
    155 Linear |R| = [33m5.293410e+01[39m
    156 Linear |R| = [33m5.285484e+01[39m
    157 Linear |R| = [33m5.274562e+01[39m
    158 Linear |R| = [33m5.262564e+01[39m
    159 Linear |R| = [33m5.257205e+01[39m
    160 Linear |R| = [33m5.252820e+01[39m
    161 Linear |R| = [33m5.250015e+01[39m
    162 Linear |R| = [33m5.249895e+01[39m
    163 Linear |R| = [33m5.246792e+01[39m
    164 Linear |R| = [33m5.245697e+01[39m
    165 Linear |R| = [33m5.244259e+01[39m
    166 Linear |R| = [33m5.242741e+01[39m
    167 Linear |R| = [33m5.238786e+01[39m
    168 Linear |R| = [33m5.230473e+01[39m
    169 Linear |R| = [33m5.221744e+01[39m
    170 Linear |R| = [33m5.220155e+01[39m
    171 Linear |R| = [33m5.217511e+01[39m
    172 Linear |R| = [33m5.207997e+01[39m
    173 Linear |R| = [33m5.186711e+01[39m
    174 Linear |R| = [33m5.159194e+01[39m
    175 Linear |R| = [33m5.079656e+01[39m
    176 Linear |R| = [33m4.967352e+01[39m
    177 Linear |R| = [33m4.876822e+01[39m
    178 Linear |R| = [33m4.776455e+01[39m
    179 Linear |R| = [33m4.663612e+01[39m
    180 Linear |R| = [33m4.444768e+01[39m
    181 Linear |R| = [33m4.345253e+01[39m
    182 Linear |R| = [33m4.284204e+01[39m
    183 Linear |R| = [33m4.171212e+01[39m
    184 Linear |R| = [33m4.068626e+01[39m
    185 Linear |R| = [33m3.997242e+01[39m
    186 Linear |R| = [33m3.949756e+01[39m
    187 Linear |R| = [33m3.910751e+01[39m
    188 Linear |R| = [33m3.891823e+01[39m
    189 Linear |R| = [33m3.876929e+01[39m
    190 Linear |R| = [33m3.860521e+01[39m
    191 Linear |R| = [33m3.852596e+01[39m
    192 Linear |R| = [33m3.850890e+01[39m
    193 Linear |R| = [33m3.850502e+01[39m
    194 Linear |R| = [33m3.849568e+01[39m
    195 Linear |R| = [33m3.849536e+01[39m
    196 Linear |R| = [33m3.848674e+01[39m
    197 Linear |R| = [33m3.844267e+01[39m
    198 Linear |R| = [33m3.837401e+01[39m
    199 Linear |R| = [33m3.831645e+01[39m
    200 Linear |R| = [33m3.823697e+01[39m
    201 Linear |R| = [33m3.812020e+01[39m
    202 Linear |R| = [33m3.803199e+01[39m
    203 Linear |R| = [33m3.793102e+01[39m
    204 Linear |R| = [33m3.776900e+01[39m
    205 Linear |R| = [33m3.762780e+01[39m
    206 Linear |R| = [33m3.751566e+01[39m
    207 Linear |R| = [33m3.728928e+01[39m
    208 Linear |R| = [33m3.695889e+01[39m
    209 Linear |R| = [33m3.649736e+01[39m
    210 Linear |R| = [33m3.600216e+01[39m
    211 Linear |R| = [33m3.574472e+01[39m
    212 Linear |R| = [33m3.552051e+01[39m
    213 Linear |R| = [33m3.507734e+01[39m
    214 Linear |R| = [33m3.486815e+01[39m
    215 Linear |R| = [33m3.477490e+01[39m
    216 Linear |R| = [33m3.469596e+01[39m
    217 Linear |R| = [33m3.453720e+01[39m
    218 Linear |R| = [33m3.442111e+01[39m
    219 Linear |R| = [33m3.437353e+01[39m
    220 Linear |R| = [33m3.429836e+01[39m
    221 Linear |R| = [33m3.426504e+01[39m
    222 Linear |R| = [33m3.426403e+01[39m
    223 Linear |R| = [33m3.426132e+01[39m
    224 Linear |R| = [33m3.426108e+01[39m
    225 Linear |R| = [33m3.426101e+01[39m
    226 Linear |R| = [33m3.425438e+01[39m
    227 Linear |R| = [33m3.424873e+01[39m
    228 Linear |R| = [33m3.423838e+01[39m
    229 Linear |R| = [33m3.422470e+01[39m
    230 Linear |R| = [33m3.420723e+01[39m
    231 Linear |R| = [33m3.419415e+01[39m
    232 Linear |R| = [33m3.415478e+01[39m
    233 Linear |R| = [33m3.405917e+01[39m
    234 Linear |R| = [33m3.386680e+01[39m
    235 Linear |R| = [33m3.340202e+01[39m
    236 Linear |R| = [33m3.276310e+01[39m
    237 Linear |R| = [33m3.190570e+01[39m
    238 Linear |R| = [33m3.095752e+01[39m
    239 Linear |R| = [33m3.012878e+01[39m
    240 Linear |R| = [33m2.874145e+01[39m
    241 Linear |R| = [33m2.774259e+01[39m
    242 Linear |R| = [33m2.699526e+01[39m
    243 Linear |R| = [33m2.634429e+01[39m
    244 Linear |R| = [33m2.573967e+01[39m
    245 Linear |R| = [33m2.520093e+01[39m
    246 Linear |R| = [33m2.482927e+01[39m
    247 Linear |R| = [33m2.463640e+01[39m
    248 Linear |R| = [33m2.455472e+01[39m
    249 Linear |R| = [33m2.446601e+01[39m
    250 Linear |R| = [33m2.439670e+01[39m
    251 Linear |R| = [33m2.435192e+01[39m
    252 Linear |R| = [33m2.434841e+01[39m
    253 Linear |R| = [33m2.434691e+01[39m
    254 Linear |R| = [33m2.434563e+01[39m
    255 Linear |R| = [33m2.434229e+01[39m
    256 Linear |R| = [33m2.431697e+01[39m
    257 Linear |R| = [33m2.426060e+01[39m
    258 Linear |R| = [33m2.420233e+01[39m
    259 Linear |R| = [33m2.414819e+01[39m
    260 Linear |R| = [33m2.409236e+01[39m
    261 Linear |R| = [33m2.402292e+01[39m
    262 Linear |R| = [33m2.398054e+01[39m
    263 Linear |R| = [33m2.392096e+01[39m
    264 Linear |R| = [33m2.374355e+01[39m
    265 Linear |R| = [33m2.363904e+01[39m
    266 Linear |R| = [33m2.357388e+01[39m
    267 Linear |R| = [33m2.346467e+01[39m
    268 Linear |R| = [33m2.318264e+01[39m
    269 Linear |R| = [33m2.283642e+01[39m
    270 Linear |R| = [33m2.252064e+01[39m
    271 Linear |R| = [33m2.236413e+01[39m
    272 Linear |R| = [33m2.223953e+01[39m
    273 Linear |R| = [33m2.203695e+01[39m
    274 Linear |R| = [33m2.185300e+01[39m
    275 Linear |R| = [33m2.175769e+01[39m
    276 Linear |R| = [33m2.171502e+01[39m
    277 Linear |R| = [33m2.163261e+01[39m
    278 Linear |R| = [33m2.150895e+01[39m
    279 Linear |R| = [33m2.143836e+01[39m
    280 Linear |R| = [33m2.140049e+01[39m
    281 Linear |R| = [33m2.138677e+01[39m
    282 Linear |R| = [33m2.138574e+01[39m
    283 Linear |R| = [33m2.138564e+01[39m
    284 Linear |R| = [33m2.138206e+01[39m
    285 Linear |R| = [33m2.138057e+01[39m
    286 Linear |R| = [33m2.137987e+01[39m
    287 Linear |R| = [33m2.137712e+01[39m
    288 Linear |R| = [33m2.137335e+01[39m
    289 Linear |R| = [33m2.137125e+01[39m
    290 Linear |R| = [33m2.136673e+01[39m
    291 Linear |R| = [33m2.134754e+01[39m
    292 Linear |R| = [33m2.129170e+01[39m
    293 Linear |R| = [33m2.123591e+01[39m
    294 Linear |R| = [33m2.119303e+01[39m
    295 Linear |R| = [33m2.095373e+01[39m
    296 Linear |R| = [33m2.022913e+01[39m
    297 Linear |R| = [33m1.978946e+01[39m
    298 Linear |R| = [33m1.924017e+01[39m
    299 Linear |R| = [33m1.847819e+01[39m
    300 Linear |R| = [32m1.743081e+01[39m
    301 Linear |R| = [33m1.675608e+01[39m
    302 Linear |R| = [33m1.625928e+01[39m
    303 Linear |R| = [33m1.571375e+01[39m
    304 Linear |R| = [33m1.534718e+01[39m
    305 Linear |R| = [33m1.493835e+01[39m
    306 Linear |R| = [33m1.476812e+01[39m
    307 Linear |R| = [33m1.470346e+01[39m
    308 Linear |R| = [33m1.465572e+01[39m
    309 Linear |R| = [33m1.459825e+01[39m
    310 Linear |R| = [33m1.456352e+01[39m
    311 Linear |R| = [33m1.454411e+01[39m
    312 Linear |R| = [33m1.454307e+01[39m
    313 Linear |R| = [33m1.454300e+01[39m
    314 Linear |R| = [33m1.454269e+01[39m
    315 Linear |R| = [33m1.453471e+01[39m
    316 Linear |R| = [33m1.451498e+01[39m
    317 Linear |R| = [33m1.446461e+01[39m
    318 Linear |R| = [33m1.442201e+01[39m
    319 Linear |R| = [33m1.440309e+01[39m
    320 Linear |R| = [33m1.438097e+01[39m
    321 Linear |R| = [33m1.434346e+01[39m
    322 Linear |R| = [33m1.427929e+01[39m
    323 Linear |R| = [33m1.419693e+01[39m
    324 Linear |R| = [33m1.412142e+01[39m
    325 Linear |R| = [33m1.408156e+01[39m
    326 Linear |R| = [33m1.402992e+01[39m
    327 Linear |R| = [33m1.388985e+01[39m
    328 Linear |R| = [33m1.369462e+01[39m
    329 Linear |R| = [33m1.358389e+01[39m
    330 Linear |R| = [33m1.340710e+01[39m
    331 Linear |R| = [33m1.327734e+01[39m
    332 Linear |R| = [33m1.319062e+01[39m
    333 Linear |R| = [33m1.309595e+01[39m
    334 Linear |R| = [33m1.298956e+01[39m
    335 Linear |R| = [33m1.292857e+01[39m
    336 Linear |R| = [33m1.287709e+01[39m
    337 Linear |R| = [33m1.279763e+01[39m
    338 Linear |R| = [33m1.273264e+01[39m
    339 Linear |R| = [33m1.271314e+01[39m
    340 Linear |R| = [33m1.270312e+01[39m
    341 Linear |R| = [33m1.268031e+01[39m
    342 Linear |R| = [33m1.267725e+01[39m
    343 Linear |R| = [33m1.267716e+01[39m
    344 Linear |R| = [33m1.267706e+01[39m
    345 Linear |R| = [33m1.267688e+01[39m
    346 Linear |R| = [33m1.267684e+01[39m
    347 Linear |R| = [33m1.267678e+01[39m
    348 Linear |R| = [33m1.267531e+01[39m
    349 Linear |R| = [33m1.266433e+01[39m
    350 Linear |R| = [33m1.265960e+01[39m
    351 Linear |R| = [33m1.265848e+01[39m
    352 Linear |R| = [33m1.264958e+01[39m
    353 Linear |R| = [33m1.257904e+01[39m
    354 Linear |R| = [33m1.247588e+01[39m
    355 Linear |R| = [33m1.222423e+01[39m
    356 Linear |R| = [33m1.169633e+01[39m
    357 Linear |R| = [33m1.133685e+01[39m
    358 Linear |R| = [33m1.082852e+01[39m
    359 Linear |R| = [32m1.027488e+01[39m
    360 Linear |R| = [32m9.612622e+00[39m
    361 Linear |R| = [33m9.194745e+00[39m
    362 Linear |R| = [33m8.843199e+00[39m
    363 Linear |R| = [33m8.434205e+00[39m
    364 Linear |R| = [33m8.111067e+00[39m
    365 Linear |R| = [33m7.774216e+00[39m
    366 Linear |R| = [33m7.585687e+00[39m
    367 Linear |R| = [33m7.549478e+00[39m
    368 Linear |R| = [33m7.532350e+00[39m
    369 Linear |R| = [33m7.483928e+00[39m
    370 Linear |R| = [33m7.470549e+00[39m
    371 Linear |R| = [33m7.468393e+00[39m
    372 Linear |R| = [33m7.468373e+00[39m
    373 Linear |R| = [33m7.467796e+00[39m
    374 Linear |R| = [33m7.459647e+00[39m
    375 Linear |R| = [33m7.448940e+00[39m
    376 Linear |R| = [33m7.433927e+00[39m
    377 Linear |R| = [33m7.411603e+00[39m
    378 Linear |R| = [33m7.370037e+00[39m
    379 Linear |R| = [33m7.351310e+00[39m
    380 Linear |R| = [33m7.341377e+00[39m
    381 Linear |R| = [33m7.314498e+00[39m
    382 Linear |R| = [33m7.277699e+00[39m
    383 Linear |R| = [33m7.245572e+00[39m
    384 Linear |R| = [33m7.203165e+00[39m
    385 Linear |R| = [33m7.170419e+00[39m
    386 Linear |R| = [33m7.106291e+00[39m
    387 Linear |R| = [33m7.065314e+00[39m
    388 Linear |R| = [33m7.020160e+00[39m
    389 Linear |R| = [33m6.925550e+00[39m
    390 Linear |R| = [33m6.826969e+00[39m
    391 Linear |R| = [33m6.789885e+00[39m
    392 Linear |R| = [33m6.765086e+00[39m
    393 Linear |R| = [33m6.697480e+00[39m
    394 Linear |R| = [33m6.631395e+00[39m
    395 Linear |R| = [33m6.596875e+00[39m
    396 Linear |R| = [33m6.577071e+00[39m
    397 Linear |R| = [33m6.554090e+00[39m
    398 Linear |R| = [33m6.516958e+00[39m
    399 Linear |R| = [33m6.482795e+00[39m
    400 Linear |R| = [33m6.470088e+00[39m
    401 Linear |R| = [33m6.464055e+00[39m
    402 Linear |R| = [33m6.463282e+00[39m
    403 Linear |R| = [33m6.462638e+00[39m
    404 Linear |R| = [33m6.459553e+00[39m
    405 Linear |R| = [33m6.458809e+00[39m
    406 Linear |R| = [33m6.458168e+00[39m
    407 Linear |R| = [33m6.458074e+00[39m
    408 Linear |R| = [33m6.457690e+00[39m
    409 Linear |R| = [33m6.457689e+00[39m
    410 Linear |R| = [33m6.456534e+00[39m
    411 Linear |R| = [33m6.447750e+00[39m
    412 Linear |R| = [33m6.442364e+00[39m
    413 Linear |R| = [33m6.427108e+00[39m
    414 Linear |R| = [33m6.383529e+00[39m
    415 Linear |R| = [33m6.260964e+00[39m
    416 Linear |R| = [33m5.969058e+00[39m
    417 Linear |R| = [32m5.516048e+00[39m
    418 Linear |R| = [32m4.862924e+00[39m
    419 Linear |R| = [32m4.234891e+00[39m
    420 Linear |R| = [32m3.951879e+00[39m
    421 Linear |R| = [33m3.759903e+00[39m
    422 Linear |R| = [32m3.435021e+00[39m
    423 Linear |R| = [32m3.140812e+00[39m
    424 Linear |R| = [32m2.863432e+00[39m
    425 Linear |R| = [32m2.663029e+00[39m
    426 Linear |R| = [33m2.570137e+00[39m
    427 Linear |R| = [33m2.521801e+00[39m
    428 Linear |R| = [33m2.492893e+00[39m
    429 Linear |R| = [33m2.480575e+00[39m
    430 Linear |R| = [33m2.475516e+00[39m
    431 Linear |R| = [33m2.473714e+00[39m
    432 Linear |R| = [33m2.473522e+00[39m
    433 Linear |R| = [33m2.470633e+00[39m
    434 Linear |R| = [33m2.468227e+00[39m
    435 Linear |R| = [33m2.463974e+00[39m
    436 Linear |R| = [33m2.454814e+00[39m
    437 Linear |R| = [33m2.435944e+00[39m
    438 Linear |R| = [33m2.427814e+00[39m
    439 Linear |R| = [33m2.417065e+00[39m
    440 Linear |R| = [33m2.405853e+00[39m
    441 Linear |R| = [33m2.394692e+00[39m
    442 Linear |R| = [33m2.384605e+00[39m
    443 Linear |R| = [33m2.378192e+00[39m
    444 Linear |R| = [33m2.365507e+00[39m
    445 Linear |R| = [33m2.354253e+00[39m
    446 Linear |R| = [33m2.345552e+00[39m
    447 Linear |R| = [33m2.326262e+00[39m
    448 Linear |R| = [33m2.306000e+00[39m
    449 Linear |R| = [33m2.282487e+00[39m
    450 Linear |R| = [33m2.253058e+00[39m
    451 Linear |R| = [33m2.239226e+00[39m
    452 Linear |R| = [33m2.232302e+00[39m
    453 Linear |R| = [33m2.218237e+00[39m
    454 Linear |R| = [33m2.203707e+00[39m
    455 Linear |R| = [33m2.191678e+00[39m
    456 Linear |R| = [33m2.180019e+00[39m
    457 Linear |R| = [33m2.168536e+00[39m
    458 Linear |R| = [33m2.162150e+00[39m
    459 Linear |R| = [33m2.156494e+00[39m
    460 Linear |R| = [33m2.153268e+00[39m
    461 Linear |R| = [33m2.150192e+00[39m
    462 Linear |R| = [33m2.148204e+00[39m
    463 Linear |R| = [33m2.146531e+00[39m
    464 Linear |R| = [33m2.145666e+00[39m
    465 Linear |R| = [33m2.145104e+00[39m
    466 Linear |R| = [33m2.143786e+00[39m
    467 Linear |R| = [33m2.143070e+00[39m
    468 Linear |R| = [33m2.143007e+00[39m
    469 Linear |R| = [33m2.142921e+00[39m
    470 Linear |R| = [33m2.142361e+00[39m
    471 Linear |R| = [33m2.139182e+00[39m
    472 Linear |R| = [33m2.133415e+00[39m
    473 Linear |R| = [33m2.113720e+00[39m
    474 Linear |R| = [33m2.068376e+00[39m
    475 Linear |R| = [33m1.997324e+00[39m
    476 Linear |R| = [32m1.779087e+00[39m
    477 Linear |R| = [32m1.482432e+00[39m
    478 Linear |R| = [32m1.042853e+00[39m
    479 Linear |R| = [32m7.593350e-01[39m
    480 Linear |R| = [32m6.209587e-01[39m
    481 Linear |R| = [32m5.631542e-01[39m
    482 Linear |R| = [32m4.880706e-01[39m
    483 Linear |R| = [32m3.825228e-01[39m
    484 Linear |R| = [32m3.064415e-01[39m
    485 Linear |R| = [32m2.600045e-01[39m
    486 Linear |R| = [32m2.405583e-01[39m
    487 Linear |R| = [32m2.212700e-01[39m
    488 Linear |R| = [32m2.083807e-01[39m
    489 Linear |R| = [33m2.024419e-01[39m
    490 Linear |R| = [33m2.001561e-01[39m
    491 Linear |R| = [33m1.984415e-01[39m
    492 Linear |R| = [33m1.977429e-01[39m
    493 Linear |R| = [33m1.974405e-01[39m
    494 Linear |R| = [33m1.973067e-01[39m
    495 Linear |R| = [33m1.972643e-01[39m
    496 Linear |R| = [33m1.972526e-01[39m
    497 Linear |R| = [33m1.972028e-01[39m
    498 Linear |R| = [33m1.971435e-01[39m
    499 Linear |R| = [33m1.970301e-01[39m
    500 Linear |R| = [33m1.968227e-01[39m
    501 Linear |R| = [33m1.966270e-01[39m
    502 Linear |R| = [33m1.964464e-01[39m
    503 Linear |R| = [33m1.962604e-01[39m
    504 Linear |R| = [33m1.960291e-01[39m
    505 Linear |R| = [33m1.955583e-01[39m
    506 Linear |R| = [33m1.949601e-01[39m
    507 Linear |R| = [33m1.944960e-01[39m
    508 Linear |R| = [33m1.937305e-01[39m
    509 Linear |R| = [33m1.918120e-01[39m
    510 Linear |R| = [33m1.894449e-01[39m
    511 Linear |R| = [33m1.883893e-01[39m
    512 Linear |R| = [33m1.878907e-01[39m
    513 Linear |R| = [33m1.870981e-01[39m
    514 Linear |R| = [33m1.862404e-01[39m
    515 Linear |R| = [33m1.856678e-01[39m
    516 Linear |R| = [33m1.852425e-01[39m
    517 Linear |R| = [33m1.850558e-01[39m
    518 Linear |R| = [33m1.849181e-01[39m
    519 Linear |R| = [33m1.844935e-01[39m
    520 Linear |R| = [33m1.842683e-01[39m
    521 Linear |R| = [33m1.841875e-01[39m
    522 Linear |R| = [33m1.841783e-01[39m
    523 Linear |R| = [33m1.841770e-01[39m
    524 Linear |R| = [33m1.841723e-01[39m
    525 Linear |R| = [33m1.841529e-01[39m
    526 Linear |R| = [33m1.841320e-01[39m
    527 Linear |R| = [33m1.840395e-01[39m
    528 Linear |R| = [33m1.837180e-01[39m
    529 Linear |R| = [33m1.833365e-01[39m
    530 Linear |R| = [33m1.832964e-01[39m
    531 Linear |R| = [33m1.830638e-01[39m
    532 Linear |R| = [33m1.823938e-01[39m
    533 Linear |R| = [33m1.813169e-01[39m
    534 Linear |R| = [33m1.799495e-01[39m
    535 Linear |R| = [33m1.787034e-01[39m
    536 Linear |R| = [33m1.755100e-01[39m
    537 Linear |R| = [33m1.710203e-01[39m
    538 Linear |R| = [32m1.623393e-01[39m
    539 Linear |R| = [33m1.552868e-01[39m
    540 Linear |R| = [32m1.423109e-01[39m
    541 Linear |R| = [32m1.337332e-01[39m
    542 Linear |R| = [33m1.289054e-01[39m
    543 Linear |R| = [33m1.232951e-01[39m
    544 Linear |R| = [33m1.196376e-01[39m
    545 Linear |R| = [33m1.172789e-01[39m
    546 Linear |R| = [33m1.161590e-01[39m
    547 Linear |R| = [33m1.151344e-01[39m
    548 Linear |R| = [33m1.143551e-01[39m
    549 Linear |R| = [33m1.135296e-01[39m
    550 Linear |R| = [33m1.129992e-01[39m
    551 Linear |R| = [33m1.124271e-01[39m
    552 Linear |R| = [33m1.121028e-01[39m
    553 Linear |R| = [33m1.120258e-01[39m
    554 Linear |R| = [33m1.120094e-01[39m
    555 Linear |R| = [33m1.119943e-01[39m
    556 Linear |R| = [33m1.119930e-01[39m
    557 Linear |R| = [33m1.119152e-01[39m
    558 Linear |R| = [33m1.116910e-01[39m
    559 Linear |R| = [33m1.116067e-01[39m
    560 Linear |R| = [33m1.114609e-01[39m
    561 Linear |R| = [33m1.112972e-01[39m
    562 Linear |R| = [33m1.111276e-01[39m
    563 Linear |R| = [33m1.108424e-01[39m
    564 Linear |R| = [33m1.104886e-01[39m
    565 Linear |R| = [33m1.100669e-01[39m
    566 Linear |R| = [33m1.098213e-01[39m
    567 Linear |R| = [33m1.094735e-01[39m
    568 Linear |R| = [33m1.086766e-01[39m
    569 Linear |R| = [33m1.079022e-01[39m
    570 Linear |R| = [33m1.066142e-01[39m
    571 Linear |R| = [33m1.058231e-01[39m
    572 Linear |R| = [33m1.054596e-01[39m
    573 Linear |R| = [33m1.047596e-01[39m
    574 Linear |R| = [33m1.043006e-01[39m
    575 Linear |R| = [33m1.040568e-01[39m
    576 Linear |R| = [33m1.038860e-01[39m
    577 Linear |R| = [33m1.036254e-01[39m
    578 Linear |R| = [33m1.034366e-01[39m
    579 Linear |R| = [33m1.033302e-01[39m
    580 Linear |R| = [33m1.032390e-01[39m
    581 Linear |R| = [33m1.031364e-01[39m
    582 Linear |R| = [33m1.031337e-01[39m
    583 Linear |R| = [33m1.031330e-01[39m
    584 Linear |R| = [33m1.031326e-01[39m
    585 Linear |R| = [33m1.031216e-01[39m
    586 Linear |R| = [33m1.030963e-01[39m
    587 Linear |R| = [33m1.030634e-01[39m
    588 Linear |R| = [33m1.030266e-01[39m
    589 Linear |R| = [33m1.029673e-01[39m
    590 Linear |R| = [33m1.028054e-01[39m
    591 Linear |R| = [33m1.026198e-01[39m
    592 Linear |R| = [33m1.024860e-01[39m
    593 Linear |R| = [33m1.022291e-01[39m
    594 Linear |R| = [33m1.016758e-01[39m
    595 Linear |R| = [33m1.007216e-01[39m
    596 Linear |R| = [33m9.894736e-02[39m
    597 Linear |R| = [33m9.714148e-02[39m
    598 Linear |R| = [33m9.400886e-02[39m
    599 Linear |R| = [33m9.008414e-02[39m
    600 Linear |R| = [33m8.574658e-02[39m
    601 Linear |R| = [33m8.193884e-02[39m
    602 Linear |R| = [33m7.885461e-02[39m
    603 Linear |R| = [33m7.679936e-02[39m
    604 Linear |R| = [33m7.523192e-02[39m
    605 Linear |R| = [33m7.398800e-02[39m
    606 Linear |R| = [33m7.341107e-02[39m
    607 Linear |R| = [33m7.309089e-02[39m
    608 Linear |R| = [33m7.264833e-02[39m
    609 Linear |R| = [33m7.220851e-02[39m
    610 Linear |R| = [33m7.203069e-02[39m
    611 Linear |R| = [33m7.187651e-02[39m
    612 Linear |R| = [33m7.172472e-02[39m
    613 Linear |R| = [33m7.168252e-02[39m
    614 Linear |R| = [33m7.166471e-02[39m
    615 Linear |R| = [33m7.165550e-02[39m
    616 Linear |R| = [33m7.165515e-02[39m
    617 Linear |R| = [33m7.161847e-02[39m
    618 Linear |R| = [33m7.154712e-02[39m
    619 Linear |R| = [33m7.147442e-02[39m
    620 Linear |R| = [33m7.144148e-02[39m
    621 Linear |R| = [33m7.133877e-02[39m
    622 Linear |R| = [33m7.115078e-02[39m
    623 Linear |R| = [33m7.098308e-02[39m
    624 Linear |R| = [33m7.081107e-02[39m
    625 Linear |R| = [33m7.048135e-02[39m
    626 Linear |R| = [33m7.002307e-02[39m
    627 Linear |R| = [33m6.967732e-02[39m
    628 Linear |R| = [33m6.934610e-02[39m
    629 Linear |R| = [33m6.850435e-02[39m
    630 Linear |R| = [33m6.748045e-02[39m
    631 Linear |R| = [33m6.702963e-02[39m
    632 Linear |R| = [33m6.681172e-02[39m
    633 Linear |R| = [33m6.616063e-02[39m
    634 Linear |R| = [33m6.582600e-02[39m
    635 Linear |R| = [33m6.561036e-02[39m
    636 Linear |R| = [33m6.549754e-02[39m
    637 Linear |R| = [33m6.535716e-02[39m
    638 Linear |R| = [33m6.523816e-02[39m
    639 Linear |R| = [33m6.514765e-02[39m
    640 Linear |R| = [33m6.506662e-02[39m
    641 Linear |R| = [33m6.502419e-02[39m
    642 Linear |R| = [33m6.502347e-02[39m
    643 Linear |R| = [33m6.502325e-02[39m
    644 Linear |R| = [33m6.501684e-02[39m
    645 Linear |R| = [33m6.501226e-02[39m
    646 Linear |R| = [33m6.501040e-02[39m
    647 Linear |R| = [33m6.497647e-02[39m
    648 Linear |R| = [33m6.495516e-02[39m
    649 Linear |R| = [33m6.490718e-02[39m
    650 Linear |R| = [33m6.483215e-02[39m
    651 Linear |R| = [33m6.471103e-02[39m
    652 Linear |R| = [33m6.460321e-02[39m
    653 Linear |R| = [33m6.443765e-02[39m
    654 Linear |R| = [33m6.417991e-02[39m
    655 Linear |R| = [33m6.372249e-02[39m
    656 Linear |R| = [33m6.295613e-02[39m
    657 Linear |R| = [33m6.160770e-02[39m
    658 Linear |R| = [33m6.013215e-02[39m
    659 Linear |R| = [33m5.792305e-02[39m
    660 Linear |R| = [33m5.593964e-02[39m
    661 Linear |R| = [33m5.433336e-02[39m
    662 Linear |R| = [33m5.268851e-02[39m
    663 Linear |R| = [33m5.159529e-02[39m
    664 Linear |R| = [33m5.070785e-02[39m
    665 Linear |R| = [33m5.007094e-02[39m
    666 Linear |R| = [33m4.979147e-02[39m
    667 Linear |R| = [33m4.952513e-02[39m
    668 Linear |R| = [33m4.930825e-02[39m
    669 Linear |R| = [33m4.915760e-02[39m
    670 Linear |R| = [33m4.902966e-02[39m
    671 Linear |R| = [33m4.890902e-02[39m
    672 Linear |R| = [33m4.886652e-02[39m
    673 Linear |R| = [33m4.884083e-02[39m
    674 Linear |R| = [33m4.882731e-02[39m
    675 Linear |R| = [33m4.880187e-02[39m
    676 Linear |R| = [33m4.879893e-02[39m
    677 Linear |R| = [33m4.876242e-02[39m
    678 Linear |R| = [33m4.874945e-02[39m
    679 Linear |R| = [33m4.874601e-02[39m
    680 Linear |R| = [33m4.868804e-02[39m
    681 Linear |R| = [33m4.859758e-02[39m
    682 Linear |R| = [33m4.847767e-02[39m
    683 Linear |R| = [33m4.835979e-02[39m
    684 Linear |R| = [33m4.806864e-02[39m
    685 Linear |R| = [33m4.772314e-02[39m
    686 Linear |R| = [33m4.752407e-02[39m
    687 Linear |R| = [33m4.712533e-02[39m
    688 Linear |R| = [33m4.657986e-02[39m
    689 Linear |R| = [33m4.614263e-02[39m
    690 Linear |R| = [33m4.545853e-02[39m
    691 Linear |R| = [33m4.498412e-02[39m
    692 Linear |R| = [33m4.471530e-02[39m
    693 Linear |R| = [33m4.428564e-02[39m
    694 Linear |R| = [33m4.395740e-02[39m
    695 Linear |R| = [33m4.380526e-02[39m
    696 Linear |R| = [33m4.370348e-02[39m
    697 Linear |R| = [33m4.355804e-02[39m
    698 Linear |R| = [33m4.342618e-02[39m
    699 Linear |R| = [33m4.337225e-02[39m
    700 Linear |R| = [33m4.334512e-02[39m
    701 Linear |R| = [33m4.329820e-02[39m
    702 Linear |R| = [33m4.329593e-02[39m
    703 Linear |R| = [33m4.329319e-02[39m
    704 Linear |R| = [33m4.329254e-02[39m
    705 Linear |R| = [33m4.328791e-02[39m
    706 Linear |R| = [33m4.328050e-02[39m
    707 Linear |R| = [33m4.326879e-02[39m
    708 Linear |R| = [33m4.324609e-02[39m
    709 Linear |R| = [33m4.320038e-02[39m
    710 Linear |R| = [33m4.314917e-02[39m
    711 Linear |R| = [33m4.307062e-02[39m
    712 Linear |R| = [33m4.298400e-02[39m
    713 Linear |R| = [33m4.286194e-02[39m
    714 Linear |R| = [33m4.266963e-02[39m
    715 Linear |R| = [33m4.246088e-02[39m
    716 Linear |R| = [33m4.202010e-02[39m
    717 Linear |R| = [33m4.138829e-02[39m
    718 Linear |R| = [33m4.028015e-02[39m
    719 Linear |R| = [33m3.924478e-02[39m
    720 Linear |R| = [33m3.783334e-02[39m
    721 Linear |R| = [33m3.662130e-02[39m
    722 Linear |R| = [33m3.564649e-02[39m
    723 Linear |R| = [33m3.508369e-02[39m
    724 Linear |R| = [33m3.465626e-02[39m
    725 Linear |R| = [33m3.422994e-02[39m
    726 Linear |R| = [33m3.405497e-02[39m
    727 Linear |R| = [33m3.396773e-02[39m
    728 Linear |R| = [33m3.383612e-02[39m
    729 Linear |R| = [33m3.371899e-02[39m
    730 Linear |R| = [33m3.365111e-02[39m
    731 Linear |R| = [33m3.362642e-02[39m
    732 Linear |R| = [33m3.359194e-02[39m
    733 Linear |R| = [33m3.354583e-02[39m
    734 Linear |R| = [33m3.353740e-02[39m
    735 Linear |R| = [33m3.353632e-02[39m
    736 Linear |R| = [33m3.353523e-02[39m
    737 Linear |R| = [33m3.352482e-02[39m
    738 Linear |R| = [33m3.349842e-02[39m
    739 Linear |R| = [33m3.347800e-02[39m
    740 Linear |R| = [33m3.347170e-02[39m
    741 Linear |R| = [33m3.343191e-02[39m
    742 Linear |R| = [33m3.327322e-02[39m
    743 Linear |R| = [33m3.310846e-02[39m
    744 Linear |R| = [33m3.294466e-02[39m
    745 Linear |R| = [33m3.272313e-02[39m
    746 Linear |R| = [33m3.237685e-02[39m
    747 Linear |R| = [33m3.190026e-02[39m
    748 Linear |R| = [33m3.159207e-02[39m
    749 Linear |R| = [33m3.129431e-02[39m
    750 Linear |R| = [33m3.079601e-02[39m
    751 Linear |R| = [33m3.045688e-02[39m
    752 Linear |R| = [33m3.024609e-02[39m
    753 Linear |R| = [33m2.980176e-02[39m
    754 Linear |R| = [33m2.954658e-02[39m
    755 Linear |R| = [33m2.942482e-02[39m
    756 Linear |R| = [33m2.933402e-02[39m
    757 Linear |R| = [33m2.916752e-02[39m
    758 Linear |R| = [33m2.904956e-02[39m
    759 Linear |R| = [33m2.901869e-02[39m
    760 Linear |R| = [33m2.900758e-02[39m
    761 Linear |R| = [33m2.898151e-02[39m
    762 Linear |R| = [33m2.897245e-02[39m
    763 Linear |R| = [33m2.897233e-02[39m
    764 Linear |R| = [33m2.896803e-02[39m
    765 Linear |R| = [33m2.896298e-02[39m
    766 Linear |R| = [33m2.895593e-02[39m
    767 Linear |R| = [33m2.895034e-02[39m
    768 Linear |R| = [33m2.893978e-02[39m
    769 Linear |R| = [33m2.891291e-02[39m
    770 Linear |R| = [33m2.885788e-02[39m
    771 Linear |R| = [33m2.877119e-02[39m
    772 Linear |R| = [33m2.871649e-02[39m
    773 Linear |R| = [33m2.868286e-02[39m
    774 Linear |R| = [33m2.858323e-02[39m
    775 Linear |R| = [33m2.838600e-02[39m
    776 Linear |R| = [33m2.807610e-02[39m
    777 Linear |R| = [33m2.770977e-02[39m
    778 Linear |R| = [33m2.726356e-02[39m
    779 Linear |R| = [33m2.650073e-02[39m
    780 Linear |R| = [33m2.544175e-02[39m
    781 Linear |R| = [33m2.464130e-02[39m
    782 Linear |R| = [33m2.402442e-02[39m
    783 Linear |R| = [33m2.362733e-02[39m
    784 Linear |R| = [33m2.334807e-02[39m
    785 Linear |R| = [33m2.316294e-02[39m
    786 Linear |R| = [33m2.306318e-02[39m
    787 Linear |R| = [33m2.299548e-02[39m
    788 Linear |R| = [33m2.291862e-02[39m
    789 Linear |R| = [33m2.288902e-02[39m
    790 Linear |R| = [33m2.286179e-02[39m
    791 Linear |R| = [33m2.282160e-02[39m
    792 Linear |R| = [33m2.280136e-02[39m
    793 Linear |R| = [33m2.279089e-02[39m
    794 Linear |R| = [33m2.278593e-02[39m
    795 Linear |R| = [33m2.278342e-02[39m
    796 Linear |R| = [33m2.278197e-02[39m
    797 Linear |R| = [33m2.277116e-02[39m
    798 Linear |R| = [33m2.276861e-02[39m
    799 Linear |R| = [33m2.275794e-02[39m
    800 Linear |R| = [33m2.273371e-02[39m
    801 Linear |R| = [33m2.269138e-02[39m
    802 Linear |R| = [33m2.265687e-02[39m
    803 Linear |R| = [33m2.255015e-02[39m
    804 Linear |R| = [33m2.231628e-02[39m
    805 Linear |R| = [33m2.208376e-02[39m
    806 Linear |R| = [33m2.181449e-02[39m
    807 Linear |R| = [33m2.151578e-02[39m
    808 Linear |R| = [33m2.109883e-02[39m
    809 Linear |R| = [33m2.071420e-02[39m
    810 Linear |R| = [33m2.040390e-02[39m
    811 Linear |R| = [33m2.018977e-02[39m
    812 Linear |R| = [33m1.997217e-02[39m
    813 Linear |R| = [33m1.959100e-02[39m
    814 Linear |R| = [33m1.936693e-02[39m
    815 Linear |R| = [33m1.920808e-02[39m
    816 Linear |R| = [33m1.908309e-02[39m
    817 Linear |R| = [33m1.896222e-02[39m
    818 Linear |R| = [33m1.889599e-02[39m
    819 Linear |R| = [33m1.885870e-02[39m
    820 Linear |R| = [33m1.883662e-02[39m
    821 Linear |R| = [33m1.882117e-02[39m
    822 Linear |R| = [33m1.881855e-02[39m
    823 Linear |R| = [33m1.881765e-02[39m
    824 Linear |R| = [33m1.881677e-02[39m
    825 Linear |R| = [33m1.881431e-02[39m
    826 Linear |R| = [33m1.880955e-02[39m
    827 Linear |R| = [33m1.880159e-02[39m
    828 Linear |R| = [33m1.878973e-02[39m
    829 Linear |R| = [33m1.877160e-02[39m
    830 Linear |R| = [33m1.874196e-02[39m
    831 Linear |R| = [33m1.869523e-02[39m
    832 Linear |R| = [33m1.864290e-02[39m
    833 Linear |R| = [33m1.861680e-02[39m
    834 Linear |R| = [33m1.856726e-02[39m
    835 Linear |R| = [33m1.846714e-02[39m
    836 Linear |R| = [33m1.826657e-02[39m
    837 Linear |R| = [33m1.808489e-02[39m
    838 Linear |R| = [33m1.776343e-02[39m
    839 Linear |R| = [33m1.728410e-02[39m
    840 Linear |R| = [33m1.648750e-02[39m
    841 Linear |R| = [33m1.584858e-02[39m
    842 Linear |R| = [33m1.548729e-02[39m
    843 Linear |R| = [33m1.524618e-02[39m
    844 Linear |R| = [33m1.509878e-02[39m
    845 Linear |R| = [33m1.496502e-02[39m
    846 Linear |R| = [33m1.490954e-02[39m
    847 Linear |R| = [33m1.486412e-02[39m
    848 Linear |R| = [33m1.482367e-02[39m
    849 Linear |R| = [33m1.480536e-02[39m
    850 Linear |R| = [33m1.478940e-02[39m
    851 Linear |R| = [33m1.476897e-02[39m
    852 Linear |R| = [33m1.475674e-02[39m
    853 Linear |R| = [33m1.474689e-02[39m
    854 Linear |R| = [33m1.474331e-02[39m
    855 Linear |R| = [33m1.474025e-02[39m
    856 Linear |R| = [33m1.474013e-02[39m
    857 Linear |R| = [33m1.473662e-02[39m
    858 Linear |R| = [33m1.473430e-02[39m
    859 Linear |R| = [33m1.473180e-02[39m
    860 Linear |R| = [33m1.472273e-02[39m
    861 Linear |R| = [33m1.469968e-02[39m
    862 Linear |R| = [33m1.467628e-02[39m
    863 Linear |R| = [33m1.462025e-02[39m
    864 Linear |R| = [33m1.444868e-02[39m
    865 Linear |R| = [33m1.420844e-02[39m
    866 Linear |R| = [33m1.396750e-02[39m
    867 Linear |R| = [33m1.364297e-02[39m
    868 Linear |R| = [33m1.322359e-02[39m
    869 Linear |R| = [33m1.288690e-02[39m
    870 Linear |R| = [33m1.265696e-02[39m
    871 Linear |R| = [33m1.251821e-02[39m
    872 Linear |R| = [33m1.231837e-02[39m
    873 Linear |R| = [33m1.196632e-02[39m
    874 Linear |R| = [33m1.170161e-02[39m
    875 Linear |R| = [33m1.155436e-02[39m
    876 Linear |R| = [33m1.145112e-02[39m
    877 Linear |R| = [33m1.136438e-02[39m
    878 Linear |R| = [33m1.130542e-02[39m
    879 Linear |R| = [33m1.127951e-02[39m
    880 Linear |R| = [33m1.126832e-02[39m
    881 Linear |R| = [33m1.125819e-02[39m
    882 Linear |R| = [33m1.125459e-02[39m
    883 Linear |R| = [33m1.125428e-02[39m
    884 Linear |R| = [33m1.125285e-02[39m
    885 Linear |R| = [33m1.124965e-02[39m
    886 Linear |R| = [33m1.124848e-02[39m
    887 Linear |R| = [33m1.123854e-02[39m
    888 Linear |R| = [33m1.122025e-02[39m
    889 Linear |R| = [33m1.119911e-02[39m
    890 Linear |R| = [33m1.118557e-02[39m
    891 Linear |R| = [33m1.115454e-02[39m
    892 Linear |R| = [33m1.112387e-02[39m
    893 Linear |R| = [33m1.111084e-02[39m
    894 Linear |R| = [33m1.109008e-02[39m
    895 Linear |R| = [33m1.101707e-02[39m
    896 Linear |R| = [33m1.090262e-02[39m
    897 Linear |R| = [33m1.079977e-02[39m
    898 Linear |R| = [33m1.068497e-02[39m
    899 Linear |R| = [33m1.026854e-02[39m
    900 Linear |R| = [32m9.641151e-03[39m
    901 Linear |R| = [33m9.163433e-03[39m
    902 Linear |R| = [33m8.812130e-03[39m
    903 Linear |R| = [33m8.669141e-03[39m
    904 Linear |R| = [33m8.582217e-03[39m
    905 Linear |R| = [33m8.522164e-03[39m
    906 Linear |R| = [33m8.493544e-03[39m
    907 Linear |R| = [33m8.467951e-03[39m
    908 Linear |R| = [33m8.441681e-03[39m
    909 Linear |R| = [33m8.431857e-03[39m
    910 Linear |R| = [33m8.420220e-03[39m
    911 Linear |R| = [33m8.407573e-03[39m
    912 Linear |R| = [33m8.396770e-03[39m
    913 Linear |R| = [33m8.391314e-03[39m
    914 Linear |R| = [33m8.387415e-03[39m
    915 Linear |R| = [33m8.383617e-03[39m
    916 Linear |R| = [33m8.383126e-03[39m
    917 Linear |R| = [33m8.382330e-03[39m
    918 Linear |R| = [33m8.382289e-03[39m
    919 Linear |R| = [33m8.382156e-03[39m
    920 Linear |R| = [33m8.381512e-03[39m
    921 Linear |R| = [33m8.370881e-03[39m
    922 Linear |R| = [33m8.354026e-03[39m
    923 Linear |R| = [33m8.326339e-03[39m
    924 Linear |R| = [33m8.257754e-03[39m
    925 Linear |R| = [33m8.098912e-03[39m
    926 Linear |R| = [33m7.885905e-03[39m
    927 Linear |R| = [33m7.529592e-03[39m
    928 Linear |R| = [32m6.856844e-03[39m
    929 Linear |R| = [32m6.280775e-03[39m
    930 Linear |R| = [33m6.021420e-03[39m
    931 Linear |R| = [33m5.896093e-03[39m
29 Nonlinear |R| = [33m5.961097e+02[39m
      0 Linear |R| = [32m5.961097e+02[39m
      1 Linear |R| = [32m4.518770e+02[39m
      2 Linear |R| = [32m3.163280e+02[39m
      3 Linear |R| = [32m2.491572e+02[39m
      4 Linear |R| = [32m2.016848e+02[39m
      5 Linear |R| = [32m1.783732e+02[39m
      6 Linear |R| = [32m1.686117e+02[39m
      7 Linear |R| = [33m1.669633e+02[39m
      8 Linear |R| = [33m1.669391e+02[39m
      9 Linear |R| = [33m1.667526e+02[39m
     10 Linear |R| = [33m1.666690e+02[39m
     11 Linear |R| = [33m1.661163e+02[39m
     12 Linear |R| = [33m1.646544e+02[39m
     13 Linear |R| = [33m1.619245e+02[39m
     14 Linear |R| = [33m1.556985e+02[39m
     15 Linear |R| = [32m1.449710e+02[39m
     16 Linear |R| = [32m1.337874e+02[39m
     17 Linear |R| = [32m1.230244e+02[39m
     18 Linear |R| = [32m1.147501e+02[39m
     19 Linear |R| = [32m1.082818e+02[39m
     20 Linear |R| = [33m1.037239e+02[39m
     21 Linear |R| = [33m1.005158e+02[39m
     22 Linear |R| = [33m9.802446e+01[39m
     23 Linear |R| = [33m9.582877e+01[39m
     24 Linear |R| = [33m9.422000e+01[39m
     25 Linear |R| = [33m9.369747e+01[39m
     26 Linear |R| = [33m9.367179e+01[39m
     27 Linear |R| = [33m9.360600e+01[39m
     28 Linear |R| = [33m9.318421e+01[39m
     29 Linear |R| = [33m9.225088e+01[39m
     30 Linear |R| = [33m9.166570e+01[39m
     31 Linear |R| = [33m9.062297e+01[39m
     32 Linear |R| = [33m9.014644e+01[39m
     33 Linear |R| = [33m8.984711e+01[39m
     34 Linear |R| = [33m8.982432e+01[39m
     35 Linear |R| = [33m8.980644e+01[39m
     36 Linear |R| = [33m8.979544e+01[39m
     37 Linear |R| = [33m8.963113e+01[39m
     38 Linear |R| = [33m8.916728e+01[39m
     39 Linear |R| = [33m8.848256e+01[39m
     40 Linear |R| = [33m8.793755e+01[39m
     41 Linear |R| = [33m8.746934e+01[39m
     42 Linear |R| = [33m8.687618e+01[39m
     43 Linear |R| = [33m8.613123e+01[39m
     44 Linear |R| = [33m8.526989e+01[39m
     45 Linear |R| = [33m8.424063e+01[39m
     46 Linear |R| = [33m8.282779e+01[39m
     47 Linear |R| = [33m8.146203e+01[39m
     48 Linear |R| = [33m8.072828e+01[39m
     49 Linear |R| = [33m8.024442e+01[39m
     50 Linear |R| = [33m8.013547e+01[39m
     51 Linear |R| = [33m8.012160e+01[39m
     52 Linear |R| = [33m8.011973e+01[39m
     53 Linear |R| = [33m8.004671e+01[39m
     54 Linear |R| = [33m7.984146e+01[39m
     55 Linear |R| = [33m7.928458e+01[39m
     56 Linear |R| = [33m7.818522e+01[39m
     57 Linear |R| = [33m7.608959e+01[39m
     58 Linear |R| = [33m7.373285e+01[39m
     59 Linear |R| = [33m7.180357e+01[39m
     60 Linear |R| = [31m7.506310e+01[39m
     61 Linear |R| = [32m7.062012e+01[39m
     62 Linear |R| = [33m6.942705e+01[39m
     63 Linear |R| = [33m6.905297e+01[39m
     64 Linear |R| = [33m6.893987e+01[39m
     65 Linear |R| = [33m6.892851e+01[39m
     66 Linear |R| = [33m6.892768e+01[39m
     67 Linear |R| = [33m6.891919e+01[39m
     68 Linear |R| = [33m6.888944e+01[39m
     69 Linear |R| = [33m6.882161e+01[39m
     70 Linear |R| = [33m6.868222e+01[39m
     71 Linear |R| = [33m6.851762e+01[39m
     72 Linear |R| = [33m6.838112e+01[39m
     73 Linear |R| = [33m6.827426e+01[39m
     74 Linear |R| = [33m6.819200e+01[39m
     75 Linear |R| = [33m6.806669e+01[39m
     76 Linear |R| = [33m6.791433e+01[39m
     77 Linear |R| = [33m6.757450e+01[39m
     78 Linear |R| = [33m6.696641e+01[39m
     79 Linear |R| = [33m6.608244e+01[39m
     80 Linear |R| = [33m6.507416e+01[39m
     81 Linear |R| = [33m6.410796e+01[39m
     82 Linear |R| = [33m6.321028e+01[39m
     83 Linear |R| = [33m6.259160e+01[39m
     84 Linear |R| = [33m6.220255e+01[39m
     85 Linear |R| = [33m6.199096e+01[39m
     86 Linear |R| = [33m6.191775e+01[39m
     87 Linear |R| = [33m6.191775e+01[39m
     88 Linear |R| = [33m6.184804e+01[39m
     89 Linear |R| = [33m6.152358e+01[39m
    Linear solve did not converge due to DIVERGED_BREAKDOWN iterations 90
30 Nonlinear |R| = [33m5.905026e+02[39m
  Nonlinear solve did not converge due to DIVERGED_MAX_IT iterations 30
  Finished Solving                                                                       [[33m278.82 s[39m] [[33m  218 MB[39m]
[31m Solve Did NOT Converge![39m
Aborting as solve did not converge

Time Step 3, time = 0.1, dt = 0.025
 0 Nonlinear |R| = [32m9.863219e+02[39m
      0 Linear |R| = [32m9.863219e+02[39m
      1 Linear |R| = [32m9.156741e+02[39m
      2 Linear |R| = [32m6.326112e+02[39m
      3 Linear |R| = [32m4.590020e+02[39m
      4 Linear |R| = [32m3.637103e+02[39m
      5 Linear |R| = [32m3.103976e+02[39m
      6 Linear |R| = [32m2.602843e+02[39m
      7 Linear |R| = [32m1.859051e+02[39m
      8 Linear |R| = [32m1.179889e+02[39m
      9 Linear |R| = [32m7.182132e+01[39m
     10 Linear |R| = [32m4.201685e+01[39m
     11 Linear |R| = [32m2.434111e+01[39m
     12 Linear |R| = [32m1.283551e+01[39m
     13 Linear |R| = [32m7.009701e+00[39m
     14 Linear |R| = [32m4.032318e+00[39m
     15 Linear |R| = [32m2.445780e+00[39m
     16 Linear |R| = [32m1.462550e+00[39m
     17 Linear |R| = [32m8.388100e-01[39m
     18 Linear |R| = [32m4.984944e-01[39m
     19 Linear |R| = [32m3.002004e-01[39m
     20 Linear |R| = [32m1.867528e-01[39m
     21 Linear |R| = [32m1.184389e-01[39m
     22 Linear |R| = [32m7.550314e-02[39m
     23 Linear |R| = [32m5.008499e-02[39m
     24 Linear |R| = [32m3.563327e-02[39m
     25 Linear |R| = [32m2.656247e-02[39m
     26 Linear |R| = [32m1.975209e-02[39m
     27 Linear |R| = [32m1.457180e-02[39m
     28 Linear |R| = [32m1.032353e-02[39m
     29 Linear |R| = [32m6.704150e-03[39m
 1 Nonlinear |R| = [32m8.859181e+02[39m
      0 Linear |R| = [32m8.859181e+02[39m
      1 Linear |R| = [32m8.148954e+02[39m
      2 Linear |R| = [32m5.915580e+02[39m
      3 Linear |R| = [32m4.637196e+02[39m
      4 Linear |R| = [32m3.787145e+02[39m
      5 Linear |R| = [32m3.395467e+02[39m
      6 Linear |R| = [32m3.018823e+02[39m
      7 Linear |R| = [32m2.644592e+02[39m
      8 Linear |R| = [32m2.403709e+02[39m
      9 Linear |R| = [32m2.202306e+02[39m
     10 Linear |R| = [32m1.952062e+02[39m
     11 Linear |R| = [32m1.724867e+02[39m
     12 Linear |R| = [32m1.570886e+02[39m
     13 Linear |R| = [32m1.419166e+02[39m
     14 Linear |R| = [32m1.237758e+02[39m
     15 Linear |R| = [32m1.059240e+02[39m
     16 Linear |R| = [32m9.028305e+01[39m
     17 Linear |R| = [32m7.714987e+01[39m
     18 Linear |R| = [32m6.817412e+01[39m
     19 Linear |R| = [32m5.948546e+01[39m
     20 Linear |R| = [32m5.059769e+01[39m
     21 Linear |R| = [32m4.205347e+01[39m
     22 Linear |R| = [32m3.433753e+01[39m
     23 Linear |R| = [32m2.678921e+01[39m
     24 Linear |R| = [32m1.958458e+01[39m
     25 Linear |R| = [32m1.292060e+01[39m
     26 Linear |R| = [32m7.781779e+00[39m
     27 Linear |R| = [32m4.517784e+00[39m
     28 Linear |R| = [32m2.621708e+00[39m
     29 Linear |R| = [32m1.569815e+00[39m
     30 Linear |R| = [31m3.256342e+00[39m
     31 Linear |R| = [32m1.135827e+00[39m
     32 Linear |R| = [32m6.444536e-01[39m
     33 Linear |R| = [32m4.596851e-01[39m
     34 Linear |R| = [32m3.150012e-01[39m
     35 Linear |R| = [32m1.979502e-01[39m
     36 Linear |R| = [32m1.150214e-01[39m
     37 Linear |R| = [32m7.107595e-02[39m
     38 Linear |R| = [32m4.587239e-02[39m
     39 Linear |R| = [32m3.041673e-02[39m
     40 Linear |R| = [32m2.221735e-02[39m
     41 Linear |R| = [32m1.712432e-02[39m
     42 Linear |R| = [32m1.377497e-02[39m
     43 Linear |R| = [32m1.129010e-02[39m
     44 Linear |R| = [32m9.294471e-03[39m
     45 Linear |R| = [32m7.673949e-03[39m
 2 Nonlinear |R| = [32m6.514704e+02[39m
      0 Linear |R| = [32m6.514704e+02[39m
      1 Linear |R| = [32m5.567086e+02[39m
      2 Linear |R| = [32m3.727932e+02[39m
      3 Linear |R| = [32m2.759750e+02[39m
      4 Linear |R| = [32m2.437705e+02[39m
      5 Linear |R| = [32m2.264570e+02[39m
      6 Linear |R| = [32m2.075638e+02[39m
      7 Linear |R| = [32m1.942447e+02[39m
      8 Linear |R| = [33m1.848235e+02[39m
      9 Linear |R| = [32m1.742255e+02[39m
     10 Linear |R| = [32m1.648404e+02[39m
     11 Linear |R| = [33m1.585010e+02[39m
     12 Linear |R| = [33m1.537479e+02[39m
     13 Linear |R| = [33m1.487296e+02[39m
     14 Linear |R| = [33m1.431269e+02[39m
     15 Linear |R| = [33m1.382855e+02[39m
     16 Linear |R| = [33m1.348496e+02[39m
     17 Linear |R| = [33m1.327697e+02[39m
     18 Linear |R| = [33m1.308310e+02[39m
     19 Linear |R| = [33m1.285344e+02[39m
     20 Linear |R| = [33m1.268255e+02[39m
     21 Linear |R| = [33m1.261054e+02[39m
     22 Linear |R| = [33m1.257570e+02[39m
     23 Linear |R| = [33m1.256630e+02[39m
     24 Linear |R| = [33m1.256624e+02[39m
     25 Linear |R| = [33m1.256554e+02[39m
     26 Linear |R| = [33m1.255743e+02[39m
     27 Linear |R| = [33m1.253939e+02[39m
     28 Linear |R| = [33m1.251661e+02[39m
     29 Linear |R| = [33m1.247957e+02[39m
     30 Linear |R| = [33m1.241699e+02[39m
     31 Linear |R| = [33m1.240773e+02[39m
     32 Linear |R| = [33m1.239504e+02[39m
     33 Linear |R| = [33m1.236951e+02[39m
     34 Linear |R| = [33m1.236288e+02[39m
     35 Linear |R| = [33m1.235461e+02[39m
     36 Linear |R| = [33m1.235390e+02[39m
     37 Linear |R| = [33m1.235271e+02[39m
     38 Linear |R| = [33m1.234826e+02[39m
     39 Linear |R| = [33m1.233159e+02[39m
     40 Linear |R| = [33m1.227845e+02[39m
     41 Linear |R| = [33m1.220331e+02[39m
     42 Linear |R| = [33m1.210941e+02[39m
     43 Linear |R| = [33m1.202646e+02[39m
     44 Linear |R| = [33m1.192598e+02[39m
     45 Linear |R| = [33m1.185360e+02[39m
     46 Linear |R| = [33m1.175402e+02[39m
     47 Linear |R| = [33m1.165034e+02[39m
     48 Linear |R| = [33m1.155865e+02[39m
     49 Linear |R| = [33m1.152692e+02[39m
     50 Linear |R| = [33m1.152529e+02[39m
     51 Linear |R| = [33m1.152404e+02[39m
     52 Linear |R| = [33m1.151129e+02[39m
     53 Linear |R| = [33m1.143549e+02[39m
     54 Linear |R| = [33m1.127117e+02[39m
     55 Linear |R| = [33m1.109242e+02[39m
     56 Linear |R| = [33m1.081250e+02[39m
     57 Linear |R| = [33m1.036293e+02[39m
     58 Linear |R| = [32m9.661663e+01[39m
     59 Linear |R| = [32m8.564533e+01[39m
     60 Linear |R| = [32m7.117968e+01[39m
     61 Linear |R| = [32m6.490027e+01[39m
     62 Linear |R| = [32m5.778250e+01[39m
     63 Linear |R| = [32m5.202512e+01[39m
     64 Linear |R| = [32m4.909086e+01[39m
     65 Linear |R| = [33m4.694244e+01[39m
     66 Linear |R| = [33m4.543613e+01[39m
     67 Linear |R| = [33m4.451506e+01[39m
     68 Linear |R| = [33m4.394581e+01[39m
     69 Linear |R| = [33m4.372356e+01[39m
     70 Linear |R| = [33m4.364109e+01[39m
     71 Linear |R| = [33m4.362694e+01[39m
     72 Linear |R| = [33m4.362488e+01[39m
     73 Linear |R| = [33m4.359688e+01[39m
     74 Linear |R| = [33m4.348179e+01[39m
     75 Linear |R| = [33m4.328032e+01[39m
     76 Linear |R| = [33m4.300250e+01[39m
     77 Linear |R| = [33m4.256762e+01[39m
     78 Linear |R| = [33m4.181454e+01[39m
     79 Linear |R| = [33m4.081523e+01[39m
     80 Linear |R| = [33m4.000836e+01[39m
     81 Linear |R| = [33m3.922241e+01[39m
     82 Linear |R| = [33m3.863257e+01[39m
     83 Linear |R| = [33m3.813156e+01[39m
     84 Linear |R| = [33m3.760600e+01[39m
     85 Linear |R| = [33m3.728178e+01[39m
     86 Linear |R| = [33m3.696481e+01[39m
     87 Linear |R| = [33m3.656748e+01[39m
     88 Linear |R| = [33m3.635994e+01[39m
     89 Linear |R| = [33m3.626028e+01[39m
     90 Linear |R| = [31m3.652347e+01[39m
     91 Linear |R| = [33m3.637761e+01[39m
     92 Linear |R| = [33m3.630225e+01[39m
     93 Linear |R| = [33m3.629605e+01[39m
     94 Linear |R| = [33m3.626625e+01[39m
     95 Linear |R| = [33m3.621045e+01[39m
     96 Linear |R| = [33m3.609930e+01[39m
     97 Linear |R| = [33m3.597062e+01[39m
     98 Linear |R| = [33m3.583543e+01[39m
     99 Linear |R| = [33m3.567046e+01[39m
    100 Linear |R| = [33m3.544938e+01[39m
    101 Linear |R| = [33m3.508647e+01[39m
    102 Linear |R| = [33m3.454822e+01[39m
    103 Linear |R| = [33m3.393202e+01[39m
    104 Linear |R| = [33m3.331160e+01[39m
    105 Linear |R| = [33m3.286403e+01[39m
    106 Linear |R| = [33m3.259984e+01[39m
    107 Linear |R| = [33m3.247047e+01[39m
    108 Linear |R| = [33m3.242540e+01[39m
    109 Linear |R| = [33m3.241963e+01[39m
    110 Linear |R| = [33m3.241325e+01[39m
    111 Linear |R| = [33m3.237633e+01[39m
    112 Linear |R| = [33m3.228208e+01[39m
    113 Linear |R| = [33m3.212955e+01[39m
    114 Linear |R| = [33m3.188328e+01[39m
    115 Linear |R| = [33m3.142788e+01[39m
    116 Linear |R| = [33m3.082935e+01[39m
    117 Linear |R| = [33m3.002611e+01[39m
    118 Linear |R| = [33m2.899071e+01[39m
    119 Linear |R| = [33m2.773359e+01[39m
    Linear solve did not converge due to DIVERGED_BREAKDOWN iterations 120
 3 Nonlinear |R| = [33m6.501597e+02[39m
      0 Linear |R| = [32m6.501597e+02[39m
      1 Linear |R| = [32m5.515394e+02[39m
      2 Linear |R| = [32m3.769313e+02[39m
      3 Linear |R| = [32m2.788481e+02[39m
      4 Linear |R| = [32m2.450715e+02[39m
      5 Linear |R| = [32m2.307535e+02[39m
      6 Linear |R| = [32m2.173682e+02[39m
      7 Linear |R| = [33m2.089109e+02[39m
      8 Linear |R| = [33m2.025885e+02[39m
      9 Linear |R| = [33m1.932974e+02[39m
     10 Linear |R| = [33m1.848943e+02[39m
     11 Linear |R| = [33m1.774440e+02[39m
     12 Linear |R| = [32m1.671471e+02[39m
     13 Linear |R| = [32m1.528398e+02[39m
     14 Linear |R| = [32m1.404617e+02[39m
     15 Linear |R| = [32m1.299195e+02[39m
     16 Linear |R| = [32m1.186416e+02[39m
     17 Linear |R| = [32m1.088425e+02[39m
     18 Linear |R| = [32m1.022304e+02[39m
     19 Linear |R| = [33m9.781415e+01[39m
     20 Linear |R| = [33m9.439391e+01[39m
     21 Linear |R| = [33m9.093236e+01[39m
     22 Linear |R| = [32m8.600624e+01[39m
     23 Linear |R| = [32m8.067182e+01[39m
     24 Linear |R| = [32m7.609633e+01[39m
     25 Linear |R| = [32m7.142392e+01[39m
     26 Linear |R| = [32m6.757836e+01[39m
     27 Linear |R| = [33m6.543017e+01[39m
     28 Linear |R| = [33m6.446842e+01[39m
     29 Linear |R| = [33m6.423615e+01[39m
     30 Linear |R| = [33m6.422908e+01[39m
     31 Linear |R| = [33m6.422854e+01[39m
     32 Linear |R| = [33m6.419053e+01[39m
     33 Linear |R| = [33m6.407363e+01[39m
     34 Linear |R| = [33m6.328459e+01[39m
     35 Linear |R| = [33m6.165049e+01[39m
     36 Linear |R| = [33m5.962772e+01[39m
     37 Linear |R| = [33m5.799587e+01[39m
     38 Linear |R| = [32m5.422529e+01[39m
     39 Linear |R| = [32m5.037195e+01[39m
     40 Linear |R| = [32m4.642587e+01[39m
     41 Linear |R| = [32m4.305480e+01[39m
     42 Linear |R| = [33m4.107065e+01[39m
     43 Linear |R| = [33m3.992077e+01[39m
     44 Linear |R| = [33m3.850123e+01[39m
     45 Linear |R| = [32m3.561615e+01[39m
     46 Linear |R| = [32m3.249234e+01[39m
     47 Linear |R| = [32m2.929654e+01[39m
     48 Linear |R| = [32m2.573362e+01[39m
     49 Linear |R| = [32m2.266720e+01[39m
     50 Linear |R| = [32m2.052148e+01[39m
     51 Linear |R| = [32m1.866165e+01[39m
     52 Linear |R| = [32m1.745464e+01[39m
     53 Linear |R| = [32m1.644906e+01[39m
     54 Linear |R| = [32m1.547260e+01[39m
     55 Linear |R| = [32m1.411191e+01[39m
     56 Linear |R| = [32m1.259367e+01[39m
     57 Linear |R| = [32m1.135400e+01[39m
     58 Linear |R| = [32m1.007779e+01[39m
     59 Linear |R| = [32m9.035247e+00[39m
     60 Linear |R| = [32m8.191685e+00[39m
     61 Linear |R| = [33m7.797556e+00[39m
     62 Linear |R| = [32m7.124504e+00[39m
     63 Linear |R| = [32m6.441856e+00[39m
     64 Linear |R| = [32m6.029874e+00[39m
     65 Linear |R| = [32m5.586380e+00[39m
     66 Linear |R| = [32m5.022504e+00[39m
     67 Linear |R| = [32m4.660750e+00[39m
     68 Linear |R| = [32m4.252452e+00[39m
     69 Linear |R| = [32m3.879697e+00[39m
     70 Linear |R| = [32m3.596957e+00[39m
     71 Linear |R| = [32m3.410184e+00[39m
     72 Linear |R| = [32m3.222800e+00[39m
     73 Linear |R| = [32m3.016093e+00[39m
     74 Linear |R| = [33m2.876945e+00[39m
     75 Linear |R| = [33m2.781735e+00[39m
     76 Linear |R| = [33m2.692548e+00[39m
     77 Linear |R| = [33m2.602623e+00[39m
     78 Linear |R| = [33m2.556159e+00[39m
     79 Linear |R| = [33m2.499039e+00[39m
     80 Linear |R| = [33m2.450575e+00[39m
     81 Linear |R| = [33m2.434506e+00[39m
     82 Linear |R| = [33m2.431681e+00[39m
     83 Linear |R| = [33m2.431635e+00[39m
     84 Linear |R| = [33m2.429791e+00[39m
     85 Linear |R| = [33m2.421875e+00[39m
     86 Linear |R| = [33m2.395183e+00[39m
     87 Linear |R| = [33m2.358293e+00[39m
     88 Linear |R| = [33m2.302447e+00[39m
     89 Linear |R| = [33m2.248440e+00[39m
     90 Linear |R| = [33m2.193060e+00[39m
     91 Linear |R| = [33m2.165916e+00[39m
     92 Linear |R| = [33m2.133377e+00[39m
     93 Linear |R| = [33m2.098364e+00[39m
     94 Linear |R| = [33m2.079229e+00[39m
     95 Linear |R| = [33m2.056767e+00[39m
     96 Linear |R| = [33m2.042807e+00[39m
     97 Linear |R| = [33m2.040120e+00[39m
     98 Linear |R| = [33m2.040081e+00[39m
     99 Linear |R| = [33m2.039333e+00[39m
    100 Linear |R| = [33m2.036244e+00[39m
    101 Linear |R| = [33m2.024559e+00[39m
    102 Linear |R| = [33m2.004902e+00[39m
    103 Linear |R| = [33m1.984069e+00[39m
    104 Linear |R| = [33m1.943757e+00[39m
    105 Linear |R| = [33m1.849374e+00[39m
    106 Linear |R| = [32m1.748370e+00[39m
    107 Linear |R| = [32m1.651076e+00[39m
    108 Linear |R| = [32m1.532134e+00[39m
    109 Linear |R| = [32m1.430884e+00[39m
    110 Linear |R| = [32m1.337552e+00[39m
    111 Linear |R| = [32m1.206755e+00[39m
    112 Linear |R| = [32m1.060761e+00[39m
    113 Linear |R| = [32m9.460826e-01[39m
    114 Linear |R| = [32m8.272087e-01[39m
    115 Linear |R| = [32m6.839071e-01[39m
    116 Linear |R| = [32m5.978128e-01[39m
    117 Linear |R| = [32m5.306987e-01[39m
    118 Linear |R| = [32m4.870332e-01[39m
    119 Linear |R| = [32m4.609295e-01[39m
    120 Linear |R| = [33m4.405885e-01[39m
    121 Linear |R| = [33m4.292504e-01[39m
    122 Linear |R| = [33m4.086992e-01[39m
    123 Linear |R| = [32m3.799534e-01[39m
    124 Linear |R| = [32m3.531756e-01[39m
    125 Linear |R| = [32m3.262479e-01[39m
    126 Linear |R| = [32m2.881933e-01[39m
    127 Linear |R| = [32m2.659132e-01[39m
    128 Linear |R| = [32m2.433319e-01[39m
    129 Linear |R| = [32m2.258875e-01[39m
    130 Linear |R| = [33m2.158682e-01[39m
    131 Linear |R| = [33m2.107182e-01[39m
    132 Linear |R| = [33m2.058134e-01[39m
    133 Linear |R| = [33m2.004278e-01[39m
    134 Linear |R| = [33m1.965750e-01[39m
    135 Linear |R| = [33m1.930474e-01[39m
    136 Linear |R| = [33m1.911561e-01[39m
    137 Linear |R| = [33m1.900839e-01[39m
    138 Linear |R| = [33m1.895984e-01[39m
    139 Linear |R| = [33m1.892184e-01[39m
    140 Linear |R| = [33m1.890677e-01[39m
    141 Linear |R| = [33m1.890624e-01[39m
    142 Linear |R| = [33m1.889918e-01[39m
    143 Linear |R| = [33m1.885586e-01[39m
    144 Linear |R| = [33m1.873576e-01[39m
    145 Linear |R| = [33m1.860239e-01[39m
    146 Linear |R| = [33m1.836269e-01[39m
    147 Linear |R| = [33m1.795841e-01[39m
    148 Linear |R| = [33m1.762587e-01[39m
    149 Linear |R| = [33m1.718678e-01[39m
    150 Linear |R| = [33m1.679224e-01[39m
    151 Linear |R| = [33m1.654865e-01[39m
    152 Linear |R| = [33m1.622713e-01[39m
    153 Linear |R| = [33m1.598021e-01[39m
    154 Linear |R| = [33m1.583466e-01[39m
    155 Linear |R| = [33m1.572095e-01[39m
    156 Linear |R| = [33m1.563361e-01[39m
    157 Linear |R| = [33m1.559207e-01[39m
    158 Linear |R| = [33m1.557020e-01[39m
    159 Linear |R| = [33m1.556146e-01[39m
    160 Linear |R| = [33m1.555916e-01[39m
    161 Linear |R| = [33m1.555682e-01[39m
    162 Linear |R| = [33m1.554317e-01[39m
    163 Linear |R| = [33m1.552257e-01[39m
    164 Linear |R| = [33m1.547063e-01[39m
    165 Linear |R| = [33m1.535417e-01[39m
    166 Linear |R| = [33m1.515406e-01[39m
    167 Linear |R| = [33m1.496081e-01[39m
    168 Linear |R| = [33m1.475648e-01[39m
    169 Linear |R| = [33m1.458308e-01[39m
    170 Linear |R| = [33m1.434980e-01[39m
    171 Linear |R| = [33m1.403221e-01[39m
    172 Linear |R| = [33m1.353079e-01[39m
    173 Linear |R| = [33m1.300929e-01[39m
    174 Linear |R| = [33m1.253476e-01[39m
    175 Linear |R| = [33m1.194329e-01[39m
    176 Linear |R| = [33m1.150389e-01[39m
    177 Linear |R| = [33m1.118120e-01[39m
    178 Linear |R| = [33m1.093900e-01[39m
    179 Linear |R| = [33m1.081521e-01[39m
    180 Linear |R| = [33m1.073011e-01[39m
    181 Linear |R| = [33m1.066480e-01[39m
    182 Linear |R| = [33m1.059332e-01[39m
    183 Linear |R| = [33m1.046600e-01[39m
    184 Linear |R| = [33m1.032005e-01[39m
    185 Linear |R| = [33m1.016541e-01[39m
    186 Linear |R| = [33m9.962453e-02[39m
    187 Linear |R| = [33m9.793489e-02[39m
    188 Linear |R| = [33m9.576989e-02[39m
    189 Linear |R| = [33m9.337685e-02[39m
    190 Linear |R| = [33m9.166015e-02[39m
    191 Linear |R| = [33m9.025590e-02[39m
    192 Linear |R| = [33m8.894426e-02[39m
    193 Linear |R| = [33m8.748924e-02[39m
    194 Linear |R| = [33m8.623294e-02[39m
    195 Linear |R| = [33m8.487111e-02[39m
    196 Linear |R| = [33m8.380121e-02[39m
    197 Linear |R| = [33m8.278730e-02[39m
    198 Linear |R| = [33m8.193536e-02[39m
    199 Linear |R| = [33m8.101555e-02[39m
    200 Linear |R| = [33m8.040895e-02[39m
    201 Linear |R| = [33m8.011926e-02[39m
    202 Linear |R| = [33m8.005852e-02[39m
    203 Linear |R| = [33m8.004755e-02[39m
    204 Linear |R| = [33m7.983373e-02[39m
    205 Linear |R| = [33m7.928502e-02[39m
    206 Linear |R| = [33m7.827797e-02[39m
    207 Linear |R| = [33m7.650064e-02[39m
    208 Linear |R| = [33m7.449951e-02[39m
    209 Linear |R| = [33m7.185678e-02[39m
    210 Linear |R| = [33m7.074937e-02[39m
    211 Linear |R| = [33m6.869594e-02[39m
    212 Linear |R| = [33m6.695980e-02[39m
    213 Linear |R| = [33m6.564977e-02[39m
    214 Linear |R| = [33m6.482825e-02[39m
    215 Linear |R| = [33m6.435470e-02[39m
    216 Linear |R| = [33m6.400704e-02[39m
    217 Linear |R| = [33m6.385807e-02[39m
    218 Linear |R| = [33m6.382847e-02[39m
    219 Linear |R| = [33m6.382847e-02[39m
    220 Linear |R| = [33m6.379627e-02[39m
    221 Linear |R| = [33m6.361137e-02[39m
    222 Linear |R| = [33m6.323402e-02[39m
    223 Linear |R| = [33m6.282866e-02[39m
    224 Linear |R| = [33m6.240146e-02[39m
    225 Linear |R| = [33m6.185258e-02[39m
    226 Linear |R| = [33m6.108666e-02[39m
    227 Linear |R| = [33m6.031733e-02[39m
    228 Linear |R| = [33m5.963385e-02[39m
    229 Linear |R| = [33m5.902921e-02[39m
    230 Linear |R| = [33m5.840312e-02[39m
    231 Linear |R| = [33m5.755529e-02[39m
    232 Linear |R| = [33m5.624734e-02[39m
    233 Linear |R| = [33m5.474353e-02[39m
    234 Linear |R| = [33m5.319796e-02[39m
    235 Linear |R| = [33m5.133630e-02[39m
    236 Linear |R| = [33m4.936104e-02[39m
    237 Linear |R| = [33m4.790418e-02[39m
    238 Linear |R| = [33m4.679285e-02[39m
    239 Linear |R| = [33m4.613242e-02[39m
    Linear solve did not converge due to DIVERGED_BREAKDOWN iterations 240
 4 Nonlinear |R| = [33m6.182621e+02[39m
      0 Linear |R| = [32m6.182621e+02[39m
      1 Linear |R| = [32m2.146016e+02[39m
      2 Linear |R| = [32m1.311581e+02[39m
      3 Linear |R| = [32m9.299861e+01[39m
      4 Linear |R| = [32m7.119379e+01[39m
      5 Linear |R| = [32m5.723502e+01[39m
      6 Linear |R| = [32m4.570707e+01[39m
      7 Linear |R| = [32m3.935787e+01[39m
      8 Linear |R| = [32m3.454037e+01[39m
      9 Linear |R| = [32m3.106922e+01[39m
     10 Linear |R| = [32m2.825772e+01[39m
     11 Linear |R| = [32m2.590351e+01[39m
     12 Linear |R| = [32m2.430934e+01[39m
     13 Linear |R| = [33m2.340600e+01[39m
     14 Linear |R| = [33m2.309961e+01[39m
     15 Linear |R| = [33m2.303837e+01[39m
     16 Linear |R| = [33m2.303835e+01[39m
     17 Linear |R| = [33m2.296611e+01[39m
     18 Linear |R| = [33m2.265625e+01[39m
     19 Linear |R| = [33m2.202656e+01[39m
     20 Linear |R| = [33m2.117615e+01[39m
     21 Linear |R| = [33m2.035387e+01[39m
     22 Linear |R| = [33m1.955510e+01[39m
     23 Linear |R| = [33m1.880026e+01[39m
     24 Linear |R| = [33m1.817080e+01[39m
     25 Linear |R| = [33m1.775986e+01[39m
     26 Linear |R| = [33m1.746833e+01[39m
     27 Linear |R| = [33m1.730527e+01[39m
     28 Linear |R| = [33m1.724092e+01[39m
     29 Linear |R| = [33m1.722703e+01[39m
     30 Linear |R| = [31m1.724622e+01[39m
     31 Linear |R| = [33m1.723729e+01[39m
     32 Linear |R| = [33m1.723563e+01[39m
     33 Linear |R| = [33m1.721158e+01[39m
     34 Linear |R| = [33m1.714966e+01[39m
     35 Linear |R| = [33m1.703795e+01[39m
     36 Linear |R| = [33m1.686756e+01[39m
     37 Linear |R| = [33m1.667337e+01[39m
     38 Linear |R| = [33m1.646493e+01[39m
     39 Linear |R| = [33m1.617316e+01[39m
     40 Linear |R| = [33m1.588197e+01[39m
     41 Linear |R| = [33m1.559256e+01[39m
     42 Linear |R| = [33m1.526278e+01[39m
     43 Linear |R| = [33m1.495906e+01[39m
     44 Linear |R| = [33m1.472127e+01[39m
     45 Linear |R| = [33m1.460138e+01[39m
     46 Linear |R| = [33m1.457097e+01[39m
     47 Linear |R| = [33m1.457094e+01[39m
     48 Linear |R| = [33m1.454680e+01[39m
     49 Linear |R| = [33m1.446516e+01[39m
     50 Linear |R| = [33m1.431705e+01[39m
     51 Linear |R| = [33m1.408038e+01[39m
     52 Linear |R| = [33m1.376964e+01[39m
     53 Linear |R| = [33m1.338346e+01[39m
     54 Linear |R| = [33m1.302590e+01[39m
     55 Linear |R| = [33m1.268206e+01[39m
     56 Linear |R| = [33m1.238345e+01[39m
     57 Linear |R| = [33m1.211785e+01[39m
     58 Linear |R| = [33m1.187226e+01[39m
     59 Linear |R| = [33m1.164333e+01[39m
     60 Linear |R| = [31m1.269616e+01[39m
     61 Linear |R| = [32m1.166801e+01[39m
     62 Linear |R| = [33m1.144350e+01[39m
     63 Linear |R| = [33m1.137436e+01[39m
     64 Linear |R| = [33m1.134605e+01[39m
     65 Linear |R| = [33m1.133763e+01[39m
     66 Linear |R| = [33m1.133735e+01[39m
     67 Linear |R| = [33m1.133591e+01[39m
     68 Linear |R| = [33m1.132718e+01[39m
     69 Linear |R| = [33m1.130632e+01[39m
     70 Linear |R| = [33m1.126147e+01[39m
     71 Linear |R| = [33m1.119058e+01[39m
     72 Linear |R| = [33m1.110057e+01[39m
     73 Linear |R| = [33m1.097350e+01[39m
     74 Linear |R| = [33m1.078007e+01[39m
     75 Linear |R| = [33m1.061937e+01[39m
     76 Linear |R| = [33m1.040339e+01[39m
     77 Linear |R| = [33m1.015684e+01[39m
     78 Linear |R| = [33m9.856122e+00[39m
     79 Linear |R| = [33m9.556503e+00[39m
     80 Linear |R| = [33m9.286962e+00[39m
     81 Linear |R| = [33m9.066499e+00[39m
     82 Linear |R| = [33m8.913311e+00[39m
     83 Linear |R| = [33m8.805697e+00[39m
     84 Linear |R| = [33m8.725779e+00[39m
     85 Linear |R| = [33m8.674812e+00[39m
     86 Linear |R| = [33m8.647565e+00[39m
     87 Linear |R| = [33m8.638906e+00[39m
     88 Linear |R| = [33m8.638658e+00[39m
     89 Linear |R| = [33m8.633901e+00[39m
     90 Linear |R| = [31m9.336256e+00[39m
     91 Linear |R| = [32m8.784814e+00[39m
     92 Linear |R| = [33m8.647712e+00[39m
     93 Linear |R| = [33m8.617515e+00[39m
     94 Linear |R| = [33m8.610949e+00[39m
     95 Linear |R| = [33m8.610887e+00[39m
     96 Linear |R| = [33m8.606325e+00[39m
     97 Linear |R| = [33m8.584778e+00[39m
     98 Linear |R| = [33m8.549010e+00[39m
     99 Linear |R| = [33m8.505602e+00[39m
    100 Linear |R| = [33m8.442267e+00[39m
    101 Linear |R| = [33m8.357646e+00[39m
    102 Linear |R| = [33m8.264269e+00[39m
    103 Linear |R| = [33m8.172024e+00[39m
    104 Linear |R| = [33m8.078044e+00[39m
    105 Linear |R| = [33m7.960917e+00[39m
    106 Linear |R| = [33m7.874168e+00[39m
    107 Linear |R| = [33m7.819169e+00[39m
    108 Linear |R| = [33m7.771812e+00[39m
    109 Linear |R| = [33m7.727731e+00[39m
    110 Linear |R| = [33m7.697971e+00[39m
    111 Linear |R| = [33m7.682241e+00[39m
    112 Linear |R| = [33m7.676629e+00[39m
    113 Linear |R| = [33m7.675714e+00[39m
    114 Linear |R| = [33m7.675209e+00[39m
    115 Linear |R| = [33m7.669940e+00[39m
    116 Linear |R| = [33m7.655745e+00[39m
    117 Linear |R| = [33m7.630842e+00[39m
    118 Linear |R| = [33m7.597723e+00[39m
    119 Linear |R| = [33m7.550911e+00[39m
    120 Linear |R| = [31m7.837782e+00[39m
    121 Linear |R| = [33m7.540605e+00[39m
    122 Linear |R| = [33m7.451397e+00[39m
    123 Linear |R| = [33m7.412933e+00[39m
    124 Linear |R| = [33m7.386266e+00[39m
    125 Linear |R| = [33m7.364101e+00[39m
    126 Linear |R| = [33m7.350461e+00[39m
    127 Linear |R| = [33m7.342870e+00[39m
    128 Linear |R| = [33m7.340703e+00[39m
    129 Linear |R| = [33m7.340654e+00[39m
    130 Linear |R| = [33m7.339033e+00[39m
    131 Linear |R| = [33m7.329771e+00[39m
    132 Linear |R| = [33m7.308241e+00[39m
    133 Linear |R| = [33m7.273521e+00[39m
    134 Linear |R| = [33m7.230601e+00[39m
    135 Linear |R| = [33m7.190878e+00[39m
    136 Linear |R| = [33m7.098434e+00[39m
    137 Linear |R| = [33m6.981258e+00[39m
    138 Linear |R| = [33m6.869653e+00[39m
    139 Linear |R| = [33m6.785278e+00[39m
    140 Linear |R| = [33m6.737322e+00[39m
    141 Linear |R| = [33m6.718130e+00[39m
    142 Linear |R| = [33m6.714689e+00[39m
    143 Linear |R| = [33m6.714591e+00[39m
    144 Linear |R| = [33m6.708782e+00[39m
    145 Linear |R| = [33m6.688648e+00[39m
    146 Linear |R| = [33m6.649249e+00[39m
    147 Linear |R| = [33m6.595451e+00[39m
    148 Linear |R| = [33m6.521208e+00[39m
    149 Linear |R| = [33m6.390796e+00[39m
    150 Linear |R| = [33m6.173900e+00[39m
    151 Linear |R| = [33m6.050010e+00[39m
    152 Linear |R| = [33m5.948307e+00[39m
    153 Linear |R| = [33m5.869702e+00[39m
    154 Linear |R| = [33m5.820551e+00[39m
    155 Linear |R| = [33m5.791593e+00[39m
    156 Linear |R| = [33m5.773726e+00[39m
    157 Linear |R| = [33m5.766284e+00[39m
    158 Linear |R| = [33m5.765445e+00[39m
    159 Linear |R| = [33m5.764664e+00[39m
    160 Linear |R| = [33m5.757190e+00[39m
    161 Linear |R| = [33m5.734798e+00[39m
    162 Linear |R| = [33m5.693324e+00[39m
    163 Linear |R| = [33m5.643321e+00[39m
    164 Linear |R| = [33m5.586595e+00[39m
    165 Linear |R| = [33m5.544792e+00[39m
    166 Linear |R| = [33m5.503437e+00[39m
    167 Linear |R| = [33m5.484565e+00[39m
    168 Linear |R| = [33m5.467248e+00[39m
    169 Linear |R| = [33m5.453119e+00[39m
    170 Linear |R| = [33m5.442336e+00[39m
    171 Linear |R| = [33m5.433806e+00[39m
    172 Linear |R| = [33m5.429470e+00[39m
    173 Linear |R| = [33m5.428656e+00[39m
    174 Linear |R| = [33m5.428592e+00[39m
    175 Linear |R| = [33m5.426922e+00[39m
    176 Linear |R| = [33m5.421942e+00[39m
    177 Linear |R| = [33m5.410971e+00[39m
    178 Linear |R| = [33m5.394903e+00[39m
    179 Linear |R| = [33m5.369238e+00[39m
    180 Linear |R| = [33m5.328947e+00[39m
    181 Linear |R| = [33m5.279461e+00[39m
    182 Linear |R| = [33m5.255126e+00[39m
    183 Linear |R| = [33m5.238461e+00[39m
    184 Linear |R| = [33m5.228333e+00[39m
    185 Linear |R| = [33m5.222643e+00[39m
    186 Linear |R| = [33m5.219799e+00[39m
    187 Linear |R| = [33m5.219069e+00[39m
    188 Linear |R| = [33m5.219067e+00[39m
    189 Linear |R| = [33m5.218262e+00[39m
    190 Linear |R| = [33m5.214622e+00[39m
    191 Linear |R| = [33m5.204785e+00[39m
    192 Linear |R| = [33m5.188825e+00[39m
    193 Linear |R| = [33m5.168108e+00[39m
    194 Linear |R| = [33m5.139314e+00[39m
    195 Linear |R| = [33m5.091774e+00[39m
    196 Linear |R| = [33m5.021292e+00[39m
    197 Linear |R| = [33m4.913850e+00[39m
    198 Linear |R| = [33m4.747371e+00[39m
    199 Linear |R| = [33m4.533063e+00[39m
    200 Linear |R| = [33m4.333946e+00[39m
    201 Linear |R| = [33m4.204741e+00[39m
    202 Linear |R| = [33m4.138832e+00[39m
    203 Linear |R| = [33m4.115303e+00[39m
    204 Linear |R| = [33m4.112934e+00[39m
    205 Linear |R| = [33m4.108648e+00[39m
    206 Linear |R| = [33m4.076562e+00[39m
    207 Linear |R| = [33m4.002130e+00[39m
    208 Linear |R| = [33m3.885608e+00[39m
    209 Linear |R| = [33m3.753037e+00[39m
    210 Linear |R| = [31m3.995560e+00[39m
    211 Linear |R| = [32m3.610901e+00[39m
    212 Linear |R| = [33m3.513189e+00[39m
    213 Linear |R| = [33m3.437454e+00[39m
    214 Linear |R| = [33m3.358125e+00[39m
    215 Linear |R| = [33m3.306130e+00[39m
    216 Linear |R| = [33m3.284618e+00[39m
    217 Linear |R| = [33m3.278685e+00[39m
    218 Linear |R| = [33m3.278665e+00[39m
    219 Linear |R| = [33m3.271250e+00[39m
    220 Linear |R| = [33m3.241196e+00[39m
    221 Linear |R| = [33m3.169892e+00[39m
    222 Linear |R| = [33m3.065804e+00[39m
    223 Linear |R| = [33m2.960595e+00[39m
    224 Linear |R| = [33m2.873574e+00[39m
    225 Linear |R| = [33m2.834065e+00[39m
    226 Linear |R| = [33m2.803013e+00[39m
    227 Linear |R| = [33m2.775122e+00[39m
    228 Linear |R| = [33m2.758448e+00[39m
    229 Linear |R| = [33m2.748224e+00[39m
    230 Linear |R| = [33m2.738288e+00[39m
    231 Linear |R| = [33m2.728468e+00[39m
    232 Linear |R| = [33m2.722459e+00[39m
    233 Linear |R| = [33m2.719764e+00[39m
    234 Linear |R| = [33m2.718965e+00[39m
    235 Linear |R| = [33m2.718948e+00[39m
    236 Linear |R| = [33m2.718590e+00[39m
    237 Linear |R| = [33m2.716819e+00[39m
    238 Linear |R| = [33m2.713115e+00[39m
    239 Linear |R| = [33m2.706559e+00[39m
    240 Linear |R| = [33m2.700033e+00[39m
    241 Linear |R| = [33m2.690015e+00[39m
    242 Linear |R| = [33m2.685120e+00[39m
    243 Linear |R| = [33m2.681118e+00[39m
    244 Linear |R| = [33m2.679049e+00[39m
    245 Linear |R| = [33m2.678576e+00[39m
    246 Linear |R| = [33m2.678573e+00[39m
    247 Linear |R| = [33m2.678303e+00[39m
    248 Linear |R| = [33m2.677111e+00[39m
    249 Linear |R| = [33m2.674263e+00[39m
    250 Linear |R| = [33m2.669382e+00[39m
    251 Linear |R| = [33m2.662916e+00[39m
    252 Linear |R| = [33m2.654783e+00[39m
    253 Linear |R| = [33m2.643357e+00[39m
    254 Linear |R| = [33m2.623566e+00[39m
    255 Linear |R| = [33m2.586314e+00[39m
    256 Linear |R| = [33m2.543934e+00[39m
    257 Linear |R| = [33m2.431729e+00[39m
    258 Linear |R| = [32m2.290240e+00[39m
    259 Linear |R| = [32m2.102440e+00[39m
    260 Linear |R| = [32m1.874687e+00[39m
    261 Linear |R| = [32m1.659948e+00[39m
    262 Linear |R| = [32m1.500028e+00[39m
    263 Linear |R| = [32m1.391109e+00[39m
    264 Linear |R| = [32m1.320838e+00[39m
    265 Linear |R| = [33m1.280246e+00[39m
    266 Linear |R| = [33m1.260720e+00[39m
    267 Linear |R| = [33m1.253808e+00[39m
    268 Linear |R| = [33m1.253406e+00[39m
    269 Linear |R| = [33m1.251225e+00[39m
    Linear solve did not converge due to DIVERGED_BREAKDOWN iterations 270
 5 Nonlinear |R| = [32m5.552315e+02[39m
      0 Linear |R| = [32m5.552315e+02[39m
      1 Linear |R| = [32m1.877434e+02[39m
      2 Linear |R| = [32m1.127696e+02[39m
      3 Linear |R| = [32m8.279437e+01[39m
      4 Linear |R| = [32m6.366275e+01[39m
      5 Linear |R| = [32m4.961760e+01[39m
      6 Linear |R| = [32m3.810991e+01[39m
      7 Linear |R| = [32m3.133190e+01[39m
      8 Linear |R| = [32m2.655208e+01[39m
      9 Linear |R| = [32m2.390609e+01[39m
     10 Linear |R| = [32m2.203337e+01[39m
     11 Linear |R| = [32m2.053693e+01[39m
     12 Linear |R| = [32m1.941518e+01[39m
     13 Linear |R| = [33m1.879346e+01[39m
     14 Linear |R| = [33m1.860417e+01[39m
     15 Linear |R| = [33m1.857643e+01[39m
     16 Linear |R| = [33m1.857297e+01[39m
     17 Linear |R| = [33m1.848744e+01[39m
     18 Linear |R| = [33m1.821118e+01[39m
     19 Linear |R| = [33m1.767445e+01[39m
     20 Linear |R| = [33m1.691999e+01[39m
     21 Linear |R| = [33m1.615301e+01[39m
     22 Linear |R| = [33m1.541434e+01[39m
     23 Linear |R| = [33m1.469163e+01[39m
     24 Linear |R| = [33m1.401548e+01[39m
     25 Linear |R| = [33m1.349498e+01[39m
     26 Linear |R| = [33m1.308645e+01[39m
     27 Linear |R| = [33m1.282482e+01[39m
     28 Linear |R| = [33m1.267485e+01[39m
     29 Linear |R| = [33m1.260219e+01[39m
     30 Linear |R| = [33m1.258401e+01[39m
     31 Linear |R| = [33m1.258389e+01[39m
     32 Linear |R| = [33m1.257169e+01[39m
     33 Linear |R| = [33m1.253515e+01[39m
     34 Linear |R| = [33m1.245311e+01[39m
     35 Linear |R| = [33m1.229361e+01[39m
     36 Linear |R| = [33m1.208592e+01[39m
     37 Linear |R| = [33m1.190766e+01[39m
     38 Linear |R| = [33m1.170631e+01[39m
     39 Linear |R| = [33m1.148567e+01[39m
     40 Linear |R| = [33m1.129091e+01[39m
     41 Linear |R| = [33m1.113890e+01[39m
     42 Linear |R| = [33m1.095224e+01[39m
     43 Linear |R| = [33m1.076470e+01[39m
     44 Linear |R| = [33m1.068729e+01[39m
     45 Linear |R| = [33m1.065847e+01[39m
     46 Linear |R| = [33m1.065290e+01[39m
     47 Linear |R| = [33m1.065073e+01[39m
     48 Linear |R| = [33m1.060723e+01[39m
     49 Linear |R| = [33m1.047426e+01[39m
     50 Linear |R| = [33m1.026442e+01[39m
     51 Linear |R| = [33m1.003963e+01[39m
     52 Linear |R| = [33m9.771350e+00[39m
     53 Linear |R| = [33m9.471582e+00[39m
     54 Linear |R| = [33m9.198152e+00[39m
     55 Linear |R| = [33m8.960521e+00[39m
     56 Linear |R| = [33m8.732698e+00[39m
     57 Linear |R| = [33m8.566433e+00[39m
     58 Linear |R| = [33m8.432705e+00[39m
     59 Linear |R| = [33m8.295606e+00[39m
     60 Linear |R| = [33m8.193778e+00[39m
     61 Linear |R| = [33m8.163706e+00[39m
     62 Linear |R| = [33m8.144240e+00[39m
     63 Linear |R| = [33m8.120484e+00[39m
     64 Linear |R| = [33m8.099681e+00[39m
     65 Linear |R| = [33m8.087258e+00[39m
     66 Linear |R| = [33m8.083299e+00[39m
     67 Linear |R| = [33m8.083057e+00[39m
     68 Linear |R| = [33m8.082092e+00[39m
     69 Linear |R| = [33m8.077335e+00[39m
     70 Linear |R| = [33m8.063747e+00[39m
     71 Linear |R| = [33m8.033850e+00[39m
     72 Linear |R| = [33m7.998104e+00[39m
     73 Linear |R| = [33m7.959551e+00[39m
     74 Linear |R| = [33m7.912327e+00[39m
     75 Linear |R| = [33m7.846560e+00[39m
     76 Linear |R| = [33m7.713937e+00[39m
     77 Linear |R| = [33m7.597255e+00[39m
     78 Linear |R| = [33m7.504602e+00[39m
     79 Linear |R| = [33m7.434577e+00[39m
     80 Linear |R| = [33m7.397957e+00[39m
     81 Linear |R| = [33m7.377362e+00[39m
     82 Linear |R| = [33m7.364301e+00[39m
     83 Linear |R| = [33m7.359023e+00[39m
     84 Linear |R| = [33m7.358650e+00[39m
     85 Linear |R| = [33m7.358015e+00[39m
     86 Linear |R| = [33m7.354386e+00[39m
     87 Linear |R| = [33m7.343707e+00[39m
     88 Linear |R| = [33m7.323074e+00[39m
     89 Linear |R| = [33m7.283391e+00[39m
     90 Linear |R| = [33m7.238582e+00[39m
     91 Linear |R| = [33m7.216179e+00[39m
     92 Linear |R| = [33m7.197976e+00[39m
     93 Linear |R| = [33m7.180797e+00[39m
     94 Linear |R| = [33m7.168450e+00[39m
     95 Linear |R| = [33m7.164420e+00[39m
     96 Linear |R| = [33m7.164246e+00[39m
     97 Linear |R| = [33m7.164121e+00[39m
     98 Linear |R| = [33m7.163332e+00[39m
     99 Linear |R| = [33m7.160037e+00[39m
    100 Linear |R| = [33m7.155312e+00[39m
    101 Linear |R| = [33m7.148341e+00[39m
    102 Linear |R| = [33m7.137787e+00[39m
    103 Linear |R| = [33m7.118137e+00[39m
    104 Linear |R| = [33m7.092188e+00[39m
    105 Linear |R| = [33m7.061914e+00[39m
    106 Linear |R| = [33m7.032731e+00[39m
    107 Linear |R| = [33m7.014237e+00[39m
    108 Linear |R| = [33m6.995172e+00[39m
    109 Linear |R| = [33m6.974834e+00[39m
    110 Linear |R| = [33m6.960392e+00[39m
    111 Linear |R| = [33m6.950641e+00[39m
    112 Linear |R| = [33m6.945660e+00[39m
    113 Linear |R| = [33m6.944146e+00[39m
    114 Linear |R| = [33m6.943917e+00[39m
    115 Linear |R| = [33m6.943510e+00[39m
    116 Linear |R| = [33m6.940904e+00[39m
    117 Linear |R| = [33m6.933651e+00[39m
    118 Linear |R| = [33m6.917195e+00[39m
    119 Linear |R| = [33m6.885742e+00[39m
    120 Linear |R| = [33m6.847565e+00[39m
    121 Linear |R| = [33m6.822766e+00[39m
    122 Linear |R| = [33m6.809021e+00[39m
    123 Linear |R| = [33m6.798662e+00[39m
    124 Linear |R| = [33m6.788909e+00[39m
    125 Linear |R| = [33m6.784830e+00[39m
    126 Linear |R| = [33m6.784103e+00[39m
    127 Linear |R| = [33m6.784102e+00[39m
    128 Linear |R| = [33m6.783223e+00[39m
    129 Linear |R| = [33m6.779245e+00[39m
    130 Linear |R| = [33m6.771926e+00[39m
    131 Linear |R| = [33m6.764395e+00[39m
    132 Linear |R| = [33m6.759934e+00[39m
    133 Linear |R| = [33m6.756571e+00[39m
    134 Linear |R| = [33m6.751301e+00[39m
    135 Linear |R| = [33m6.744417e+00[39m
    136 Linear |R| = [33m6.734660e+00[39m
    137 Linear |R| = [33m6.723839e+00[39m
    138 Linear |R| = [33m6.709796e+00[39m
    139 Linear |R| = [33m6.694359e+00[39m
    140 Linear |R| = [33m6.685528e+00[39m
    141 Linear |R| = [33m6.682488e+00[39m
    142 Linear |R| = [33m6.681686e+00[39m
    143 Linear |R| = [33m6.681650e+00[39m
    144 Linear |R| = [33m6.677211e+00[39m
    145 Linear |R| = [33m6.665317e+00[39m
    146 Linear |R| = [33m6.650309e+00[39m
    147 Linear |R| = [33m6.628157e+00[39m
    148 Linear |R| = [33m6.599584e+00[39m
    149 Linear |R| = [33m6.556823e+00[39m
    150 Linear |R| = [33m6.514682e+00[39m
    151 Linear |R| = [33m6.481910e+00[39m
    152 Linear |R| = [33m6.449506e+00[39m
    153 Linear |R| = [33m6.412214e+00[39m
    154 Linear |R| = [33m6.382179e+00[39m
    155 Linear |R| = [33m6.366472e+00[39m
    156 Linear |R| = [33m6.358055e+00[39m
    157 Linear |R| = [33m6.352828e+00[39m
    158 Linear |R| = [33m6.349813e+00[39m
    159 Linear |R| = [33m6.349210e+00[39m
    160 Linear |R| = [33m6.349031e+00[39m
    161 Linear |R| = [33m6.346477e+00[39m
    162 Linear |R| = [33m6.341337e+00[39m
    163 Linear |R| = [33m6.333742e+00[39m
    164 Linear |R| = [33m6.321367e+00[39m
    165 Linear |R| = [33m6.300650e+00[39m
    166 Linear |R| = [33m6.267686e+00[39m
    167 Linear |R| = [33m6.243931e+00[39m
    168 Linear |R| = [33m6.220656e+00[39m
    169 Linear |R| = [33m6.186586e+00[39m
    170 Linear |R| = [33m6.155985e+00[39m
    171 Linear |R| = [33m6.135683e+00[39m
    172 Linear |R| = [33m6.123749e+00[39m
    173 Linear |R| = [33m6.116273e+00[39m
    174 Linear |R| = [33m6.111881e+00[39m
    175 Linear |R| = [33m6.111184e+00[39m
    176 Linear |R| = [33m6.111183e+00[39m
    177 Linear |R| = [33m6.110544e+00[39m
    178 Linear |R| = [33m6.107165e+00[39m
    179 Linear |R| = [33m6.094614e+00[39m
    180 Linear |R| = [33m6.073893e+00[39m
    181 Linear |R| = [33m6.059637e+00[39m
    182 Linear |R| = [33m6.052650e+00[39m
    183 Linear |R| = [33m6.048971e+00[39m
    184 Linear |R| = [33m6.045381e+00[39m
    185 Linear |R| = [33m6.044657e+00[39m
    186 Linear |R| = [33m6.044022e+00[39m
    187 Linear |R| = [33m6.037452e+00[39m
    188 Linear |R| = [33m6.022647e+00[39m
    189 Linear |R| = [33m6.005489e+00[39m
    190 Linear |R| = [33m5.996758e+00[39m
    191 Linear |R| = [33m5.991803e+00[39m
    192 Linear |R| = [33m5.987887e+00[39m
    193 Linear |R| = [33m5.979567e+00[39m
    194 Linear |R| = [33m5.963940e+00[39m
    195 Linear |R| = [33m5.948748e+00[39m
    196 Linear |R| = [33m5.932609e+00[39m
    197 Linear |R| = [33m5.919816e+00[39m
    198 Linear |R| = [33m5.911341e+00[39m
    199 Linear |R| = [33m5.907169e+00[39m
    200 Linear |R| = [33m5.905208e+00[39m
    201 Linear |R| = [33m5.904632e+00[39m
    202 Linear |R| = [33m5.904582e+00[39m
    203 Linear |R| = [33m5.904318e+00[39m
    204 Linear |R| = [33m5.901579e+00[39m
    205 Linear |R| = [33m5.895121e+00[39m
    206 Linear |R| = [33m5.888271e+00[39m
    207 Linear |R| = [33m5.878865e+00[39m
    208 Linear |R| = [33m5.861251e+00[39m
    209 Linear |R| = [33m5.825107e+00[39m
    210 Linear |R| = [33m5.780073e+00[39m
    211 Linear |R| = [33m5.745658e+00[39m
    212 Linear |R| = [33m5.723406e+00[39m
    213 Linear |R| = [33m5.710087e+00[39m
    214 Linear |R| = [33m5.699289e+00[39m
    215 Linear |R| = [33m5.687186e+00[39m
    216 Linear |R| = [33m5.678327e+00[39m
    217 Linear |R| = [33m5.675002e+00[39m
    218 Linear |R| = [33m5.674281e+00[39m
    219 Linear |R| = [33m5.674233e+00[39m
    220 Linear |R| = [33m5.673229e+00[39m
    221 Linear |R| = [33m5.672263e+00[39m
    222 Linear |R| = [33m5.671528e+00[39m
    223 Linear |R| = [33m5.669724e+00[39m
    224 Linear |R| = [33m5.664868e+00[39m
    225 Linear |R| = [33m5.655956e+00[39m
    226 Linear |R| = [33m5.640486e+00[39m
    227 Linear |R| = [33m5.621556e+00[39m
    228 Linear |R| = [33m5.595681e+00[39m
    229 Linear |R| = [33m5.558031e+00[39m
    230 Linear |R| = [33m5.516821e+00[39m
    231 Linear |R| = [33m5.471485e+00[39m
    232 Linear |R| = [33m5.392825e+00[39m
    233 Linear |R| = [33m5.303068e+00[39m
    234 Linear |R| = [33m5.215125e+00[39m
    235 Linear |R| = [33m5.136712e+00[39m
    236 Linear |R| = [33m5.032085e+00[39m
    237 Linear |R| = [33m4.852405e+00[39m
    238 Linear |R| = [33m4.678465e+00[39m
    239 Linear |R| = [33m4.501498e+00[39m
    240 Linear |R| = [31m4.518004e+00[39m
    241 Linear |R| = [33m4.410042e+00[39m
    242 Linear |R| = [33m4.397718e+00[39m
    243 Linear |R| = [33m4.397117e+00[39m
    244 Linear |R| = [33m4.377903e+00[39m
    245 Linear |R| = [33m4.324219e+00[39m
    246 Linear |R| = [33m4.237061e+00[39m
    247 Linear |R| = [33m4.126774e+00[39m
    248 Linear |R| = [33m4.019466e+00[39m
    249 Linear |R| = [33m3.926575e+00[39m
    250 Linear |R| = [33m3.818143e+00[39m
    251 Linear |R| = [33m3.709647e+00[39m
    252 Linear |R| = [33m3.646773e+00[39m
    253 Linear |R| = [33m3.607131e+00[39m
    254 Linear |R| = [33m3.567093e+00[39m
    255 Linear |R| = [33m3.534908e+00[39m
    256 Linear |R| = [33m3.508819e+00[39m
    257 Linear |R| = [33m3.490094e+00[39m
    258 Linear |R| = [33m3.477398e+00[39m
    259 Linear |R| = [33m3.468812e+00[39m
    260 Linear |R| = [33m3.463146e+00[39m
    261 Linear |R| = [33m3.459659e+00[39m
    262 Linear |R| = [33m3.457988e+00[39m
    263 Linear |R| = [33m3.457531e+00[39m
    264 Linear |R| = [33m3.457518e+00[39m
    265 Linear |R| = [33m3.456677e+00[39m
    266 Linear |R| = [33m3.454661e+00[39m
    267 Linear |R| = [33m3.451756e+00[39m
    268 Linear |R| = [33m3.447589e+00[39m
    269 Linear |R| = [33m3.441357e+00[39m
    270 Linear |R| = [33m3.438579e+00[39m
    271 Linear |R| = [33m3.428170e+00[39m
    272 Linear |R| = [33m3.424063e+00[39m
    273 Linear |R| = [33m3.421021e+00[39m
    274 Linear |R| = [33m3.418945e+00[39m
    275 Linear |R| = [33m3.418100e+00[39m
    276 Linear |R| = [33m3.417829e+00[39m
    277 Linear |R| = [33m3.417788e+00[39m
    278 Linear |R| = [33m3.417788e+00[39m
    279 Linear |R| = [33m3.417769e+00[39m
    280 Linear |R| = [33m3.417653e+00[39m
    281 Linear |R| = [33m3.417028e+00[39m
    282 Linear |R| = [33m3.414812e+00[39m
    283 Linear |R| = [33m3.408325e+00[39m
    284 Linear |R| = [33m3.395055e+00[39m
    285 Linear |R| = [33m3.384729e+00[39m
    286 Linear |R| = [33m3.370855e+00[39m
    287 Linear |R| = [33m3.361898e+00[39m
    288 Linear |R| = [33m3.352993e+00[39m
    289 Linear |R| = [33m3.343278e+00[39m
    290 Linear |R| = [33m3.334285e+00[39m
    291 Linear |R| = [33m3.330220e+00[39m
    292 Linear |R| = [33m3.328870e+00[39m
    293 Linear |R| = [33m3.328806e+00[39m
    294 Linear |R| = [33m3.327874e+00[39m
    295 Linear |R| = [33m3.320881e+00[39m
    296 Linear |R| = [33m3.299939e+00[39m
    297 Linear |R| = [33m3.271977e+00[39m
    298 Linear |R| = [33m3.241074e+00[39m
    299 Linear |R| = [33m3.206725e+00[39m
    300 Linear |R| = [33m3.166795e+00[39m
    301 Linear |R| = [33m3.140230e+00[39m
    302 Linear |R| = [33m3.110395e+00[39m
    303 Linear |R| = [33m3.083713e+00[39m
    304 Linear |R| = [33m3.063275e+00[39m
    305 Linear |R| = [33m3.048008e+00[39m
    306 Linear |R| = [33m3.039233e+00[39m
    307 Linear |R| = [33m3.034739e+00[39m
    308 Linear |R| = [33m3.032700e+00[39m
    309 Linear |R| = [33m3.032670e+00[39m
    310 Linear |R| = [33m3.031521e+00[39m
    311 Linear |R| = [33m3.026773e+00[39m
    312 Linear |R| = [33m3.018076e+00[39m
    313 Linear |R| = [33m3.008144e+00[39m
    314 Linear |R| = [33m2.998895e+00[39m
    315 Linear |R| = [33m2.984985e+00[39m
    316 Linear |R| = [33m2.975665e+00[39m
    317 Linear |R| = [33m2.966376e+00[39m
    318 Linear |R| = [33m2.958442e+00[39m
    319 Linear |R| = [33m2.952394e+00[39m
    320 Linear |R| = [33m2.946628e+00[39m
    321 Linear |R| = [33m2.942035e+00[39m
    322 Linear |R| = [33m2.938255e+00[39m
    323 Linear |R| = [33m2.936309e+00[39m
    324 Linear |R| = [33m2.935872e+00[39m
    325 Linear |R| = [33m2.935872e+00[39m
    326 Linear |R| = [33m2.935610e+00[39m
    327 Linear |R| = [33m2.934507e+00[39m
    328 Linear |R| = [33m2.931254e+00[39m
    329 Linear |R| = [33m2.925208e+00[39m
    330 Linear |R| = [33m2.916679e+00[39m
    331 Linear |R| = [33m2.906461e+00[39m
    332 Linear |R| = [33m2.902250e+00[39m
    333 Linear |R| = [33m2.900022e+00[39m
    334 Linear |R| = [33m2.899259e+00[39m
    335 Linear |R| = [33m2.899174e+00[39m
    336 Linear |R| = [33m2.899153e+00[39m
    337 Linear |R| = [33m2.898908e+00[39m
    338 Linear |R| = [33m2.898399e+00[39m
    339 Linear |R| = [33m2.897762e+00[39m
    340 Linear |R| = [33m2.897205e+00[39m
    341 Linear |R| = [33m2.896372e+00[39m
    342 Linear |R| = [33m2.894365e+00[39m
    343 Linear |R| = [33m2.890731e+00[39m
    344 Linear |R| = [33m2.884600e+00[39m
    345 Linear |R| = [33m2.876476e+00[39m
    346 Linear |R| = [33m2.867539e+00[39m
    347 Linear |R| = [33m2.862055e+00[39m
    348 Linear |R| = [33m2.858103e+00[39m
    349 Linear |R| = [33m2.856009e+00[39m
    350 Linear |R| = [33m2.854841e+00[39m
    351 Linear |R| = [33m2.854371e+00[39m
    352 Linear |R| = [33m2.854340e+00[39m
    353 Linear |R| = [33m2.854146e+00[39m
    354 Linear |R| = [33m2.851993e+00[39m
    355 Linear |R| = [33m2.843086e+00[39m
    356 Linear |R| = [33m2.819765e+00[39m
    357 Linear |R| = [33m2.778988e+00[39m
    358 Linear |R| = [33m2.727065e+00[39m
    359 Linear |R| = [33m2.656435e+00[39m
    360 Linear |R| = [33m2.628132e+00[39m
    361 Linear |R| = [33m2.588198e+00[39m
    362 Linear |R| = [33m2.557171e+00[39m
    363 Linear |R| = [33m2.520196e+00[39m
    364 Linear |R| = [33m2.490985e+00[39m
    365 Linear |R| = [33m2.467765e+00[39m
    366 Linear |R| = [33m2.446459e+00[39m
    367 Linear |R| = [33m2.433649e+00[39m
    368 Linear |R| = [33m2.424950e+00[39m
    369 Linear |R| = [33m2.419748e+00[39m
    370 Linear |R| = [33m2.417446e+00[39m
    371 Linear |R| = [33m2.417123e+00[39m
    372 Linear |R| = [33m2.416835e+00[39m
    373 Linear |R| = [33m2.414797e+00[39m
    374 Linear |R| = [33m2.410408e+00[39m
    375 Linear |R| = [33m2.399902e+00[39m
    376 Linear |R| = [33m2.391928e+00[39m
    377 Linear |R| = [33m2.383157e+00[39m
    378 Linear |R| = [33m2.375245e+00[39m
    379 Linear |R| = [33m2.369040e+00[39m
    380 Linear |R| = [33m2.362473e+00[39m
    381 Linear |R| = [33m2.354617e+00[39m
    382 Linear |R| = [33m2.344265e+00[39m
    383 Linear |R| = [33m2.335695e+00[39m
    384 Linear |R| = [33m2.331689e+00[39m
    385 Linear |R| = [33m2.329884e+00[39m
    386 Linear |R| = [33m2.329191e+00[39m
    387 Linear |R| = [33m2.329097e+00[39m
    388 Linear |R| = [33m2.329037e+00[39m
    389 Linear |R| = [33m2.328334e+00[39m
    390 Linear |R| = [33m2.327817e+00[39m
    391 Linear |R| = [33m2.323036e+00[39m
    392 Linear |R| = [33m2.322109e+00[39m
    393 Linear |R| = [33m2.322000e+00[39m
    394 Linear |R| = [33m2.321976e+00[39m
    395 Linear |R| = [33m2.321625e+00[39m
    396 Linear |R| = [33m2.320294e+00[39m
    397 Linear |R| = [33m2.317682e+00[39m
    398 Linear |R| = [33m2.313623e+00[39m
    399 Linear |R| = [33m2.308559e+00[39m
    400 Linear |R| = [33m2.304167e+00[39m
    401 Linear |R| = [33m2.299535e+00[39m
    402 Linear |R| = [33m2.295674e+00[39m
    403 Linear |R| = [33m2.293336e+00[39m
    404 Linear |R| = [33m2.289591e+00[39m
    405 Linear |R| = [33m2.284324e+00[39m
    406 Linear |R| = [33m2.278508e+00[39m
    407 Linear |R| = [33m2.276013e+00[39m
    408 Linear |R| = [33m2.274870e+00[39m
    409 Linear |R| = [33m2.274610e+00[39m
    410 Linear |R| = [33m2.274610e+00[39m
    411 Linear |R| = [33m2.274357e+00[39m
    412 Linear |R| = [33m2.273353e+00[39m
    413 Linear |R| = [33m2.270723e+00[39m
    414 Linear |R| = [33m2.265657e+00[39m
    415 Linear |R| = [33m2.255037e+00[39m
    416 Linear |R| = [33m2.239027e+00[39m
    417 Linear |R| = [33m2.224617e+00[39m
    418 Linear |R| = [33m2.207193e+00[39m
    419 Linear |R| = [33m2.181866e+00[39m
    420 Linear |R| = [33m2.137969e+00[39m
    421 Linear |R| = [33m2.114643e+00[39m
    422 Linear |R| = [33m2.087249e+00[39m
    423 Linear |R| = [33m2.068864e+00[39m
    424 Linear |R| = [33m2.054528e+00[39m
    425 Linear |R| = [33m2.039733e+00[39m
    426 Linear |R| = [33m2.028977e+00[39m
    427 Linear |R| = [33m2.021604e+00[39m
    428 Linear |R| = [33m2.015416e+00[39m
    429 Linear |R| = [33m2.011427e+00[39m
    430 Linear |R| = [33m2.009570e+00[39m
    431 Linear |R| = [33m2.009153e+00[39m
    432 Linear |R| = [33m2.009148e+00[39m
    433 Linear |R| = [33m2.008639e+00[39m
    434 Linear |R| = [33m2.006593e+00[39m
    435 Linear |R| = [33m2.002171e+00[39m
    436 Linear |R| = [33m1.995679e+00[39m
    437 Linear |R| = [33m1.989700e+00[39m
    438 Linear |R| = [33m1.984272e+00[39m
    439 Linear |R| = [33m1.978257e+00[39m
    440 Linear |R| = [33m1.971027e+00[39m
    441 Linear |R| = [33m1.961333e+00[39m
    442 Linear |R| = [33m1.949005e+00[39m
    443 Linear |R| = [33m1.935900e+00[39m
    444 Linear |R| = [33m1.920801e+00[39m
    445 Linear |R| = [33m1.902030e+00[39m
    446 Linear |R| = [33m1.871894e+00[39m
    447 Linear |R| = [33m1.812548e+00[39m
    448 Linear |R| = [32m1.703487e+00[39m
    449 Linear |R| = [32m1.602202e+00[39m
    450 Linear |R| = [33m1.566510e+00[39m
    451 Linear |R| = [33m1.509310e+00[39m
    452 Linear |R| = [33m1.484792e+00[39m
    453 Linear |R| = [33m1.472261e+00[39m
    454 Linear |R| = [33m1.467792e+00[39m
    455 Linear |R| = [33m1.467750e+00[39m
    456 Linear |R| = [33m1.465747e+00[39m
    457 Linear |R| = [33m1.457415e+00[39m
    458 Linear |R| = [33m1.441487e+00[39m
    459 Linear |R| = [33m1.414824e+00[39m
    460 Linear |R| = [33m1.381056e+00[39m
    461 Linear |R| = [33m1.345278e+00[39m
    462 Linear |R| = [33m1.313910e+00[39m
    463 Linear |R| = [33m1.292497e+00[39m
    464 Linear |R| = [33m1.279181e+00[39m
    465 Linear |R| = [33m1.269022e+00[39m
    466 Linear |R| = [33m1.263783e+00[39m
    467 Linear |R| = [33m1.260377e+00[39m
    468 Linear |R| = [33m1.258172e+00[39m
    469 Linear |R| = [33m1.257167e+00[39m
    470 Linear |R| = [33m1.256978e+00[39m
    471 Linear |R| = [33m1.256975e+00[39m
    472 Linear |R| = [33m1.256625e+00[39m
    473 Linear |R| = [33m1.255128e+00[39m
    474 Linear |R| = [33m1.251829e+00[39m
    475 Linear |R| = [33m1.245876e+00[39m
    476 Linear |R| = [33m1.238994e+00[39m
    477 Linear |R| = [33m1.230597e+00[39m
    478 Linear |R| = [33m1.221076e+00[39m
    479 Linear |R| = [33m1.214357e+00[39m
    480 Linear |R| = [31m1.222673e+00[39m
    481 Linear |R| = [33m1.207598e+00[39m
    482 Linear |R| = [33m1.204309e+00[39m
    483 Linear |R| = [33m1.202208e+00[39m
    484 Linear |R| = [33m1.198724e+00[39m
    485 Linear |R| = [33m1.194282e+00[39m
    486 Linear |R| = [33m1.188945e+00[39m
    487 Linear |R| = [33m1.183624e+00[39m
    488 Linear |R| = [33m1.179333e+00[39m
    489 Linear |R| = [33m1.176331e+00[39m
    490 Linear |R| = [33m1.175019e+00[39m
    491 Linear |R| = [33m1.174703e+00[39m
    492 Linear |R| = [33m1.174699e+00[39m
    493 Linear |R| = [33m1.174423e+00[39m
    494 Linear |R| = [33m1.173427e+00[39m
    495 Linear |R| = [33m1.170124e+00[39m
    496 Linear |R| = [33m1.163673e+00[39m
    497 Linear |R| = [33m1.153412e+00[39m
    498 Linear |R| = [33m1.138787e+00[39m
    499 Linear |R| = [33m1.121788e+00[39m
    500 Linear |R| = [33m1.103443e+00[39m
    501 Linear |R| = [33m1.083129e+00[39m
    502 Linear |R| = [33m1.068731e+00[39m
    503 Linear |R| = [33m1.062585e+00[39m
    504 Linear |R| = [33m1.060763e+00[39m
    505 Linear |R| = [33m1.060549e+00[39m
    506 Linear |R| = [33m1.060451e+00[39m
    507 Linear |R| = [33m1.059280e+00[39m
    508 Linear |R| = [33m1.056078e+00[39m
    509 Linear |R| = [33m1.050405e+00[39m
    510 Linear |R| = [31m1.101975e+00[39m
    511 Linear |R| = [32m1.044987e+00[39m
    512 Linear |R| = [33m1.036156e+00[39m
    513 Linear |R| = [33m1.032262e+00[39m
    514 Linear |R| = [33m1.028685e+00[39m
    515 Linear |R| = [33m1.027164e+00[39m
    516 Linear |R| = [33m1.026957e+00[39m
    517 Linear |R| = [33m1.026872e+00[39m
    518 Linear |R| = [33m1.025764e+00[39m
    519 Linear |R| = [33m1.021847e+00[39m
    520 Linear |R| = [33m1.012621e+00[39m
    521 Linear |R| = [33m9.986472e-01[39m
    522 Linear |R| = [33m9.852771e-01[39m
    523 Linear |R| = [33m9.761014e-01[39m
    524 Linear |R| = [33m9.703767e-01[39m
    525 Linear |R| = [33m9.646650e-01[39m
    526 Linear |R| = [33m9.616327e-01[39m
    527 Linear |R| = [33m9.602134e-01[39m
    528 Linear |R| = [33m9.596377e-01[39m
    529 Linear |R| = [33m9.595847e-01[39m
    530 Linear |R| = [33m9.594681e-01[39m
    531 Linear |R| = [33m9.587265e-01[39m
    532 Linear |R| = [33m9.569030e-01[39m
    533 Linear |R| = [33m9.541295e-01[39m
    534 Linear |R| = [33m9.512671e-01[39m
    535 Linear |R| = [33m9.485751e-01[39m
    536 Linear |R| = [33m9.459118e-01[39m
    537 Linear |R| = [33m9.431459e-01[39m
    538 Linear |R| = [33m9.400557e-01[39m
    539 Linear |R| = [33m9.365319e-01[39m
    540 Linear |R| = [33m9.354047e-01[39m
    541 Linear |R| = [33m9.315671e-01[39m
    542 Linear |R| = [33m9.300942e-01[39m
    543 Linear |R| = [33m9.287297e-01[39m
    544 Linear |R| = [33m9.272022e-01[39m
    545 Linear |R| = [33m9.260442e-01[39m
    546 Linear |R| = [33m9.250319e-01[39m
    547 Linear |R| = [33m9.244095e-01[39m
    548 Linear |R| = [33m9.242291e-01[39m
    549 Linear |R| = [33m9.242190e-01[39m
    550 Linear |R| = [33m9.241764e-01[39m
    551 Linear |R| = [33m9.239866e-01[39m
    552 Linear |R| = [33m9.236640e-01[39m
    553 Linear |R| = [33m9.231284e-01[39m
    554 Linear |R| = [33m9.221736e-01[39m
    555 Linear |R| = [33m9.199749e-01[39m
    556 Linear |R| = [33m9.179684e-01[39m
    557 Linear |R| = [33m9.129491e-01[39m
    558 Linear |R| = [33m9.070029e-01[39m
    559 Linear |R| = [33m9.013668e-01[39m
    560 Linear |R| = [33m8.942070e-01[39m
    561 Linear |R| = [33m8.870800e-01[39m
    562 Linear |R| = [33m8.826746e-01[39m
    563 Linear |R| = [33m8.796017e-01[39m
    564 Linear |R| = [33m8.778877e-01[39m
    565 Linear |R| = [33m8.774880e-01[39m
    566 Linear |R| = [33m8.774826e-01[39m
    567 Linear |R| = [33m8.768096e-01[39m
    568 Linear |R| = [33m8.748409e-01[39m
    569 Linear |R| = [33m8.702125e-01[39m
    570 Linear |R| = [33m8.667057e-01[39m
    571 Linear |R| = [33m8.522748e-01[39m
    572 Linear |R| = [33m8.468710e-01[39m
    573 Linear |R| = [33m8.438767e-01[39m
    574 Linear |R| = [33m8.420508e-01[39m
    575 Linear |R| = [33m8.412797e-01[39m
    576 Linear |R| = [33m8.411548e-01[39m
    577 Linear |R| = [33m8.410563e-01[39m
    578 Linear |R| = [33m8.400321e-01[39m
    579 Linear |R| = [33m8.373314e-01[39m
    580 Linear |R| = [33m8.329303e-01[39m
    581 Linear |R| = [33m8.268665e-01[39m
    582 Linear |R| = [33m8.197196e-01[39m
    583 Linear |R| = [33m8.114657e-01[39m
    584 Linear |R| = [33m8.039237e-01[39m
    585 Linear |R| = [33m7.948160e-01[39m
    586 Linear |R| = [33m7.911500e-01[39m
    587 Linear |R| = [33m7.873496e-01[39m
    588 Linear |R| = [33m7.854201e-01[39m
    589 Linear |R| = [33m7.843803e-01[39m
    590 Linear |R| = [33m7.838069e-01[39m
    591 Linear |R| = [33m7.836067e-01[39m
    592 Linear |R| = [33m7.835934e-01[39m
    593 Linear |R| = [33m7.835731e-01[39m
    594 Linear |R| = [33m7.834909e-01[39m
    595 Linear |R| = [33m7.833252e-01[39m
    596 Linear |R| = [33m7.830166e-01[39m
    597 Linear |R| = [33m7.822004e-01[39m
    598 Linear |R| = [33m7.807744e-01[39m
    599 Linear |R| = [33m7.793764e-01[39m
    600 Linear |R| = [33m7.776764e-01[39m
    601 Linear |R| = [33m7.749494e-01[39m
    602 Linear |R| = [33m7.738551e-01[39m
    603 Linear |R| = [33m7.729043e-01[39m
    604 Linear |R| = [33m7.720011e-01[39m
    605 Linear |R| = [33m7.712444e-01[39m
    606 Linear |R| = [33m7.708371e-01[39m
    607 Linear |R| = [33m7.707965e-01[39m
    608 Linear |R| = [33m7.707123e-01[39m
    609 Linear |R| = [33m7.702191e-01[39m
    610 Linear |R| = [33m7.693914e-01[39m
    611 Linear |R| = [33m7.683678e-01[39m
    612 Linear |R| = [33m7.673821e-01[39m
    613 Linear |R| = [33m7.662989e-01[39m
    614 Linear |R| = [33m7.646687e-01[39m
    615 Linear |R| = [33m7.634410e-01[39m
    616 Linear |R| = [33m7.616407e-01[39m
    617 Linear |R| = [33m7.603938e-01[39m
    618 Linear |R| = [33m7.594063e-01[39m
    619 Linear |R| = [33m7.587253e-01[39m
    620 Linear |R| = [33m7.582269e-01[39m
    621 Linear |R| = [33m7.579084e-01[39m
    622 Linear |R| = [33m7.577883e-01[39m
    623 Linear |R| = [33m7.577825e-01[39m
    624 Linear |R| = [33m7.577527e-01[39m
    625 Linear |R| = [33m7.575547e-01[39m
    626 Linear |R| = [33m7.570485e-01[39m
    627 Linear |R| = [33m7.556868e-01[39m
    628 Linear |R| = [33m7.527002e-01[39m
    629 Linear |R| = [33m7.494881e-01[39m
    630 Linear |R| = [33m7.411259e-01[39m
    631 Linear |R| = [33m7.335554e-01[39m
    632 Linear |R| = [33m7.292624e-01[39m
    633 Linear |R| = [33m7.265641e-01[39m
    634 Linear |R| = [33m7.248470e-01[39m
    635 Linear |R| = [33m7.239814e-01[39m
    636 Linear |R| = [33m7.235362e-01[39m
    637 Linear |R| = [33m7.234235e-01[39m
    638 Linear |R| = [33m7.234232e-01[39m
    639 Linear |R| = [33m7.233661e-01[39m
    640 Linear |R| = [33m7.231444e-01[39m
    641 Linear |R| = [33m7.226401e-01[39m
    642 Linear |R| = [33m7.218430e-01[39m
    643 Linear |R| = [33m7.208802e-01[39m
    644 Linear |R| = [33m7.192655e-01[39m
    645 Linear |R| = [33m7.167157e-01[39m
    646 Linear |R| = [33m7.133433e-01[39m
    647 Linear |R| = [33m7.103065e-01[39m
    648 Linear |R| = [33m7.076203e-01[39m
    649 Linear |R| = [33m7.057355e-01[39m
    650 Linear |R| = [33m7.042844e-01[39m
    651 Linear |R| = [33m7.032710e-01[39m
    652 Linear |R| = [33m7.028915e-01[39m
    653 Linear |R| = [33m7.027887e-01[39m
    654 Linear |R| = [33m7.027857e-01[39m
    655 Linear |R| = [33m7.027403e-01[39m
    656 Linear |R| = [33m7.024778e-01[39m
    657 Linear |R| = [33m7.017449e-01[39m
    658 Linear |R| = [33m7.003320e-01[39m
    659 Linear |R| = [33m6.989138e-01[39m
    660 Linear |R| = [33m6.972204e-01[39m
    661 Linear |R| = [33m6.958324e-01[39m
    662 Linear |R| = [33m6.947706e-01[39m
    663 Linear |R| = [33m6.940129e-01[39m
    664 Linear |R| = [33m6.933134e-01[39m
    665 Linear |R| = [33m6.926982e-01[39m
    666 Linear |R| = [33m6.925323e-01[39m
    667 Linear |R| = [33m6.925318e-01[39m
    668 Linear |R| = [33m6.923030e-01[39m
    669 Linear |R| = [33m6.914803e-01[39m
    670 Linear |R| = [33m6.901422e-01[39m
    671 Linear |R| = [33m6.886540e-01[39m
    672 Linear |R| = [33m6.872857e-01[39m
    673 Linear |R| = [33m6.854558e-01[39m
    674 Linear |R| = [33m6.837410e-01[39m
    675 Linear |R| = [33m6.824007e-01[39m
    676 Linear |R| = [33m6.814839e-01[39m
    677 Linear |R| = [33m6.808797e-01[39m
    678 Linear |R| = [33m6.804830e-01[39m
    679 Linear |R| = [33m6.802332e-01[39m
    680 Linear |R| = [33m6.801222e-01[39m
    681 Linear |R| = [33m6.800870e-01[39m
    682 Linear |R| = [33m6.800869e-01[39m
    683 Linear |R| = [33m6.800477e-01[39m
    684 Linear |R| = [33m6.799168e-01[39m
    685 Linear |R| = [33m6.796982e-01[39m
    686 Linear |R| = [33m6.792719e-01[39m
    687 Linear |R| = [33m6.779056e-01[39m
    688 Linear |R| = [33m6.741220e-01[39m
    689 Linear |R| = [33m6.678855e-01[39m
    690 Linear |R| = [33m6.562367e-01[39m
    691 Linear |R| = [33m6.477165e-01[39m
    692 Linear |R| = [33m6.412778e-01[39m
    693 Linear |R| = [33m6.372587e-01[39m
    694 Linear |R| = [33m6.355391e-01[39m
    695 Linear |R| = [33m6.347083e-01[39m
    696 Linear |R| = [33m6.340348e-01[39m
    697 Linear |R| = [33m6.337145e-01[39m
    698 Linear |R| = [33m6.336574e-01[39m
    699 Linear |R| = [33m6.336557e-01[39m
    700 Linear |R| = [33m6.335415e-01[39m
    701 Linear |R| = [33m6.332121e-01[39m
    702 Linear |R| = [33m6.327203e-01[39m
    703 Linear |R| = [33m6.322119e-01[39m
    704 Linear |R| = [33m6.316106e-01[39m
    705 Linear |R| = [33m6.305169e-01[39m
    706 Linear |R| = [33m6.287137e-01[39m
    707 Linear |R| = [33m6.259864e-01[39m
    708 Linear |R| = [33m6.231968e-01[39m
    709 Linear |R| = [33m6.205197e-01[39m
    710 Linear |R| = [33m6.168093e-01[39m
    711 Linear |R| = [33m6.121260e-01[39m
    712 Linear |R| = [33m6.066548e-01[39m
    713 Linear |R| = [33m6.003822e-01[39m
    714 Linear |R| = [33m5.956097e-01[39m
    715 Linear |R| = [33m5.915800e-01[39m
    716 Linear |R| = [33m5.868201e-01[39m
    717 Linear |R| = [33m5.822014e-01[39m
    718 Linear |R| = [33m5.797671e-01[39m
    719 Linear |R| = [33m5.794271e-01[39m
    720 Linear |R| = [31m5.835892e-01[39m
    721 Linear |R| = [33m5.799585e-01[39m
    722 Linear |R| = [33m5.798408e-01[39m
    723 Linear |R| = [33m5.793318e-01[39m
    724 Linear |R| = [33m5.769331e-01[39m
    725 Linear |R| = [33m5.736670e-01[39m
    726 Linear |R| = [33m5.706588e-01[39m
    727 Linear |R| = [33m5.678954e-01[39m
    728 Linear |R| = [33m5.646458e-01[39m
    729 Linear |R| = [33m5.607972e-01[39m
    730 Linear |R| = [33m5.562458e-01[39m
    731 Linear |R| = [33m5.512628e-01[39m
    732 Linear |R| = [33m5.465209e-01[39m
    733 Linear |R| = [33m5.422081e-01[39m
    734 Linear |R| = [33m5.389303e-01[39m
    735 Linear |R| = [33m5.367773e-01[39m
    736 Linear |R| = [33m5.357488e-01[39m
    737 Linear |R| = [33m5.352453e-01[39m
    738 Linear |R| = [33m5.349594e-01[39m
    739 Linear |R| = [33m5.348110e-01[39m
    740 Linear |R| = [33m5.347503e-01[39m
    741 Linear |R| = [33m5.347412e-01[39m
    742 Linear |R| = [33m5.347411e-01[39m
    743 Linear |R| = [33m5.347334e-01[39m
    744 Linear |R| = [33m5.346917e-01[39m
    745 Linear |R| = [33m5.345129e-01[39m
    746 Linear |R| = [33m5.339847e-01[39m
    747 Linear |R| = [33m5.326775e-01[39m
    748 Linear |R| = [33m5.298205e-01[39m
    749 Linear |R| = [33m5.257921e-01[39m
    750 Linear |R| = [33m5.219193e-01[39m
    751 Linear |R| = [33m5.196917e-01[39m
    752 Linear |R| = [33m5.169877e-01[39m
    753 Linear |R| = [33m5.147318e-01[39m
    754 Linear |R| = [33m5.132938e-01[39m
    755 Linear |R| = [33m5.120837e-01[39m
    756 Linear |R| = [33m5.113298e-01[39m
    757 Linear |R| = [33m5.110007e-01[39m
    758 Linear |R| = [33m5.109201e-01[39m
    759 Linear |R| = [33m5.109174e-01[39m
    760 Linear |R| = [33m5.107879e-01[39m
    761 Linear |R| = [33m5.104351e-01[39m
    762 Linear |R| = [33m5.099115e-01[39m
    763 Linear |R| = [33m5.093991e-01[39m
    764 Linear |R| = [33m5.089281e-01[39m
    765 Linear |R| = [33m5.081515e-01[39m
    766 Linear |R| = [33m5.069823e-01[39m
    767 Linear |R| = [33m5.058329e-01[39m
    768 Linear |R| = [33m5.044428e-01[39m
    769 Linear |R| = [33m5.026120e-01[39m
    770 Linear |R| = [33m5.007770e-01[39m
    771 Linear |R| = [33m4.991721e-01[39m
    772 Linear |R| = [33m4.978253e-01[39m
    773 Linear |R| = [33m4.966966e-01[39m
    774 Linear |R| = [33m4.957152e-01[39m
    775 Linear |R| = [33m4.951274e-01[39m
    776 Linear |R| = [33m4.949158e-01[39m
    777 Linear |R| = [33m4.949126e-01[39m
    778 Linear |R| = [33m4.948490e-01[39m
    779 Linear |R| = [33m4.945145e-01[39m
    780 Linear |R| = [33m4.932127e-01[39m
    781 Linear |R| = [33m4.924693e-01[39m
    782 Linear |R| = [33m4.921436e-01[39m
    783 Linear |R| = [33m4.920774e-01[39m
    784 Linear |R| = [33m4.920766e-01[39m
    785 Linear |R| = [33m4.920160e-01[39m
    786 Linear |R| = [33m4.918296e-01[39m
    787 Linear |R| = [33m4.914307e-01[39m
    788 Linear |R| = [33m4.907903e-01[39m
    789 Linear |R| = [33m4.898099e-01[39m
    790 Linear |R| = [33m4.883194e-01[39m
    791 Linear |R| = [33m4.858650e-01[39m
    792 Linear |R| = [33m4.825430e-01[39m
    793 Linear |R| = [33m4.794952e-01[39m
    794 Linear |R| = [33m4.771370e-01[39m
    795 Linear |R| = [33m4.750354e-01[39m
    796 Linear |R| = [33m4.733894e-01[39m
    797 Linear |R| = [33m4.724173e-01[39m
    798 Linear |R| = [33m4.719865e-01[39m
    799 Linear |R| = [33m4.718892e-01[39m
    800 Linear |R| = [33m4.718776e-01[39m
    801 Linear |R| = [33m4.718762e-01[39m
    802 Linear |R| = [33m4.718499e-01[39m
    803 Linear |R| = [33m4.717479e-01[39m
    804 Linear |R| = [33m4.714687e-01[39m
    805 Linear |R| = [33m4.708266e-01[39m
    806 Linear |R| = [33m4.697052e-01[39m
    807 Linear |R| = [33m4.676194e-01[39m
    808 Linear |R| = [33m4.643352e-01[39m
    809 Linear |R| = [33m4.610121e-01[39m
    810 Linear |R| = [33m4.586733e-01[39m
    811 Linear |R| = [33m4.555237e-01[39m
    812 Linear |R| = [33m4.535991e-01[39m
    813 Linear |R| = [33m4.514017e-01[39m
    814 Linear |R| = [33m4.497434e-01[39m
    815 Linear |R| = [33m4.486711e-01[39m
    816 Linear |R| = [33m4.477403e-01[39m
    817 Linear |R| = [33m4.472950e-01[39m
    818 Linear |R| = [33m4.471428e-01[39m
    819 Linear |R| = [33m4.471363e-01[39m
    820 Linear |R| = [33m4.470879e-01[39m
    821 Linear |R| = [33m4.468891e-01[39m
    822 Linear |R| = [33m4.464912e-01[39m
    823 Linear |R| = [33m4.459378e-01[39m
    824 Linear |R| = [33m4.454189e-01[39m
    825 Linear |R| = [33m4.443038e-01[39m
    826 Linear |R| = [33m4.435038e-01[39m
    827 Linear |R| = [33m4.422529e-01[39m
    828 Linear |R| = [33m4.413526e-01[39m
    829 Linear |R| = [33m4.407014e-01[39m
    830 Linear |R| = [33m4.402441e-01[39m
    831 Linear |R| = [33m4.399734e-01[39m
    832 Linear |R| = [33m4.397753e-01[39m
    833 Linear |R| = [33m4.396633e-01[39m
    834 Linear |R| = [33m4.396526e-01[39m
    835 Linear |R| = [33m4.395918e-01[39m
    836 Linear |R| = [33m4.392776e-01[39m
    837 Linear |R| = [33m4.386812e-01[39m
    838 Linear |R| = [33m4.381102e-01[39m
    839 Linear |R| = [33m4.376132e-01[39m
    840 Linear |R| = [33m4.369118e-01[39m
    841 Linear |R| = [33m4.362191e-01[39m
    842 Linear |R| = [33m4.358286e-01[39m
    843 Linear |R| = [33m4.355654e-01[39m
    844 Linear |R| = [33m4.353846e-01[39m
    845 Linear |R| = [33m4.351947e-01[39m
    846 Linear |R| = [33m4.350140e-01[39m
    847 Linear |R| = [33m4.349059e-01[39m
    848 Linear |R| = [33m4.348930e-01[39m
    849 Linear |R| = [33m4.348608e-01[39m
    850 Linear |R| = [33m4.346646e-01[39m
    851 Linear |R| = [33m4.340574e-01[39m
    852 Linear |R| = [33m4.330264e-01[39m
    853 Linear |R| = [33m4.318102e-01[39m
    854 Linear |R| = [33m4.301735e-01[39m
    855 Linear |R| = [33m4.283983e-01[39m
    856 Linear |R| = [33m4.255033e-01[39m
    857 Linear |R| = [33m4.225016e-01[39m
    858 Linear |R| = [33m4.207055e-01[39m
    859 Linear |R| = [33m4.196761e-01[39m
    860 Linear |R| = [33m4.187704e-01[39m
    861 Linear |R| = [33m4.182010e-01[39m
    862 Linear |R| = [33m4.180532e-01[39m
    863 Linear |R| = [33m4.180471e-01[39m
    864 Linear |R| = [33m4.177543e-01[39m
    865 Linear |R| = [33m4.167399e-01[39m
    866 Linear |R| = [33m4.152125e-01[39m
    867 Linear |R| = [33m4.126371e-01[39m
    868 Linear |R| = [33m4.087422e-01[39m
    869 Linear |R| = [33m4.060036e-01[39m
    870 Linear |R| = [33m4.017616e-01[39m
    871 Linear |R| = [33m3.988257e-01[39m
    872 Linear |R| = [33m3.960163e-01[39m
    873 Linear |R| = [33m3.936606e-01[39m
    874 Linear |R| = [33m3.914139e-01[39m
    875 Linear |R| = [33m3.900908e-01[39m
    876 Linear |R| = [33m3.891522e-01[39m
    877 Linear |R| = [33m3.887813e-01[39m
    878 Linear |R| = [33m3.887556e-01[39m
    879 Linear |R| = [33m3.886750e-01[39m
    880 Linear |R| = [33m3.882256e-01[39m
    881 Linear |R| = [33m3.872386e-01[39m
    882 Linear |R| = [33m3.858082e-01[39m
    883 Linear |R| = [33m3.843353e-01[39m
    884 Linear |R| = [33m3.827031e-01[39m
    885 Linear |R| = [33m3.813104e-01[39m
    886 Linear |R| = [33m3.801891e-01[39m
    887 Linear |R| = [33m3.791887e-01[39m
    888 Linear |R| = [33m3.785630e-01[39m
    889 Linear |R| = [33m3.782150e-01[39m
    890 Linear |R| = [33m3.780581e-01[39m
    891 Linear |R| = [33m3.779855e-01[39m
    892 Linear |R| = [33m3.779345e-01[39m
    893 Linear |R| = [33m3.779052e-01[39m
    894 Linear |R| = [33m3.779047e-01[39m
    895 Linear |R| = [33m3.778529e-01[39m
    896 Linear |R| = [33m3.776098e-01[39m
    897 Linear |R| = [33m3.771818e-01[39m
    898 Linear |R| = [33m3.767685e-01[39m
    899 Linear |R| = [33m3.763917e-01[39m
    900 Linear |R| = [33m3.760499e-01[39m
    901 Linear |R| = [33m3.755409e-01[39m
    902 Linear |R| = [33m3.752695e-01[39m
    903 Linear |R| = [33m3.751072e-01[39m
    904 Linear |R| = [33m3.749788e-01[39m
    905 Linear |R| = [33m3.748450e-01[39m
    906 Linear |R| = [33m3.747334e-01[39m
    907 Linear |R| = [33m3.746817e-01[39m
    908 Linear |R| = [33m3.746762e-01[39m
    909 Linear |R| = [33m3.746588e-01[39m
    910 Linear |R| = [33m3.745589e-01[39m
    911 Linear |R| = [33m3.742482e-01[39m
    912 Linear |R| = [33m3.737084e-01[39m
    913 Linear |R| = [33m3.728485e-01[39m
    914 Linear |R| = [33m3.715523e-01[39m
    915 Linear |R| = [33m3.697894e-01[39m
    916 Linear |R| = [33m3.663300e-01[39m
    917 Linear |R| = [33m3.595162e-01[39m
    918 Linear |R| = [33m3.526417e-01[39m
    919 Linear |R| = [33m3.444553e-01[39m
    920 Linear |R| = [33m3.306554e-01[39m
    921 Linear |R| = [32m3.071200e-01[39m
    922 Linear |R| = [32m2.762213e-01[39m
    923 Linear |R| = [32m2.497515e-01[39m
    924 Linear |R| = [32m2.252771e-01[39m
    925 Linear |R| = [32m2.043146e-01[39m
    926 Linear |R| = [32m1.906006e-01[39m
    927 Linear |R| = [32m1.709036e-01[39m
    928 Linear |R| = [32m1.335430e-01[39m
    929 Linear |R| = [32m1.010947e-01[39m
    Linear solve did not converge due to DIVERGED_BREAKDOWN iterations 930
 6 Nonlinear |R| = [32m4.995997e+02[39m
      0 Linear |R| = [32m4.995997e+02[39m
      1 Linear |R| = [32m1.637602e+02[39m
      2 Linear |R| = [32m9.661823e+01[39m
      3 Linear |R| = [32m6.954321e+01[39m
      4 Linear |R| = [32m5.209149e+01[39m
      5 Linear |R| = [32m4.147283e+01[39m
      6 Linear |R| = [32m3.254273e+01[39m
      7 Linear |R| = [32m2.702853e+01[39m
      8 Linear |R| = [32m2.340736e+01[39m
      9 Linear |R| = [32m2.109645e+01[39m
     10 Linear |R| = [32m1.943391e+01[39m
     11 Linear |R| = [32m1.799457e+01[39m
     12 Linear |R| = [32m1.696304e+01[39m
     13 Linear |R| = [33m1.645296e+01[39m
     14 Linear |R| = [33m1.629933e+01[39m
     15 Linear |R| = [33m1.628497e+01[39m
     16 Linear |R| = [33m1.627407e+01[39m
     17 Linear |R| = [33m1.615882e+01[39m
     18 Linear |R| = [33m1.583589e+01[39m
     19 Linear |R| = [33m1.529018e+01[39m
     20 Linear |R| = [33m1.465280e+01[39m
     21 Linear |R| = [33m1.402676e+01[39m
     22 Linear |R| = [33m1.342135e+01[39m
     23 Linear |R| = [33m1.276692e+01[39m
     24 Linear |R| = [32m1.204634e+01[39m
     25 Linear |R| = [32m1.136566e+01[39m
     26 Linear |R| = [32m1.068311e+01[39m
     27 Linear |R| = [33m1.016156e+01[39m
     28 Linear |R| = [33m9.785285e+00[39m
     29 Linear |R| = [33m9.565547e+00[39m
     30 Linear |R| = [33m9.449408e+00[39m
     31 Linear |R| = [33m9.419725e+00[39m
     32 Linear |R| = [33m9.413598e+00[39m
     33 Linear |R| = [33m9.412646e+00[39m
     34 Linear |R| = [33m9.393600e+00[39m
     35 Linear |R| = [33m9.343054e+00[39m
     36 Linear |R| = [33m9.237000e+00[39m
     37 Linear |R| = [33m9.091348e+00[39m
     38 Linear |R| = [33m8.944507e+00[39m
     39 Linear |R| = [33m8.783099e+00[39m
     40 Linear |R| = [33m8.597945e+00[39m
     41 Linear |R| = [33m8.408539e+00[39m
     42 Linear |R| = [33m8.261871e+00[39m
     43 Linear |R| = [33m8.079573e+00[39m
     44 Linear |R| = [33m7.944000e+00[39m
     45 Linear |R| = [33m7.852615e+00[39m
     46 Linear |R| = [33m7.768775e+00[39m
     47 Linear |R| = [33m7.732717e+00[39m
     48 Linear |R| = [33m7.724866e+00[39m
     49 Linear |R| = [33m7.724734e+00[39m
     50 Linear |R| = [33m7.720039e+00[39m
     51 Linear |R| = [33m7.700101e+00[39m
     52 Linear |R| = [33m7.651867e+00[39m
     53 Linear |R| = [33m7.584028e+00[39m
     54 Linear |R| = [33m7.481586e+00[39m
     55 Linear |R| = [33m7.353188e+00[39m
     56 Linear |R| = [33m7.181218e+00[39m
     57 Linear |R| = [33m7.000985e+00[39m
     58 Linear |R| = [33m6.829000e+00[39m
     59 Linear |R| = [33m6.717640e+00[39m
     60 Linear |R| = [33m6.648454e+00[39m
     61 Linear |R| = [33m6.617411e+00[39m
     62 Linear |R| = [33m6.599219e+00[39m
     63 Linear |R| = [33m6.584094e+00[39m
     64 Linear |R| = [33m6.573304e+00[39m
     65 Linear |R| = [33m6.570078e+00[39m
     66 Linear |R| = [33m6.569765e+00[39m
     67 Linear |R| = [33m6.569662e+00[39m
     68 Linear |R| = [33m6.567316e+00[39m
     69 Linear |R| = [33m6.560903e+00[39m
     70 Linear |R| = [33m6.549543e+00[39m
     71 Linear |R| = [33m6.522888e+00[39m
     72 Linear |R| = [33m6.485988e+00[39m
     73 Linear |R| = [33m6.440403e+00[39m
     74 Linear |R| = [33m6.382553e+00[39m
     75 Linear |R| = [33m6.323734e+00[39m
     76 Linear |R| = [33m6.259936e+00[39m
     77 Linear |R| = [33m6.197112e+00[39m
     78 Linear |R| = [33m6.145420e+00[39m
     79 Linear |R| = [33m6.110292e+00[39m
     80 Linear |R| = [33m6.091780e+00[39m
     81 Linear |R| = [33m6.080172e+00[39m
     82 Linear |R| = [33m6.069042e+00[39m
     83 Linear |R| = [33m6.062693e+00[39m
     84 Linear |R| = [33m6.060690e+00[39m
     85 Linear |R| = [33m6.060661e+00[39m
     86 Linear |R| = [33m6.059739e+00[39m
     87 Linear |R| = [33m6.054802e+00[39m
     88 Linear |R| = [33m6.040940e+00[39m
     89 Linear |R| = [33m6.016547e+00[39m
     90 Linear |R| = [31m6.101279e+00[39m
     91 Linear |R| = [33m5.999152e+00[39m
     92 Linear |R| = [33m5.968971e+00[39m
     93 Linear |R| = [33m5.954706e+00[39m
     94 Linear |R| = [33m5.944955e+00[39m
     95 Linear |R| = [33m5.940502e+00[39m
     96 Linear |R| = [33m5.939306e+00[39m
     97 Linear |R| = [33m5.939212e+00[39m
     98 Linear |R| = [33m5.938960e+00[39m
     99 Linear |R| = [33m5.936968e+00[39m
    100 Linear |R| = [33m5.932261e+00[39m
    101 Linear |R| = [33m5.922970e+00[39m
    102 Linear |R| = [33m5.911057e+00[39m
    103 Linear |R| = [33m5.896565e+00[39m
    104 Linear |R| = [33m5.879512e+00[39m
    105 Linear |R| = [33m5.860533e+00[39m
    106 Linear |R| = [33m5.836659e+00[39m
    107 Linear |R| = [33m5.810774e+00[39m
    108 Linear |R| = [33m5.788842e+00[39m
    109 Linear |R| = [33m5.772659e+00[39m
    110 Linear |R| = [33m5.761357e+00[39m
    111 Linear |R| = [33m5.754248e+00[39m
    112 Linear |R| = [33m5.751761e+00[39m
    113 Linear |R| = [33m5.751665e+00[39m
    114 Linear |R| = [33m5.750527e+00[39m
    115 Linear |R| = [33m5.743958e+00[39m
    116 Linear |R| = [33m5.730557e+00[39m
    117 Linear |R| = [33m5.706148e+00[39m
    118 Linear |R| = [33m5.670837e+00[39m
    119 Linear |R| = [33m5.633578e+00[39m
    120 Linear |R| = [31m5.649990e+00[39m
    121 Linear |R| = [33m5.592824e+00[39m
    122 Linear |R| = [33m5.569239e+00[39m
    123 Linear |R| = [33m5.551838e+00[39m
    124 Linear |R| = [33m5.536988e+00[39m
    125 Linear |R| = [33m5.528665e+00[39m
    126 Linear |R| = [33m5.524319e+00[39m
    127 Linear |R| = [33m5.521791e+00[39m
    128 Linear |R| = [33m5.521153e+00[39m
    129 Linear |R| = [33m5.521147e+00[39m
    130 Linear |R| = [33m5.520779e+00[39m
    131 Linear |R| = [33m5.518679e+00[39m
    132 Linear |R| = [33m5.514383e+00[39m
    133 Linear |R| = [33m5.507645e+00[39m
    134 Linear |R| = [33m5.497828e+00[39m
    135 Linear |R| = [33m5.489037e+00[39m
    136 Linear |R| = [33m5.470646e+00[39m
    137 Linear |R| = [33m5.458527e+00[39m
    138 Linear |R| = [33m5.451874e+00[39m
    139 Linear |R| = [33m5.446789e+00[39m
    140 Linear |R| = [33m5.443624e+00[39m
    141 Linear |R| = [33m5.442562e+00[39m
    142 Linear |R| = [33m5.442519e+00[39m
    143 Linear |R| = [33m5.442303e+00[39m
    144 Linear |R| = [33m5.441189e+00[39m
    145 Linear |R| = [33m5.438831e+00[39m
    146 Linear |R| = [33m5.435693e+00[39m
    147 Linear |R| = [33m5.431400e+00[39m
    148 Linear |R| = [33m5.425892e+00[39m
    149 Linear |R| = [33m5.418398e+00[39m
    150 Linear |R| = [31m5.453809e+00[39m
    151 Linear |R| = [33m5.404021e+00[39m
    152 Linear |R| = [33m5.386964e+00[39m
    153 Linear |R| = [33m5.377324e+00[39m
    154 Linear |R| = [33m5.369552e+00[39m
    155 Linear |R| = [33m5.364150e+00[39m
    156 Linear |R| = [33m5.360803e+00[39m
    157 Linear |R| = [33m5.359017e+00[39m
    158 Linear |R| = [33m5.358699e+00[39m
    159 Linear |R| = [33m5.358680e+00[39m
    160 Linear |R| = [33m5.358227e+00[39m
    161 Linear |R| = [33m5.357019e+00[39m
    162 Linear |R| = [33m5.355405e+00[39m
    163 Linear |R| = [33m5.353181e+00[39m
    164 Linear |R| = [33m5.350274e+00[39m
    165 Linear |R| = [33m5.347603e+00[39m
    166 Linear |R| = [33m5.341355e+00[39m
    167 Linear |R| = [33m5.331369e+00[39m
    168 Linear |R| = [33m5.319789e+00[39m
    169 Linear |R| = [33m5.309619e+00[39m
    170 Linear |R| = [33m5.301317e+00[39m
    171 Linear |R| = [33m5.294773e+00[39m
    172 Linear |R| = [33m5.290894e+00[39m
    173 Linear |R| = [33m5.289044e+00[39m
    174 Linear |R| = [33m5.288679e+00[39m
    175 Linear |R| = [33m5.288515e+00[39m
    176 Linear |R| = [33m5.287128e+00[39m
    177 Linear |R| = [33m5.282544e+00[39m
    178 Linear |R| = [33m5.273261e+00[39m
    179 Linear |R| = [33m5.261769e+00[39m
    180 Linear |R| = [33m5.247412e+00[39m
    181 Linear |R| = [33m5.234069e+00[39m
    182 Linear |R| = [33m5.225384e+00[39m
    183 Linear |R| = [33m5.219149e+00[39m
    184 Linear |R| = [33m5.215969e+00[39m
    185 Linear |R| = [33m5.214876e+00[39m
    186 Linear |R| = [33m5.214535e+00[39m
    187 Linear |R| = [33m5.214454e+00[39m
    188 Linear |R| = [33m5.214344e+00[39m
    189 Linear |R| = [33m5.213287e+00[39m
    190 Linear |R| = [33m5.210988e+00[39m
    191 Linear |R| = [33m5.205822e+00[39m
    192 Linear |R| = [33m5.198171e+00[39m
    193 Linear |R| = [33m5.189164e+00[39m
    194 Linear |R| = [33m5.179728e+00[39m
    195 Linear |R| = [33m5.174634e+00[39m
    196 Linear |R| = [33m5.165633e+00[39m
    197 Linear |R| = [33m5.162425e+00[39m
    198 Linear |R| = [33m5.160244e+00[39m
    199 Linear |R| = [33m5.158760e+00[39m
    200 Linear |R| = [33m5.158089e+00[39m
    201 Linear |R| = [33m5.158014e+00[39m
    202 Linear |R| = [33m5.157940e+00[39m
    203 Linear |R| = [33m5.157315e+00[39m
    204 Linear |R| = [33m5.155867e+00[39m
    205 Linear |R| = [33m5.153558e+00[39m
    206 Linear |R| = [33m5.150482e+00[39m
    207 Linear |R| = [33m5.145715e+00[39m
    208 Linear |R| = [33m5.138643e+00[39m
    209 Linear |R| = [33m5.128467e+00[39m
    210 Linear |R| = [33m5.112664e+00[39m
    211 Linear |R| = [33m5.088933e+00[39m
    212 Linear |R| = [33m5.076173e+00[39m
    213 Linear |R| = [33m5.068606e+00[39m
    214 Linear |R| = [33m5.061728e+00[39m
    215 Linear |R| = [33m5.056785e+00[39m
    216 Linear |R| = [33m5.053545e+00[39m
    217 Linear |R| = [33m5.051386e+00[39m
    218 Linear |R| = [33m5.049882e+00[39m
    219 Linear |R| = [33m5.049161e+00[39m
    220 Linear |R| = [33m5.048969e+00[39m
    221 Linear |R| = [33m5.048961e+00[39m
    222 Linear |R| = [33m5.048425e+00[39m
    223 Linear |R| = [33m5.046510e+00[39m
    224 Linear |R| = [33m5.043178e+00[39m
    225 Linear |R| = [33m5.039782e+00[39m
    226 Linear |R| = [33m5.034484e+00[39m
    227 Linear |R| = [33m5.026804e+00[39m
    228 Linear |R| = [33m5.018288e+00[39m
    229 Linear |R| = [33m5.010904e+00[39m
    230 Linear |R| = [33m5.003919e+00[39m
    231 Linear |R| = [33m4.996037e+00[39m
    232 Linear |R| = [33m4.987470e+00[39m
    233 Linear |R| = [33m4.980014e+00[39m
    234 Linear |R| = [33m4.972480e+00[39m
    235 Linear |R| = [33m4.968430e+00[39m
    236 Linear |R| = [33m4.966866e+00[39m
    237 Linear |R| = [33m4.966811e+00[39m
    238 Linear |R| = [33m4.966065e+00[39m
    239 Linear |R| = [33m4.962847e+00[39m
    240 Linear |R| = [33m4.956643e+00[39m
    241 Linear |R| = [33m4.951327e+00[39m
    242 Linear |R| = [33m4.948433e+00[39m
    243 Linear |R| = [33m4.947600e+00[39m
    244 Linear |R| = [33m4.947590e+00[39m
    245 Linear |R| = [33m4.946807e+00[39m
    246 Linear |R| = [33m4.943718e+00[39m
    247 Linear |R| = [33m4.938804e+00[39m
    248 Linear |R| = [33m4.932500e+00[39m
    249 Linear |R| = [33m4.923843e+00[39m
    250 Linear |R| = [33m4.914696e+00[39m
    251 Linear |R| = [33m4.905115e+00[39m
    252 Linear |R| = [33m4.898128e+00[39m
    253 Linear |R| = [33m4.892167e+00[39m
    254 Linear |R| = [33m4.885779e+00[39m
    255 Linear |R| = [33m4.880710e+00[39m
    256 Linear |R| = [33m4.878477e+00[39m
    257 Linear |R| = [33m4.876577e+00[39m
    258 Linear |R| = [33m4.875765e+00[39m
    259 Linear |R| = [33m4.875626e+00[39m
    260 Linear |R| = [33m4.875615e+00[39m
    261 Linear |R| = [33m4.875220e+00[39m
    262 Linear |R| = [33m4.874203e+00[39m
    263 Linear |R| = [33m4.872382e+00[39m
    264 Linear |R| = [33m4.869751e+00[39m
    265 Linear |R| = [33m4.865659e+00[39m
    266 Linear |R| = [33m4.859303e+00[39m
    267 Linear |R| = [33m4.850789e+00[39m
    268 Linear |R| = [33m4.841418e+00[39m
    269 Linear |R| = [33m4.826701e+00[39m
    270 Linear |R| = [33m4.818970e+00[39m
    271 Linear |R| = [33m4.789405e+00[39m
    272 Linear |R| = [33m4.775331e+00[39m
    273 Linear |R| = [33m4.765806e+00[39m
    274 Linear |R| = [33m4.754515e+00[39m
    275 Linear |R| = [33m4.744507e+00[39m
    276 Linear |R| = [33m4.737657e+00[39m
    277 Linear |R| = [33m4.733373e+00[39m
    278 Linear |R| = [33m4.730651e+00[39m
    279 Linear |R| = [33m4.728975e+00[39m
    280 Linear |R| = [33m4.728152e+00[39m
    281 Linear |R| = [33m4.727999e+00[39m
    282 Linear |R| = [33m4.727944e+00[39m
    283 Linear |R| = [33m4.727298e+00[39m
    284 Linear |R| = [33m4.725806e+00[39m
    285 Linear |R| = [33m4.724105e+00[39m
    286 Linear |R| = [33m4.721423e+00[39m
    287 Linear |R| = [33m4.717448e+00[39m
    288 Linear |R| = [33m4.712562e+00[39m
    289 Linear |R| = [33m4.706607e+00[39m
    290 Linear |R| = [33m4.697847e+00[39m
    291 Linear |R| = [33m4.685379e+00[39m
    292 Linear |R| = [33m4.670078e+00[39m
    293 Linear |R| = [33m4.650169e+00[39m
    294 Linear |R| = [33m4.621986e+00[39m
    295 Linear |R| = [33m4.583573e+00[39m
    296 Linear |R| = [33m4.534435e+00[39m
    297 Linear |R| = [33m4.484817e+00[39m
    298 Linear |R| = [33m4.437004e+00[39m
    299 Linear |R| = [33m4.405205e+00[39m
    300 Linear |R| = [31m4.419572e+00[39m
    301 Linear |R| = [33m4.409010e+00[39m
    302 Linear |R| = [33m4.408771e+00[39m
    303 Linear |R| = [33m4.392849e+00[39m
    304 Linear |R| = [33m4.353927e+00[39m
    305 Linear |R| = [33m4.314682e+00[39m
    306 Linear |R| = [33m4.279650e+00[39m
    307 Linear |R| = [33m4.244477e+00[39m
    308 Linear |R| = [33m4.213569e+00[39m
    309 Linear |R| = [33m4.187627e+00[39m
    310 Linear |R| = [33m4.168082e+00[39m
    311 Linear |R| = [33m4.152084e+00[39m
    312 Linear |R| = [33m4.141787e+00[39m
    313 Linear |R| = [33m4.135372e+00[39m
    314 Linear |R| = [33m4.130589e+00[39m
    315 Linear |R| = [33m4.128127e+00[39m
    316 Linear |R| = [33m4.126232e+00[39m
    317 Linear |R| = [33m4.124709e+00[39m
    318 Linear |R| = [33m4.124121e+00[39m
    319 Linear |R| = [33m4.124053e+00[39m
    320 Linear |R| = [33m4.124026e+00[39m
    321 Linear |R| = [33m4.123671e+00[39m
    322 Linear |R| = [33m4.122838e+00[39m
    323 Linear |R| = [33m4.121304e+00[39m
    324 Linear |R| = [33m4.118812e+00[39m
    325 Linear |R| = [33m4.115355e+00[39m
    326 Linear |R| = [33m4.111141e+00[39m
    327 Linear |R| = [33m4.105338e+00[39m
    328 Linear |R| = [33m4.097343e+00[39m
    329 Linear |R| = [33m4.089592e+00[39m
    330 Linear |R| = [31m4.098372e+00[39m
    331 Linear |R| = [33m4.081318e+00[39m
    332 Linear |R| = [33m4.074035e+00[39m
    333 Linear |R| = [33m4.068114e+00[39m
    334 Linear |R| = [33m4.061348e+00[39m
    335 Linear |R| = [33m4.055588e+00[39m
    336 Linear |R| = [33m4.051413e+00[39m
    337 Linear |R| = [33m4.048186e+00[39m
    338 Linear |R| = [33m4.046418e+00[39m
    339 Linear |R| = [33m4.045807e+00[39m
    340 Linear |R| = [33m4.045758e+00[39m
    341 Linear |R| = [33m4.045715e+00[39m
    342 Linear |R| = [33m4.045376e+00[39m
    343 Linear |R| = [33m4.044474e+00[39m
    344 Linear |R| = [33m4.042736e+00[39m
    345 Linear |R| = [33m4.040530e+00[39m
    346 Linear |R| = [33m4.034477e+00[39m
    347 Linear |R| = [33m4.027413e+00[39m
    348 Linear |R| = [33m4.020273e+00[39m
    349 Linear |R| = [33m4.011316e+00[39m
    350 Linear |R| = [33m4.000020e+00[39m
    351 Linear |R| = [33m3.985294e+00[39m
    352 Linear |R| = [33m3.968008e+00[39m
    353 Linear |R| = [33m3.951482e+00[39m
    354 Linear |R| = [33m3.938024e+00[39m
    355 Linear |R| = [33m3.926903e+00[39m
    356 Linear |R| = [33m3.918152e+00[39m
    357 Linear |R| = [33m3.912076e+00[39m
    358 Linear |R| = [33m3.909364e+00[39m
    359 Linear |R| = [33m3.909024e+00[39m
    360 Linear |R| = [31m3.913663e+00[39m
    361 Linear |R| = [33m3.909530e+00[39m
    362 Linear |R| = [33m3.909331e+00[39m
    363 Linear |R| = [33m3.908508e+00[39m
    364 Linear |R| = [33m3.904657e+00[39m
    365 Linear |R| = [33m3.898697e+00[39m
    366 Linear |R| = [33m3.889638e+00[39m
    367 Linear |R| = [33m3.875678e+00[39m
    368 Linear |R| = [33m3.859708e+00[39m
    369 Linear |R| = [33m3.843158e+00[39m
    370 Linear |R| = [33m3.829723e+00[39m
    371 Linear |R| = [33m3.818548e+00[39m
    372 Linear |R| = [33m3.810465e+00[39m
    373 Linear |R| = [33m3.804755e+00[39m
    374 Linear |R| = [33m3.800555e+00[39m
    375 Linear |R| = [33m3.796553e+00[39m
    376 Linear |R| = [33m3.795305e+00[39m
    377 Linear |R| = [33m3.794941e+00[39m
    378 Linear |R| = [33m3.794917e+00[39m
    379 Linear |R| = [33m3.794818e+00[39m
    380 Linear |R| = [33m3.794226e+00[39m
    381 Linear |R| = [33m3.792885e+00[39m
    382 Linear |R| = [33m3.790775e+00[39m
    383 Linear |R| = [33m3.787315e+00[39m
    384 Linear |R| = [33m3.782507e+00[39m
    385 Linear |R| = [33m3.777227e+00[39m
    386 Linear |R| = [33m3.771978e+00[39m
    387 Linear |R| = [33m3.766842e+00[39m
    388 Linear |R| = [33m3.762242e+00[39m
    389 Linear |R| = [33m3.757098e+00[39m
    390 Linear |R| = [33m3.752843e+00[39m
    391 Linear |R| = [33m3.746009e+00[39m
    392 Linear |R| = [33m3.741621e+00[39m
    393 Linear |R| = [33m3.738831e+00[39m
    394 Linear |R| = [33m3.736908e+00[39m
    395 Linear |R| = [33m3.735724e+00[39m
    396 Linear |R| = [33m3.735166e+00[39m
    397 Linear |R| = [33m3.735113e+00[39m
    398 Linear |R| = [33m3.735001e+00[39m
    399 Linear |R| = [33m3.734073e+00[39m
    400 Linear |R| = [33m3.732469e+00[39m
    401 Linear |R| = [33m3.730060e+00[39m
    402 Linear |R| = [33m3.726951e+00[39m
    403 Linear |R| = [33m3.723857e+00[39m
    404 Linear |R| = [33m3.720565e+00[39m
    405 Linear |R| = [33m3.714797e+00[39m
    406 Linear |R| = [33m3.710220e+00[39m
    407 Linear |R| = [33m3.700208e+00[39m
    408 Linear |R| = [33m3.687165e+00[39m
    409 Linear |R| = [33m3.675284e+00[39m
    410 Linear |R| = [33m3.663242e+00[39m
    411 Linear |R| = [33m3.652970e+00[39m
    412 Linear |R| = [33m3.646101e+00[39m
    413 Linear |R| = [33m3.641876e+00[39m
    414 Linear |R| = [33m3.639871e+00[39m
    415 Linear |R| = [33m3.639440e+00[39m
    416 Linear |R| = [33m3.639440e+00[39m
    417 Linear |R| = [33m3.639050e+00[39m
    418 Linear |R| = [33m3.637681e+00[39m
    419 Linear |R| = [33m3.635440e+00[39m
    420 Linear |R| = [31m3.636666e+00[39m
    421 Linear |R| = [33m3.628494e+00[39m
    422 Linear |R| = [33m3.625168e+00[39m
    423 Linear |R| = [33m3.623412e+00[39m
    424 Linear |R| = [33m3.622379e+00[39m
    425 Linear |R| = [33m3.622259e+00[39m
    426 Linear |R| = [33m3.622001e+00[39m
    427 Linear |R| = [33m3.619949e+00[39m
    428 Linear |R| = [33m3.615618e+00[39m
    429 Linear |R| = [33m3.608948e+00[39m
    430 Linear |R| = [33m3.602019e+00[39m
    431 Linear |R| = [33m3.593516e+00[39m
    432 Linear |R| = [33m3.585519e+00[39m
    433 Linear |R| = [33m3.575563e+00[39m
    434 Linear |R| = [33m3.564306e+00[39m
    435 Linear |R| = [33m3.559544e+00[39m
    436 Linear |R| = [33m3.556267e+00[39m
    437 Linear |R| = [33m3.554328e+00[39m
    438 Linear |R| = [33m3.553109e+00[39m
    439 Linear |R| = [33m3.552687e+00[39m
    440 Linear |R| = [33m3.552632e+00[39m
    441 Linear |R| = [33m3.552592e+00[39m
    442 Linear |R| = [33m3.552378e+00[39m
    443 Linear |R| = [33m3.551786e+00[39m
    444 Linear |R| = [33m3.550264e+00[39m
    445 Linear |R| = [33m3.547661e+00[39m
    446 Linear |R| = [33m3.544695e+00[39m
    447 Linear |R| = [33m3.539853e+00[39m
    448 Linear |R| = [33m3.533305e+00[39m
    449 Linear |R| = [33m3.526995e+00[39m
    450 Linear |R| = [33m3.526780e+00[39m
    451 Linear |R| = [33m3.514609e+00[39m
    452 Linear |R| = [33m3.509827e+00[39m
    453 Linear |R| = [33m3.507218e+00[39m
    454 Linear |R| = [33m3.505251e+00[39m
    455 Linear |R| = [33m3.503673e+00[39m
    456 Linear |R| = [33m3.502704e+00[39m
    457 Linear |R| = [33m3.502428e+00[39m
    458 Linear |R| = [33m3.502428e+00[39m
    459 Linear |R| = [33m3.502252e+00[39m
    460 Linear |R| = [33m3.501549e+00[39m
    461 Linear |R| = [33m3.499884e+00[39m
    462 Linear |R| = [33m3.497350e+00[39m
    463 Linear |R| = [33m3.494383e+00[39m
    464 Linear |R| = [33m3.490749e+00[39m
    465 Linear |R| = [33m3.488198e+00[39m
    466 Linear |R| = [33m3.484101e+00[39m
    467 Linear |R| = [33m3.478611e+00[39m
    468 Linear |R| = [33m3.471008e+00[39m
    469 Linear |R| = [33m3.460329e+00[39m
    470 Linear |R| = [33m3.452108e+00[39m
    471 Linear |R| = [33m3.447493e+00[39m
    472 Linear |R| = [33m3.444274e+00[39m
    473 Linear |R| = [33m3.442644e+00[39m
    474 Linear |R| = [33m3.442190e+00[39m
    475 Linear |R| = [33m3.442190e+00[39m
    476 Linear |R| = [33m3.441984e+00[39m
    477 Linear |R| = [33m3.441026e+00[39m
    478 Linear |R| = [33m3.438635e+00[39m
    479 Linear |R| = [33m3.434779e+00[39m
    480 Linear |R| = [31m3.462830e+00[39m
    481 Linear |R| = [33m3.431157e+00[39m
    482 Linear |R| = [33m3.422210e+00[39m
    483 Linear |R| = [33m3.418769e+00[39m
    484 Linear |R| = [33m3.415951e+00[39m
    485 Linear |R| = [33m3.414190e+00[39m
    486 Linear |R| = [33m3.413751e+00[39m
    487 Linear |R| = [33m3.413749e+00[39m
    488 Linear |R| = [33m3.413336e+00[39m
    489 Linear |R| = [33m3.411853e+00[39m
    490 Linear |R| = [33m3.408979e+00[39m
    491 Linear |R| = [33m3.404254e+00[39m
    492 Linear |R| = [33m3.398203e+00[39m
    493 Linear |R| = [33m3.389920e+00[39m
    494 Linear |R| = [33m3.379944e+00[39m
    495 Linear |R| = [33m3.372772e+00[39m
    496 Linear |R| = [33m3.366300e+00[39m
    497 Linear |R| = [33m3.361729e+00[39m
    498 Linear |R| = [33m3.358806e+00[39m
    499 Linear |R| = [33m3.357256e+00[39m
    500 Linear |R| = [33m3.356208e+00[39m
    501 Linear |R| = [33m3.355469e+00[39m
    502 Linear |R| = [33m3.355076e+00[39m
    503 Linear |R| = [33m3.355030e+00[39m
    504 Linear |R| = [33m3.354934e+00[39m
    505 Linear |R| = [33m3.354438e+00[39m
    506 Linear |R| = [33m3.353434e+00[39m
    507 Linear |R| = [33m3.350735e+00[39m
    508 Linear |R| = [33m3.344759e+00[39m
    509 Linear |R| = [33m3.336381e+00[39m
    510 Linear |R| = [33m3.327968e+00[39m
    511 Linear |R| = [33m3.321000e+00[39m
    512 Linear |R| = [33m3.315361e+00[39m
    513 Linear |R| = [33m3.310760e+00[39m
    514 Linear |R| = [33m3.307286e+00[39m
    515 Linear |R| = [33m3.305229e+00[39m
    516 Linear |R| = [33m3.304198e+00[39m
    517 Linear |R| = [33m3.303872e+00[39m
    518 Linear |R| = [33m3.303855e+00[39m
    519 Linear |R| = [33m3.303766e+00[39m
    520 Linear |R| = [33m3.303244e+00[39m
    521 Linear |R| = [33m3.301913e+00[39m
    522 Linear |R| = [33m3.299606e+00[39m
    523 Linear |R| = [33m3.296683e+00[39m
    524 Linear |R| = [33m3.292949e+00[39m
    525 Linear |R| = [33m3.289253e+00[39m
    526 Linear |R| = [33m3.285999e+00[39m
    527 Linear |R| = [33m3.282112e+00[39m
    528 Linear |R| = [33m3.278571e+00[39m
    529 Linear |R| = [33m3.275691e+00[39m
    530 Linear |R| = [33m3.273721e+00[39m
    531 Linear |R| = [33m3.272763e+00[39m
    532 Linear |R| = [33m3.272464e+00[39m
    533 Linear |R| = [33m3.272460e+00[39m
    534 Linear |R| = [33m3.272351e+00[39m
    535 Linear |R| = [33m3.271956e+00[39m
    536 Linear |R| = [33m3.271184e+00[39m
    537 Linear |R| = [33m3.269797e+00[39m
    538 Linear |R| = [33m3.267527e+00[39m
    539 Linear |R| = [33m3.263500e+00[39m
    540 Linear |R| = [31m3.267306e+00[39m
    541 Linear |R| = [33m3.249664e+00[39m
    542 Linear |R| = [33m3.244076e+00[39m
    543 Linear |R| = [33m3.241529e+00[39m
    544 Linear |R| = [33m3.239326e+00[39m
    545 Linear |R| = [33m3.237736e+00[39m
    546 Linear |R| = [33m3.236686e+00[39m
    547 Linear |R| = [33m3.235875e+00[39m
    548 Linear |R| = [33m3.235488e+00[39m
    549 Linear |R| = [33m3.235429e+00[39m
    550 Linear |R| = [33m3.235355e+00[39m
    551 Linear |R| = [33m3.234626e+00[39m
    552 Linear |R| = [33m3.232268e+00[39m
    553 Linear |R| = [33m3.227274e+00[39m
    554 Linear |R| = [33m3.221279e+00[39m
    555 Linear |R| = [33m3.213405e+00[39m
    556 Linear |R| = [33m3.207405e+00[39m
    557 Linear |R| = [33m3.202874e+00[39m
    558 Linear |R| = [33m3.200039e+00[39m
    559 Linear |R| = [33m3.197933e+00[39m
    560 Linear |R| = [33m3.196592e+00[39m
    561 Linear |R| = [33m3.195787e+00[39m
    562 Linear |R| = [33m3.195330e+00[39m
    563 Linear |R| = [33m3.195187e+00[39m
    564 Linear |R| = [33m3.195185e+00[39m
    565 Linear |R| = [33m3.194920e+00[39m
    566 Linear |R| = [33m3.193965e+00[39m
    567 Linear |R| = [33m3.191723e+00[39m
    568 Linear |R| = [33m3.186871e+00[39m
    569 Linear |R| = [33m3.179819e+00[39m
    570 Linear |R| = [33m3.171698e+00[39m
    571 Linear |R| = [33m3.163921e+00[39m
    572 Linear |R| = [33m3.157449e+00[39m
    573 Linear |R| = [33m3.153072e+00[39m
    574 Linear |R| = [33m3.149970e+00[39m
    575 Linear |R| = [33m3.148116e+00[39m
    576 Linear |R| = [33m3.147251e+00[39m
    577 Linear |R| = [33m3.147055e+00[39m
    578 Linear |R| = [33m3.147052e+00[39m
    579 Linear |R| = [33m3.146693e+00[39m
    580 Linear |R| = [33m3.145599e+00[39m
    581 Linear |R| = [33m3.143655e+00[39m
    582 Linear |R| = [33m3.141473e+00[39m
    583 Linear |R| = [33m3.139536e+00[39m
    584 Linear |R| = [33m3.137005e+00[39m
    585 Linear |R| = [33m3.133782e+00[39m
    586 Linear |R| = [33m3.131415e+00[39m
    587 Linear |R| = [33m3.128240e+00[39m
    588 Linear |R| = [33m3.126151e+00[39m
    589 Linear |R| = [33m3.125086e+00[39m
    590 Linear |R| = [33m3.124366e+00[39m
    591 Linear |R| = [33m3.124082e+00[39m
    592 Linear |R| = [33m3.124038e+00[39m
    593 Linear |R| = [33m3.124030e+00[39m
    594 Linear |R| = [33m3.123910e+00[39m
    595 Linear |R| = [33m3.123390e+00[39m
    596 Linear |R| = [33m3.121851e+00[39m
    597 Linear |R| = [33m3.119458e+00[39m
    598 Linear |R| = [33m3.116999e+00[39m
    599 Linear |R| = [33m3.113445e+00[39m
    600 Linear |R| = [31m3.115663e+00[39m
    601 Linear |R| = [33m3.103836e+00[39m
    602 Linear |R| = [33m3.099557e+00[39m
    603 Linear |R| = [33m3.096456e+00[39m
    604 Linear |R| = [33m3.093650e+00[39m
    605 Linear |R| = [33m3.091702e+00[39m
    606 Linear |R| = [33m3.090267e+00[39m
    607 Linear |R| = [33m3.089190e+00[39m
    608 Linear |R| = [33m3.088603e+00[39m
    609 Linear |R| = [33m3.088388e+00[39m
    610 Linear |R| = [33m3.088372e+00[39m
    611 Linear |R| = [33m3.088308e+00[39m
    612 Linear |R| = [33m3.087968e+00[39m
    613 Linear |R| = [33m3.086861e+00[39m
    614 Linear |R| = [33m3.084586e+00[39m
    615 Linear |R| = [33m3.081882e+00[39m
    616 Linear |R| = [33m3.078021e+00[39m
    617 Linear |R| = [33m3.071658e+00[39m
    618 Linear |R| = [33m3.064254e+00[39m
    619 Linear |R| = [33m3.057605e+00[39m
    620 Linear |R| = [33m3.051208e+00[39m
    621 Linear |R| = [33m3.047133e+00[39m
    622 Linear |R| = [33m3.045672e+00[39m
    623 Linear |R| = [33m3.045541e+00[39m
    624 Linear |R| = [33m3.045445e+00[39m
    625 Linear |R| = [33m3.044473e+00[39m
    626 Linear |R| = [33m3.042163e+00[39m
    627 Linear |R| = [33m3.038298e+00[39m
    628 Linear |R| = [33m3.033774e+00[39m
    629 Linear |R| = [33m3.029047e+00[39m
    630 Linear |R| = [33m3.025190e+00[39m
    631 Linear |R| = [33m3.018827e+00[39m
    632 Linear |R| = [33m3.013948e+00[39m
    633 Linear |R| = [33m3.007288e+00[39m
    634 Linear |R| = [33m3.003352e+00[39m
    635 Linear |R| = [33m3.002086e+00[39m
    636 Linear |R| = [33m3.001759e+00[39m
    637 Linear |R| = [33m3.001726e+00[39m
    638 Linear |R| = [33m3.001676e+00[39m
    639 Linear |R| = [33m3.001146e+00[39m
    640 Linear |R| = [33m2.999656e+00[39m
    641 Linear |R| = [33m2.996801e+00[39m
    642 Linear |R| = [33m2.992826e+00[39m
    643 Linear |R| = [33m2.988134e+00[39m
    644 Linear |R| = [33m2.982882e+00[39m
    645 Linear |R| = [33m2.979413e+00[39m
    646 Linear |R| = [33m2.974092e+00[39m
    647 Linear |R| = [33m2.971612e+00[39m
    648 Linear |R| = [33m2.970791e+00[39m
    649 Linear |R| = [33m2.970639e+00[39m
    650 Linear |R| = [33m2.970638e+00[39m
    651 Linear |R| = [33m2.970594e+00[39m
    652 Linear |R| = [33m2.970319e+00[39m
    653 Linear |R| = [33m2.969890e+00[39m
    654 Linear |R| = [33m2.969395e+00[39m
    655 Linear |R| = [33m2.968674e+00[39m
    656 Linear |R| = [33m2.967733e+00[39m
    657 Linear |R| = [33m2.966327e+00[39m
    658 Linear |R| = [33m2.964389e+00[39m
    659 Linear |R| = [33m2.962076e+00[39m
    660 Linear |R| = [31m2.973371e+00[39m
    661 Linear |R| = [33m2.957706e+00[39m
    662 Linear |R| = [33m2.952503e+00[39m
    663 Linear |R| = [33m2.949010e+00[39m
    664 Linear |R| = [33m2.945844e+00[39m
    665 Linear |R| = [33m2.943056e+00[39m
    666 Linear |R| = [33m2.940445e+00[39m
    667 Linear |R| = [33m2.938254e+00[39m
    668 Linear |R| = [33m2.937084e+00[39m
    669 Linear |R| = [33m2.936709e+00[39m
    670 Linear |R| = [33m2.936689e+00[39m
    671 Linear |R| = [33m2.936595e+00[39m
    672 Linear |R| = [33m2.936217e+00[39m
    673 Linear |R| = [33m2.935601e+00[39m
    674 Linear |R| = [33m2.934841e+00[39m
    675 Linear |R| = [33m2.933834e+00[39m
    676 Linear |R| = [33m2.932136e+00[39m
    677 Linear |R| = [33m2.928494e+00[39m
    678 Linear |R| = [33m2.921054e+00[39m
    679 Linear |R| = [33m2.909616e+00[39m
    680 Linear |R| = [33m2.892725e+00[39m
    681 Linear |R| = [33m2.876478e+00[39m
    682 Linear |R| = [33m2.865718e+00[39m
    683 Linear |R| = [33m2.859697e+00[39m
    684 Linear |R| = [33m2.856848e+00[39m
    685 Linear |R| = [33m2.856434e+00[39m
    686 Linear |R| = [33m2.856208e+00[39m
    687 Linear |R| = [33m2.853861e+00[39m
    688 Linear |R| = [33m2.846816e+00[39m
    689 Linear |R| = [33m2.835444e+00[39m
    690 Linear |R| = [31m2.836464e+00[39m
    691 Linear |R| = [33m2.820038e+00[39m
    692 Linear |R| = [33m2.812711e+00[39m
    693 Linear |R| = [33m2.805836e+00[39m
    694 Linear |R| = [33m2.801126e+00[39m
    695 Linear |R| = [33m2.799371e+00[39m
    696 Linear |R| = [33m2.799057e+00[39m
    697 Linear |R| = [33m2.799007e+00[39m
    698 Linear |R| = [33m2.797897e+00[39m
    699 Linear |R| = [33m2.794247e+00[39m
    700 Linear |R| = [33m2.787527e+00[39m
    701 Linear |R| = [33m2.778029e+00[39m
    702 Linear |R| = [33m2.765785e+00[39m
    703 Linear |R| = [33m2.752487e+00[39m
    704 Linear |R| = [33m2.742745e+00[39m
    705 Linear |R| = [33m2.738009e+00[39m
    706 Linear |R| = [33m2.733209e+00[39m
    707 Linear |R| = [33m2.731233e+00[39m
    708 Linear |R| = [33m2.730520e+00[39m
    709 Linear |R| = [33m2.730358e+00[39m
    710 Linear |R| = [33m2.730340e+00[39m
    711 Linear |R| = [33m2.730328e+00[39m
    712 Linear |R| = [33m2.730210e+00[39m
    713 Linear |R| = [33m2.730006e+00[39m
    714 Linear |R| = [33m2.729791e+00[39m
    715 Linear |R| = [33m2.729393e+00[39m
    716 Linear |R| = [33m2.728726e+00[39m
    717 Linear |R| = [33m2.727563e+00[39m
    718 Linear |R| = [33m2.725905e+00[39m
    719 Linear |R| = [33m2.723402e+00[39m
    720 Linear |R| = [31m2.730437e+00[39m
    721 Linear |R| = [33m2.719284e+00[39m
    722 Linear |R| = [33m2.715530e+00[39m
    723 Linear |R| = [33m2.713093e+00[39m
    724 Linear |R| = [33m2.711515e+00[39m
    725 Linear |R| = [33m2.710394e+00[39m
    726 Linear |R| = [33m2.709279e+00[39m
    727 Linear |R| = [33m2.708100e+00[39m
    728 Linear |R| = [33m2.707156e+00[39m
    729 Linear |R| = [33m2.706746e+00[39m
    730 Linear |R| = [33m2.706697e+00[39m
    731 Linear |R| = [33m2.706675e+00[39m
    732 Linear |R| = [33m2.706472e+00[39m
    733 Linear |R| = [33m2.705984e+00[39m
    734 Linear |R| = [33m2.705038e+00[39m
    735 Linear |R| = [33m2.703651e+00[39m
    736 Linear |R| = [33m2.699815e+00[39m
    737 Linear |R| = [33m2.691724e+00[39m
    738 Linear |R| = [33m2.677894e+00[39m
    739 Linear |R| = [33m2.655782e+00[39m
    740 Linear |R| = [33m2.620495e+00[39m
    741 Linear |R| = [33m2.566483e+00[39m
    742 Linear |R| = [33m2.482471e+00[39m
    743 Linear |R| = [33m2.375541e+00[39m
    744 Linear |R| = [32m2.245805e+00[39m
    745 Linear |R| = [32m2.123699e+00[39m
    746 Linear |R| = [33m2.043473e+00[39m
    747 Linear |R| = [33m1.972132e+00[39m
    748 Linear |R| = [33m1.878837e+00[39m
    749 Linear |R| = [32m1.781088e+00[39m
    Linear solve did not converge due to DIVERGED_BREAKDOWN iterations 750
 7 Nonlinear |R| = [32m4.538776e+02[39m
      0 Linear |R| = [32m4.538776e+02[39m
      1 Linear |R| = [32m1.477730e+02[39m
      2 Linear |R| = [32m8.677738e+01[39m
      3 Linear |R| = [32m6.231393e+01[39m
      4 Linear |R| = [32m4.657120e+01[39m
      5 Linear |R| = [32m3.703279e+01[39m
      6 Linear |R| = [32m2.940849e+01[39m
      7 Linear |R| = [32m2.468822e+01[39m
      8 Linear |R| = [32m2.138745e+01[39m
      9 Linear |R| = [32m1.899348e+01[39m
     10 Linear |R| = [32m1.708973e+01[39m
     11 Linear |R| = [32m1.541542e+01[39m
     12 Linear |R| = [32m1.410822e+01[39m
     13 Linear |R| = [32m1.317843e+01[39m
     14 Linear |R| = [33m1.263411e+01[39m
     15 Linear |R| = [33m1.236252e+01[39m
     16 Linear |R| = [33m1.222965e+01[39m
     17 Linear |R| = [33m1.217637e+01[39m
     18 Linear |R| = [33m1.216652e+01[39m
     19 Linear |R| = [33m1.216652e+01[39m
     20 Linear |R| = [33m1.215237e+01[39m
     21 Linear |R| = [33m1.210172e+01[39m
     22 Linear |R| = [33m1.200896e+01[39m
     23 Linear |R| = [33m1.187918e+01[39m
     24 Linear |R| = [33m1.169371e+01[39m
     25 Linear |R| = [33m1.144987e+01[39m
     26 Linear |R| = [33m1.112558e+01[39m
     27 Linear |R| = [33m1.078930e+01[39m
     28 Linear |R| = [33m1.048859e+01[39m
     29 Linear |R| = [33m1.031464e+01[39m
     30 Linear |R| = [33m1.022951e+01[39m
     31 Linear |R| = [33m1.020539e+01[39m
     32 Linear |R| = [33m1.020107e+01[39m
     33 Linear |R| = [33m1.020006e+01[39m
     34 Linear |R| = [33m1.019887e+01[39m
     35 Linear |R| = [33m1.018095e+01[39m
     36 Linear |R| = [33m1.012292e+01[39m
     37 Linear |R| = [33m1.002298e+01[39m
     38 Linear |R| = [33m9.923265e+00[39m
     39 Linear |R| = [33m9.782164e+00[39m
     40 Linear |R| = [33m9.571892e+00[39m
     41 Linear |R| = [33m9.323521e+00[39m
     42 Linear |R| = [33m9.095440e+00[39m
     43 Linear |R| = [33m8.878056e+00[39m
     44 Linear |R| = [33m8.757272e+00[39m
     45 Linear |R| = [33m8.713603e+00[39m
     46 Linear |R| = [33m8.691838e+00[39m
     47 Linear |R| = [33m8.686829e+00[39m
     48 Linear |R| = [33m8.686425e+00[39m
     49 Linear |R| = [33m8.678187e+00[39m
     50 Linear |R| = [33m8.640916e+00[39m
     51 Linear |R| = [33m8.557281e+00[39m
     52 Linear |R| = [33m8.435398e+00[39m
     53 Linear |R| = [33m8.195659e+00[39m
     54 Linear |R| = [33m7.933973e+00[39m
     55 Linear |R| = [33m7.601108e+00[39m
     56 Linear |R| = [32m7.220516e+00[39m
     57 Linear |R| = [32m6.762490e+00[39m
     58 Linear |R| = [32m6.399651e+00[39m
     59 Linear |R| = [33m6.102562e+00[39m
    Linear solve did not converge due to DIVERGED_BREAKDOWN iterations 60
 8 Nonlinear |R| = [32m3.792031e+02[39m
      0 Linear |R| = [32m3.792031e+02[39m
      1 Linear |R| = [32m1.244597e+02[39m
      2 Linear |R| = [32m7.285945e+01[39m
      3 Linear |R| = [32m5.145292e+01[39m
      4 Linear |R| = [32m3.806737e+01[39m
      5 Linear |R| = [32m3.034586e+01[39m
      6 Linear |R| = [32m2.423019e+01[39m
      7 Linear |R| = [32m2.073093e+01[39m
      8 Linear |R| = [32m1.857455e+01[39m
      9 Linear |R| = [32m1.696128e+01[39m
     10 Linear |R| = [32m1.553337e+01[39m
     11 Linear |R| = [32m1.427571e+01[39m
     12 Linear |R| = [32m1.331479e+01[39m
     13 Linear |R| = [32m1.255955e+01[39m
     14 Linear |R| = [33m1.206620e+01[39m
     15 Linear |R| = [33m1.181109e+01[39m
     16 Linear |R| = [33m1.170185e+01[39m
     17 Linear |R| = [33m1.167309e+01[39m
     18 Linear |R| = [33m1.167023e+01[39m
     19 Linear |R| = [33m1.166978e+01[39m
     20 Linear |R| = [33m1.166002e+01[39m
     21 Linear |R| = [33m1.162675e+01[39m
     22 Linear |R| = [33m1.155058e+01[39m
     23 Linear |R| = [33m1.144719e+01[39m
     24 Linear |R| = [33m1.133958e+01[39m
     25 Linear |R| = [33m1.125045e+01[39m
     26 Linear |R| = [33m1.116886e+01[39m
     27 Linear |R| = [33m1.108855e+01[39m
     28 Linear |R| = [33m1.099918e+01[39m
     29 Linear |R| = [33m1.091724e+01[39m
     30 Linear |R| = [33m1.083807e+01[39m
     31 Linear |R| = [33m1.080400e+01[39m
     32 Linear |R| = [33m1.078814e+01[39m
     33 Linear |R| = [33m1.077799e+01[39m
     34 Linear |R| = [33m1.076971e+01[39m
     35 Linear |R| = [33m1.076576e+01[39m
     36 Linear |R| = [33m1.076429e+01[39m
     37 Linear |R| = [33m1.076322e+01[39m
     38 Linear |R| = [33m1.076302e+01[39m
     39 Linear |R| = [33m1.076291e+01[39m
     40 Linear |R| = [33m1.076120e+01[39m
     41 Linear |R| = [33m1.074902e+01[39m
     42 Linear |R| = [33m1.072104e+01[39m
     43 Linear |R| = [33m1.065461e+01[39m
     44 Linear |R| = [33m1.052612e+01[39m
     45 Linear |R| = [33m1.039753e+01[39m
     46 Linear |R| = [33m1.023080e+01[39m
     47 Linear |R| = [33m1.004119e+01[39m
     48 Linear |R| = [33m9.856016e+00[39m
     49 Linear |R| = [33m9.692962e+00[39m
     50 Linear |R| = [33m9.614104e+00[39m
     51 Linear |R| = [33m9.572725e+00[39m
     52 Linear |R| = [33m9.561438e+00[39m
     53 Linear |R| = [33m9.561382e+00[39m
     54 Linear |R| = [33m9.557131e+00[39m
     55 Linear |R| = [33m9.539346e+00[39m
     56 Linear |R| = [33m9.500765e+00[39m
     57 Linear |R| = [33m9.447842e+00[39m
     58 Linear |R| = [33m9.374533e+00[39m
     59 Linear |R| = [33m9.291626e+00[39m
     60 Linear |R| = [33m9.176010e+00[39m
     61 Linear |R| = [33m9.045339e+00[39m
     62 Linear |R| = [33m8.988568e+00[39m
     63 Linear |R| = [33m8.939741e+00[39m
     64 Linear |R| = [33m8.892887e+00[39m
     65 Linear |R| = [33m8.854941e+00[39m
     66 Linear |R| = [33m8.831419e+00[39m
     67 Linear |R| = [33m8.819626e+00[39m
     68 Linear |R| = [33m8.817120e+00[39m
     69 Linear |R| = [33m8.816896e+00[39m
     70 Linear |R| = [33m8.810104e+00[39m
     71 Linear |R| = [33m8.780062e+00[39m
     72 Linear |R| = [33m8.721846e+00[39m
     73 Linear |R| = [33m8.641814e+00[39m
     74 Linear |R| = [33m8.544331e+00[39m
     75 Linear |R| = [33m8.467741e+00[39m
     76 Linear |R| = [33m8.395050e+00[39m
     77 Linear |R| = [33m8.316921e+00[39m
     78 Linear |R| = [33m8.244953e+00[39m
     79 Linear |R| = [33m8.177054e+00[39m
     80 Linear |R| = [33m8.119149e+00[39m
     81 Linear |R| = [33m8.072651e+00[39m
     82 Linear |R| = [33m8.036199e+00[39m
     83 Linear |R| = [33m8.003300e+00[39m
     84 Linear |R| = [33m7.975076e+00[39m
     85 Linear |R| = [33m7.963167e+00[39m
     86 Linear |R| = [33m7.959348e+00[39m
     87 Linear |R| = [33m7.959282e+00[39m
     88 Linear |R| = [33m7.954652e+00[39m
     89 Linear |R| = [33m7.926398e+00[39m
     90 Linear |R| = [33m7.900173e+00[39m
     91 Linear |R| = [33m7.867078e+00[39m
     92 Linear |R| = [33m7.854664e+00[39m
     93 Linear |R| = [33m7.848664e+00[39m
     94 Linear |R| = [33m7.845483e+00[39m
     95 Linear |R| = [33m7.843797e+00[39m
     96 Linear |R| = [33m7.843756e+00[39m
     97 Linear |R| = [33m7.842043e+00[39m
     98 Linear |R| = [33m7.835119e+00[39m
     99 Linear |R| = [33m7.827260e+00[39m
    100 Linear |R| = [33m7.821706e+00[39m
    101 Linear |R| = [33m7.813598e+00[39m
    102 Linear |R| = [33m7.800925e+00[39m
    103 Linear |R| = [33m7.780384e+00[39m
    104 Linear |R| = [33m7.746521e+00[39m
    105 Linear |R| = [33m7.714327e+00[39m
    106 Linear |R| = [33m7.670191e+00[39m
    107 Linear |R| = [33m7.635386e+00[39m
    108 Linear |R| = [33m7.602611e+00[39m
    109 Linear |R| = [33m7.582808e+00[39m
    110 Linear |R| = [33m7.577952e+00[39m
    111 Linear |R| = [33m7.577918e+00[39m
    112 Linear |R| = [33m7.574354e+00[39m
    113 Linear |R| = [33m7.562188e+00[39m
    114 Linear |R| = [33m7.541943e+00[39m
    115 Linear |R| = [33m7.512689e+00[39m
    116 Linear |R| = [33m7.475148e+00[39m
    117 Linear |R| = [33m7.427075e+00[39m
    118 Linear |R| = [33m7.358606e+00[39m
    119 Linear |R| = [33m7.275922e+00[39m
    120 Linear |R| = [31m7.372057e+00[39m
    121 Linear |R| = [33m7.167615e+00[39m
    122 Linear |R| = [33m7.111624e+00[39m
    123 Linear |R| = [33m7.059115e+00[39m
    124 Linear |R| = [33m7.013630e+00[39m
    125 Linear |R| = [33m6.982356e+00[39m
    126 Linear |R| = [33m6.954087e+00[39m
    127 Linear |R| = [33m6.931551e+00[39m
    128 Linear |R| = [33m6.916268e+00[39m
    129 Linear |R| = [33m6.906683e+00[39m
    130 Linear |R| = [33m6.901250e+00[39m
    131 Linear |R| = [33m6.898840e+00[39m
    132 Linear |R| = [33m6.898595e+00[39m
    133 Linear |R| = [33m6.897840e+00[39m
    134 Linear |R| = [33m6.891593e+00[39m
    135 Linear |R| = [33m6.882423e+00[39m
    136 Linear |R| = [33m6.867173e+00[39m
    137 Linear |R| = [33m6.843930e+00[39m
    138 Linear |R| = [33m6.815724e+00[39m
    139 Linear |R| = [33m6.779326e+00[39m
    140 Linear |R| = [33m6.739417e+00[39m
    141 Linear |R| = [33m6.711804e+00[39m
    142 Linear |R| = [33m6.694181e+00[39m
    143 Linear |R| = [33m6.678796e+00[39m
    144 Linear |R| = [33m6.666722e+00[39m
    145 Linear |R| = [33m6.659181e+00[39m
    146 Linear |R| = [33m6.655040e+00[39m
    147 Linear |R| = [33m6.654087e+00[39m
    148 Linear |R| = [33m6.654038e+00[39m
    149 Linear |R| = [33m6.652707e+00[39m
    150 Linear |R| = [31m6.680552e+00[39m
    151 Linear |R| = [33m6.647473e+00[39m
    152 Linear |R| = [33m6.645759e+00[39m
    153 Linear |R| = [33m6.645759e+00[39m
    154 Linear |R| = [33m6.645736e+00[39m
    155 Linear |R| = [33m6.645723e+00[39m
    156 Linear |R| = [33m6.645531e+00[39m
    157 Linear |R| = [33m6.643998e+00[39m
    158 Linear |R| = [33m6.639897e+00[39m
    159 Linear |R| = [33m6.633829e+00[39m
    160 Linear |R| = [33m6.626590e+00[39m
    161 Linear |R| = [33m6.614038e+00[39m
    162 Linear |R| = [33m6.590006e+00[39m
    163 Linear |R| = [33m6.565637e+00[39m
    164 Linear |R| = [33m6.543860e+00[39m
    165 Linear |R| = [33m6.516019e+00[39m
    166 Linear |R| = [33m6.492745e+00[39m
    167 Linear |R| = [33m6.481778e+00[39m
    168 Linear |R| = [33m6.479933e+00[39m
    169 Linear |R| = [33m6.479739e+00[39m
    170 Linear |R| = [33m6.476603e+00[39m
    171 Linear |R| = [33m6.469523e+00[39m
    172 Linear |R| = [33m6.458666e+00[39m
    173 Linear |R| = [33m6.443860e+00[39m
    174 Linear |R| = [33m6.427178e+00[39m
    175 Linear |R| = [33m6.410293e+00[39m
    176 Linear |R| = [33m6.395346e+00[39m
    177 Linear |R| = [33m6.382174e+00[39m
    178 Linear |R| = [33m6.366365e+00[39m
    179 Linear |R| = [33m6.336632e+00[39m
    180 Linear |R| = [33m6.284580e+00[39m
    181 Linear |R| = [33m6.248804e+00[39m
    182 Linear |R| = [33m6.228869e+00[39m
    183 Linear |R| = [33m6.216576e+00[39m
    184 Linear |R| = [33m6.201478e+00[39m
    185 Linear |R| = [33m6.180899e+00[39m
    186 Linear |R| = [33m6.160867e+00[39m
    187 Linear |R| = [33m6.144823e+00[39m
    188 Linear |R| = [33m6.135624e+00[39m
    189 Linear |R| = [33m6.130725e+00[39m
    190 Linear |R| = [33m6.126770e+00[39m
    191 Linear |R| = [33m6.124924e+00[39m
    192 Linear |R| = [33m6.124867e+00[39m
    193 Linear |R| = [33m6.123824e+00[39m
    194 Linear |R| = [33m6.119495e+00[39m
    195 Linear |R| = [33m6.109981e+00[39m
    196 Linear |R| = [33m6.098713e+00[39m
    197 Linear |R| = [33m6.084571e+00[39m
    198 Linear |R| = [33m6.072857e+00[39m
    199 Linear |R| = [33m6.053985e+00[39m
    200 Linear |R| = [33m6.038035e+00[39m
    201 Linear |R| = [33m6.023690e+00[39m
    202 Linear |R| = [33m6.007954e+00[39m
    203 Linear |R| = [33m5.985931e+00[39m
    204 Linear |R| = [33m5.945935e+00[39m
    205 Linear |R| = [33m5.874649e+00[39m
    206 Linear |R| = [33m5.768801e+00[39m
    207 Linear |R| = [33m5.626519e+00[39m
    208 Linear |R| = [33m5.474127e+00[39m
    209 Linear |R| = [33m5.407985e+00[39m
    210 Linear |R| = [31m5.825808e+00[39m
    211 Linear |R| = [32m5.432340e+00[39m
    212 Linear |R| = [33m5.395856e+00[39m
    213 Linear |R| = [33m5.394943e+00[39m
    214 Linear |R| = [33m5.390547e+00[39m
    215 Linear |R| = [33m5.368347e+00[39m
    216 Linear |R| = [33m5.327137e+00[39m
    217 Linear |R| = [33m5.280411e+00[39m
    218 Linear |R| = [33m5.246077e+00[39m
    219 Linear |R| = [33m5.211109e+00[39m
    220 Linear |R| = [33m5.178709e+00[39m
    221 Linear |R| = [33m5.149029e+00[39m
    222 Linear |R| = [33m5.114056e+00[39m
    223 Linear |R| = [33m5.078379e+00[39m
    224 Linear |R| = [33m5.039824e+00[39m
    225 Linear |R| = [33m5.007879e+00[39m
    226 Linear |R| = [33m4.985677e+00[39m
    227 Linear |R| = [33m4.967910e+00[39m
    228 Linear |R| = [33m4.948568e+00[39m
    229 Linear |R| = [33m4.930297e+00[39m
    230 Linear |R| = [33m4.918302e+00[39m
    231 Linear |R| = [33m4.911358e+00[39m
    232 Linear |R| = [33m4.907679e+00[39m
    233 Linear |R| = [33m4.905630e+00[39m
    234 Linear |R| = [33m4.903927e+00[39m
    235 Linear |R| = [33m4.901868e+00[39m
    236 Linear |R| = [33m4.900028e+00[39m
    237 Linear |R| = [33m4.899316e+00[39m
    238 Linear |R| = [33m4.899315e+00[39m
    239 Linear |R| = [33m4.898569e+00[39m
    240 Linear |R| = [31m4.972248e+00[39m
    241 Linear |R| = [33m4.893504e+00[39m
    242 Linear |R| = [33m4.888203e+00[39m
    243 Linear |R| = [33m4.887917e+00[39m
    244 Linear |R| = [33m4.887915e+00[39m
    245 Linear |R| = [33m4.887831e+00[39m
    246 Linear |R| = [33m4.887349e+00[39m
    247 Linear |R| = [33m4.885837e+00[39m
    248 Linear |R| = [33m4.883620e+00[39m
    249 Linear |R| = [33m4.880919e+00[39m
    250 Linear |R| = [33m4.877903e+00[39m
    251 Linear |R| = [33m4.873889e+00[39m
    252 Linear |R| = [33m4.865841e+00[39m
    253 Linear |R| = [33m4.854496e+00[39m
    254 Linear |R| = [33m4.843288e+00[39m
    255 Linear |R| = [33m4.827188e+00[39m
    256 Linear |R| = [33m4.814230e+00[39m
    257 Linear |R| = [33m4.806517e+00[39m
    258 Linear |R| = [33m4.798241e+00[39m
    259 Linear |R| = [33m4.787585e+00[39m
    260 Linear |R| = [33m4.781250e+00[39m
    261 Linear |R| = [33m4.778996e+00[39m
    262 Linear |R| = [33m4.778670e+00[39m
    263 Linear |R| = [33m4.778555e+00[39m
    264 Linear |R| = [33m4.777619e+00[39m
    265 Linear |R| = [33m4.775953e+00[39m
    266 Linear |R| = [33m4.773617e+00[39m
    267 Linear |R| = [33m4.768660e+00[39m
    268 Linear |R| = [33m4.758223e+00[39m
    269 Linear |R| = [33m4.739541e+00[39m
    270 Linear |R| = [33m4.709838e+00[39m
    271 Linear |R| = [33m4.694060e+00[39m
    272 Linear |R| = [33m4.682232e+00[39m
    273 Linear |R| = [33m4.667157e+00[39m
    274 Linear |R| = [33m4.649990e+00[39m
    275 Linear |R| = [33m4.637892e+00[39m
    276 Linear |R| = [33m4.630760e+00[39m
    277 Linear |R| = [33m4.627836e+00[39m
    278 Linear |R| = [33m4.627395e+00[39m
    279 Linear |R| = [33m4.627386e+00[39m
    280 Linear |R| = [33m4.627157e+00[39m
    281 Linear |R| = [33m4.626477e+00[39m
    282 Linear |R| = [33m4.624122e+00[39m
    283 Linear |R| = [33m4.617962e+00[39m
    284 Linear |R| = [33m4.608117e+00[39m
    285 Linear |R| = [33m4.589507e+00[39m
    286 Linear |R| = [33m4.567022e+00[39m
    287 Linear |R| = [33m4.540207e+00[39m
    288 Linear |R| = [33m4.521120e+00[39m
    289 Linear |R| = [33m4.506798e+00[39m
    290 Linear |R| = [33m4.496238e+00[39m
    291 Linear |R| = [33m4.486039e+00[39m
    292 Linear |R| = [33m4.478461e+00[39m
    293 Linear |R| = [33m4.474478e+00[39m
    294 Linear |R| = [33m4.473122e+00[39m
    295 Linear |R| = [33m4.472782e+00[39m
    296 Linear |R| = [33m4.472724e+00[39m
    297 Linear |R| = [33m4.472714e+00[39m
    298 Linear |R| = [33m4.472343e+00[39m
    299 Linear |R| = [33m4.470666e+00[39m
    300 Linear |R| = [31m4.481705e+00[39m
    301 Linear |R| = [33m4.468713e+00[39m
    302 Linear |R| = [33m4.466667e+00[39m
    303 Linear |R| = [33m4.466040e+00[39m
    304 Linear |R| = [33m4.465690e+00[39m
    305 Linear |R| = [33m4.465421e+00[39m
    306 Linear |R| = [33m4.465362e+00[39m
    307 Linear |R| = [33m4.465215e+00[39m
    308 Linear |R| = [33m4.463185e+00[39m
    309 Linear |R| = [33m4.457496e+00[39m
    310 Linear |R| = [33m4.451084e+00[39m
    311 Linear |R| = [33m4.445466e+00[39m
    312 Linear |R| = [33m4.439511e+00[39m
    313 Linear |R| = [33m4.429190e+00[39m
    314 Linear |R| = [33m4.415132e+00[39m
    315 Linear |R| = [33m4.408294e+00[39m
    316 Linear |R| = [33m4.406301e+00[39m
    317 Linear |R| = [33m4.405735e+00[39m
    318 Linear |R| = [33m4.405718e+00[39m
    319 Linear |R| = [33m4.405639e+00[39m
    320 Linear |R| = [33m4.405389e+00[39m
    321 Linear |R| = [33m4.404998e+00[39m
    322 Linear |R| = [33m4.404407e+00[39m
    323 Linear |R| = [33m4.403388e+00[39m
    324 Linear |R| = [33m4.402033e+00[39m
    325 Linear |R| = [33m4.400048e+00[39m
    326 Linear |R| = [33m4.397490e+00[39m
    327 Linear |R| = [33m4.392912e+00[39m
    328 Linear |R| = [33m4.383537e+00[39m
    329 Linear |R| = [33m4.368547e+00[39m
    330 Linear |R| = [33m4.349084e+00[39m
    331 Linear |R| = [33m4.338278e+00[39m
    332 Linear |R| = [33m4.331254e+00[39m
    333 Linear |R| = [33m4.326569e+00[39m
    334 Linear |R| = [33m4.321895e+00[39m
    335 Linear |R| = [33m4.316629e+00[39m
    336 Linear |R| = [33m4.309881e+00[39m
    337 Linear |R| = [33m4.300773e+00[39m
    338 Linear |R| = [33m4.292126e+00[39m
    339 Linear |R| = [33m4.285490e+00[39m
    340 Linear |R| = [33m4.281311e+00[39m
    341 Linear |R| = [33m4.279775e+00[39m
    342 Linear |R| = [33m4.279756e+00[39m
    343 Linear |R| = [33m4.278742e+00[39m
    344 Linear |R| = [33m4.275474e+00[39m
    345 Linear |R| = [33m4.271219e+00[39m
    346 Linear |R| = [33m4.261794e+00[39m
    347 Linear |R| = [33m4.249409e+00[39m
    348 Linear |R| = [33m4.228162e+00[39m
    349 Linear |R| = [33m4.195748e+00[39m
    350 Linear |R| = [33m4.160354e+00[39m
    351 Linear |R| = [33m4.135086e+00[39m
    352 Linear |R| = [33m4.103212e+00[39m
    353 Linear |R| = [33m4.064684e+00[39m
    354 Linear |R| = [33m4.025308e+00[39m
    355 Linear |R| = [33m3.995249e+00[39m
    356 Linear |R| = [33m3.975805e+00[39m
    357 Linear |R| = [33m3.962186e+00[39m
    358 Linear |R| = [33m3.952493e+00[39m
    359 Linear |R| = [33m3.950030e+00[39m
    360 Linear |R| = [31m4.018119e+00[39m
    361 Linear |R| = [33m3.958225e+00[39m
    362 Linear |R| = [33m3.954245e+00[39m
    363 Linear |R| = [33m3.953344e+00[39m
    364 Linear |R| = [33m3.947937e+00[39m
    365 Linear |R| = [33m3.940279e+00[39m
    366 Linear |R| = [33m3.931431e+00[39m
    367 Linear |R| = [33m3.920239e+00[39m
    368 Linear |R| = [33m3.906913e+00[39m
    369 Linear |R| = [33m3.891045e+00[39m
    370 Linear |R| = [33m3.869496e+00[39m
    371 Linear |R| = [33m3.838449e+00[39m
    372 Linear |R| = [33m3.800654e+00[39m
    373 Linear |R| = [33m3.768393e+00[39m
    374 Linear |R| = [33m3.746009e+00[39m
    375 Linear |R| = [33m3.735864e+00[39m
    376 Linear |R| = [33m3.731932e+00[39m
    377 Linear |R| = [33m3.730337e+00[39m
    378 Linear |R| = [33m3.729823e+00[39m
    379 Linear |R| = [33m3.729773e+00[39m
    380 Linear |R| = [33m3.729732e+00[39m
    381 Linear |R| = [33m3.729364e+00[39m
    382 Linear |R| = [33m3.728399e+00[39m
    383 Linear |R| = [33m3.726733e+00[39m
    384 Linear |R| = [33m3.725178e+00[39m
    385 Linear |R| = [33m3.724167e+00[39m
    386 Linear |R| = [33m3.723457e+00[39m
    387 Linear |R| = [33m3.721891e+00[39m
    388 Linear |R| = [33m3.716500e+00[39m
    389 Linear |R| = [33m3.701488e+00[39m
    390 Linear |R| = [33m3.698050e+00[39m
    391 Linear |R| = [33m3.674993e+00[39m
    392 Linear |R| = [33m3.666891e+00[39m
    393 Linear |R| = [33m3.661157e+00[39m
    394 Linear |R| = [33m3.657711e+00[39m
    395 Linear |R| = [33m3.654356e+00[39m
    396 Linear |R| = [33m3.649915e+00[39m
    397 Linear |R| = [33m3.645562e+00[39m
    398 Linear |R| = [33m3.642442e+00[39m
    399 Linear |R| = [33m3.640471e+00[39m
    400 Linear |R| = [33m3.639342e+00[39m
    401 Linear |R| = [33m3.638799e+00[39m
    402 Linear |R| = [33m3.638766e+00[39m
    403 Linear |R| = [33m3.638571e+00[39m
    404 Linear |R| = [33m3.637770e+00[39m
    405 Linear |R| = [33m3.636696e+00[39m
    406 Linear |R| = [33m3.634026e+00[39m
    407 Linear |R| = [33m3.631105e+00[39m
    408 Linear |R| = [33m3.624688e+00[39m
    409 Linear |R| = [33m3.612096e+00[39m
    410 Linear |R| = [33m3.599509e+00[39m
    411 Linear |R| = [33m3.587171e+00[39m
    412 Linear |R| = [33m3.576530e+00[39m
    413 Linear |R| = [33m3.567021e+00[39m
    414 Linear |R| = [33m3.557919e+00[39m
    415 Linear |R| = [33m3.549691e+00[39m
    416 Linear |R| = [33m3.545375e+00[39m
    417 Linear |R| = [33m3.544577e+00[39m
    418 Linear |R| = [33m3.544218e+00[39m
    419 Linear |R| = [33m3.540331e+00[39m
    420 Linear |R| = [33m3.535570e+00[39m
    421 Linear |R| = [33m3.519782e+00[39m
    422 Linear |R| = [33m3.516125e+00[39m
    423 Linear |R| = [33m3.514569e+00[39m
    424 Linear |R| = [33m3.514068e+00[39m
    425 Linear |R| = [33m3.514062e+00[39m
    426 Linear |R| = [33m3.512948e+00[39m
    427 Linear |R| = [33m3.507743e+00[39m
    428 Linear |R| = [33m3.497954e+00[39m
    429 Linear |R| = [33m3.484402e+00[39m
    430 Linear |R| = [33m3.467196e+00[39m
    431 Linear |R| = [33m3.447013e+00[39m
    432 Linear |R| = [33m3.426889e+00[39m
    433 Linear |R| = [33m3.412154e+00[39m
    434 Linear |R| = [33m3.405602e+00[39m
    435 Linear |R| = [33m3.400000e+00[39m
    436 Linear |R| = [33m3.396010e+00[39m
    437 Linear |R| = [33m3.393221e+00[39m
    438 Linear |R| = [33m3.391301e+00[39m
    439 Linear |R| = [33m3.390238e+00[39m
    440 Linear |R| = [33m3.389766e+00[39m
    441 Linear |R| = [33m3.389623e+00[39m
    442 Linear |R| = [33m3.389622e+00[39m
    443 Linear |R| = [33m3.389501e+00[39m
    444 Linear |R| = [33m3.388884e+00[39m
    445 Linear |R| = [33m3.386895e+00[39m
    446 Linear |R| = [33m3.384082e+00[39m
    447 Linear |R| = [33m3.379986e+00[39m
    448 Linear |R| = [33m3.374172e+00[39m
    449 Linear |R| = [33m3.367125e+00[39m
    450 Linear |R| = [33m3.358689e+00[39m
    451 Linear |R| = [33m3.353394e+00[39m
    452 Linear |R| = [33m3.349127e+00[39m
    453 Linear |R| = [33m3.345611e+00[39m
    454 Linear |R| = [33m3.342501e+00[39m
    455 Linear |R| = [33m3.339354e+00[39m
    456 Linear |R| = [33m3.336573e+00[39m
    457 Linear |R| = [33m3.334949e+00[39m
    458 Linear |R| = [33m3.334168e+00[39m
    459 Linear |R| = [33m3.333946e+00[39m
    460 Linear |R| = [33m3.333937e+00[39m
    461 Linear |R| = [33m3.333465e+00[39m
    462 Linear |R| = [33m3.331969e+00[39m
    463 Linear |R| = [33m3.329290e+00[39m
    464 Linear |R| = [33m3.327094e+00[39m
    465 Linear |R| = [33m3.324413e+00[39m
    466 Linear |R| = [33m3.320978e+00[39m
    467 Linear |R| = [33m3.317242e+00[39m
    468 Linear |R| = [33m3.313206e+00[39m
    469 Linear |R| = [33m3.308006e+00[39m
    470 Linear |R| = [33m3.304323e+00[39m
    471 Linear |R| = [33m3.301225e+00[39m
    472 Linear |R| = [33m3.298976e+00[39m
    473 Linear |R| = [33m3.297855e+00[39m
    474 Linear |R| = [33m3.297573e+00[39m
    475 Linear |R| = [33m3.297573e+00[39m
    476 Linear |R| = [33m3.297351e+00[39m
    477 Linear |R| = [33m3.296082e+00[39m
    478 Linear |R| = [33m3.292868e+00[39m
    479 Linear |R| = [33m3.287233e+00[39m
    480 Linear |R| = [33m3.286920e+00[39m
    481 Linear |R| = [33m3.272151e+00[39m
    482 Linear |R| = [33m3.268765e+00[39m
    483 Linear |R| = [33m3.266763e+00[39m
    484 Linear |R| = [33m3.265042e+00[39m
    485 Linear |R| = [33m3.263786e+00[39m
    486 Linear |R| = [33m3.263012e+00[39m
    487 Linear |R| = [33m3.262690e+00[39m
    488 Linear |R| = [33m3.262670e+00[39m
    489 Linear |R| = [33m3.262529e+00[39m
    490 Linear |R| = [33m3.261431e+00[39m
    491 Linear |R| = [33m3.258014e+00[39m
    492 Linear |R| = [33m3.250106e+00[39m
    493 Linear |R| = [33m3.240816e+00[39m
    494 Linear |R| = [33m3.234057e+00[39m
    495 Linear |R| = [33m3.227863e+00[39m
    496 Linear |R| = [33m3.221381e+00[39m
    497 Linear |R| = [33m3.214121e+00[39m
    498 Linear |R| = [33m3.207424e+00[39m
    499 Linear |R| = [33m3.202300e+00[39m
    500 Linear |R| = [33m3.198606e+00[39m
    501 Linear |R| = [33m3.195111e+00[39m
    502 Linear |R| = [33m3.192325e+00[39m
    503 Linear |R| = [33m3.190891e+00[39m
    504 Linear |R| = [33m3.190210e+00[39m
    505 Linear |R| = [33m3.190134e+00[39m
    506 Linear |R| = [33m3.190034e+00[39m
    507 Linear |R| = [33m3.189271e+00[39m
    508 Linear |R| = [33m3.186827e+00[39m
    509 Linear |R| = [33m3.180928e+00[39m
    510 Linear |R| = [33m3.176257e+00[39m
    511 Linear |R| = [33m3.169759e+00[39m
    512 Linear |R| = [33m3.166852e+00[39m
    513 Linear |R| = [33m3.164784e+00[39m
    514 Linear |R| = [33m3.163704e+00[39m
    515 Linear |R| = [33m3.163231e+00[39m
    516 Linear |R| = [33m3.163093e+00[39m
    517 Linear |R| = [33m3.163093e+00[39m
    518 Linear |R| = [33m3.162895e+00[39m
    519 Linear |R| = [33m3.161961e+00[39m
    520 Linear |R| = [33m3.159613e+00[39m
    521 Linear |R| = [33m3.155363e+00[39m
    522 Linear |R| = [33m3.150054e+00[39m
    523 Linear |R| = [33m3.144126e+00[39m
    524 Linear |R| = [33m3.139010e+00[39m
    525 Linear |R| = [33m3.134898e+00[39m
    526 Linear |R| = [33m3.129266e+00[39m
    527 Linear |R| = [33m3.125834e+00[39m
    528 Linear |R| = [33m3.122801e+00[39m
    529 Linear |R| = [33m3.120304e+00[39m
    530 Linear |R| = [33m3.119011e+00[39m
    531 Linear |R| = [33m3.118361e+00[39m
    532 Linear |R| = [33m3.118057e+00[39m
    533 Linear |R| = [33m3.117946e+00[39m
    534 Linear |R| = [33m3.117922e+00[39m
    535 Linear |R| = [33m3.117866e+00[39m
    536 Linear |R| = [33m3.117346e+00[39m
    537 Linear |R| = [33m3.115767e+00[39m
    538 Linear |R| = [33m3.113538e+00[39m
    539 Linear |R| = [33m3.110661e+00[39m
    540 Linear |R| = [33m3.109250e+00[39m
    541 Linear |R| = [33m3.102987e+00[39m
    542 Linear |R| = [33m3.100917e+00[39m
    543 Linear |R| = [33m3.099268e+00[39m
    544 Linear |R| = [33m3.097499e+00[39m
    545 Linear |R| = [33m3.095596e+00[39m
    546 Linear |R| = [33m3.094118e+00[39m
    547 Linear |R| = [33m3.093309e+00[39m
    548 Linear |R| = [33m3.093101e+00[39m
    549 Linear |R| = [33m3.093073e+00[39m
    550 Linear |R| = [33m3.092315e+00[39m
    551 Linear |R| = [33m3.089544e+00[39m
    552 Linear |R| = [33m3.084807e+00[39m
    553 Linear |R| = [33m3.080221e+00[39m
    554 Linear |R| = [33m3.076107e+00[39m
    555 Linear |R| = [33m3.073174e+00[39m
    556 Linear |R| = [33m3.067572e+00[39m
    557 Linear |R| = [33m3.058246e+00[39m
    558 Linear |R| = [33m3.045735e+00[39m
    559 Linear |R| = [33m3.033941e+00[39m
    560 Linear |R| = [33m3.023009e+00[39m
    561 Linear |R| = [33m3.004901e+00[39m
    562 Linear |R| = [33m2.971861e+00[39m
    563 Linear |R| = [33m2.929703e+00[39m
    564 Linear |R| = [33m2.873478e+00[39m
    565 Linear |R| = [33m2.795085e+00[39m
    566 Linear |R| = [33m2.684452e+00[39m
    567 Linear |R| = [33m2.586602e+00[39m
    568 Linear |R| = [33m2.485260e+00[39m
    569 Linear |R| = [33m2.403464e+00[39m
    Linear solve did not converge due to DIVERGED_BREAKDOWN iterations 570
 9 Nonlinear |R| = [32m3.583501e+02[39m
      0 Linear |R| = [32m3.583501e+02[39m
      1 Linear |R| = [32m1.169562e+02[39m
      2 Linear |R| = [32m6.691856e+01[39m
      3 Linear |R| = [32m4.674067e+01[39m
      4 Linear |R| = [32m3.490818e+01[39m
      5 Linear |R| = [32m2.878380e+01[39m
      6 Linear |R| = [32m2.433790e+01[39m
      7 Linear |R| = [32m2.136258e+01[39m
      8 Linear |R| = [32m1.911588e+01[39m
      9 Linear |R| = [32m1.710227e+01[39m
     10 Linear |R| = [32m1.532410e+01[39m
     11 Linear |R| = [32m1.388067e+01[39m
     12 Linear |R| = [32m1.280135e+01[39m
     13 Linear |R| = [32m1.202211e+01[39m
     14 Linear |R| = [33m1.149456e+01[39m
     15 Linear |R| = [33m1.111137e+01[39m
     16 Linear |R| = [33m1.082769e+01[39m
     17 Linear |R| = [33m1.064946e+01[39m
     18 Linear |R| = [33m1.055946e+01[39m
     19 Linear |R| = [33m1.052137e+01[39m
     20 Linear |R| = [33m1.051737e+01[39m
     21 Linear |R| = [33m1.051464e+01[39m
     22 Linear |R| = [33m1.049571e+01[39m
     23 Linear |R| = [33m1.045322e+01[39m
     24 Linear |R| = [33m1.037869e+01[39m
     25 Linear |R| = [33m1.027891e+01[39m
     26 Linear |R| = [33m1.016092e+01[39m
     27 Linear |R| = [33m1.004605e+01[39m
     28 Linear |R| = [33m9.910364e+00[39m
     29 Linear |R| = [33m9.736096e+00[39m
     30 Linear |R| = [33m9.493337e+00[39m
     31 Linear |R| = [33m9.348027e+00[39m
     32 Linear |R| = [33m9.243539e+00[39m
     33 Linear |R| = [33m9.134008e+00[39m
     34 Linear |R| = [33m9.060903e+00[39m
     35 Linear |R| = [33m9.023966e+00[39m
     36 Linear |R| = [33m9.006146e+00[39m
     37 Linear |R| = [33m8.999198e+00[39m
     38 Linear |R| = [33m8.999062e+00[39m
     39 Linear |R| = [33m8.996299e+00[39m
     40 Linear |R| = [33m8.984411e+00[39m
     41 Linear |R| = [33m8.954314e+00[39m
     42 Linear |R| = [33m8.896167e+00[39m
     43 Linear |R| = [33m8.801698e+00[39m
     44 Linear |R| = [33m8.688372e+00[39m
     45 Linear |R| = [33m8.565769e+00[39m
     46 Linear |R| = [33m8.375816e+00[39m
     47 Linear |R| = [33m7.990853e+00[39m
     48 Linear |R| = [32m7.547118e+00[39m
     49 Linear |R| = [32m7.138185e+00[39m
     50 Linear |R| = [32m6.729625e+00[39m
     51 Linear |R| = [32m6.344125e+00[39m
     52 Linear |R| = [32m5.899417e+00[39m
     53 Linear |R| = [32m5.452402e+00[39m
     54 Linear |R| = [32m5.109506e+00[39m
     55 Linear |R| = [32m4.789080e+00[39m
     56 Linear |R| = [32m4.494693e+00[39m
     57 Linear |R| = [33m4.285200e+00[39m
     58 Linear |R| = [33m4.154328e+00[39m
     59 Linear |R| = [33m4.067547e+00[39m
    Linear solve did not converge due to DIVERGED_BREAKDOWN iterations 60
10 Nonlinear |R| = [32m2.434980e+02[39m
      0 Linear |R| = [32m2.434980e+02[39m
      1 Linear |R| = [32m8.007964e+01[39m
      2 Linear |R| = [32m4.452490e+01[39m
      3 Linear |R| = [32m3.241021e+01[39m
      4 Linear |R| = [32m2.597897e+01[39m
      5 Linear |R| = [32m2.248770e+01[39m
      6 Linear |R| = [32m1.976569e+01[39m
      7 Linear |R| = [32m1.789404e+01[39m
      8 Linear |R| = [32m1.649664e+01[39m
      9 Linear |R| = [32m1.522504e+01[39m
     10 Linear |R| = [32m1.415493e+01[39m
     11 Linear |R| = [32m1.329388e+01[39m
     12 Linear |R| = [32m1.253728e+01[39m
     13 Linear |R| = [32m1.181939e+01[39m
     14 Linear |R| = [33m1.131388e+01[39m
     15 Linear |R| = [33m1.091534e+01[39m
     16 Linear |R| = [33m1.056418e+01[39m
     17 Linear |R| = [33m1.020453e+01[39m
     18 Linear |R| = [33m9.848227e+00[39m
     19 Linear |R| = [33m9.515421e+00[39m
     20 Linear |R| = [33m9.230708e+00[39m
     21 Linear |R| = [33m9.016811e+00[39m
     22 Linear |R| = [33m8.866980e+00[39m
     23 Linear |R| = [33m8.771842e+00[39m
     24 Linear |R| = [33m8.725525e+00[39m
     25 Linear |R| = [33m8.711467e+00[39m
     26 Linear |R| = [33m8.709760e+00[39m
     27 Linear |R| = [33m8.708972e+00[39m
     28 Linear |R| = [33m8.700255e+00[39m
     29 Linear |R| = [33m8.678789e+00[39m
     30 Linear |R| = [31m9.207827e+00[39m
     31 Linear |R| = [33m8.753354e+00[39m
     32 Linear |R| = [33m8.631938e+00[39m
     33 Linear |R| = [33m8.574954e+00[39m
     34 Linear |R| = [33m8.545502e+00[39m
     35 Linear |R| = [33m8.534162e+00[39m
     36 Linear |R| = [33m8.533574e+00[39m
     37 Linear |R| = [33m8.530452e+00[39m
     38 Linear |R| = [33m8.516933e+00[39m
     39 Linear |R| = [33m8.485352e+00[39m
     40 Linear |R| = [33m8.438120e+00[39m
     41 Linear |R| = [33m8.370166e+00[39m
     42 Linear |R| = [33m8.277121e+00[39m
     43 Linear |R| = [33m8.153906e+00[39m
     44 Linear |R| = [33m8.016039e+00[39m
     45 Linear |R| = [33m7.895272e+00[39m
     46 Linear |R| = [33m7.796997e+00[39m
     47 Linear |R| = [33m7.712545e+00[39m
     48 Linear |R| = [33m7.617960e+00[39m
     49 Linear |R| = [33m7.520888e+00[39m
     50 Linear |R| = [33m7.425617e+00[39m
     51 Linear |R| = [33m7.330897e+00[39m
     52 Linear |R| = [33m7.224722e+00[39m
     53 Linear |R| = [33m7.119813e+00[39m
     54 Linear |R| = [33m7.021457e+00[39m
     55 Linear |R| = [33m6.940254e+00[39m
     56 Linear |R| = [33m6.864838e+00[39m
     57 Linear |R| = [33m6.793945e+00[39m
     58 Linear |R| = [33m6.733639e+00[39m
     59 Linear |R| = [33m6.690338e+00[39m
    Linear solve did not converge due to DIVERGED_BREAKDOWN iterations 60
11 Nonlinear |R| = [32m1.784725e+02[39m
      0 Linear |R| = [32m1.784725e+02[39m
      1 Linear |R| = [32m5.912123e+01[39m
      2 Linear |R| = [32m3.477865e+01[39m
      3 Linear |R| = [32m2.626085e+01[39m
      4 Linear |R| = [32m2.193200e+01[39m
      5 Linear |R| = [32m1.976653e+01[39m
      6 Linear |R| = [32m1.797046e+01[39m
      7 Linear |R| = [32m1.631554e+01[39m
      8 Linear |R| = [32m1.476525e+01[39m
      9 Linear |R| = [32m1.327342e+01[39m
     10 Linear |R| = [32m1.204015e+01[39m
     11 Linear |R| = [32m1.116628e+01[39m
     12 Linear |R| = [32m1.059586e+01[39m
     13 Linear |R| = [33m1.019660e+01[39m
     14 Linear |R| = [33m9.964377e+00[39m
     15 Linear |R| = [33m9.834174e+00[39m
     16 Linear |R| = [33m9.757966e+00[39m
     17 Linear |R| = [33m9.713110e+00[39m
     18 Linear |R| = [33m9.696314e+00[39m
     19 Linear |R| = [33m9.694278e+00[39m
     20 Linear |R| = [33m9.690497e+00[39m
     21 Linear |R| = [33m9.663052e+00[39m
     22 Linear |R| = [33m9.594661e+00[39m
     23 Linear |R| = [33m9.490612e+00[39m
     24 Linear |R| = [33m9.365682e+00[39m
     25 Linear |R| = [33m9.238996e+00[39m
     26 Linear |R| = [33m9.105575e+00[39m
     27 Linear |R| = [33m8.984885e+00[39m
     28 Linear |R| = [33m8.884565e+00[39m
     29 Linear |R| = [33m8.815271e+00[39m
     30 Linear |R| = [33m8.764439e+00[39m
     31 Linear |R| = [33m8.744344e+00[39m
     32 Linear |R| = [33m8.727983e+00[39m
     33 Linear |R| = [33m8.700251e+00[39m
     34 Linear |R| = [33m8.667621e+00[39m
     35 Linear |R| = [33m8.640967e+00[39m
     36 Linear |R| = [33m8.624769e+00[39m
     37 Linear |R| = [33m8.618004e+00[39m
     38 Linear |R| = [33m8.616730e+00[39m
     39 Linear |R| = [33m8.616548e+00[39m
     40 Linear |R| = [33m8.616505e+00[39m
     41 Linear |R| = [33m8.613777e+00[39m
     42 Linear |R| = [33m8.605035e+00[39m
     43 Linear |R| = [33m8.586105e+00[39m
     44 Linear |R| = [33m8.557847e+00[39m
     45 Linear |R| = [33m8.527844e+00[39m
     46 Linear |R| = [33m8.485039e+00[39m
     47 Linear |R| = [33m8.426165e+00[39m
     48 Linear |R| = [33m8.365206e+00[39m
     49 Linear |R| = [33m8.302463e+00[39m
     50 Linear |R| = [33m8.240182e+00[39m
     51 Linear |R| = [33m8.151079e+00[39m
     52 Linear |R| = [33m8.042309e+00[39m
     53 Linear |R| = [33m7.951993e+00[39m
     54 Linear |R| = [33m7.879139e+00[39m
     55 Linear |R| = [33m7.782105e+00[39m
     56 Linear |R| = [33m7.695770e+00[39m
     57 Linear |R| = [33m7.638616e+00[39m
     58 Linear |R| = [33m7.604871e+00[39m
     59 Linear |R| = [33m7.587963e+00[39m
     60 Linear |R| = [31m7.632328e+00[39m
     61 Linear |R| = [33m7.582910e+00[39m
     62 Linear |R| = [33m7.581743e+00[39m
     63 Linear |R| = [33m7.578731e+00[39m
     64 Linear |R| = [33m7.567423e+00[39m
     65 Linear |R| = [33m7.552091e+00[39m
     66 Linear |R| = [33m7.535898e+00[39m
     67 Linear |R| = [33m7.510749e+00[39m
     68 Linear |R| = [33m7.480736e+00[39m
     69 Linear |R| = [33m7.434382e+00[39m
     70 Linear |R| = [33m7.375523e+00[39m
     71 Linear |R| = [33m7.319191e+00[39m
     72 Linear |R| = [33m7.272395e+00[39m
     73 Linear |R| = [33m7.223352e+00[39m
     74 Linear |R| = [33m7.164392e+00[39m
     75 Linear |R| = [33m7.108727e+00[39m
     76 Linear |R| = [33m7.069481e+00[39m
     77 Linear |R| = [33m7.032387e+00[39m
     78 Linear |R| = [33m6.984511e+00[39m
     79 Linear |R| = [33m6.939378e+00[39m
     80 Linear |R| = [33m6.905990e+00[39m
     81 Linear |R| = [33m6.883138e+00[39m
     82 Linear |R| = [33m6.863634e+00[39m
     83 Linear |R| = [33m6.848531e+00[39m
     84 Linear |R| = [33m6.841360e+00[39m
     85 Linear |R| = [33m6.839379e+00[39m
     86 Linear |R| = [33m6.838470e+00[39m
     87 Linear |R| = [33m6.837875e+00[39m
     88 Linear |R| = [33m6.837603e+00[39m
     89 Linear |R| = [33m6.837440e+00[39m
     90 Linear |R| = [31m7.257983e+00[39m
     91 Linear |R| = [32m6.882991e+00[39m
     92 Linear |R| = [33m6.847196e+00[39m
     93 Linear |R| = [33m6.843763e+00[39m
     94 Linear |R| = [33m6.843662e+00[39m
     95 Linear |R| = [33m6.843241e+00[39m
     96 Linear |R| = [33m6.842034e+00[39m
     97 Linear |R| = [33m6.840956e+00[39m
     98 Linear |R| = [33m6.840644e+00[39m
     99 Linear |R| = [33m6.840136e+00[39m
    100 Linear |R| = [33m6.838509e+00[39m
    101 Linear |R| = [33m6.833784e+00[39m
    102 Linear |R| = [33m6.824953e+00[39m
    103 Linear |R| = [33m6.812372e+00[39m
    104 Linear |R| = [33m6.794466e+00[39m
    105 Linear |R| = [33m6.771220e+00[39m
    106 Linear |R| = [33m6.747106e+00[39m
    107 Linear |R| = [33m6.731332e+00[39m
    108 Linear |R| = [33m6.722516e+00[39m
    109 Linear |R| = [33m6.715558e+00[39m
    110 Linear |R| = [33m6.706762e+00[39m
    111 Linear |R| = [33m6.692088e+00[39m
    112 Linear |R| = [33m6.670788e+00[39m
    113 Linear |R| = [33m6.647837e+00[39m
    114 Linear |R| = [33m6.631081e+00[39m
    115 Linear |R| = [33m6.625226e+00[39m
    116 Linear |R| = [33m6.625087e+00[39m
    117 Linear |R| = [33m6.623001e+00[39m
    118 Linear |R| = [33m6.614472e+00[39m
    119 Linear |R| = [33m6.598335e+00[39m
    120 Linear |R| = [31m7.268826e+00[39m
    121 Linear |R| = [32m6.642522e+00[39m
    122 Linear |R| = [33m6.574264e+00[39m
    123 Linear |R| = [33m6.562073e+00[39m
    124 Linear |R| = [33m6.560512e+00[39m
    125 Linear |R| = [33m6.560508e+00[39m
    126 Linear |R| = [33m6.560203e+00[39m
    127 Linear |R| = [33m6.559962e+00[39m
    128 Linear |R| = [33m6.559961e+00[39m
    129 Linear |R| = [33m6.559959e+00[39m
    130 Linear |R| = [33m6.559795e+00[39m
    131 Linear |R| = [33m6.557946e+00[39m
    132 Linear |R| = [33m6.549601e+00[39m
    133 Linear |R| = [33m6.533911e+00[39m
    134 Linear |R| = [33m6.518161e+00[39m
    135 Linear |R| = [33m6.503408e+00[39m
    136 Linear |R| = [33m6.487551e+00[39m
    137 Linear |R| = [33m6.469909e+00[39m
    138 Linear |R| = [33m6.455137e+00[39m
    139 Linear |R| = [33m6.442115e+00[39m
    140 Linear |R| = [33m6.426236e+00[39m
    141 Linear |R| = [33m6.406088e+00[39m
    142 Linear |R| = [33m6.384465e+00[39m
    143 Linear |R| = [33m6.366790e+00[39m
    144 Linear |R| = [33m6.356691e+00[39m
    145 Linear |R| = [33m6.352448e+00[39m
    146 Linear |R| = [33m6.351237e+00[39m
    147 Linear |R| = [33m6.351111e+00[39m
    148 Linear |R| = [33m6.350873e+00[39m
    149 Linear |R| = [33m6.348897e+00[39m
    150 Linear |R| = [31m6.388774e+00[39m
    151 Linear |R| = [33m6.348718e+00[39m
    152 Linear |R| = [33m6.341653e+00[39m
    153 Linear |R| = [33m6.341295e+00[39m
    154 Linear |R| = [33m6.341134e+00[39m
    155 Linear |R| = [33m6.340359e+00[39m
    156 Linear |R| = [33m6.339460e+00[39m
    157 Linear |R| = [33m6.338345e+00[39m
    158 Linear |R| = [33m6.337425e+00[39m
    159 Linear |R| = [33m6.336134e+00[39m
    160 Linear |R| = [33m6.332875e+00[39m
    161 Linear |R| = [33m6.323819e+00[39m
    162 Linear |R| = [33m6.308954e+00[39m
    163 Linear |R| = [33m6.296771e+00[39m
    164 Linear |R| = [33m6.290266e+00[39m
    165 Linear |R| = [33m6.284901e+00[39m
    166 Linear |R| = [33m6.278927e+00[39m
    167 Linear |R| = [33m6.270097e+00[39m
    168 Linear |R| = [33m6.259648e+00[39m
    169 Linear |R| = [33m6.252245e+00[39m
    170 Linear |R| = [33m6.248893e+00[39m
    171 Linear |R| = [33m6.247723e+00[39m
    172 Linear |R| = [33m6.247596e+00[39m
    173 Linear |R| = [33m6.247570e+00[39m
    174 Linear |R| = [33m6.247522e+00[39m
    175 Linear |R| = [33m6.247454e+00[39m
    176 Linear |R| = [33m6.246989e+00[39m
    177 Linear |R| = [33m6.244844e+00[39m
    178 Linear |R| = [33m6.239337e+00[39m
    179 Linear |R| = [33m6.229636e+00[39m
    180 Linear |R| = [31m6.578213e+00[39m
    181 Linear |R| = [33m6.254842e+00[39m
    182 Linear |R| = [33m6.215276e+00[39m
    183 Linear |R| = [33m6.208907e+00[39m
    184 Linear |R| = [33m6.207347e+00[39m
    185 Linear |R| = [33m6.206307e+00[39m
    186 Linear |R| = [33m6.204769e+00[39m
    187 Linear |R| = [33m6.201963e+00[39m
    188 Linear |R| = [33m6.197152e+00[39m
    189 Linear |R| = [33m6.192468e+00[39m
    190 Linear |R| = [33m6.191330e+00[39m
    191 Linear |R| = [33m6.191282e+00[39m
    192 Linear |R| = [33m6.188847e+00[39m
    193 Linear |R| = [33m6.182673e+00[39m
    194 Linear |R| = [33m6.176504e+00[39m
    195 Linear |R| = [33m6.168644e+00[39m
    196 Linear |R| = [33m6.153403e+00[39m
    197 Linear |R| = [33m6.126719e+00[39m
    198 Linear |R| = [33m6.097788e+00[39m
    199 Linear |R| = [33m6.074413e+00[39m
    200 Linear |R| = [33m6.057076e+00[39m
    201 Linear |R| = [33m6.044824e+00[39m
    202 Linear |R| = [33m6.035927e+00[39m
    203 Linear |R| = [33m6.030653e+00[39m
    204 Linear |R| = [33m6.028726e+00[39m
    205 Linear |R| = [33m6.028424e+00[39m
    206 Linear |R| = [33m6.028423e+00[39m
    207 Linear |R| = [33m6.028323e+00[39m
    208 Linear |R| = [33m6.027549e+00[39m
    209 Linear |R| = [33m6.024854e+00[39m
    210 Linear |R| = [31m6.065195e+00[39m
    211 Linear |R| = [33m6.019834e+00[39m
    212 Linear |R| = [33m6.013187e+00[39m
    213 Linear |R| = [33m6.011754e+00[39m
    214 Linear |R| = [33m6.011565e+00[39m
    215 Linear |R| = [33m6.011517e+00[39m
    216 Linear |R| = [33m6.011213e+00[39m
    217 Linear |R| = [33m6.010755e+00[39m
    218 Linear |R| = [33m6.010420e+00[39m
    219 Linear |R| = [33m6.009893e+00[39m
    220 Linear |R| = [33m6.008187e+00[39m
    221 Linear |R| = [33m6.001765e+00[39m
    222 Linear |R| = [33m5.986245e+00[39m
    223 Linear |R| = [33m5.967804e+00[39m
    224 Linear |R| = [33m5.957154e+00[39m
    225 Linear |R| = [33m5.950029e+00[39m
    226 Linear |R| = [33m5.946650e+00[39m
    227 Linear |R| = [33m5.943620e+00[39m
    228 Linear |R| = [33m5.940550e+00[39m
    229 Linear |R| = [33m5.938372e+00[39m
    230 Linear |R| = [33m5.936671e+00[39m
    231 Linear |R| = [33m5.935510e+00[39m
    232 Linear |R| = [33m5.935078e+00[39m
    233 Linear |R| = [33m5.935037e+00[39m
    234 Linear |R| = [33m5.935020e+00[39m
    235 Linear |R| = [33m5.934695e+00[39m
    236 Linear |R| = [33m5.932737e+00[39m
    237 Linear |R| = [33m5.926845e+00[39m
    238 Linear |R| = [33m5.917086e+00[39m
    239 Linear |R| = [33m5.905108e+00[39m
    240 Linear |R| = [31m5.955191e+00[39m
    241 Linear |R| = [33m5.886653e+00[39m
    242 Linear |R| = [33m5.877667e+00[39m
    243 Linear |R| = [33m5.874616e+00[39m
    244 Linear |R| = [33m5.872566e+00[39m
    245 Linear |R| = [33m5.870499e+00[39m
    246 Linear |R| = [33m5.868270e+00[39m
    247 Linear |R| = [33m5.866416e+00[39m
    248 Linear |R| = [33m5.864908e+00[39m
    249 Linear |R| = [33m5.864397e+00[39m
    250 Linear |R| = [33m5.864389e+00[39m
    251 Linear |R| = [33m5.864277e+00[39m
    252 Linear |R| = [33m5.863867e+00[39m
    253 Linear |R| = [33m5.862746e+00[39m
    254 Linear |R| = [33m5.860503e+00[39m
    255 Linear |R| = [33m5.855709e+00[39m
    256 Linear |R| = [33m5.849811e+00[39m
    257 Linear |R| = [33m5.842794e+00[39m
    258 Linear |R| = [33m5.831554e+00[39m
    259 Linear |R| = [33m5.816595e+00[39m
    260 Linear |R| = [33m5.796522e+00[39m
    261 Linear |R| = [33m5.771925e+00[39m
    262 Linear |R| = [33m5.745473e+00[39m
    263 Linear |R| = [33m5.723585e+00[39m
    264 Linear |R| = [33m5.706579e+00[39m
    265 Linear |R| = [33m5.694696e+00[39m
    266 Linear |R| = [33m5.687128e+00[39m
    267 Linear |R| = [33m5.682905e+00[39m
    268 Linear |R| = [33m5.682336e+00[39m
    269 Linear |R| = [33m5.681671e+00[39m
    270 Linear |R| = [31m5.690249e+00[39m
    271 Linear |R| = [33m5.670189e+00[39m
    272 Linear |R| = [33m5.668526e+00[39m
    273 Linear |R| = [33m5.668498e+00[39m
    274 Linear |R| = [33m5.667401e+00[39m
    275 Linear |R| = [33m5.663756e+00[39m
    276 Linear |R| = [33m5.656976e+00[39m
    277 Linear |R| = [33m5.646508e+00[39m
    278 Linear |R| = [33m5.636596e+00[39m
    279 Linear |R| = [33m5.626018e+00[39m
    280 Linear |R| = [33m5.610479e+00[39m
    281 Linear |R| = [33m5.585376e+00[39m
    282 Linear |R| = [33m5.561079e+00[39m
    283 Linear |R| = [33m5.541237e+00[39m
    284 Linear |R| = [33m5.529792e+00[39m
    285 Linear |R| = [33m5.518368e+00[39m
    286 Linear |R| = [33m5.509233e+00[39m
    287 Linear |R| = [33m5.501203e+00[39m
    288 Linear |R| = [33m5.497773e+00[39m
    289 Linear |R| = [33m5.497645e+00[39m
    290 Linear |R| = [33m5.497495e+00[39m
    291 Linear |R| = [33m5.497150e+00[39m
    292 Linear |R| = [33m5.496436e+00[39m
    293 Linear |R| = [33m5.495049e+00[39m
    294 Linear |R| = [33m5.493139e+00[39m
    295 Linear |R| = [33m5.491098e+00[39m
    296 Linear |R| = [33m5.488396e+00[39m
    297 Linear |R| = [33m5.483096e+00[39m
    298 Linear |R| = [33m5.472840e+00[39m
    299 Linear |R| = [33m5.458070e+00[39m
    300 Linear |R| = [33m5.441780e+00[39m
    301 Linear |R| = [33m5.415743e+00[39m
    302 Linear |R| = [33m5.408696e+00[39m
    303 Linear |R| = [33m5.405912e+00[39m
    304 Linear |R| = [33m5.404312e+00[39m
    305 Linear |R| = [33m5.402209e+00[39m
    306 Linear |R| = [33m5.399443e+00[39m
    307 Linear |R| = [33m5.396444e+00[39m
    308 Linear |R| = [33m5.393764e+00[39m
    309 Linear |R| = [33m5.391813e+00[39m
    310 Linear |R| = [33m5.390901e+00[39m
    311 Linear |R| = [33m5.390707e+00[39m
    312 Linear |R| = [33m5.390668e+00[39m
    313 Linear |R| = [33m5.389975e+00[39m
    314 Linear |R| = [33m5.388652e+00[39m
    315 Linear |R| = [33m5.386896e+00[39m
    316 Linear |R| = [33m5.385357e+00[39m
    317 Linear |R| = [33m5.383282e+00[39m
    318 Linear |R| = [33m5.379902e+00[39m
    319 Linear |R| = [33m5.373343e+00[39m
    320 Linear |R| = [33m5.364355e+00[39m
    321 Linear |R| = [33m5.349446e+00[39m
    322 Linear |R| = [33m5.325167e+00[39m
    323 Linear |R| = [33m5.291127e+00[39m
    324 Linear |R| = [33m5.247614e+00[39m
    325 Linear |R| = [33m5.202772e+00[39m
    326 Linear |R| = [33m5.132843e+00[39m
    327 Linear |R| = [33m5.008566e+00[39m
    328 Linear |R| = [33m4.791058e+00[39m
    329 Linear |R| = [33m4.619665e+00[39m
    330 Linear |R| = [33m4.550505e+00[39m
    331 Linear |R| = [33m4.490318e+00[39m
    332 Linear |R| = [33m4.432293e+00[39m
    333 Linear |R| = [33m4.359067e+00[39m
    334 Linear |R| = [33m4.311620e+00[39m
    335 Linear |R| = [33m4.286807e+00[39m
    336 Linear |R| = [33m4.278856e+00[39m
    337 Linear |R| = [33m4.278543e+00[39m
    338 Linear |R| = [33m4.276311e+00[39m
    339 Linear |R| = [33m4.263482e+00[39m
    340 Linear |R| = [33m4.239052e+00[39m
    341 Linear |R| = [33m4.197285e+00[39m
    342 Linear |R| = [33m4.140269e+00[39m
    343 Linear |R| = [33m4.074916e+00[39m
    344 Linear |R| = [33m4.022930e+00[39m
    345 Linear |R| = [33m3.979224e+00[39m
    346 Linear |R| = [33m3.963753e+00[39m
    347 Linear |R| = [33m3.948449e+00[39m
    348 Linear |R| = [33m3.933894e+00[39m
    349 Linear |R| = [33m3.919799e+00[39m
    350 Linear |R| = [33m3.902016e+00[39m
    351 Linear |R| = [33m3.881037e+00[39m
    352 Linear |R| = [33m3.859861e+00[39m
    353 Linear |R| = [33m3.841388e+00[39m
    354 Linear |R| = [33m3.829700e+00[39m
    355 Linear |R| = [33m3.825695e+00[39m
    356 Linear |R| = [33m3.823945e+00[39m
    357 Linear |R| = [33m3.823401e+00[39m
    358 Linear |R| = [33m3.823338e+00[39m
    359 Linear |R| = [33m3.823315e+00[39m
    360 Linear |R| = [31m3.834346e+00[39m
    361 Linear |R| = [33m3.823977e+00[39m
    362 Linear |R| = [33m3.823589e+00[39m
    363 Linear |R| = [33m3.823308e+00[39m
    364 Linear |R| = [33m3.822979e+00[39m
    365 Linear |R| = [33m3.822883e+00[39m
    366 Linear |R| = [33m3.822769e+00[39m
    367 Linear |R| = [33m3.822615e+00[39m
    368 Linear |R| = [33m3.822383e+00[39m
    369 Linear |R| = [33m3.821595e+00[39m
    370 Linear |R| = [33m3.819560e+00[39m
    371 Linear |R| = [33m3.817365e+00[39m
    372 Linear |R| = [33m3.815681e+00[39m
    373 Linear |R| = [33m3.814118e+00[39m
    374 Linear |R| = [33m3.811385e+00[39m
    375 Linear |R| = [33m3.805972e+00[39m
    376 Linear |R| = [33m3.799676e+00[39m
    377 Linear |R| = [33m3.794809e+00[39m
    378 Linear |R| = [33m3.789832e+00[39m
    379 Linear |R| = [33m3.780728e+00[39m
    380 Linear |R| = [33m3.758310e+00[39m
    381 Linear |R| = [33m3.713503e+00[39m
    382 Linear |R| = [33m3.641444e+00[39m
    383 Linear |R| = [33m3.559043e+00[39m
    384 Linear |R| = [33m3.493649e+00[39m
    385 Linear |R| = [33m3.457124e+00[39m
    386 Linear |R| = [33m3.438839e+00[39m
    387 Linear |R| = [33m3.429771e+00[39m
    388 Linear |R| = [33m3.426490e+00[39m
    389 Linear |R| = [33m3.426223e+00[39m
    390 Linear |R| = [31m3.431841e+00[39m
    391 Linear |R| = [33m3.426322e+00[39m
    392 Linear |R| = [33m3.426283e+00[39m
    393 Linear |R| = [33m3.425023e+00[39m
    394 Linear |R| = [33m3.422716e+00[39m
    395 Linear |R| = [33m3.417794e+00[39m
    396 Linear |R| = [33m3.409228e+00[39m
    397 Linear |R| = [33m3.399419e+00[39m
    398 Linear |R| = [33m3.385217e+00[39m
    399 Linear |R| = [33m3.347412e+00[39m
    400 Linear |R| = [33m3.284027e+00[39m
    401 Linear |R| = [33m3.236803e+00[39m
    402 Linear |R| = [33m3.207102e+00[39m
    403 Linear |R| = [33m3.180960e+00[39m
    404 Linear |R| = [33m3.153410e+00[39m
    405 Linear |R| = [33m3.128886e+00[39m
    406 Linear |R| = [33m3.110769e+00[39m
    407 Linear |R| = [33m3.101018e+00[39m
    408 Linear |R| = [33m3.093620e+00[39m
    409 Linear |R| = [33m3.087126e+00[39m
    410 Linear |R| = [33m3.079609e+00[39m
    411 Linear |R| = [33m3.072804e+00[39m
    412 Linear |R| = [33m3.069473e+00[39m
    413 Linear |R| = [33m3.068770e+00[39m
    414 Linear |R| = [33m3.068749e+00[39m
    415 Linear |R| = [33m3.068617e+00[39m
    416 Linear |R| = [33m3.068161e+00[39m
    417 Linear |R| = [33m3.067679e+00[39m
    418 Linear |R| = [33m3.067374e+00[39m
    419 Linear |R| = [33m3.067010e+00[39m
    420 Linear |R| = [31m3.393757e+00[39m
    421 Linear |R| = [32m3.089560e+00[39m
    422 Linear |R| = [33m3.067757e+00[39m
    423 Linear |R| = [33m3.066840e+00[39m
    424 Linear |R| = [33m3.066794e+00[39m
    425 Linear |R| = [33m3.066587e+00[39m
    426 Linear |R| = [33m3.066526e+00[39m
    427 Linear |R| = [33m3.066505e+00[39m
    428 Linear |R| = [33m3.066126e+00[39m
    429 Linear |R| = [33m3.065816e+00[39m
    430 Linear |R| = [33m3.065814e+00[39m
    431 Linear |R| = [33m3.065554e+00[39m
    432 Linear |R| = [33m3.064624e+00[39m
    433 Linear |R| = [33m3.063113e+00[39m
    434 Linear |R| = [33m3.061714e+00[39m
    435 Linear |R| = [33m3.060440e+00[39m
    436 Linear |R| = [33m3.059018e+00[39m
    437 Linear |R| = [33m3.057423e+00[39m
    438 Linear |R| = [33m3.055121e+00[39m
    439 Linear |R| = [33m3.051794e+00[39m
    440 Linear |R| = [33m3.047913e+00[39m
    441 Linear |R| = [33m3.042994e+00[39m
    442 Linear |R| = [33m3.035530e+00[39m
    443 Linear |R| = [33m3.022614e+00[39m
    444 Linear |R| = [33m3.007804e+00[39m
    445 Linear |R| = [33m3.000992e+00[39m
    446 Linear |R| = [33m2.999955e+00[39m
    447 Linear |R| = [33m2.999921e+00[39m
    448 Linear |R| = [33m2.998623e+00[39m
    449 Linear |R| = [33m2.994356e+00[39m
    450 Linear |R| = [33m2.988927e+00[39m
    451 Linear |R| = [33m2.981325e+00[39m
    452 Linear |R| = [33m2.979243e+00[39m
    453 Linear |R| = [33m2.978777e+00[39m
    454 Linear |R| = [33m2.978756e+00[39m
    455 Linear |R| = [33m2.978751e+00[39m
    456 Linear |R| = [33m2.978728e+00[39m
    457 Linear |R| = [33m2.978539e+00[39m
    458 Linear |R| = [33m2.977476e+00[39m
    459 Linear |R| = [33m2.972949e+00[39m
    460 Linear |R| = [33m2.962649e+00[39m
    461 Linear |R| = [33m2.945843e+00[39m
    462 Linear |R| = [33m2.932579e+00[39m
    463 Linear |R| = [33m2.924625e+00[39m
    464 Linear |R| = [33m2.919237e+00[39m
    465 Linear |R| = [33m2.913599e+00[39m
    466 Linear |R| = [33m2.909817e+00[39m
    467 Linear |R| = [33m2.903873e+00[39m
    468 Linear |R| = [33m2.899371e+00[39m
    469 Linear |R| = [33m2.897150e+00[39m
    470 Linear |R| = [33m2.895977e+00[39m
    471 Linear |R| = [33m2.894850e+00[39m
    472 Linear |R| = [33m2.893977e+00[39m
    473 Linear |R| = [33m2.893757e+00[39m
    474 Linear |R| = [33m2.893755e+00[39m
    475 Linear |R| = [33m2.893372e+00[39m
    476 Linear |R| = [33m2.891773e+00[39m
    477 Linear |R| = [33m2.889050e+00[39m
    478 Linear |R| = [33m2.886491e+00[39m
    479 Linear |R| = [33m2.883769e+00[39m
    480 Linear |R| = [31m2.895713e+00[39m
    481 Linear |R| = [33m2.878328e+00[39m
    482 Linear |R| = [33m2.876556e+00[39m
    483 Linear |R| = [33m2.876437e+00[39m
    484 Linear |R| = [33m2.876436e+00[39m
    485 Linear |R| = [33m2.876324e+00[39m
    486 Linear |R| = [33m2.875152e+00[39m
    487 Linear |R| = [33m2.872694e+00[39m
    488 Linear |R| = [33m2.870863e+00[39m
    489 Linear |R| = [33m2.870247e+00[39m
    490 Linear |R| = [33m2.870245e+00[39m
    491 Linear |R| = [33m2.869424e+00[39m
    492 Linear |R| = [33m2.866513e+00[39m
    493 Linear |R| = [33m2.861081e+00[39m
    494 Linear |R| = [33m2.856123e+00[39m
    495 Linear |R| = [33m2.851715e+00[39m
    496 Linear |R| = [33m2.846270e+00[39m
    497 Linear |R| = [33m2.842458e+00[39m
    498 Linear |R| = [33m2.839748e+00[39m
    499 Linear |R| = [33m2.837644e+00[39m
    500 Linear |R| = [33m2.835706e+00[39m
    501 Linear |R| = [33m2.833065e+00[39m
    502 Linear |R| = [33m2.830275e+00[39m
    503 Linear |R| = [33m2.828386e+00[39m
    504 Linear |R| = [33m2.827596e+00[39m
    505 Linear |R| = [33m2.827488e+00[39m
    506 Linear |R| = [33m2.827452e+00[39m
    507 Linear |R| = [33m2.827168e+00[39m
    508 Linear |R| = [33m2.826099e+00[39m
    509 Linear |R| = [33m2.823245e+00[39m
    510 Linear |R| = [33m2.818466e+00[39m
    511 Linear |R| = [33m2.815051e+00[39m
    512 Linear |R| = [33m2.813802e+00[39m
    513 Linear |R| = [33m2.813672e+00[39m
    514 Linear |R| = [33m2.813668e+00[39m
    515 Linear |R| = [33m2.813597e+00[39m
    516 Linear |R| = [33m2.813153e+00[39m
    517 Linear |R| = [33m2.812462e+00[39m
    518 Linear |R| = [33m2.812128e+00[39m
    519 Linear |R| = [33m2.812126e+00[39m
    520 Linear |R| = [33m2.810928e+00[39m
    521 Linear |R| = [33m2.805005e+00[39m
    522 Linear |R| = [33m2.795238e+00[39m
    523 Linear |R| = [33m2.785787e+00[39m
    524 Linear |R| = [33m2.775824e+00[39m
    525 Linear |R| = [33m2.767132e+00[39m
    526 Linear |R| = [33m2.757801e+00[39m
    527 Linear |R| = [33m2.751926e+00[39m
    528 Linear |R| = [33m2.748790e+00[39m
    529 Linear |R| = [33m2.747999e+00[39m
    530 Linear |R| = [33m2.747596e+00[39m
    531 Linear |R| = [33m2.747019e+00[39m
    532 Linear |R| = [33m2.746113e+00[39m
    533 Linear |R| = [33m2.745415e+00[39m
    534 Linear |R| = [33m2.745240e+00[39m
    535 Linear |R| = [33m2.745176e+00[39m
    536 Linear |R| = [33m2.744293e+00[39m
    537 Linear |R| = [33m2.741895e+00[39m
    538 Linear |R| = [33m2.738684e+00[39m
    539 Linear |R| = [33m2.735551e+00[39m
    540 Linear |R| = [31m2.773653e+00[39m
    541 Linear |R| = [33m2.730960e+00[39m
    542 Linear |R| = [33m2.727853e+00[39m
    543 Linear |R| = [33m2.727788e+00[39m
    544 Linear |R| = [33m2.727769e+00[39m
    545 Linear |R| = [33m2.727683e+00[39m
    546 Linear |R| = [33m2.726540e+00[39m
    547 Linear |R| = [33m2.724014e+00[39m
    548 Linear |R| = [33m2.722259e+00[39m
    549 Linear |R| = [33m2.721846e+00[39m
    550 Linear |R| = [33m2.721846e+00[39m
    551 Linear |R| = [33m2.721513e+00[39m
    552 Linear |R| = [33m2.720225e+00[39m
    553 Linear |R| = [33m2.716769e+00[39m
    554 Linear |R| = [33m2.712040e+00[39m
    555 Linear |R| = [33m2.707548e+00[39m
    556 Linear |R| = [33m2.703865e+00[39m
    557 Linear |R| = [33m2.700572e+00[39m
    558 Linear |R| = [33m2.696731e+00[39m
    559 Linear |R| = [33m2.692978e+00[39m
    560 Linear |R| = [33m2.690260e+00[39m
    561 Linear |R| = [33m2.687717e+00[39m
    562 Linear |R| = [33m2.684508e+00[39m
    563 Linear |R| = [33m2.681562e+00[39m
    564 Linear |R| = [33m2.679851e+00[39m
    565 Linear |R| = [33m2.679384e+00[39m
    566 Linear |R| = [33m2.679383e+00[39m
    567 Linear |R| = [33m2.679236e+00[39m
    568 Linear |R| = [33m2.678614e+00[39m
    569 Linear |R| = [33m2.676906e+00[39m
    570 Linear |R| = [31m2.681225e+00[39m
    571 Linear |R| = [33m2.672657e+00[39m
    572 Linear |R| = [33m2.671776e+00[39m
    573 Linear |R| = [33m2.671774e+00[39m
    574 Linear |R| = [33m2.671742e+00[39m
    575 Linear |R| = [33m2.671742e+00[39m
    576 Linear |R| = [33m2.671715e+00[39m
    577 Linear |R| = [33m2.671707e+00[39m
    578 Linear |R| = [33m2.671684e+00[39m
    579 Linear |R| = [33m2.671023e+00[39m
    580 Linear |R| = [33m2.667934e+00[39m
    581 Linear |R| = [33m2.662369e+00[39m
    582 Linear |R| = [33m2.657190e+00[39m
    583 Linear |R| = [33m2.652367e+00[39m
    584 Linear |R| = [33m2.649018e+00[39m
    585 Linear |R| = [33m2.646842e+00[39m
    586 Linear |R| = [33m2.643418e+00[39m
    587 Linear |R| = [33m2.639891e+00[39m
    588 Linear |R| = [33m2.635205e+00[39m
    589 Linear |R| = [33m2.627978e+00[39m
    590 Linear |R| = [33m2.620759e+00[39m
    591 Linear |R| = [33m2.614301e+00[39m
    592 Linear |R| = [33m2.609770e+00[39m
    593 Linear |R| = [33m2.607163e+00[39m
    594 Linear |R| = [33m2.606213e+00[39m
    595 Linear |R| = [33m2.606152e+00[39m
    596 Linear |R| = [33m2.606052e+00[39m
    597 Linear |R| = [33m2.605505e+00[39m
    598 Linear |R| = [33m2.604263e+00[39m
    599 Linear |R| = [33m2.601353e+00[39m
    600 Linear |R| = [33m2.595815e+00[39m
    601 Linear |R| = [33m2.592288e+00[39m
    602 Linear |R| = [33m2.591324e+00[39m
    603 Linear |R| = [33m2.591267e+00[39m
    604 Linear |R| = [33m2.591267e+00[39m
    605 Linear |R| = [33m2.591238e+00[39m
    606 Linear |R| = [33m2.591086e+00[39m
    607 Linear |R| = [33m2.590850e+00[39m
    608 Linear |R| = [33m2.590792e+00[39m
    609 Linear |R| = [33m2.590660e+00[39m
    610 Linear |R| = [33m2.589006e+00[39m
    611 Linear |R| = [33m2.582910e+00[39m
    612 Linear |R| = [33m2.572436e+00[39m
    613 Linear |R| = [33m2.562093e+00[39m
    614 Linear |R| = [33m2.551834e+00[39m
    615 Linear |R| = [33m2.544778e+00[39m
    616 Linear |R| = [33m2.538240e+00[39m
    617 Linear |R| = [33m2.534758e+00[39m
    618 Linear |R| = [33m2.532497e+00[39m
    619 Linear |R| = [33m2.531072e+00[39m
    620 Linear |R| = [33m2.529703e+00[39m
    621 Linear |R| = [33m2.528608e+00[39m
    622 Linear |R| = [33m2.528100e+00[39m
    623 Linear |R| = [33m2.528016e+00[39m
    624 Linear |R| = [33m2.528014e+00[39m
    625 Linear |R| = [33m2.527951e+00[39m
    626 Linear |R| = [33m2.527849e+00[39m
    627 Linear |R| = [33m2.527770e+00[39m
    628 Linear |R| = [33m2.527554e+00[39m
    629 Linear |R| = [33m2.526924e+00[39m
    630 Linear |R| = [31m2.555810e+00[39m
    631 Linear |R| = [33m2.525340e+00[39m
    632 Linear |R| = [33m2.523223e+00[39m
    633 Linear |R| = [33m2.523223e+00[39m
    634 Linear |R| = [33m2.523035e+00[39m
    635 Linear |R| = [33m2.523023e+00[39m
    636 Linear |R| = [33m2.522937e+00[39m
    637 Linear |R| = [33m2.522536e+00[39m
    638 Linear |R| = [33m2.521975e+00[39m
    639 Linear |R| = [33m2.521913e+00[39m
    640 Linear |R| = [33m2.521777e+00[39m
    641 Linear |R| = [33m2.520746e+00[39m
    642 Linear |R| = [33m2.517125e+00[39m
    643 Linear |R| = [33m2.508324e+00[39m
    644 Linear |R| = [33m2.499124e+00[39m
    645 Linear |R| = [33m2.492781e+00[39m
    646 Linear |R| = [33m2.487295e+00[39m
    647 Linear |R| = [33m2.480465e+00[39m
    648 Linear |R| = [33m2.472597e+00[39m
    649 Linear |R| = [33m2.465383e+00[39m
    650 Linear |R| = [33m2.458565e+00[39m
    651 Linear |R| = [33m2.449396e+00[39m
    652 Linear |R| = [33m2.435049e+00[39m
    653 Linear |R| = [33m2.414141e+00[39m
    654 Linear |R| = [33m2.387948e+00[39m
    655 Linear |R| = [33m2.362277e+00[39m
    656 Linear |R| = [33m2.344856e+00[39m
    657 Linear |R| = [33m2.336962e+00[39m
    658 Linear |R| = [33m2.335335e+00[39m
    659 Linear |R| = [33m2.335110e+00[39m
    660 Linear |R| = [31m2.413803e+00[39m
    661 Linear |R| = [33m2.334568e+00[39m
    662 Linear |R| = [33m2.328183e+00[39m
    663 Linear |R| = [33m2.328182e+00[39m
    664 Linear |R| = [33m2.326496e+00[39m
    665 Linear |R| = [33m2.323025e+00[39m
    666 Linear |R| = [33m2.314673e+00[39m
    667 Linear |R| = [33m2.302574e+00[39m
    668 Linear |R| = [33m2.292253e+00[39m
    669 Linear |R| = [33m2.282697e+00[39m
    670 Linear |R| = [33m2.272924e+00[39m
    671 Linear |R| = [33m2.261723e+00[39m
    672 Linear |R| = [33m2.248142e+00[39m
    673 Linear |R| = [33m2.232025e+00[39m
    674 Linear |R| = [33m2.221638e+00[39m
    675 Linear |R| = [33m2.213765e+00[39m
    676 Linear |R| = [33m2.207200e+00[39m
    677 Linear |R| = [33m2.202018e+00[39m
    678 Linear |R| = [33m2.196901e+00[39m
    679 Linear |R| = [33m2.193648e+00[39m
    680 Linear |R| = [33m2.190616e+00[39m
    681 Linear |R| = [33m2.185671e+00[39m
    682 Linear |R| = [33m2.180380e+00[39m
    683 Linear |R| = [33m2.177425e+00[39m
    684 Linear |R| = [33m2.176158e+00[39m
    685 Linear |R| = [33m2.175666e+00[39m
    686 Linear |R| = [33m2.175628e+00[39m
    687 Linear |R| = [33m2.175515e+00[39m
    688 Linear |R| = [33m2.175008e+00[39m
    689 Linear |R| = [33m2.174238e+00[39m
    690 Linear |R| = [31m2.176816e+00[39m
    691 Linear |R| = [33m2.172334e+00[39m
    692 Linear |R| = [33m2.172125e+00[39m
    693 Linear |R| = [33m2.172065e+00[39m
    694 Linear |R| = [33m2.172021e+00[39m
    695 Linear |R| = [33m2.172021e+00[39m
    696 Linear |R| = [33m2.172009e+00[39m
    697 Linear |R| = [33m2.172007e+00[39m
    698 Linear |R| = [33m2.171971e+00[39m
    699 Linear |R| = [33m2.171717e+00[39m
    700 Linear |R| = [33m2.170537e+00[39m
    701 Linear |R| = [33m2.167239e+00[39m
    702 Linear |R| = [33m2.164097e+00[39m
    703 Linear |R| = [33m2.161475e+00[39m
    704 Linear |R| = [33m2.158805e+00[39m
    705 Linear |R| = [33m2.154569e+00[39m
    706 Linear |R| = [33m2.149847e+00[39m
    707 Linear |R| = [33m2.141261e+00[39m
    708 Linear |R| = [33m2.130141e+00[39m
    709 Linear |R| = [33m2.123419e+00[39m
    710 Linear |R| = [33m2.114805e+00[39m
    711 Linear |R| = [33m2.104518e+00[39m
    712 Linear |R| = [33m2.092419e+00[39m
    713 Linear |R| = [33m2.079556e+00[39m
    714 Linear |R| = [33m2.059738e+00[39m
    715 Linear |R| = [33m2.009341e+00[39m
    716 Linear |R| = [33m1.937331e+00[39m
    717 Linear |R| = [33m1.856049e+00[39m
    718 Linear |R| = [33m1.788614e+00[39m
    719 Linear |R| = [33m1.754401e+00[39m
    720 Linear |R| = [31m1.761308e+00[39m
    721 Linear |R| = [33m1.739379e+00[39m
    722 Linear |R| = [33m1.738725e+00[39m
    723 Linear |R| = [33m1.736891e+00[39m
    724 Linear |R| = [33m1.731489e+00[39m
    725 Linear |R| = [33m1.713782e+00[39m
    726 Linear |R| = [33m1.679016e+00[39m
    727 Linear |R| = [33m1.635243e+00[39m
    728 Linear |R| = [33m1.591243e+00[39m
    729 Linear |R| = [33m1.554948e+00[39m
    730 Linear |R| = [33m1.522889e+00[39m
    731 Linear |R| = [33m1.488581e+00[39m
    732 Linear |R| = [33m1.464508e+00[39m
    733 Linear |R| = [33m1.448673e+00[39m
    734 Linear |R| = [33m1.435951e+00[39m
    735 Linear |R| = [33m1.422922e+00[39m
    736 Linear |R| = [33m1.414687e+00[39m
    737 Linear |R| = [33m1.409440e+00[39m
    738 Linear |R| = [33m1.406026e+00[39m
    739 Linear |R| = [33m1.403280e+00[39m
    740 Linear |R| = [33m1.399189e+00[39m
    741 Linear |R| = [33m1.392656e+00[39m
    742 Linear |R| = [33m1.386197e+00[39m
    743 Linear |R| = [33m1.382273e+00[39m
    744 Linear |R| = [33m1.380498e+00[39m
    745 Linear |R| = [33m1.379948e+00[39m
    746 Linear |R| = [33m1.379739e+00[39m
    747 Linear |R| = [33m1.379613e+00[39m
    748 Linear |R| = [33m1.379544e+00[39m
    749 Linear |R| = [33m1.379512e+00[39m
    750 Linear |R| = [31m1.383178e+00[39m
    751 Linear |R| = [33m1.379953e+00[39m
    752 Linear |R| = [33m1.379897e+00[39m
    753 Linear |R| = [33m1.379706e+00[39m
    754 Linear |R| = [33m1.379587e+00[39m
    755 Linear |R| = [33m1.379564e+00[39m
    756 Linear |R| = [33m1.379548e+00[39m
    757 Linear |R| = [33m1.379486e+00[39m
    758 Linear |R| = [33m1.379247e+00[39m
    759 Linear |R| = [33m1.378803e+00[39m
    760 Linear |R| = [33m1.378057e+00[39m
    761 Linear |R| = [33m1.376209e+00[39m
    762 Linear |R| = [33m1.374330e+00[39m
    763 Linear |R| = [33m1.373177e+00[39m
    764 Linear |R| = [33m1.371741e+00[39m
    765 Linear |R| = [33m1.369350e+00[39m
    766 Linear |R| = [33m1.365845e+00[39m
    767 Linear |R| = [33m1.361441e+00[39m
    768 Linear |R| = [33m1.355987e+00[39m
    769 Linear |R| = [33m1.351658e+00[39m
    770 Linear |R| = [33m1.347826e+00[39m
    771 Linear |R| = [33m1.343399e+00[39m
    772 Linear |R| = [33m1.339372e+00[39m
    773 Linear |R| = [33m1.337700e+00[39m
    774 Linear |R| = [33m1.337331e+00[39m
    775 Linear |R| = [33m1.337327e+00[39m
    776 Linear |R| = [33m1.337191e+00[39m
    777 Linear |R| = [33m1.336537e+00[39m
    778 Linear |R| = [33m1.335306e+00[39m
    779 Linear |R| = [33m1.333151e+00[39m
    780 Linear |R| = [31m1.402747e+00[39m
    781 Linear |R| = [32m1.331414e+00[39m
    782 Linear |R| = [33m1.325841e+00[39m
    783 Linear |R| = [33m1.325190e+00[39m
    784 Linear |R| = [33m1.324962e+00[39m
    785 Linear |R| = [33m1.324802e+00[39m
    786 Linear |R| = [33m1.324457e+00[39m
    787 Linear |R| = [33m1.323849e+00[39m
    788 Linear |R| = [33m1.323493e+00[39m
    789 Linear |R| = [33m1.323486e+00[39m
    790 Linear |R| = [33m1.322598e+00[39m
    791 Linear |R| = [33m1.319468e+00[39m
    792 Linear |R| = [33m1.313807e+00[39m
    793 Linear |R| = [33m1.307267e+00[39m
    794 Linear |R| = [33m1.303491e+00[39m
    795 Linear |R| = [33m1.300373e+00[39m
    796 Linear |R| = [33m1.295341e+00[39m
    797 Linear |R| = [33m1.291492e+00[39m
    798 Linear |R| = [33m1.288985e+00[39m
    799 Linear |R| = [33m1.287208e+00[39m
    800 Linear |R| = [33m1.285294e+00[39m
    801 Linear |R| = [33m1.282120e+00[39m
    802 Linear |R| = [33m1.278257e+00[39m
    803 Linear |R| = [33m1.275749e+00[39m
    804 Linear |R| = [33m1.274418e+00[39m
    805 Linear |R| = [33m1.273956e+00[39m
    806 Linear |R| = [33m1.273874e+00[39m
    807 Linear |R| = [33m1.273873e+00[39m
    808 Linear |R| = [33m1.273807e+00[39m
    809 Linear |R| = [33m1.273604e+00[39m
    810 Linear |R| = [31m1.285985e+00[39m
    811 Linear |R| = [33m1.273811e+00[39m
    812 Linear |R| = [33m1.273132e+00[39m
    813 Linear |R| = [33m1.273086e+00[39m
    814 Linear |R| = [33m1.272921e+00[39m
    815 Linear |R| = [33m1.272895e+00[39m
    816 Linear |R| = [33m1.272888e+00[39m
    817 Linear |R| = [33m1.272864e+00[39m
    818 Linear |R| = [33m1.272774e+00[39m
    819 Linear |R| = [33m1.272396e+00[39m
    820 Linear |R| = [33m1.271387e+00[39m
    821 Linear |R| = [33m1.269671e+00[39m
    822 Linear |R| = [33m1.268254e+00[39m
    823 Linear |R| = [33m1.267328e+00[39m
    824 Linear |R| = [33m1.266394e+00[39m
    825 Linear |R| = [33m1.264679e+00[39m
    826 Linear |R| = [33m1.260692e+00[39m
    827 Linear |R| = [33m1.257415e+00[39m
    828 Linear |R| = [33m1.255673e+00[39m
    829 Linear |R| = [33m1.254465e+00[39m
    830 Linear |R| = [33m1.253471e+00[39m
    831 Linear |R| = [33m1.252748e+00[39m
    832 Linear |R| = [33m1.252508e+00[39m
    833 Linear |R| = [33m1.252501e+00[39m
    834 Linear |R| = [33m1.252455e+00[39m
    835 Linear |R| = [33m1.252059e+00[39m
    836 Linear |R| = [33m1.250746e+00[39m
    837 Linear |R| = [33m1.247698e+00[39m
    838 Linear |R| = [33m1.244296e+00[39m
    839 Linear |R| = [33m1.240588e+00[39m
    840 Linear |R| = [31m1.244296e+00[39m
    841 Linear |R| = [33m1.232595e+00[39m
    842 Linear |R| = [33m1.230536e+00[39m
    843 Linear |R| = [33m1.229540e+00[39m
    844 Linear |R| = [33m1.228914e+00[39m
    845 Linear |R| = [33m1.228126e+00[39m
    846 Linear |R| = [33m1.226260e+00[39m
    847 Linear |R| = [33m1.222964e+00[39m
    848 Linear |R| = [33m1.220207e+00[39m
    849 Linear |R| = [33m1.219045e+00[39m
    850 Linear |R| = [33m1.218816e+00[39m
    851 Linear |R| = [33m1.218763e+00[39m
    852 Linear |R| = [33m1.217687e+00[39m
    853 Linear |R| = [33m1.215266e+00[39m
    854 Linear |R| = [33m1.213010e+00[39m
    855 Linear |R| = [33m1.209527e+00[39m
    856 Linear |R| = [33m1.206156e+00[39m
    857 Linear |R| = [33m1.203042e+00[39m
    858 Linear |R| = [33m1.200666e+00[39m
    859 Linear |R| = [33m1.199486e+00[39m
    860 Linear |R| = [33m1.198625e+00[39m
    861 Linear |R| = [33m1.197676e+00[39m
    862 Linear |R| = [33m1.195901e+00[39m
    863 Linear |R| = [33m1.193935e+00[39m
    864 Linear |R| = [33m1.192524e+00[39m
    865 Linear |R| = [33m1.191703e+00[39m
    866 Linear |R| = [33m1.191364e+00[39m
    867 Linear |R| = [33m1.191323e+00[39m
    868 Linear |R| = [33m1.191300e+00[39m
    869 Linear |R| = [33m1.191151e+00[39m
    870 Linear |R| = [33m1.190779e+00[39m
    871 Linear |R| = [33m1.190651e+00[39m
    872 Linear |R| = [33m1.190649e+00[39m
    873 Linear |R| = [33m1.190631e+00[39m
    874 Linear |R| = [33m1.190620e+00[39m
    875 Linear |R| = [33m1.190609e+00[39m
    876 Linear |R| = [33m1.190558e+00[39m
    877 Linear |R| = [33m1.190447e+00[39m
    878 Linear |R| = [33m1.190281e+00[39m
    879 Linear |R| = [33m1.189895e+00[39m
    880 Linear |R| = [33m1.188935e+00[39m
    881 Linear |R| = [33m1.186889e+00[39m
    882 Linear |R| = [33m1.184121e+00[39m
    883 Linear |R| = [33m1.181625e+00[39m
    884 Linear |R| = [33m1.179787e+00[39m
    885 Linear |R| = [33m1.178097e+00[39m
    886 Linear |R| = [33m1.176799e+00[39m
    887 Linear |R| = [33m1.175618e+00[39m
    888 Linear |R| = [33m1.174753e+00[39m
    889 Linear |R| = [33m1.174357e+00[39m
    890 Linear |R| = [33m1.174144e+00[39m
    891 Linear |R| = [33m1.174106e+00[39m
    892 Linear |R| = [33m1.174081e+00[39m
    893 Linear |R| = [33m1.173886e+00[39m
    894 Linear |R| = [33m1.173386e+00[39m
    895 Linear |R| = [33m1.172400e+00[39m
    896 Linear |R| = [33m1.169904e+00[39m
    897 Linear |R| = [33m1.166680e+00[39m
    898 Linear |R| = [33m1.164440e+00[39m
    899 Linear |R| = [33m1.162086e+00[39m
    900 Linear |R| = [31m1.254830e+00[39m
    901 Linear |R| = [32m1.162134e+00[39m
    902 Linear |R| = [33m1.154473e+00[39m
    903 Linear |R| = [33m1.153469e+00[39m
    904 Linear |R| = [33m1.152929e+00[39m
    905 Linear |R| = [33m1.152572e+00[39m
    906 Linear |R| = [33m1.151795e+00[39m
    907 Linear |R| = [33m1.150024e+00[39m
    908 Linear |R| = [33m1.147052e+00[39m
    909 Linear |R| = [33m1.144390e+00[39m
    910 Linear |R| = [33m1.143538e+00[39m
    911 Linear |R| = [33m1.143391e+00[39m
    912 Linear |R| = [33m1.143389e+00[39m
    913 Linear |R| = [33m1.143181e+00[39m
    914 Linear |R| = [33m1.142553e+00[39m
    915 Linear |R| = [33m1.141633e+00[39m
    916 Linear |R| = [33m1.140463e+00[39m
    917 Linear |R| = [33m1.138839e+00[39m
    918 Linear |R| = [33m1.136894e+00[39m
    919 Linear |R| = [33m1.135385e+00[39m
    920 Linear |R| = [33m1.133926e+00[39m
    921 Linear |R| = [33m1.131950e+00[39m
    922 Linear |R| = [33m1.129326e+00[39m
    923 Linear |R| = [33m1.125934e+00[39m
    924 Linear |R| = [33m1.122765e+00[39m
    925 Linear |R| = [33m1.120836e+00[39m
    926 Linear |R| = [33m1.119345e+00[39m
    927 Linear |R| = [33m1.118011e+00[39m
    928 Linear |R| = [33m1.117076e+00[39m
    929 Linear |R| = [33m1.116748e+00[39m
    930 Linear |R| = [31m1.121443e+00[39m
    931 Linear |R| = [33m1.117169e+00[39m
    932 Linear |R| = [33m1.117075e+00[39m
    933 Linear |R| = [33m1.116757e+00[39m
    934 Linear |R| = [33m1.116372e+00[39m
    935 Linear |R| = [33m1.115758e+00[39m
    936 Linear |R| = [33m1.114330e+00[39m
    937 Linear |R| = [33m1.113025e+00[39m
    938 Linear |R| = [33m1.112284e+00[39m
    939 Linear |R| = [33m1.111439e+00[39m
    940 Linear |R| = [33m1.109745e+00[39m
    941 Linear |R| = [33m1.106895e+00[39m
    942 Linear |R| = [33m1.104863e+00[39m
    943 Linear |R| = [33m1.103670e+00[39m
    944 Linear |R| = [33m1.102873e+00[39m
    945 Linear |R| = [33m1.102244e+00[39m
    946 Linear |R| = [33m1.101278e+00[39m
    947 Linear |R| = [33m1.100074e+00[39m
    948 Linear |R| = [33m1.099473e+00[39m
    949 Linear |R| = [33m1.099164e+00[39m
    950 Linear |R| = [33m1.098858e+00[39m
    951 Linear |R| = [33m1.098701e+00[39m
    952 Linear |R| = [33m1.098700e+00[39m
    953 Linear |R| = [33m1.098542e+00[39m
    954 Linear |R| = [33m1.097836e+00[39m
    955 Linear |R| = [33m1.096119e+00[39m
    956 Linear |R| = [33m1.093652e+00[39m
    957 Linear |R| = [33m1.091006e+00[39m
    958 Linear |R| = [33m1.088613e+00[39m
    959 Linear |R| = [33m1.086127e+00[39m
    960 Linear |R| = [33m1.082571e+00[39m
    961 Linear |R| = [33m1.080247e+00[39m
    962 Linear |R| = [33m1.078900e+00[39m
    963 Linear |R| = [33m1.078305e+00[39m
    964 Linear |R| = [33m1.077908e+00[39m
    965 Linear |R| = [33m1.076989e+00[39m
    966 Linear |R| = [33m1.074780e+00[39m
    967 Linear |R| = [33m1.071718e+00[39m
    968 Linear |R| = [33m1.069785e+00[39m
    969 Linear |R| = [33m1.068891e+00[39m
    970 Linear |R| = [33m1.068652e+00[39m
    971 Linear |R| = [33m1.068651e+00[39m
    972 Linear |R| = [33m1.068530e+00[39m
    973 Linear |R| = [33m1.068038e+00[39m
    974 Linear |R| = [33m1.067033e+00[39m
    975 Linear |R| = [33m1.065756e+00[39m
    976 Linear |R| = [33m1.063332e+00[39m
    977 Linear |R| = [33m1.061716e+00[39m
    978 Linear |R| = [33m1.060650e+00[39m
    979 Linear |R| = [33m1.059730e+00[39m
    980 Linear |R| = [33m1.058084e+00[39m
    981 Linear |R| = [33m1.055046e+00[39m
    982 Linear |R| = [33m1.049939e+00[39m
    983 Linear |R| = [33m1.044665e+00[39m
    984 Linear |R| = [33m1.038663e+00[39m
    985 Linear |R| = [33m1.030640e+00[39m
    986 Linear |R| = [33m1.018053e+00[39m
    987 Linear |R| = [33m9.966455e-01[39m
    988 Linear |R| = [33m9.722919e-01[39m
    989 Linear |R| = [33m9.603291e-01[39m
    Linear solve did not converge due to DIVERGED_BREAKDOWN iterations 990
12 Nonlinear |R| = [32m1.660005e+02[39m
      0 Linear |R| = [32m1.660005e+02[39m
      1 Linear |R| = [32m5.589610e+01[39m
      2 Linear |R| = [32m3.191286e+01[39m
      3 Linear |R| = [32m2.345870e+01[39m
      4 Linear |R| = [32m1.964239e+01[39m
      5 Linear |R| = [32m1.764914e+01[39m
      6 Linear |R| = [32m1.605754e+01[39m
      7 Linear |R| = [32m1.472311e+01[39m
      8 Linear |R| = [32m1.327370e+01[39m
      9 Linear |R| = [32m1.174436e+01[39m
     10 Linear |R| = [32m1.052702e+01[39m
     11 Linear |R| = [32m9.658201e+00[39m
     12 Linear |R| = [32m9.044370e+00[39m
     13 Linear |R| = [32m8.531230e+00[39m
     14 Linear |R| = [33m8.179048e+00[39m
     15 Linear |R| = [33m7.971823e+00[39m
     16 Linear |R| = [33m7.853129e+00[39m
     17 Linear |R| = [33m7.771873e+00[39m
     18 Linear |R| = [33m7.721994e+00[39m
     19 Linear |R| = [33m7.703312e+00[39m
     20 Linear |R| = [33m7.702338e+00[39m
     21 Linear |R| = [33m7.698821e+00[39m
     22 Linear |R| = [33m7.677724e+00[39m
     23 Linear |R| = [33m7.624408e+00[39m
     24 Linear |R| = [33m7.528357e+00[39m
     25 Linear |R| = [33m7.404576e+00[39m
     26 Linear |R| = [33m7.256545e+00[39m
     27 Linear |R| = [33m7.126627e+00[39m
     28 Linear |R| = [33m7.029594e+00[39m
     29 Linear |R| = [33m6.958056e+00[39m
     30 Linear |R| = [33m6.888911e+00[39m
     31 Linear |R| = [33m6.857786e+00[39m
     32 Linear |R| = [33m6.830641e+00[39m
     33 Linear |R| = [33m6.788841e+00[39m
     34 Linear |R| = [33m6.740123e+00[39m
     35 Linear |R| = [33m6.665242e+00[39m
     36 Linear |R| = [33m6.559088e+00[39m
     37 Linear |R| = [33m6.451051e+00[39m
     38 Linear |R| = [33m6.385404e+00[39m
     39 Linear |R| = [33m6.356076e+00[39m
     40 Linear |R| = [33m6.349380e+00[39m
     41 Linear |R| = [33m6.349217e+00[39m
     42 Linear |R| = [33m6.348473e+00[39m
     43 Linear |R| = [33m6.347107e+00[39m
     44 Linear |R| = [33m6.345649e+00[39m
     45 Linear |R| = [33m6.344234e+00[39m
     46 Linear |R| = [33m6.339543e+00[39m
     47 Linear |R| = [33m6.326620e+00[39m
     48 Linear |R| = [33m6.297019e+00[39m
     49 Linear |R| = [33m6.242388e+00[39m
     50 Linear |R| = [33m6.175917e+00[39m
     51 Linear |R| = [33m6.097410e+00[39m
     52 Linear |R| = [33m6.000166e+00[39m
     53 Linear |R| = [33m5.906136e+00[39m
     54 Linear |R| = [33m5.790572e+00[39m
     55 Linear |R| = [33m5.663593e+00[39m
     56 Linear |R| = [33m5.570204e+00[39m
     57 Linear |R| = [33m5.488378e+00[39m
     58 Linear |R| = [33m5.384895e+00[39m
     59 Linear |R| = [33m5.286551e+00[39m
     60 Linear |R| = [33m5.234678e+00[39m
     61 Linear |R| = [33m5.216003e+00[39m
     62 Linear |R| = [33m5.205754e+00[39m
     63 Linear |R| = [33m5.199393e+00[39m
     64 Linear |R| = [33m5.192921e+00[39m
     65 Linear |R| = [33m5.180378e+00[39m
     66 Linear |R| = [33m5.163316e+00[39m
     67 Linear |R| = [33m5.149285e+00[39m
     68 Linear |R| = [33m5.138416e+00[39m
     69 Linear |R| = [33m5.126768e+00[39m
     70 Linear |R| = [33m5.117289e+00[39m
     71 Linear |R| = [33m5.111684e+00[39m
     72 Linear |R| = [33m5.109243e+00[39m
     73 Linear |R| = [33m5.108942e+00[39m
     74 Linear |R| = [33m5.108926e+00[39m
     75 Linear |R| = [33m5.108810e+00[39m
     76 Linear |R| = [33m5.108002e+00[39m
     77 Linear |R| = [33m5.106133e+00[39m
     78 Linear |R| = [33m5.103071e+00[39m
     79 Linear |R| = [33m5.100699e+00[39m
     80 Linear |R| = [33m5.099949e+00[39m
     81 Linear |R| = [33m5.099934e+00[39m
     82 Linear |R| = [33m5.099794e+00[39m
     83 Linear |R| = [33m5.099534e+00[39m
     84 Linear |R| = [33m5.099345e+00[39m
     85 Linear |R| = [33m5.099290e+00[39m
     86 Linear |R| = [33m5.099290e+00[39m
     87 Linear |R| = [33m5.099284e+00[39m
     88 Linear |R| = [33m5.099103e+00[39m
     89 Linear |R| = [33m5.098333e+00[39m
     90 Linear |R| = [33m5.097562e+00[39m
     91 Linear |R| = [33m5.097496e+00[39m
     92 Linear |R| = [33m5.097470e+00[39m
     93 Linear |R| = [33m5.097470e+00[39m
     94 Linear |R| = [33m5.097467e+00[39m
     95 Linear |R| = [33m5.097443e+00[39m
     96 Linear |R| = [33m5.097412e+00[39m
     97 Linear |R| = [33m5.097346e+00[39m
     98 Linear |R| = [33m5.097165e+00[39m
     99 Linear |R| = [33m5.096923e+00[39m
    100 Linear |R| = [33m5.096746e+00[39m
    101 Linear |R| = [33m5.096700e+00[39m
    102 Linear |R| = [33m5.096695e+00[39m
    103 Linear |R| = [33m5.096692e+00[39m
    104 Linear |R| = [33m5.096631e+00[39m
    105 Linear |R| = [33m5.096604e+00[39m
    106 Linear |R| = [33m5.096534e+00[39m
    107 Linear |R| = [33m5.096303e+00[39m
    108 Linear |R| = [33m5.095910e+00[39m
    109 Linear |R| = [33m5.094940e+00[39m
    110 Linear |R| = [33m5.093962e+00[39m
    111 Linear |R| = [33m5.092442e+00[39m
    112 Linear |R| = [33m5.091064e+00[39m
    113 Linear |R| = [33m5.089367e+00[39m
    114 Linear |R| = [33m5.086162e+00[39m
    115 Linear |R| = [33m5.084123e+00[39m
    116 Linear |R| = [33m5.083773e+00[39m
    117 Linear |R| = [33m5.083735e+00[39m
    118 Linear |R| = [33m5.083722e+00[39m
    119 Linear |R| = [33m5.083599e+00[39m
    120 Linear |R| = [33m5.083176e+00[39m
    121 Linear |R| = [33m5.083148e+00[39m
    122 Linear |R| = [33m5.083081e+00[39m
    123 Linear |R| = [33m5.083080e+00[39m
    124 Linear |R| = [33m5.083065e+00[39m
    125 Linear |R| = [33m5.083062e+00[39m
    126 Linear |R| = [33m5.083057e+00[39m
    127 Linear |R| = [33m5.083056e+00[39m
    128 Linear |R| = [33m5.083056e+00[39m
    129 Linear |R| = [33m5.083016e+00[39m
    130 Linear |R| = [33m5.082963e+00[39m
    131 Linear |R| = [33m5.082949e+00[39m
    132 Linear |R| = [33m5.082907e+00[39m
    133 Linear |R| = [33m5.082858e+00[39m
    134 Linear |R| = [33m5.082825e+00[39m
    135 Linear |R| = [33m5.082722e+00[39m
    136 Linear |R| = [33m5.082382e+00[39m
    137 Linear |R| = [33m5.082039e+00[39m
    138 Linear |R| = [33m5.081709e+00[39m
    139 Linear |R| = [33m5.081280e+00[39m
    140 Linear |R| = [33m5.081061e+00[39m
    141 Linear |R| = [33m5.081004e+00[39m
    142 Linear |R| = [33m5.080948e+00[39m
    143 Linear |R| = [33m5.080948e+00[39m
    144 Linear |R| = [33m5.080679e+00[39m
    145 Linear |R| = [33m5.080368e+00[39m
    146 Linear |R| = [33m5.080243e+00[39m
    147 Linear |R| = [33m5.079957e+00[39m
    148 Linear |R| = [33m5.079302e+00[39m
    149 Linear |R| = [33m5.078878e+00[39m
    150 Linear |R| = [33m5.078735e+00[39m
    151 Linear |R| = [33m5.078735e+00[39m
    152 Linear |R| = [33m5.078732e+00[39m
    153 Linear |R| = [33m5.078732e+00[39m
    154 Linear |R| = [33m5.078727e+00[39m
    155 Linear |R| = [33m5.078722e+00[39m
    156 Linear |R| = [33m5.078701e+00[39m
    157 Linear |R| = [33m5.078641e+00[39m
    158 Linear |R| = [33m5.078632e+00[39m
    159 Linear |R| = [33m5.078623e+00[39m
    160 Linear |R| = [33m5.078559e+00[39m
    161 Linear |R| = [33m5.078493e+00[39m
    162 Linear |R| = [33m5.078474e+00[39m
    163 Linear |R| = [33m5.078472e+00[39m
    164 Linear |R| = [33m5.078465e+00[39m
    165 Linear |R| = [33m5.078458e+00[39m
    166 Linear |R| = [33m5.078438e+00[39m
    167 Linear |R| = [33m5.078409e+00[39m
    168 Linear |R| = [33m5.078283e+00[39m
    169 Linear |R| = [33m5.078139e+00[39m
    170 Linear |R| = [33m5.078095e+00[39m
    171 Linear |R| = [33m5.078092e+00[39m
    172 Linear |R| = [33m5.078002e+00[39m
    173 Linear |R| = [33m5.077708e+00[39m
    174 Linear |R| = [33m5.077428e+00[39m
    175 Linear |R| = [33m5.077272e+00[39m
    176 Linear |R| = [33m5.076870e+00[39m
    177 Linear |R| = [33m5.076079e+00[39m
    178 Linear |R| = [33m5.074846e+00[39m
    179 Linear |R| = [33m5.074179e+00[39m
    180 Linear |R| = [33m5.073563e+00[39m
    181 Linear |R| = [33m5.073520e+00[39m
    182 Linear |R| = [33m5.073503e+00[39m
    183 Linear |R| = [33m5.073498e+00[39m
    184 Linear |R| = [33m5.073495e+00[39m
    185 Linear |R| = [33m5.073476e+00[39m
    186 Linear |R| = [33m5.073413e+00[39m
    187 Linear |R| = [33m5.073332e+00[39m
    188 Linear |R| = [33m5.073304e+00[39m
    189 Linear |R| = [33m5.073276e+00[39m
    190 Linear |R| = [33m5.073229e+00[39m
    191 Linear |R| = [33m5.073198e+00[39m
    192 Linear |R| = [33m5.073192e+00[39m
    193 Linear |R| = [33m5.073164e+00[39m
    194 Linear |R| = [33m5.072928e+00[39m
    195 Linear |R| = [33m5.072684e+00[39m
    196 Linear |R| = [33m5.072527e+00[39m
    197 Linear |R| = [33m5.072487e+00[39m
    198 Linear |R| = [33m5.072457e+00[39m
    199 Linear |R| = [33m5.072437e+00[39m
    200 Linear |R| = [33m5.072404e+00[39m
    201 Linear |R| = [33m5.072369e+00[39m
    202 Linear |R| = [33m5.072156e+00[39m
    203 Linear |R| = [33m5.071510e+00[39m
    204 Linear |R| = [33m5.070177e+00[39m
    205 Linear |R| = [33m5.068479e+00[39m
    206 Linear |R| = [33m5.066465e+00[39m
    207 Linear |R| = [33m5.062770e+00[39m
    208 Linear |R| = [33m5.057135e+00[39m
    209 Linear |R| = [33m5.052543e+00[39m
    210 Linear |R| = [33m5.049527e+00[39m
    211 Linear |R| = [33m5.049339e+00[39m
    212 Linear |R| = [33m5.049292e+00[39m
    213 Linear |R| = [33m5.049264e+00[39m
    214 Linear |R| = [33m5.049180e+00[39m
    215 Linear |R| = [33m5.049150e+00[39m
    216 Linear |R| = [33m5.049034e+00[39m
    217 Linear |R| = [33m5.048832e+00[39m
    218 Linear |R| = [33m5.048718e+00[39m
    219 Linear |R| = [33m5.048550e+00[39m
    220 Linear |R| = [33m5.048265e+00[39m
    221 Linear |R| = [33m5.047959e+00[39m
    222 Linear |R| = [33m5.047448e+00[39m
    223 Linear |R| = [33m5.046969e+00[39m
    224 Linear |R| = [33m5.046328e+00[39m
    225 Linear |R| = [33m5.045538e+00[39m
    226 Linear |R| = [33m5.044580e+00[39m
    227 Linear |R| = [33m5.043904e+00[39m
    228 Linear |R| = [33m5.043602e+00[39m
    229 Linear |R| = [33m5.043145e+00[39m
    230 Linear |R| = [33m5.042812e+00[39m
    231 Linear |R| = [33m5.042678e+00[39m
    232 Linear |R| = [33m5.042523e+00[39m
    233 Linear |R| = [33m5.042237e+00[39m
    234 Linear |R| = [33m5.042208e+00[39m
    235 Linear |R| = [33m5.042205e+00[39m
    236 Linear |R| = [33m5.042204e+00[39m
    237 Linear |R| = [33m5.042070e+00[39m
    238 Linear |R| = [33m5.041436e+00[39m
    239 Linear |R| = [33m5.040453e+00[39m
    240 Linear |R| = [33m5.039834e+00[39m
    241 Linear |R| = [33m5.039796e+00[39m
    242 Linear |R| = [33m5.039781e+00[39m
    243 Linear |R| = [33m5.039778e+00[39m
    244 Linear |R| = [33m5.039766e+00[39m
    245 Linear |R| = [33m5.039763e+00[39m
    246 Linear |R| = [33m5.039762e+00[39m
    247 Linear |R| = [33m5.039757e+00[39m
    248 Linear |R| = [33m5.039746e+00[39m
    249 Linear |R| = [33m5.039743e+00[39m
    250 Linear |R| = [33m5.039739e+00[39m
    251 Linear |R| = [33m5.039734e+00[39m
    252 Linear |R| = [33m5.039733e+00[39m
    253 Linear |R| = [33m5.039724e+00[39m
    254 Linear |R| = [33m5.039698e+00[39m
    255 Linear |R| = [33m5.039690e+00[39m
    256 Linear |R| = [33m5.039690e+00[39m
    257 Linear |R| = [33m5.039689e+00[39m
    258 Linear |R| = [33m5.039686e+00[39m
    259 Linear |R| = [33m5.039686e+00[39m
    260 Linear |R| = [33m5.039686e+00[39m
    261 Linear |R| = [33m5.039681e+00[39m
    262 Linear |R| = [33m5.039666e+00[39m
    263 Linear |R| = [33m5.039663e+00[39m
    264 Linear |R| = [33m5.039656e+00[39m
    265 Linear |R| = [33m5.039640e+00[39m
    266 Linear |R| = [33m5.039626e+00[39m
    267 Linear |R| = [33m5.039623e+00[39m
    268 Linear |R| = [33m5.039601e+00[39m
    269 Linear |R| = [33m5.039533e+00[39m
    270 Linear |R| = [33m5.039317e+00[39m
    271 Linear |R| = [33m5.039300e+00[39m
    272 Linear |R| = [33m5.039275e+00[39m
    273 Linear |R| = [33m5.039273e+00[39m
    274 Linear |R| = [33m5.039269e+00[39m
    275 Linear |R| = [33m5.039267e+00[39m
    276 Linear |R| = [33m5.039267e+00[39m
    277 Linear |R| = [33m5.039267e+00[39m
    278 Linear |R| = [33m5.039265e+00[39m
    279 Linear |R| = [33m5.039264e+00[39m
    280 Linear |R| = [33m5.039264e+00[39m
    281 Linear |R| = [33m5.039263e+00[39m
    282 Linear |R| = [33m5.039260e+00[39m
    283 Linear |R| = [33m5.039259e+00[39m
    284 Linear |R| = [33m5.039259e+00[39m
    285 Linear |R| = [33m5.039257e+00[39m
    286 Linear |R| = [33m5.039246e+00[39m
    287 Linear |R| = [33m5.039228e+00[39m
    288 Linear |R| = [33m5.039228e+00[39m
    289 Linear |R| = [33m5.039228e+00[39m
    290 Linear |R| = [33m5.039227e+00[39m
    291 Linear |R| = [33m5.039225e+00[39m
    292 Linear |R| = [33m5.039191e+00[39m
    293 Linear |R| = [33m5.039175e+00[39m
    294 Linear |R| = [33m5.039171e+00[39m
    295 Linear |R| = [33m5.039171e+00[39m
    296 Linear |R| = [33m5.039144e+00[39m
    297 Linear |R| = [33m5.039139e+00[39m
    298 Linear |R| = [33m5.039127e+00[39m
    299 Linear |R| = [33m5.039127e+00[39m
    300 Linear |R| = [33m5.039114e+00[39m
    301 Linear |R| = [33m5.039113e+00[39m
    302 Linear |R| = [33m5.039112e+00[39m
    303 Linear |R| = [33m5.039109e+00[39m
    304 Linear |R| = [33m5.039105e+00[39m
    305 Linear |R| = [33m5.039105e+00[39m
    306 Linear |R| = [33m5.039103e+00[39m
    307 Linear |R| = [33m5.039103e+00[39m
    308 Linear |R| = [33m5.039103e+00[39m
    309 Linear |R| = [33m5.039103e+00[39m
    310 Linear |R| = [33m5.039103e+00[39m
    311 Linear |R| = [33m5.039103e+00[39m
    312 Linear |R| = [33m5.039103e+00[39m
    313 Linear |R| = [33m5.039102e+00[39m
    314 Linear |R| = [33m5.039100e+00[39m
    315 Linear |R| = [33m5.039100e+00[39m
    316 Linear |R| = [33m5.039093e+00[39m
    317 Linear |R| = [33m5.039091e+00[39m
    318 Linear |R| = [33m5.039091e+00[39m
    319 Linear |R| = [33m5.039090e+00[39m
    320 Linear |R| = [33m5.039090e+00[39m
    321 Linear |R| = [33m5.039090e+00[39m
    322 Linear |R| = [33m5.039090e+00[39m
    323 Linear |R| = [33m5.039086e+00[39m
    324 Linear |R| = [33m5.039086e+00[39m
    325 Linear |R| = [33m5.039081e+00[39m
    326 Linear |R| = [33m5.039072e+00[39m
    327 Linear |R| = [33m5.039072e+00[39m
    328 Linear |R| = [33m5.038993e+00[39m
    329 Linear |R| = [33m5.038909e+00[39m
    330 Linear |R| = [33m5.038898e+00[39m
    331 Linear |R| = [33m5.038897e+00[39m
    332 Linear |R| = [33m5.038897e+00[39m
    333 Linear |R| = [33m5.038897e+00[39m
    334 Linear |R| = [33m5.038894e+00[39m
    335 Linear |R| = [33m5.038893e+00[39m
    336 Linear |R| = [33m5.038893e+00[39m
    337 Linear |R| = [33m5.038890e+00[39m
    338 Linear |R| = [33m5.038890e+00[39m
    339 Linear |R| = [33m5.038890e+00[39m
    340 Linear |R| = [33m5.038890e+00[39m
    341 Linear |R| = [33m5.038888e+00[39m
    342 Linear |R| = [33m5.038888e+00[39m
    343 Linear |R| = [33m5.038887e+00[39m
    344 Linear |R| = [33m5.038883e+00[39m
    345 Linear |R| = [33m5.038883e+00[39m
    346 Linear |R| = [33m5.038874e+00[39m
    347 Linear |R| = [33m5.038862e+00[39m
    348 Linear |R| = [33m5.038846e+00[39m
    349 Linear |R| = [33m5.038846e+00[39m
    350 Linear |R| = [33m5.038818e+00[39m
    351 Linear |R| = [33m5.038770e+00[39m
    352 Linear |R| = [33m5.038737e+00[39m
    353 Linear |R| = [33m5.038735e+00[39m
    354 Linear |R| = [33m5.038735e+00[39m
    355 Linear |R| = [33m5.038735e+00[39m
    356 Linear |R| = [33m5.038734e+00[39m
    357 Linear |R| = [33m5.038728e+00[39m
    358 Linear |R| = [33m5.038683e+00[39m
    359 Linear |R| = [33m5.038601e+00[39m
    360 Linear |R| = [33m5.038488e+00[39m
    361 Linear |R| = [33m5.038484e+00[39m
    362 Linear |R| = [33m5.038478e+00[39m
    363 Linear |R| = [33m5.038475e+00[39m
    364 Linear |R| = [33m5.038471e+00[39m
    365 Linear |R| = [33m5.038471e+00[39m
    366 Linear |R| = [33m5.038468e+00[39m
    367 Linear |R| = [33m5.038468e+00[39m
    368 Linear |R| = [33m5.038468e+00[39m
    369 Linear |R| = [33m5.038467e+00[39m
    370 Linear |R| = [33m5.038467e+00[39m
    371 Linear |R| = [33m5.038467e+00[39m
    372 Linear |R| = [33m5.038457e+00[39m
    373 Linear |R| = [33m5.038442e+00[39m
    374 Linear |R| = [33m5.038404e+00[39m
    375 Linear |R| = [33m5.038349e+00[39m
    376 Linear |R| = [33m5.038322e+00[39m
    377 Linear |R| = [33m5.038304e+00[39m
    378 Linear |R| = [33m5.038300e+00[39m
    379 Linear |R| = [33m5.038298e+00[39m
    380 Linear |R| = [33m5.038298e+00[39m
    381 Linear |R| = [33m5.038298e+00[39m
    382 Linear |R| = [33m5.038296e+00[39m
    383 Linear |R| = [33m5.038218e+00[39m
    384 Linear |R| = [33m5.038032e+00[39m
    385 Linear |R| = [33m5.037740e+00[39m
    386 Linear |R| = [33m5.037441e+00[39m
    387 Linear |R| = [33m5.036942e+00[39m
    388 Linear |R| = [33m5.036544e+00[39m
    389 Linear |R| = [33m5.035827e+00[39m
    390 Linear |R| = [33m5.034641e+00[39m
    391 Linear |R| = [33m5.034388e+00[39m
    392 Linear |R| = [33m5.034388e+00[39m
    393 Linear |R| = [33m5.034383e+00[39m
    394 Linear |R| = [33m5.034383e+00[39m
    395 Linear |R| = [33m5.034381e+00[39m
    396 Linear |R| = [33m5.034341e+00[39m
    397 Linear |R| = [33m5.034267e+00[39m
    398 Linear |R| = [33m5.034267e+00[39m
    399 Linear |R| = [33m5.034242e+00[39m
    400 Linear |R| = [33m5.034230e+00[39m
    401 Linear |R| = [33m5.034230e+00[39m
    402 Linear |R| = [33m5.034183e+00[39m
    403 Linear |R| = [33m5.034090e+00[39m
    404 Linear |R| = [33m5.033957e+00[39m
    405 Linear |R| = [33m5.033732e+00[39m
    406 Linear |R| = [33m5.033467e+00[39m
    407 Linear |R| = [33m5.033125e+00[39m
    408 Linear |R| = [33m5.032957e+00[39m
    409 Linear |R| = [33m5.032947e+00[39m
    410 Linear |R| = [33m5.032762e+00[39m
    411 Linear |R| = [33m5.032483e+00[39m
    412 Linear |R| = [33m5.032033e+00[39m
    413 Linear |R| = [33m5.031453e+00[39m
    414 Linear |R| = [33m5.030091e+00[39m
    415 Linear |R| = [33m5.028903e+00[39m
    416 Linear |R| = [33m5.028448e+00[39m
    417 Linear |R| = [33m5.027921e+00[39m
    418 Linear |R| = [33m5.026655e+00[39m
    419 Linear |R| = [33m5.024953e+00[39m
    420 Linear |R| = [33m5.022122e+00[39m
    421 Linear |R| = [33m5.020919e+00[39m
    422 Linear |R| = [33m5.020915e+00[39m
    423 Linear |R| = [33m5.020903e+00[39m
    424 Linear |R| = [33m5.020903e+00[39m
    425 Linear |R| = [33m5.020828e+00[39m
    426 Linear |R| = [33m5.020599e+00[39m
    427 Linear |R| = [33m5.020313e+00[39m
    428 Linear |R| = [33m5.020104e+00[39m
    429 Linear |R| = [33m5.020071e+00[39m
    430 Linear |R| = [33m5.020059e+00[39m
    431 Linear |R| = [33m5.020052e+00[39m
    432 Linear |R| = [33m5.019924e+00[39m
    433 Linear |R| = [33m5.019584e+00[39m
    434 Linear |R| = [33m5.019412e+00[39m
    435 Linear |R| = [33m5.019398e+00[39m
    436 Linear |R| = [33m5.019398e+00[39m
    437 Linear |R| = [33m5.019398e+00[39m
    438 Linear |R| = [33m5.019361e+00[39m
    439 Linear |R| = [33m5.019238e+00[39m
    440 Linear |R| = [33m5.018968e+00[39m
    441 Linear |R| = [33m5.018537e+00[39m
    442 Linear |R| = [33m5.018268e+00[39m
    443 Linear |R| = [33m5.018198e+00[39m
    444 Linear |R| = [33m5.018053e+00[39m
    445 Linear |R| = [33m5.017774e+00[39m
    446 Linear |R| = [33m5.017668e+00[39m
    447 Linear |R| = [33m5.017648e+00[39m
    448 Linear |R| = [33m5.017644e+00[39m
    449 Linear |R| = [33m5.017637e+00[39m
    450 Linear |R| = [33m5.017565e+00[39m
    451 Linear |R| = [33m5.017561e+00[39m
    452 Linear |R| = [33m5.017543e+00[39m
    453 Linear |R| = [33m5.017540e+00[39m
    454 Linear |R| = [33m5.017530e+00[39m
    455 Linear |R| = [33m5.017529e+00[39m
    456 Linear |R| = [33m5.017528e+00[39m
    457 Linear |R| = [33m5.017528e+00[39m
    458 Linear |R| = [33m5.017527e+00[39m
    459 Linear |R| = [33m5.017527e+00[39m
    460 Linear |R| = [33m5.017521e+00[39m
    461 Linear |R| = [33m5.017521e+00[39m
    462 Linear |R| = [33m5.017512e+00[39m
    463 Linear |R| = [33m5.017507e+00[39m
    464 Linear |R| = [33m5.017507e+00[39m
    465 Linear |R| = [33m5.017501e+00[39m
    466 Linear |R| = [33m5.017469e+00[39m
    467 Linear |R| = [33m5.017460e+00[39m
    468 Linear |R| = [33m5.017458e+00[39m
    469 Linear |R| = [33m5.017458e+00[39m
    470 Linear |R| = [33m5.017404e+00[39m
    471 Linear |R| = [33m5.017348e+00[39m
    472 Linear |R| = [33m5.017298e+00[39m
    473 Linear |R| = [33m5.017224e+00[39m
    474 Linear |R| = [33m5.017222e+00[39m
    475 Linear |R| = [33m5.017221e+00[39m
    476 Linear |R| = [33m5.017209e+00[39m
    477 Linear |R| = [33m5.017205e+00[39m
    478 Linear |R| = [33m5.017182e+00[39m
    479 Linear |R| = [33m5.016953e+00[39m
    480 Linear |R| = [33m5.016379e+00[39m
    481 Linear |R| = [33m5.016328e+00[39m
    482 Linear |R| = [33m5.016242e+00[39m
    483 Linear |R| = [33m5.016238e+00[39m
    484 Linear |R| = [33m5.016214e+00[39m
    485 Linear |R| = [33m5.016195e+00[39m
    486 Linear |R| = [33m5.016191e+00[39m
    487 Linear |R| = [33m5.016160e+00[39m
    488 Linear |R| = [33m5.016140e+00[39m
    489 Linear |R| = [33m5.016139e+00[39m
    490 Linear |R| = [33m5.016137e+00[39m
    491 Linear |R| = [33m5.016137e+00[39m
    492 Linear |R| = [33m5.016135e+00[39m
    493 Linear |R| = [33m5.016134e+00[39m
    494 Linear |R| = [33m5.016134e+00[39m
    495 Linear |R| = [33m5.016132e+00[39m
    496 Linear |R| = [33m5.016067e+00[39m
    497 Linear |R| = [33m5.016015e+00[39m
    498 Linear |R| = [33m5.016014e+00[39m
    499 Linear |R| = [33m5.015964e+00[39m
    500 Linear |R| = [33m5.015888e+00[39m
    501 Linear |R| = [33m5.015879e+00[39m
    502 Linear |R| = [33m5.015876e+00[39m
    503 Linear |R| = [33m5.015861e+00[39m
    504 Linear |R| = [33m5.015595e+00[39m
    505 Linear |R| = [33m5.015325e+00[39m
    506 Linear |R| = [33m5.015240e+00[39m
    507 Linear |R| = [33m5.015214e+00[39m
    508 Linear |R| = [33m5.015164e+00[39m
    509 Linear |R| = [33m5.015085e+00[39m
    510 Linear |R| = [33m5.014809e+00[39m
    511 Linear |R| = [33m5.014780e+00[39m
    512 Linear |R| = [33m5.014749e+00[39m
    513 Linear |R| = [33m5.014749e+00[39m
    514 Linear |R| = [33m5.014731e+00[39m
    515 Linear |R| = [33m5.014713e+00[39m
    516 Linear |R| = [33m5.014711e+00[39m
    517 Linear |R| = [33m5.014709e+00[39m
    518 Linear |R| = [33m5.014708e+00[39m
    519 Linear |R| = [33m5.014708e+00[39m
    520 Linear |R| = [33m5.014707e+00[39m
    521 Linear |R| = [33m5.014698e+00[39m
    522 Linear |R| = [33m5.014695e+00[39m
    523 Linear |R| = [33m5.014690e+00[39m
    524 Linear |R| = [33m5.014687e+00[39m
    525 Linear |R| = [33m5.014652e+00[39m
    526 Linear |R| = [33m5.014464e+00[39m
    527 Linear |R| = [33m5.014308e+00[39m
    528 Linear |R| = [33m5.014305e+00[39m
    529 Linear |R| = [33m5.014289e+00[39m
    530 Linear |R| = [33m5.014289e+00[39m
    531 Linear |R| = [33m5.014268e+00[39m
    532 Linear |R| = [33m5.014268e+00[39m
    533 Linear |R| = [33m5.014256e+00[39m
    534 Linear |R| = [33m5.014132e+00[39m
    535 Linear |R| = [33m5.013839e+00[39m
    536 Linear |R| = [33m5.013687e+00[39m
    537 Linear |R| = [33m5.013643e+00[39m
    538 Linear |R| = [33m5.013458e+00[39m
    539 Linear |R| = [33m5.012885e+00[39m
    540 Linear |R| = [33m5.011379e+00[39m
    541 Linear |R| = [33m5.010939e+00[39m
    542 Linear |R| = [33m5.010873e+00[39m
    543 Linear |R| = [33m5.010863e+00[39m
    544 Linear |R| = [33m5.010799e+00[39m
    545 Linear |R| = [33m5.010707e+00[39m
    546 Linear |R| = [33m5.010662e+00[39m
    547 Linear |R| = [33m5.010660e+00[39m
    548 Linear |R| = [33m5.010659e+00[39m
    549 Linear |R| = [33m5.010659e+00[39m
    550 Linear |R| = [33m5.010654e+00[39m
    551 Linear |R| = [33m5.010652e+00[39m
    552 Linear |R| = [33m5.010650e+00[39m
    553 Linear |R| = [33m5.010644e+00[39m
    554 Linear |R| = [33m5.010632e+00[39m
    555 Linear |R| = [33m5.010625e+00[39m
    556 Linear |R| = [33m5.010584e+00[39m
    557 Linear |R| = [33m5.010562e+00[39m
    558 Linear |R| = [33m5.010562e+00[39m
    559 Linear |R| = [33m5.010553e+00[39m
    560 Linear |R| = [33m5.010545e+00[39m
    561 Linear |R| = [33m5.010533e+00[39m
    562 Linear |R| = [33m5.010495e+00[39m
    563 Linear |R| = [33m5.010332e+00[39m
    564 Linear |R| = [33m5.009984e+00[39m
    565 Linear |R| = [33m5.009916e+00[39m
    566 Linear |R| = [33m5.009906e+00[39m
    567 Linear |R| = [33m5.009832e+00[39m
    568 Linear |R| = [33m5.009765e+00[39m
    569 Linear |R| = [33m5.009690e+00[39m
    570 Linear |R| = [33m5.009329e+00[39m
    571 Linear |R| = [33m5.009280e+00[39m
    572 Linear |R| = [33m5.009247e+00[39m
    573 Linear |R| = [33m5.009246e+00[39m
    574 Linear |R| = [33m5.009243e+00[39m
    575 Linear |R| = [33m5.009241e+00[39m
    576 Linear |R| = [33m5.009232e+00[39m
    577 Linear |R| = [33m5.009228e+00[39m
    578 Linear |R| = [33m5.009228e+00[39m
    579 Linear |R| = [33m5.009226e+00[39m
    580 Linear |R| = [33m5.009226e+00[39m
    581 Linear |R| = [33m5.009223e+00[39m
    582 Linear |R| = [33m5.009223e+00[39m
    583 Linear |R| = [33m5.009216e+00[39m
    584 Linear |R| = [33m5.009207e+00[39m
    585 Linear |R| = [33m5.009196e+00[39m
    586 Linear |R| = [33m5.009134e+00[39m
    587 Linear |R| = [33m5.009009e+00[39m
    588 Linear |R| = [33m5.008981e+00[39m
    589 Linear |R| = [33m5.008963e+00[39m
    590 Linear |R| = [33m5.008937e+00[39m
    591 Linear |R| = [33m5.008933e+00[39m
    592 Linear |R| = [33m5.008878e+00[39m
    593 Linear |R| = [33m5.008753e+00[39m
    594 Linear |R| = [33m5.008601e+00[39m
    595 Linear |R| = [33m5.008154e+00[39m
    596 Linear |R| = [33m5.007665e+00[39m
    597 Linear |R| = [33m5.007058e+00[39m
    598 Linear |R| = [33m5.006291e+00[39m
    599 Linear |R| = [33m5.005188e+00[39m
    600 Linear |R| = [33m5.000881e+00[39m
    601 Linear |R| = [33m4.998150e+00[39m
    602 Linear |R| = [33m4.998066e+00[39m
    603 Linear |R| = [33m4.998046e+00[39m
    604 Linear |R| = [33m4.998027e+00[39m
    605 Linear |R| = [33m4.997789e+00[39m
    606 Linear |R| = [33m4.997210e+00[39m
    607 Linear |R| = [33m4.997060e+00[39m
    608 Linear |R| = [33m4.997055e+00[39m
    609 Linear |R| = [33m4.996999e+00[39m
    610 Linear |R| = [33m4.996958e+00[39m
    611 Linear |R| = [33m4.996842e+00[39m
    612 Linear |R| = [33m4.996540e+00[39m
    613 Linear |R| = [33m4.996191e+00[39m
    614 Linear |R| = [33m4.995758e+00[39m
    615 Linear |R| = [33m4.995132e+00[39m
    616 Linear |R| = [33m4.995131e+00[39m
    617 Linear |R| = [33m4.994484e+00[39m
    618 Linear |R| = [33m4.991973e+00[39m
    619 Linear |R| = [33m4.989616e+00[39m
    620 Linear |R| = [33m4.989283e+00[39m
    621 Linear |R| = [33m4.989175e+00[39m
    622 Linear |R| = [33m4.988728e+00[39m
    623 Linear |R| = [33m4.988590e+00[39m
    624 Linear |R| = [33m4.988398e+00[39m
    625 Linear |R| = [33m4.987334e+00[39m
    626 Linear |R| = [33m4.985648e+00[39m
    627 Linear |R| = [33m4.984161e+00[39m
    628 Linear |R| = [33m4.983569e+00[39m
    629 Linear |R| = [33m4.983310e+00[39m
    630 Linear |R| = [33m4.983162e+00[39m
    631 Linear |R| = [33m4.983162e+00[39m
    632 Linear |R| = [33m4.983157e+00[39m
    633 Linear |R| = [33m4.983157e+00[39m
    634 Linear |R| = [33m4.983154e+00[39m
    635 Linear |R| = [33m4.983152e+00[39m
    636 Linear |R| = [33m4.983151e+00[39m
    637 Linear |R| = [33m4.983125e+00[39m
    638 Linear |R| = [33m4.983039e+00[39m
    639 Linear |R| = [33m4.982955e+00[39m
    640 Linear |R| = [33m4.982902e+00[39m
    641 Linear |R| = [33m4.982817e+00[39m
    642 Linear |R| = [33m4.982652e+00[39m
    643 Linear |R| = [33m4.982370e+00[39m
    644 Linear |R| = [33m4.981412e+00[39m
    645 Linear |R| = [33m4.980457e+00[39m
    646 Linear |R| = [33m4.980450e+00[39m
    647 Linear |R| = [33m4.979924e+00[39m
    648 Linear |R| = [33m4.978795e+00[39m
    649 Linear |R| = [33m4.978312e+00[39m
    650 Linear |R| = [33m4.978259e+00[39m
    651 Linear |R| = [33m4.978235e+00[39m
    652 Linear |R| = [33m4.978138e+00[39m
    653 Linear |R| = [33m4.977739e+00[39m
    654 Linear |R| = [33m4.977025e+00[39m
    655 Linear |R| = [33m4.976376e+00[39m
    656 Linear |R| = [33m4.976309e+00[39m
    657 Linear |R| = [33m4.976139e+00[39m
    658 Linear |R| = [33m4.975036e+00[39m
    659 Linear |R| = [33m4.973711e+00[39m
    660 Linear |R| = [33m4.971601e+00[39m
    661 Linear |R| = [33m4.971314e+00[39m
    662 Linear |R| = [33m4.971152e+00[39m
    663 Linear |R| = [33m4.971074e+00[39m
    664 Linear |R| = [33m4.971064e+00[39m
    665 Linear |R| = [33m4.971030e+00[39m
    666 Linear |R| = [33m4.971030e+00[39m
    667 Linear |R| = [33m4.971027e+00[39m
    668 Linear |R| = [33m4.971021e+00[39m
    669 Linear |R| = [33m4.971021e+00[39m
    670 Linear |R| = [33m4.970987e+00[39m
    671 Linear |R| = [33m4.970911e+00[39m
    672 Linear |R| = [33m4.970872e+00[39m
    673 Linear |R| = [33m4.970863e+00[39m
    674 Linear |R| = [33m4.970848e+00[39m
    675 Linear |R| = [33m4.970845e+00[39m
    676 Linear |R| = [33m4.970840e+00[39m
    677 Linear |R| = [33m4.970829e+00[39m
    678 Linear |R| = [33m4.970815e+00[39m
    679 Linear |R| = [33m4.970803e+00[39m
    680 Linear |R| = [33m4.970796e+00[39m
    681 Linear |R| = [33m4.970794e+00[39m
    682 Linear |R| = [33m4.970773e+00[39m
    683 Linear |R| = [33m4.970719e+00[39m
    684 Linear |R| = [33m4.970476e+00[39m
    685 Linear |R| = [33m4.970199e+00[39m
    686 Linear |R| = [33m4.969823e+00[39m
    687 Linear |R| = [33m4.969222e+00[39m
    688 Linear |R| = [33m4.968616e+00[39m
    689 Linear |R| = [33m4.968131e+00[39m
    690 Linear |R| = [33m4.967873e+00[39m
    691 Linear |R| = [33m4.967856e+00[39m
    692 Linear |R| = [33m4.967855e+00[39m
    693 Linear |R| = [33m4.967817e+00[39m
    694 Linear |R| = [33m4.967816e+00[39m
    695 Linear |R| = [33m4.967815e+00[39m
    696 Linear |R| = [33m4.967808e+00[39m
    697 Linear |R| = [33m4.967801e+00[39m
    698 Linear |R| = [33m4.967785e+00[39m
    699 Linear |R| = [33m4.967770e+00[39m
    700 Linear |R| = [33m4.967762e+00[39m
    701 Linear |R| = [33m4.967762e+00[39m
    702 Linear |R| = [33m4.967761e+00[39m
    703 Linear |R| = [33m4.967761e+00[39m
    704 Linear |R| = [33m4.967761e+00[39m
    705 Linear |R| = [33m4.967753e+00[39m
    706 Linear |R| = [33m4.967672e+00[39m
    707 Linear |R| = [33m4.967532e+00[39m
    708 Linear |R| = [33m4.967491e+00[39m
    709 Linear |R| = [33m4.967480e+00[39m
    710 Linear |R| = [33m4.967444e+00[39m
    711 Linear |R| = [33m4.967432e+00[39m
    712 Linear |R| = [33m4.967415e+00[39m
    713 Linear |R| = [33m4.967330e+00[39m
    714 Linear |R| = [33m4.967147e+00[39m
    715 Linear |R| = [33m4.966834e+00[39m
    716 Linear |R| = [33m4.966541e+00[39m
    717 Linear |R| = [33m4.966467e+00[39m
    718 Linear |R| = [33m4.966413e+00[39m
    719 Linear |R| = [33m4.966226e+00[39m
    720 Linear |R| = [33m4.966176e+00[39m
    721 Linear |R| = [33m4.966175e+00[39m
    722 Linear |R| = [33m4.966172e+00[39m
    723 Linear |R| = [33m4.966171e+00[39m
    724 Linear |R| = [33m4.966167e+00[39m
    725 Linear |R| = [33m4.966164e+00[39m
    726 Linear |R| = [33m4.966164e+00[39m
    727 Linear |R| = [33m4.966164e+00[39m
    728 Linear |R| = [33m4.966164e+00[39m
    729 Linear |R| = [33m4.966163e+00[39m
    730 Linear |R| = [33m4.966148e+00[39m
    731 Linear |R| = [33m4.966127e+00[39m
    732 Linear |R| = [33m4.966126e+00[39m
    733 Linear |R| = [33m4.966125e+00[39m
    734 Linear |R| = [33m4.966105e+00[39m
    735 Linear |R| = [33m4.966036e+00[39m
    736 Linear |R| = [33m4.966001e+00[39m
    737 Linear |R| = [33m4.965963e+00[39m
    738 Linear |R| = [33m4.965937e+00[39m
    739 Linear |R| = [33m4.965937e+00[39m
    740 Linear |R| = [33m4.965914e+00[39m
    741 Linear |R| = [33m4.965873e+00[39m
    742 Linear |R| = [33m4.965833e+00[39m
    743 Linear |R| = [33m4.965788e+00[39m
    744 Linear |R| = [33m4.965662e+00[39m
    745 Linear |R| = [33m4.965161e+00[39m
    746 Linear |R| = [33m4.964454e+00[39m
    747 Linear |R| = [33m4.963775e+00[39m
    748 Linear |R| = [33m4.962731e+00[39m
    749 Linear |R| = [33m4.962020e+00[39m
    750 Linear |R| = [33m4.961472e+00[39m
    751 Linear |R| = [33m4.961360e+00[39m
    752 Linear |R| = [33m4.961337e+00[39m
    753 Linear |R| = [33m4.961286e+00[39m
    754 Linear |R| = [33m4.961196e+00[39m
    755 Linear |R| = [33m4.961163e+00[39m
    756 Linear |R| = [33m4.961140e+00[39m
    757 Linear |R| = [33m4.961111e+00[39m
    758 Linear |R| = [33m4.961032e+00[39m
    759 Linear |R| = [33m4.960931e+00[39m
    760 Linear |R| = [33m4.960887e+00[39m
    761 Linear |R| = [33m4.960839e+00[39m
    762 Linear |R| = [33m4.960805e+00[39m
    763 Linear |R| = [33m4.960796e+00[39m
    764 Linear |R| = [33m4.960765e+00[39m
    765 Linear |R| = [33m4.960609e+00[39m
    766 Linear |R| = [33m4.960506e+00[39m
    767 Linear |R| = [33m4.960448e+00[39m
    768 Linear |R| = [33m4.960426e+00[39m
    769 Linear |R| = [33m4.960425e+00[39m
    770 Linear |R| = [33m4.960396e+00[39m
    771 Linear |R| = [33m4.960342e+00[39m
    772 Linear |R| = [33m4.960101e+00[39m
    773 Linear |R| = [33m4.959765e+00[39m
    774 Linear |R| = [33m4.959738e+00[39m
    775 Linear |R| = [33m4.959717e+00[39m
    776 Linear |R| = [33m4.959608e+00[39m
    777 Linear |R| = [33m4.959466e+00[39m
    778 Linear |R| = [33m4.959450e+00[39m
    779 Linear |R| = [33m4.959441e+00[39m
    780 Linear |R| = [33m4.959417e+00[39m
    781 Linear |R| = [33m4.959415e+00[39m
    782 Linear |R| = [33m4.959402e+00[39m
    783 Linear |R| = [33m4.959390e+00[39m
    784 Linear |R| = [33m4.959384e+00[39m
    785 Linear |R| = [33m4.959383e+00[39m
    786 Linear |R| = [33m4.959377e+00[39m
    787 Linear |R| = [33m4.959373e+00[39m
    788 Linear |R| = [33m4.959350e+00[39m
    789 Linear |R| = [33m4.959350e+00[39m
    790 Linear |R| = [33m4.959344e+00[39m
    791 Linear |R| = [33m4.959343e+00[39m
    792 Linear |R| = [33m4.959337e+00[39m
    793 Linear |R| = [33m4.959333e+00[39m
    794 Linear |R| = [33m4.959333e+00[39m
    795 Linear |R| = [33m4.959331e+00[39m
    796 Linear |R| = [33m4.959317e+00[39m
    797 Linear |R| = [33m4.959261e+00[39m
    798 Linear |R| = [33m4.959235e+00[39m
    799 Linear |R| = [33m4.959224e+00[39m
    800 Linear |R| = [33m4.959221e+00[39m
    801 Linear |R| = [33m4.959221e+00[39m
    802 Linear |R| = [33m4.959218e+00[39m
    803 Linear |R| = [33m4.959217e+00[39m
    804 Linear |R| = [33m4.959211e+00[39m
    805 Linear |R| = [33m4.959208e+00[39m
    806 Linear |R| = [33m4.959208e+00[39m
    807 Linear |R| = [33m4.959203e+00[39m
    808 Linear |R| = [33m4.959155e+00[39m
    809 Linear |R| = [33m4.958918e+00[39m
    810 Linear |R| = [33m4.958245e+00[39m
    811 Linear |R| = [33m4.958100e+00[39m
    812 Linear |R| = [33m4.958034e+00[39m
    813 Linear |R| = [33m4.958034e+00[39m
    814 Linear |R| = [33m4.958013e+00[39m
    815 Linear |R| = [33m4.958012e+00[39m
    816 Linear |R| = [33m4.958000e+00[39m
    817 Linear |R| = [33m4.957999e+00[39m
    818 Linear |R| = [33m4.957996e+00[39m
    819 Linear |R| = [33m4.957992e+00[39m
    820 Linear |R| = [33m4.957990e+00[39m
    821 Linear |R| = [33m4.957989e+00[39m
    822 Linear |R| = [33m4.957978e+00[39m
    823 Linear |R| = [33m4.957936e+00[39m
    824 Linear |R| = [33m4.957879e+00[39m
    825 Linear |R| = [33m4.957873e+00[39m
    826 Linear |R| = [33m4.957850e+00[39m
    827 Linear |R| = [33m4.957769e+00[39m
    828 Linear |R| = [33m4.957715e+00[39m
    829 Linear |R| = [33m4.957689e+00[39m
    830 Linear |R| = [33m4.957689e+00[39m
    831 Linear |R| = [33m4.957594e+00[39m
    832 Linear |R| = [33m4.957195e+00[39m
    833 Linear |R| = [33m4.956587e+00[39m
    834 Linear |R| = [33m4.956229e+00[39m
    835 Linear |R| = [33m4.956228e+00[39m
    836 Linear |R| = [33m4.956228e+00[39m
    837 Linear |R| = [33m4.956181e+00[39m
    838 Linear |R| = [33m4.956064e+00[39m
    839 Linear |R| = [33m4.955464e+00[39m
    840 Linear |R| = [33m4.953839e+00[39m
    841 Linear |R| = [33m4.953437e+00[39m
    842 Linear |R| = [33m4.953405e+00[39m
    843 Linear |R| = [33m4.953403e+00[39m
    844 Linear |R| = [33m4.953392e+00[39m
    845 Linear |R| = [33m4.953392e+00[39m
    846 Linear |R| = [33m4.953388e+00[39m
    847 Linear |R| = [33m4.953366e+00[39m
    848 Linear |R| = [33m4.953300e+00[39m
    849 Linear |R| = [33m4.953240e+00[39m
    850 Linear |R| = [33m4.953237e+00[39m
    851 Linear |R| = [33m4.953201e+00[39m
    852 Linear |R| = [33m4.953170e+00[39m
    853 Linear |R| = [33m4.953143e+00[39m
    854 Linear |R| = [33m4.953095e+00[39m
    855 Linear |R| = [33m4.953054e+00[39m
    856 Linear |R| = [33m4.953053e+00[39m
    857 Linear |R| = [33m4.953042e+00[39m
    858 Linear |R| = [33m4.953008e+00[39m
    859 Linear |R| = [33m4.952920e+00[39m
    860 Linear |R| = [33m4.952818e+00[39m
    861 Linear |R| = [33m4.952810e+00[39m
    862 Linear |R| = [33m4.952810e+00[39m
    863 Linear |R| = [33m4.952808e+00[39m
    864 Linear |R| = [33m4.952794e+00[39m
    865 Linear |R| = [33m4.952789e+00[39m
    866 Linear |R| = [33m4.952750e+00[39m
    867 Linear |R| = [33m4.952745e+00[39m
    868 Linear |R| = [33m4.952742e+00[39m
    869 Linear |R| = [33m4.952666e+00[39m
    870 Linear |R| = [33m4.952312e+00[39m
    871 Linear |R| = [33m4.952279e+00[39m
    872 Linear |R| = [33m4.952227e+00[39m
    873 Linear |R| = [33m4.952227e+00[39m
    874 Linear |R| = [33m4.952217e+00[39m
    875 Linear |R| = [33m4.952214e+00[39m
    876 Linear |R| = [33m4.952213e+00[39m
    877 Linear |R| = [33m4.952204e+00[39m
    878 Linear |R| = [33m4.952192e+00[39m
    879 Linear |R| = [33m4.952192e+00[39m
    880 Linear |R| = [33m4.952191e+00[39m
    881 Linear |R| = [33m4.952186e+00[39m
    882 Linear |R| = [33m4.952169e+00[39m
    883 Linear |R| = [33m4.952157e+00[39m
    884 Linear |R| = [33m4.952154e+00[39m
    885 Linear |R| = [33m4.952154e+00[39m
    886 Linear |R| = [33m4.952150e+00[39m
    887 Linear |R| = [33m4.952150e+00[39m
    888 Linear |R| = [33m4.952146e+00[39m
    889 Linear |R| = [33m4.952101e+00[39m
    890 Linear |R| = [33m4.952065e+00[39m
    891 Linear |R| = [33m4.952065e+00[39m
    892 Linear |R| = [33m4.951991e+00[39m
    893 Linear |R| = [33m4.951906e+00[39m
    894 Linear |R| = [33m4.951898e+00[39m
    895 Linear |R| = [33m4.951889e+00[39m
    896 Linear |R| = [33m4.951795e+00[39m
    897 Linear |R| = [33m4.951751e+00[39m
    898 Linear |R| = [33m4.951751e+00[39m
    899 Linear |R| = [33m4.951748e+00[39m
    900 Linear |R| = [33m4.951651e+00[39m
    901 Linear |R| = [33m4.951640e+00[39m
    902 Linear |R| = [33m4.951588e+00[39m
    903 Linear |R| = [33m4.951584e+00[39m
    904 Linear |R| = [33m4.951570e+00[39m
    905 Linear |R| = [33m4.951569e+00[39m
    906 Linear |R| = [33m4.951569e+00[39m
    907 Linear |R| = [33m4.951568e+00[39m
    908 Linear |R| = [33m4.951567e+00[39m
    909 Linear |R| = [33m4.951567e+00[39m
    910 Linear |R| = [33m4.951565e+00[39m
    911 Linear |R| = [33m4.951564e+00[39m
    912 Linear |R| = [33m4.951562e+00[39m
    913 Linear |R| = [33m4.951559e+00[39m
    914 Linear |R| = [33m4.951559e+00[39m
    915 Linear |R| = [33m4.951559e+00[39m
    916 Linear |R| = [33m4.951555e+00[39m
    917 Linear |R| = [33m4.951524e+00[39m
    918 Linear |R| = [33m4.951514e+00[39m
    919 Linear |R| = [33m4.951514e+00[39m
    920 Linear |R| = [33m4.951499e+00[39m
    921 Linear |R| = [33m4.951484e+00[39m
    922 Linear |R| = [33m4.951484e+00[39m
    923 Linear |R| = [33m4.951483e+00[39m
    924 Linear |R| = [33m4.951476e+00[39m
    925 Linear |R| = [33m4.951445e+00[39m
    926 Linear |R| = [33m4.951421e+00[39m
    927 Linear |R| = [33m4.951411e+00[39m
    928 Linear |R| = [33m4.951406e+00[39m
    929 Linear |R| = [33m4.951343e+00[39m
    930 Linear |R| = [33m4.950917e+00[39m
    931 Linear |R| = [33m4.950857e+00[39m
    932 Linear |R| = [33m4.950784e+00[39m
    933 Linear |R| = [33m4.950783e+00[39m
    934 Linear |R| = [33m4.950772e+00[39m
    935 Linear |R| = [33m4.950772e+00[39m
    936 Linear |R| = [33m4.950771e+00[39m
    937 Linear |R| = [33m4.950771e+00[39m
    938 Linear |R| = [33m4.950769e+00[39m
    939 Linear |R| = [33m4.950768e+00[39m
    940 Linear |R| = [33m4.950758e+00[39m
    941 Linear |R| = [33m4.950758e+00[39m
    942 Linear |R| = [33m4.950753e+00[39m
    943 Linear |R| = [33m4.950752e+00[39m
    944 Linear |R| = [33m4.950751e+00[39m
    945 Linear |R| = [33m4.950750e+00[39m
    946 Linear |R| = [33m4.950732e+00[39m
    947 Linear |R| = [33m4.950719e+00[39m
    948 Linear |R| = [33m4.950714e+00[39m
    949 Linear |R| = [33m4.950708e+00[39m
    950 Linear |R| = [33m4.950708e+00[39m
    951 Linear |R| = [33m4.950707e+00[39m
    952 Linear |R| = [33m4.950695e+00[39m
    953 Linear |R| = [33m4.950579e+00[39m
    954 Linear |R| = [33m4.950231e+00[39m
    955 Linear |R| = [33m4.949738e+00[39m
    956 Linear |R| = [33m4.948639e+00[39m
    957 Linear |R| = [33m4.948280e+00[39m
    958 Linear |R| = [33m4.947964e+00[39m
    959 Linear |R| = [33m4.946996e+00[39m
    960 Linear |R| = [33m4.944360e+00[39m
    961 Linear |R| = [33m4.943400e+00[39m
    962 Linear |R| = [33m4.943399e+00[39m
    963 Linear |R| = [33m4.943384e+00[39m
    964 Linear |R| = [33m4.943286e+00[39m
    965 Linear |R| = [33m4.943200e+00[39m
    966 Linear |R| = [33m4.943184e+00[39m
    967 Linear |R| = [33m4.943181e+00[39m
    968 Linear |R| = [33m4.943123e+00[39m
    969 Linear |R| = [33m4.942914e+00[39m
    970 Linear |R| = [33m4.942696e+00[39m
    971 Linear |R| = [33m4.942642e+00[39m
    972 Linear |R| = [33m4.942641e+00[39m
    973 Linear |R| = [33m4.942638e+00[39m
    974 Linear |R| = [33m4.942563e+00[39m
    975 Linear |R| = [33m4.942424e+00[39m
    976 Linear |R| = [33m4.942389e+00[39m
    977 Linear |R| = [33m4.942290e+00[39m
    978 Linear |R| = [33m4.942040e+00[39m
    979 Linear |R| = [33m4.941967e+00[39m
    980 Linear |R| = [33m4.941965e+00[39m
    981 Linear |R| = [33m4.941907e+00[39m
    982 Linear |R| = [33m4.941624e+00[39m
    983 Linear |R| = [33m4.941033e+00[39m
    984 Linear |R| = [33m4.940695e+00[39m
    985 Linear |R| = [33m4.940459e+00[39m
    986 Linear |R| = [33m4.940194e+00[39m
    987 Linear |R| = [33m4.940138e+00[39m
    988 Linear |R| = [33m4.940117e+00[39m
    989 Linear |R| = [33m4.939730e+00[39m
    990 Linear |R| = [33m4.938693e+00[39m
    991 Linear |R| = [33m4.938547e+00[39m
    992 Linear |R| = [33m4.938510e+00[39m
    993 Linear |R| = [33m4.938510e+00[39m
    994 Linear |R| = [33m4.938509e+00[39m
    995 Linear |R| = [33m4.938492e+00[39m
    996 Linear |R| = [33m4.938478e+00[39m
    997 Linear |R| = [33m4.938477e+00[39m
    998 Linear |R| = [33m4.938466e+00[39m
    999 Linear |R| = [33m4.938401e+00[39m
   1000 Linear |R| = [33m4.938399e+00[39m
   1001 Linear |R| = [33m4.938381e+00[39m
   1002 Linear |R| = [33m4.938374e+00[39m
   1003 Linear |R| = [33m4.938372e+00[39m
   1004 Linear |R| = [33m4.938372e+00[39m
   1005 Linear |R| = [33m4.938330e+00[39m
   1006 Linear |R| = [33m4.938080e+00[39m
   1007 Linear |R| = [33m4.937506e+00[39m
   1008 Linear |R| = [33m4.937316e+00[39m
   1009 Linear |R| = [33m4.937305e+00[39m
   1010 Linear |R| = [33m4.936914e+00[39m
   1011 Linear |R| = [33m4.936028e+00[39m
   1012 Linear |R| = [33m4.935034e+00[39m
   1013 Linear |R| = [33m4.934233e+00[39m
   1014 Linear |R| = [33m4.933955e+00[39m
   1015 Linear |R| = [33m4.933874e+00[39m
   1016 Linear |R| = [33m4.933826e+00[39m
   1017 Linear |R| = [33m4.933766e+00[39m
   1018 Linear |R| = [33m4.933676e+00[39m
   1019 Linear |R| = [33m4.933297e+00[39m
   1020 Linear |R| = [33m4.932039e+00[39m
   1021 Linear |R| = [33m4.931624e+00[39m
   1022 Linear |R| = [33m4.931608e+00[39m
   1023 Linear |R| = [33m4.931607e+00[39m
   1024 Linear |R| = [33m4.931606e+00[39m
   1025 Linear |R| = [33m4.931580e+00[39m
   1026 Linear |R| = [33m4.931567e+00[39m
   1027 Linear |R| = [33m4.931562e+00[39m
   1028 Linear |R| = [33m4.931499e+00[39m
   1029 Linear |R| = [33m4.931359e+00[39m
   1030 Linear |R| = [33m4.931269e+00[39m
   1031 Linear |R| = [33m4.931265e+00[39m
   1032 Linear |R| = [33m4.931263e+00[39m
   1033 Linear |R| = [33m4.931248e+00[39m
   1034 Linear |R| = [33m4.931219e+00[39m
   1035 Linear |R| = [33m4.931153e+00[39m
   1036 Linear |R| = [33m4.931040e+00[39m
   1037 Linear |R| = [33m4.930962e+00[39m
   1038 Linear |R| = [33m4.930958e+00[39m
   1039 Linear |R| = [33m4.930946e+00[39m
   1040 Linear |R| = [33m4.930834e+00[39m
   1041 Linear |R| = [33m4.930726e+00[39m
   1042 Linear |R| = [33m4.930653e+00[39m
   1043 Linear |R| = [33m4.930545e+00[39m
   1044 Linear |R| = [33m4.930476e+00[39m
   1045 Linear |R| = [33m4.930460e+00[39m
   1046 Linear |R| = [33m4.930431e+00[39m
   1047 Linear |R| = [33m4.930427e+00[39m
   1048 Linear |R| = [33m4.930364e+00[39m
   1049 Linear |R| = [33m4.930167e+00[39m
   1050 Linear |R| = [33m4.930158e+00[39m
   1051 Linear |R| = [33m4.930157e+00[39m
   1052 Linear |R| = [33m4.930121e+00[39m
   1053 Linear |R| = [33m4.930120e+00[39m
   1054 Linear |R| = [33m4.930110e+00[39m
   1055 Linear |R| = [33m4.930077e+00[39m
   1056 Linear |R| = [33m4.930061e+00[39m
   1057 Linear |R| = [33m4.930061e+00[39m
   1058 Linear |R| = [33m4.930056e+00[39m
   1059 Linear |R| = [33m4.930054e+00[39m
   1060 Linear |R| = [33m4.930054e+00[39m
   1061 Linear |R| = [33m4.930044e+00[39m
   1062 Linear |R| = [33m4.930041e+00[39m
   1063 Linear |R| = [33m4.930038e+00[39m
   1064 Linear |R| = [33m4.930037e+00[39m
   1065 Linear |R| = [33m4.930036e+00[39m
   1066 Linear |R| = [33m4.930031e+00[39m
   1067 Linear |R| = [33m4.930015e+00[39m
   1068 Linear |R| = [33m4.930015e+00[39m
   1069 Linear |R| = [33m4.929991e+00[39m
   1070 Linear |R| = [33m4.929988e+00[39m
   1071 Linear |R| = [33m4.929979e+00[39m
   1072 Linear |R| = [33m4.929968e+00[39m
   1073 Linear |R| = [33m4.929952e+00[39m
   1074 Linear |R| = [33m4.929946e+00[39m
   1075 Linear |R| = [33m4.929946e+00[39m
   1076 Linear |R| = [33m4.929933e+00[39m
   1077 Linear |R| = [33m4.929884e+00[39m
   1078 Linear |R| = [33m4.929856e+00[39m
   1079 Linear |R| = [33m4.929781e+00[39m
   1080 Linear |R| = [33m4.929121e+00[39m
   1081 Linear |R| = [33m4.928929e+00[39m
   1082 Linear |R| = [33m4.928862e+00[39m
   1083 Linear |R| = [33m4.928851e+00[39m
   1084 Linear |R| = [33m4.928851e+00[39m
   1085 Linear |R| = [33m4.928850e+00[39m
   1086 Linear |R| = [33m4.928844e+00[39m
   1087 Linear |R| = [33m4.928836e+00[39m
   1088 Linear |R| = [33m4.928833e+00[39m
   1089 Linear |R| = [33m4.928833e+00[39m
   1090 Linear |R| = [33m4.928820e+00[39m
   1091 Linear |R| = [33m4.928818e+00[39m
   1092 Linear |R| = [33m4.928818e+00[39m
   1093 Linear |R| = [33m4.928817e+00[39m
   1094 Linear |R| = [33m4.928782e+00[39m
   1095 Linear |R| = [33m4.928778e+00[39m
   1096 Linear |R| = [33m4.928706e+00[39m
   1097 Linear |R| = [33m4.928523e+00[39m
   1098 Linear |R| = [33m4.928516e+00[39m
   1099 Linear |R| = [33m4.928432e+00[39m
   1100 Linear |R| = [33m4.928222e+00[39m
   1101 Linear |R| = [33m4.928220e+00[39m
   1102 Linear |R| = [33m4.928101e+00[39m
   1103 Linear |R| = [33m4.928094e+00[39m
   1104 Linear |R| = [33m4.927918e+00[39m
   1105 Linear |R| = [33m4.927758e+00[39m
   1106 Linear |R| = [33m4.927708e+00[39m
   1107 Linear |R| = [33m4.927689e+00[39m
   1108 Linear |R| = [33m4.927442e+00[39m
   1109 Linear |R| = [33m4.927274e+00[39m
   1110 Linear |R| = [33m4.927258e+00[39m
   1111 Linear |R| = [33m4.927257e+00[39m
   1112 Linear |R| = [33m4.927199e+00[39m
   1113 Linear |R| = [33m4.927196e+00[39m
   1114 Linear |R| = [33m4.927194e+00[39m
   1115 Linear |R| = [33m4.927149e+00[39m
   1116 Linear |R| = [33m4.927123e+00[39m
   1117 Linear |R| = [33m4.927123e+00[39m
   1118 Linear |R| = [33m4.927111e+00[39m
   1119 Linear |R| = [33m4.927106e+00[39m
   1120 Linear |R| = [33m4.927106e+00[39m
   1121 Linear |R| = [33m4.927102e+00[39m
   1122 Linear |R| = [33m4.927087e+00[39m
   1123 Linear |R| = [33m4.927073e+00[39m
   1124 Linear |R| = [33m4.927067e+00[39m
   1125 Linear |R| = [33m4.927058e+00[39m
   1126 Linear |R| = [33m4.927050e+00[39m
   1127 Linear |R| = [33m4.927050e+00[39m
   1128 Linear |R| = [33m4.927044e+00[39m
   1129 Linear |R| = [33m4.927031e+00[39m
   1130 Linear |R| = [33m4.927027e+00[39m
   1131 Linear |R| = [33m4.927027e+00[39m
   1132 Linear |R| = [33m4.927014e+00[39m
   1133 Linear |R| = [33m4.926942e+00[39m
   1134 Linear |R| = [33m4.926903e+00[39m
   1135 Linear |R| = [33m4.926901e+00[39m
   1136 Linear |R| = [33m4.926900e+00[39m
   1137 Linear |R| = [33m4.926827e+00[39m
   1138 Linear |R| = [33m4.926669e+00[39m
   1139 Linear |R| = [33m4.926549e+00[39m
   1140 Linear |R| = [33m4.926126e+00[39m
   1141 Linear |R| = [33m4.926039e+00[39m
   1142 Linear |R| = [33m4.926028e+00[39m
   1143 Linear |R| = [33m4.926011e+00[39m
   1144 Linear |R| = [33m4.926009e+00[39m
   1145 Linear |R| = [33m4.925974e+00[39m
   1146 Linear |R| = [33m4.925967e+00[39m
   1147 Linear |R| = [33m4.925955e+00[39m
   1148 Linear |R| = [33m4.925919e+00[39m
   1149 Linear |R| = [33m4.925872e+00[39m
   1150 Linear |R| = [33m4.925867e+00[39m
   1151 Linear |R| = [33m4.925862e+00[39m
   1152 Linear |R| = [33m4.925862e+00[39m
   1153 Linear |R| = [33m4.925825e+00[39m
   1154 Linear |R| = [33m4.925691e+00[39m
   1155 Linear |R| = [33m4.925481e+00[39m
   1156 Linear |R| = [33m4.925413e+00[39m
   1157 Linear |R| = [33m4.925377e+00[39m
   1158 Linear |R| = [33m4.925366e+00[39m
   1159 Linear |R| = [33m4.925360e+00[39m
   1160 Linear |R| = [33m4.925308e+00[39m
   1161 Linear |R| = [33m4.925014e+00[39m
   1162 Linear |R| = [33m4.924560e+00[39m
   1163 Linear |R| = [33m4.923572e+00[39m
   1164 Linear |R| = [33m4.922469e+00[39m
   1165 Linear |R| = [33m4.921579e+00[39m
   1166 Linear |R| = [33m4.921003e+00[39m
   1167 Linear |R| = [33m4.920927e+00[39m
   1168 Linear |R| = [33m4.920903e+00[39m
   1169 Linear |R| = [33m4.920867e+00[39m
   1170 Linear |R| = [33m4.920424e+00[39m
   1171 Linear |R| = [33m4.920305e+00[39m
   1172 Linear |R| = [33m4.920284e+00[39m
   1173 Linear |R| = [33m4.920284e+00[39m
   1174 Linear |R| = [33m4.920278e+00[39m
   1175 Linear |R| = [33m4.920260e+00[39m
   1176 Linear |R| = [33m4.920254e+00[39m
   1177 Linear |R| = [33m4.920252e+00[39m
   1178 Linear |R| = [33m4.920249e+00[39m
   1179 Linear |R| = [33m4.920220e+00[39m
   1180 Linear |R| = [33m4.920161e+00[39m
   1181 Linear |R| = [33m4.920138e+00[39m
   1182 Linear |R| = [33m4.920132e+00[39m
   1183 Linear |R| = [33m4.920121e+00[39m
   1184 Linear |R| = [33m4.920054e+00[39m
   1185 Linear |R| = [33m4.919868e+00[39m
   1186 Linear |R| = [33m4.919662e+00[39m
   1187 Linear |R| = [33m4.919633e+00[39m
   1188 Linear |R| = [33m4.919622e+00[39m
   1189 Linear |R| = [33m4.919613e+00[39m
   1190 Linear |R| = [33m4.919591e+00[39m
   1191 Linear |R| = [33m4.919296e+00[39m
   1192 Linear |R| = [33m4.918924e+00[39m
   1193 Linear |R| = [33m4.918676e+00[39m
   1194 Linear |R| = [33m4.918674e+00[39m
   1195 Linear |R| = [33m4.918366e+00[39m
   1196 Linear |R| = [33m4.918155e+00[39m
   1197 Linear |R| = [33m4.918132e+00[39m
   1198 Linear |R| = [33m4.917934e+00[39m
   1199 Linear |R| = [33m4.917755e+00[39m
   1200 Linear |R| = [33m4.917184e+00[39m
   1201 Linear |R| = [33m4.917071e+00[39m
   1202 Linear |R| = [33m4.917056e+00[39m
   1203 Linear |R| = [33m4.917049e+00[39m
   1204 Linear |R| = [33m4.917041e+00[39m
   1205 Linear |R| = [33m4.916866e+00[39m
   1206 Linear |R| = [33m4.916813e+00[39m
   1207 Linear |R| = [33m4.916790e+00[39m
   1208 Linear |R| = [33m4.916618e+00[39m
   1209 Linear |R| = [33m4.916475e+00[39m
   1210 Linear |R| = [33m4.916471e+00[39m
   1211 Linear |R| = [33m4.916414e+00[39m
   1212 Linear |R| = [33m4.916234e+00[39m
   1213 Linear |R| = [33m4.915871e+00[39m
   1214 Linear |R| = [33m4.915615e+00[39m
   1215 Linear |R| = [33m4.915612e+00[39m
   1216 Linear |R| = [33m4.915397e+00[39m
   1217 Linear |R| = [33m4.915010e+00[39m
   1218 Linear |R| = [33m4.914735e+00[39m
   1219 Linear |R| = [33m4.914654e+00[39m
   1220 Linear |R| = [33m4.914610e+00[39m
   1221 Linear |R| = [33m4.914394e+00[39m
   1222 Linear |R| = [33m4.914176e+00[39m
   1223 Linear |R| = [33m4.914153e+00[39m
   1224 Linear |R| = [33m4.914052e+00[39m
   1225 Linear |R| = [33m4.913982e+00[39m
   1226 Linear |R| = [33m4.913880e+00[39m
   1227 Linear |R| = [33m4.913673e+00[39m
   1228 Linear |R| = [33m4.913636e+00[39m
   1229 Linear |R| = [33m4.913625e+00[39m
   1230 Linear |R| = [33m4.913497e+00[39m
   1231 Linear |R| = [33m4.913481e+00[39m
   1232 Linear |R| = [33m4.913474e+00[39m
   1233 Linear |R| = [33m4.913453e+00[39m
   1234 Linear |R| = [33m4.913449e+00[39m
   1235 Linear |R| = [33m4.913442e+00[39m
   1236 Linear |R| = [33m4.913433e+00[39m
   1237 Linear |R| = [33m4.913431e+00[39m
   1238 Linear |R| = [33m4.913426e+00[39m
   1239 Linear |R| = [33m4.913421e+00[39m
   1240 Linear |R| = [33m4.913420e+00[39m
   1241 Linear |R| = [33m4.913409e+00[39m
   1242 Linear |R| = [33m4.913400e+00[39m
   1243 Linear |R| = [33m4.913400e+00[39m
   1244 Linear |R| = [33m4.913396e+00[39m
   1245 Linear |R| = [33m4.913396e+00[39m
   1246 Linear |R| = [33m4.913385e+00[39m
   1247 Linear |R| = [33m4.913353e+00[39m
   1248 Linear |R| = [33m4.913348e+00[39m
   1249 Linear |R| = [33m4.913348e+00[39m
   1250 Linear |R| = [33m4.913347e+00[39m
   1251 Linear |R| = [33m4.913331e+00[39m
   1252 Linear |R| = [33m4.913292e+00[39m
   1253 Linear |R| = [33m4.913272e+00[39m
   1254 Linear |R| = [33m4.913252e+00[39m
   1255 Linear |R| = [33m4.913225e+00[39m
   1256 Linear |R| = [33m4.913196e+00[39m
   1257 Linear |R| = [33m4.913172e+00[39m
   1258 Linear |R| = [33m4.913171e+00[39m
   1259 Linear |R| = [33m4.913134e+00[39m
   1260 Linear |R| = [33m4.913127e+00[39m
   1261 Linear |R| = [33m4.913127e+00[39m
   1262 Linear |R| = [33m4.913117e+00[39m
   1263 Linear |R| = [33m4.913113e+00[39m
   1264 Linear |R| = [33m4.913113e+00[39m
   1265 Linear |R| = [33m4.913111e+00[39m
   1266 Linear |R| = [33m4.913111e+00[39m
   1267 Linear |R| = [33m4.913111e+00[39m
   1268 Linear |R| = [33m4.913110e+00[39m
   1269 Linear |R| = [33m4.913110e+00[39m
   1270 Linear |R| = [33m4.913110e+00[39m
   1271 Linear |R| = [33m4.913107e+00[39m
   1272 Linear |R| = [33m4.913106e+00[39m
   1273 Linear |R| = [33m4.913103e+00[39m
   1274 Linear |R| = [33m4.913096e+00[39m
   1275 Linear |R| = [33m4.913073e+00[39m
   1276 Linear |R| = [33m4.913038e+00[39m
   1277 Linear |R| = [33m4.913021e+00[39m
   1278 Linear |R| = [33m4.913021e+00[39m
   1279 Linear |R| = [33m4.913018e+00[39m
   1280 Linear |R| = [33m4.912995e+00[39m
   1281 Linear |R| = [33m4.912920e+00[39m
   1282 Linear |R| = [33m4.912821e+00[39m
   1283 Linear |R| = [33m4.912525e+00[39m
   1284 Linear |R| = [33m4.911832e+00[39m
   1285 Linear |R| = [33m4.910563e+00[39m
   1286 Linear |R| = [33m4.906948e+00[39m
   1287 Linear |R| = [33m4.903408e+00[39m
   1288 Linear |R| = [33m4.902273e+00[39m
   1289 Linear |R| = [33m4.901896e+00[39m
   1290 Linear |R| = [33m4.901534e+00[39m
   1291 Linear |R| = [33m4.901321e+00[39m
   1292 Linear |R| = [33m4.901320e+00[39m
   1293 Linear |R| = [33m4.901178e+00[39m
   1294 Linear |R| = [33m4.900971e+00[39m
   1295 Linear |R| = [33m4.900659e+00[39m
   1296 Linear |R| = [33m4.900144e+00[39m
   1297 Linear |R| = [33m4.899597e+00[39m
   1298 Linear |R| = [33m4.898813e+00[39m
   1299 Linear |R| = [33m4.897885e+00[39m
   1300 Linear |R| = [33m4.897415e+00[39m
   1301 Linear |R| = [33m4.896802e+00[39m
   1302 Linear |R| = [33m4.895942e+00[39m
   1303 Linear |R| = [33m4.893951e+00[39m
   1304 Linear |R| = [33m4.890801e+00[39m
   1305 Linear |R| = [33m4.887164e+00[39m
   1306 Linear |R| = [33m4.885973e+00[39m
   1307 Linear |R| = [33m4.885637e+00[39m
   1308 Linear |R| = [33m4.885633e+00[39m
   1309 Linear |R| = [33m4.885628e+00[39m
   1310 Linear |R| = [33m4.885557e+00[39m
   1311 Linear |R| = [33m4.885215e+00[39m
   1312 Linear |R| = [33m4.884899e+00[39m
   1313 Linear |R| = [33m4.884590e+00[39m
   1314 Linear |R| = [33m4.884374e+00[39m
   1315 Linear |R| = [33m4.884194e+00[39m
   1316 Linear |R| = [33m4.883782e+00[39m
   1317 Linear |R| = [33m4.883453e+00[39m
   1318 Linear |R| = [33m4.883156e+00[39m
   1319 Linear |R| = [33m4.882530e+00[39m
   1320 Linear |R| = [33m4.881974e+00[39m
   1321 Linear |R| = [33m4.881907e+00[39m
   1322 Linear |R| = [33m4.881892e+00[39m
   1323 Linear |R| = [33m4.881873e+00[39m
   1324 Linear |R| = [33m4.881872e+00[39m
   1325 Linear |R| = [33m4.881840e+00[39m
   1326 Linear |R| = [33m4.881815e+00[39m
   1327 Linear |R| = [33m4.881815e+00[39m
   1328 Linear |R| = [33m4.881805e+00[39m
   1329 Linear |R| = [33m4.881782e+00[39m
   1330 Linear |R| = [33m4.881780e+00[39m
   1331 Linear |R| = [33m4.881779e+00[39m
   1332 Linear |R| = [33m4.881771e+00[39m
   1333 Linear |R| = [33m4.881764e+00[39m
   1334 Linear |R| = [33m4.881738e+00[39m
   1335 Linear |R| = [33m4.881658e+00[39m
   1336 Linear |R| = [33m4.881641e+00[39m
   1337 Linear |R| = [33m4.881633e+00[39m
   1338 Linear |R| = [33m4.881632e+00[39m
   1339 Linear |R| = [33m4.881613e+00[39m
   1340 Linear |R| = [33m4.881534e+00[39m
   1341 Linear |R| = [33m4.881420e+00[39m
   1342 Linear |R| = [33m4.881387e+00[39m
   1343 Linear |R| = [33m4.881381e+00[39m
   1344 Linear |R| = [33m4.881380e+00[39m
   1345 Linear |R| = [33m4.881379e+00[39m
   1346 Linear |R| = [33m4.881356e+00[39m
   1347 Linear |R| = [33m4.881285e+00[39m
   1348 Linear |R| = [33m4.881280e+00[39m
   1349 Linear |R| = [33m4.881222e+00[39m
   1350 Linear |R| = [33m4.881219e+00[39m
   1351 Linear |R| = [33m4.881219e+00[39m
   1352 Linear |R| = [33m4.881210e+00[39m
   1353 Linear |R| = [33m4.881207e+00[39m
   1354 Linear |R| = [33m4.881206e+00[39m
   1355 Linear |R| = [33m4.881203e+00[39m
   1356 Linear |R| = [33m4.881202e+00[39m
   1357 Linear |R| = [33m4.881202e+00[39m
   1358 Linear |R| = [33m4.881201e+00[39m
   1359 Linear |R| = [33m4.881201e+00[39m
   1360 Linear |R| = [33m4.881198e+00[39m
   1361 Linear |R| = [33m4.881194e+00[39m
   1362 Linear |R| = [33m4.881184e+00[39m
   1363 Linear |R| = [33m4.881165e+00[39m
   1364 Linear |R| = [33m4.881160e+00[39m
   1365 Linear |R| = [33m4.881156e+00[39m
   1366 Linear |R| = [33m4.881148e+00[39m
   1367 Linear |R| = [33m4.881146e+00[39m
   1368 Linear |R| = [33m4.881144e+00[39m
   1369 Linear |R| = [33m4.881142e+00[39m
   1370 Linear |R| = [33m4.881142e+00[39m
   1371 Linear |R| = [33m4.881133e+00[39m
   1372 Linear |R| = [33m4.881113e+00[39m
   1373 Linear |R| = [33m4.881070e+00[39m
   1374 Linear |R| = [33m4.881064e+00[39m
   1375 Linear |R| = [33m4.881062e+00[39m
   1376 Linear |R| = [33m4.881058e+00[39m
   1377 Linear |R| = [33m4.881049e+00[39m
   1378 Linear |R| = [33m4.881046e+00[39m
   1379 Linear |R| = [33m4.881044e+00[39m
   1380 Linear |R| = [33m4.880951e+00[39m
   1381 Linear |R| = [33m4.880941e+00[39m
   1382 Linear |R| = [33m4.880919e+00[39m
   1383 Linear |R| = [33m4.880917e+00[39m
   1384 Linear |R| = [33m4.880915e+00[39m
   1385 Linear |R| = [33m4.880910e+00[39m
   1386 Linear |R| = [33m4.880910e+00[39m
   1387 Linear |R| = [33m4.880904e+00[39m
   1388 Linear |R| = [33m4.880893e+00[39m
   1389 Linear |R| = [33m4.880889e+00[39m
   1390 Linear |R| = [33m4.880884e+00[39m
   1391 Linear |R| = [33m4.880872e+00[39m
   1392 Linear |R| = [33m4.880869e+00[39m
   1393 Linear |R| = [33m4.880869e+00[39m
   1394 Linear |R| = [33m4.880868e+00[39m
   1395 Linear |R| = [33m4.880858e+00[39m
   1396 Linear |R| = [33m4.880848e+00[39m
   1397 Linear |R| = [33m4.880848e+00[39m
   1398 Linear |R| = [33m4.880846e+00[39m
   1399 Linear |R| = [33m4.880846e+00[39m
   1400 Linear |R| = [33m4.880843e+00[39m
   1401 Linear |R| = [33m4.880834e+00[39m
   1402 Linear |R| = [33m4.880829e+00[39m
   1403 Linear |R| = [33m4.880798e+00[39m
   1404 Linear |R| = [33m4.880726e+00[39m
   1405 Linear |R| = [33m4.880714e+00[39m
   1406 Linear |R| = [33m4.880714e+00[39m
   1407 Linear |R| = [33m4.880713e+00[39m
   1408 Linear |R| = [33m4.880713e+00[39m
   1409 Linear |R| = [33m4.880709e+00[39m
   1410 Linear |R| = [33m4.880622e+00[39m
   1411 Linear |R| = [33m4.880613e+00[39m
   1412 Linear |R| = [33m4.880594e+00[39m
   1413 Linear |R| = [33m4.880590e+00[39m
   1414 Linear |R| = [33m4.880589e+00[39m
   1415 Linear |R| = [33m4.880587e+00[39m
   1416 Linear |R| = [33m4.880582e+00[39m
   1417 Linear |R| = [33m4.880577e+00[39m
   1418 Linear |R| = [33m4.880574e+00[39m
   1419 Linear |R| = [33m4.880567e+00[39m
   1420 Linear |R| = [33m4.880566e+00[39m
   1421 Linear |R| = [33m4.880556e+00[39m
   1422 Linear |R| = [33m4.880555e+00[39m
   1423 Linear |R| = [33m4.880554e+00[39m
   1424 Linear |R| = [33m4.880535e+00[39m
   1425 Linear |R| = [33m4.880483e+00[39m
   1426 Linear |R| = [33m4.880467e+00[39m
   1427 Linear |R| = [33m4.880466e+00[39m
   1428 Linear |R| = [33m4.880461e+00[39m
   1429 Linear |R| = [33m4.880460e+00[39m
   1430 Linear |R| = [33m4.880460e+00[39m
   1431 Linear |R| = [33m4.880443e+00[39m
   1432 Linear |R| = [33m4.880404e+00[39m
   1433 Linear |R| = [33m4.880184e+00[39m
   1434 Linear |R| = [33m4.879684e+00[39m
   1435 Linear |R| = [33m4.879418e+00[39m
   1436 Linear |R| = [33m4.879329e+00[39m
   1437 Linear |R| = [33m4.879135e+00[39m
   1438 Linear |R| = [33m4.878378e+00[39m
   1439 Linear |R| = [33m4.876070e+00[39m
   1440 Linear |R| = [33m4.872747e+00[39m
   1441 Linear |R| = [33m4.871447e+00[39m
   1442 Linear |R| = [33m4.871411e+00[39m
   1443 Linear |R| = [33m4.871344e+00[39m
   1444 Linear |R| = [33m4.871216e+00[39m
   1445 Linear |R| = [33m4.871127e+00[39m
   1446 Linear |R| = [33m4.871038e+00[39m
   1447 Linear |R| = [33m4.870858e+00[39m
   1448 Linear |R| = [33m4.870342e+00[39m
   1449 Linear |R| = [33m4.869567e+00[39m
   1450 Linear |R| = [33m4.869263e+00[39m
   1451 Linear |R| = [33m4.869186e+00[39m
   1452 Linear |R| = [33m4.869064e+00[39m
   1453 Linear |R| = [33m4.868478e+00[39m
   1454 Linear |R| = [33m4.867257e+00[39m
   1455 Linear |R| = [33m4.865884e+00[39m
   1456 Linear |R| = [33m4.865166e+00[39m
   1457 Linear |R| = [33m4.865147e+00[39m
   1458 Linear |R| = [33m4.865079e+00[39m
   1459 Linear |R| = [33m4.865043e+00[39m
   1460 Linear |R| = [33m4.865042e+00[39m
   1461 Linear |R| = [33m4.865039e+00[39m
   1462 Linear |R| = [33m4.864966e+00[39m
   1463 Linear |R| = [33m4.864405e+00[39m
   1464 Linear |R| = [33m4.862935e+00[39m
   1465 Linear |R| = [33m4.862423e+00[39m
   1466 Linear |R| = [33m4.862333e+00[39m
   1467 Linear |R| = [33m4.862284e+00[39m
   1468 Linear |R| = [33m4.862069e+00[39m
   1469 Linear |R| = [33m4.861248e+00[39m
   1470 Linear |R| = [33m4.859812e+00[39m
   1471 Linear |R| = [33m4.859633e+00[39m
   1472 Linear |R| = [33m4.859605e+00[39m
   1473 Linear |R| = [33m4.859605e+00[39m
   1474 Linear |R| = [33m4.859603e+00[39m
   1475 Linear |R| = [33m4.859598e+00[39m
   1476 Linear |R| = [33m4.859590e+00[39m
   1477 Linear |R| = [33m4.859590e+00[39m
   1478 Linear |R| = [33m4.859587e+00[39m
   1479 Linear |R| = [33m4.859582e+00[39m
   1480 Linear |R| = [33m4.859582e+00[39m
   1481 Linear |R| = [33m4.859573e+00[39m
   1482 Linear |R| = [33m4.859572e+00[39m
   1483 Linear |R| = [33m4.859570e+00[39m
   1484 Linear |R| = [33m4.859570e+00[39m
   1485 Linear |R| = [33m4.859565e+00[39m
   1486 Linear |R| = [33m4.859565e+00[39m
   1487 Linear |R| = [33m4.859564e+00[39m
   1488 Linear |R| = [33m4.859564e+00[39m
   1489 Linear |R| = [33m4.859544e+00[39m
   1490 Linear |R| = [33m4.859342e+00[39m
   1491 Linear |R| = [33m4.859118e+00[39m
   1492 Linear |R| = [33m4.859087e+00[39m
   1493 Linear |R| = [33m4.858964e+00[39m
   1494 Linear |R| = [33m4.858670e+00[39m
   1495 Linear |R| = [33m4.858531e+00[39m
   1496 Linear |R| = [33m4.858374e+00[39m
   1497 Linear |R| = [33m4.858236e+00[39m
   1498 Linear |R| = [33m4.858070e+00[39m
   1499 Linear |R| = [33m4.857668e+00[39m
   1500 Linear |R| = [33m4.856741e+00[39m
   1501 Linear |R| = [33m4.856550e+00[39m
   1502 Linear |R| = [33m4.856488e+00[39m
   1503 Linear |R| = [33m4.856486e+00[39m
   1504 Linear |R| = [33m4.856469e+00[39m
   1505 Linear |R| = [33m4.856469e+00[39m
   1506 Linear |R| = [33m4.856429e+00[39m
   1507 Linear |R| = [33m4.856414e+00[39m
   1508 Linear |R| = [33m4.856413e+00[39m
   1509 Linear |R| = [33m4.856405e+00[39m
   1510 Linear |R| = [33m4.856405e+00[39m
   1511 Linear |R| = [33m4.856404e+00[39m
   1512 Linear |R| = [33m4.856404e+00[39m
   1513 Linear |R| = [33m4.856386e+00[39m
   1514 Linear |R| = [33m4.856334e+00[39m
   1515 Linear |R| = [33m4.856307e+00[39m
   1516 Linear |R| = [33m4.856307e+00[39m
   1517 Linear |R| = [33m4.856296e+00[39m
   1518 Linear |R| = [33m4.856259e+00[39m
   1519 Linear |R| = [33m4.856221e+00[39m
   1520 Linear |R| = [33m4.856220e+00[39m
   1521 Linear |R| = [33m4.856185e+00[39m
   1522 Linear |R| = [33m4.856184e+00[39m
   1523 Linear |R| = [33m4.855992e+00[39m
   1524 Linear |R| = [33m4.855832e+00[39m
   1525 Linear |R| = [33m4.855826e+00[39m
   1526 Linear |R| = [33m4.855758e+00[39m
   1527 Linear |R| = [33m4.855669e+00[39m
   1528 Linear |R| = [33m4.855522e+00[39m
   1529 Linear |R| = [33m4.855519e+00[39m
   1530 Linear |R| = [33m4.854666e+00[39m
   1531 Linear |R| = [33m4.854537e+00[39m
   1532 Linear |R| = [33m4.854406e+00[39m
   1533 Linear |R| = [33m4.854383e+00[39m
   1534 Linear |R| = [33m4.854382e+00[39m
   1535 Linear |R| = [33m4.854366e+00[39m
   1536 Linear |R| = [33m4.854361e+00[39m
   1537 Linear |R| = [33m4.854351e+00[39m
   1538 Linear |R| = [33m4.854348e+00[39m
   1539 Linear |R| = [33m4.854316e+00[39m
   1540 Linear |R| = [33m4.854303e+00[39m
   1541 Linear |R| = [33m4.854242e+00[39m
   1542 Linear |R| = [33m4.854238e+00[39m
   1543 Linear |R| = [33m4.854214e+00[39m
   1544 Linear |R| = [33m4.854142e+00[39m
   1545 Linear |R| = [33m4.854126e+00[39m
   1546 Linear |R| = [33m4.854121e+00[39m
   1547 Linear |R| = [33m4.854088e+00[39m
   1548 Linear |R| = [33m4.854069e+00[39m
   1549 Linear |R| = [33m4.854069e+00[39m
   1550 Linear |R| = [33m4.854066e+00[39m
   1551 Linear |R| = [33m4.854060e+00[39m
   1552 Linear |R| = [33m4.854058e+00[39m
   1553 Linear |R| = [33m4.853927e+00[39m
   1554 Linear |R| = [33m4.853753e+00[39m
   1555 Linear |R| = [33m4.853753e+00[39m
   1556 Linear |R| = [33m4.853718e+00[39m
   1557 Linear |R| = [33m4.853700e+00[39m
   1558 Linear |R| = [33m4.853699e+00[39m
   1559 Linear |R| = [33m4.853612e+00[39m
   1560 Linear |R| = [33m4.853343e+00[39m
   1561 Linear |R| = [33m4.853327e+00[39m
   1562 Linear |R| = [33m4.853309e+00[39m
   1563 Linear |R| = [33m4.853307e+00[39m
   1564 Linear |R| = [33m4.853307e+00[39m
   1565 Linear |R| = [33m4.853306e+00[39m
   1566 Linear |R| = [33m4.853306e+00[39m
   1567 Linear |R| = [33m4.853298e+00[39m
   1568 Linear |R| = [33m4.853298e+00[39m
   1569 Linear |R| = [33m4.853272e+00[39m
   1570 Linear |R| = [33m4.853262e+00[39m
   1571 Linear |R| = [33m4.853261e+00[39m
   1572 Linear |R| = [33m4.853261e+00[39m
   1573 Linear |R| = [33m4.853246e+00[39m
   1574 Linear |R| = [33m4.853243e+00[39m
   1575 Linear |R| = [33m4.853243e+00[39m
   1576 Linear |R| = [33m4.853214e+00[39m
   1577 Linear |R| = [33m4.853156e+00[39m
   1578 Linear |R| = [33m4.853154e+00[39m
   1579 Linear |R| = [33m4.853140e+00[39m
   1580 Linear |R| = [33m4.853122e+00[39m
   1581 Linear |R| = [33m4.853119e+00[39m
   1582 Linear |R| = [33m4.853119e+00[39m
   1583 Linear |R| = [33m4.853101e+00[39m
   1584 Linear |R| = [33m4.853032e+00[39m
   1585 Linear |R| = [33m4.852822e+00[39m
   1586 Linear |R| = [33m4.852597e+00[39m
   1587 Linear |R| = [33m4.852586e+00[39m
   1588 Linear |R| = [33m4.852586e+00[39m
   1589 Linear |R| = [33m4.852302e+00[39m
   1590 Linear |R| = [33m4.850736e+00[39m
   1591 Linear |R| = [33m4.850509e+00[39m
   1592 Linear |R| = [33m4.850417e+00[39m
   1593 Linear |R| = [33m4.850413e+00[39m
   1594 Linear |R| = [33m4.850373e+00[39m
   1595 Linear |R| = [33m4.850366e+00[39m
   1596 Linear |R| = [33m4.850351e+00[39m
   1597 Linear |R| = [33m4.850340e+00[39m
   1598 Linear |R| = [33m4.850312e+00[39m
   1599 Linear |R| = [33m4.850280e+00[39m
   1600 Linear |R| = [33m4.850264e+00[39m
   1601 Linear |R| = [33m4.850227e+00[39m
   1602 Linear |R| = [33m4.850157e+00[39m
   1603 Linear |R| = [33m4.850114e+00[39m
   1604 Linear |R| = [33m4.849965e+00[39m
   1605 Linear |R| = [33m4.849535e+00[39m
   1606 Linear |R| = [33m4.849288e+00[39m
   1607 Linear |R| = [33m4.849243e+00[39m
   1608 Linear |R| = [33m4.849206e+00[39m
   1609 Linear |R| = [33m4.849169e+00[39m
   1610 Linear |R| = [33m4.849164e+00[39m
   1611 Linear |R| = [33m4.848939e+00[39m
   1612 Linear |R| = [33m4.848347e+00[39m
   1613 Linear |R| = [33m4.847913e+00[39m
   1614 Linear |R| = [33m4.847522e+00[39m
   1615 Linear |R| = [33m4.847106e+00[39m
   1616 Linear |R| = [33m4.846542e+00[39m
   1617 Linear |R| = [33m4.845898e+00[39m
   1618 Linear |R| = [33m4.845562e+00[39m
   1619 Linear |R| = [33m4.845316e+00[39m
   1620 Linear |R| = [33m4.845050e+00[39m
   1621 Linear |R| = [33m4.845032e+00[39m
   1622 Linear |R| = [33m4.845031e+00[39m
   1623 Linear |R| = [33m4.845014e+00[39m
   1624 Linear |R| = [33m4.845011e+00[39m
   1625 Linear |R| = [33m4.845009e+00[39m
   1626 Linear |R| = [33m4.845008e+00[39m
   1627 Linear |R| = [33m4.845006e+00[39m
   1628 Linear |R| = [33m4.844995e+00[39m
   1629 Linear |R| = [33m4.844976e+00[39m
   1630 Linear |R| = [33m4.844959e+00[39m
   1631 Linear |R| = [33m4.844938e+00[39m
   1632 Linear |R| = [33m4.844936e+00[39m
   1633 Linear |R| = [33m4.844935e+00[39m
   1634 Linear |R| = [33m4.844935e+00[39m
   1635 Linear |R| = [33m4.844926e+00[39m
   1636 Linear |R| = [33m4.844892e+00[39m
   1637 Linear |R| = [33m4.844848e+00[39m
   1638 Linear |R| = [33m4.844763e+00[39m
   1639 Linear |R| = [33m4.844728e+00[39m
   1640 Linear |R| = [33m4.844706e+00[39m
   1641 Linear |R| = [33m4.844499e+00[39m
   1642 Linear |R| = [33m4.844296e+00[39m
   1643 Linear |R| = [33m4.844280e+00[39m
   1644 Linear |R| = [33m4.844280e+00[39m
   1645 Linear |R| = [33m4.844274e+00[39m
   1646 Linear |R| = [33m4.844251e+00[39m
   1647 Linear |R| = [33m4.844251e+00[39m
