time,p_imag_center,p_real_center
0,0,0
1,-0.4200703197082,0.29139840265636
