
[33m
*** Deprecation Warning ***
/home/kevin/gt/demo/polecats/chrome/demo/inputs/aac_material_tests/c60_compression.i:55.3: The 'Kernels/TensorMechanics' syntax is deprecated. Please use 'Physics/SolidMechanics/QuasiStatic' instead.[39m
Stack frames: 14
0: libMesh::print_trace(std::ostream&)
1: void moose::internal::mooseDeprecatedStream<libMesh::BasicOStreamProxy<char, std::char_traits<char> >, std::__cxx11::basic_string<char, std::char_traits<char>, std::allocator<char> > >(libMesh::BasicOStreamProxy<char, std::char_traits<char> >&, bool, bool, bool, std::__cxx11::basic_string<char, std::char_traits<char>, std::allocator<char> >&&)
2: Moose::Builder::walkRaw(std::__cxx11::basic_string<char, std::char_traits<char>, std::allocator<char> >, std::__cxx11::basic_string<char, std::char_traits<char>, std::allocator<char> >, hit::Node*)
3: Moose::Builder::walk(std::__cxx11::basic_string<char, std::char_traits<char>, std::allocator<char> > const&, std::__cxx11::basic_string<char, std::char_traits<char>, std::allocator<char> > const&, hit::Node*)
4: hit::Node::walk(hit::Walker*, hit::NodeType, hit::TraversalOrder)
5: hit::Node::walk(hit::Walker*, hit::NodeType, hit::TraversalOrder)
6: hit::Node::walk(hit::Walker*, hit::NodeType, hit::TraversalOrder)
7: Moose::Builder::build()
8: MooseApp::setupOptions()
9: MooseApp::run()
10: /home/kevin/gt/demo/mayor/rig/build/moose/modules/solid_mechanics/solid_mechanics-opt(+0x50f2) [0x55ac46fd30f2]
11: /lib/libc.so.6(+0x27741) [0x7f3ff3427741]
12: __libc_start_main
13: /home/kevin/gt/demo/mayor/rig/build/moose/modules/solid_mechanics/solid_mechanics-opt(+0x5365) [0x55ac46fd3365]


[36m
*** Info ***
/home/kevin/gt/demo/polecats/chrome/demo/inputs/aac_material_tests/c60_compression.i:55.3:
The following occurred in the Action 'TensorMechanics' of type LegacyTensorMechanicsAction.

SolidMechanics Action: selecting 'total small strain' formulation. Use `incremental = true` to select 'incremental small strain' instead.[39m
Framework Information:
MOOSE Version:           git commit dd5a8961 on 2026-05-01
LibMesh Version:         
PETSc Version:           3.24.6
SLEPc Version:           3.24.0
Current Time:            Tue May 19 16:51:12 2026
Executable Timestamp:    Wed May 13 15:08:44 2026

Input File(s):
  /home/kevin/gt/demo/polecats/chrome/demo/inputs/aac_material_tests/c60_compression.i

Checkpoint:
  Wall Time Interval:      Every 3600 s
  User Checkpoint:         Disabled
  # Checkpoints Kept:      2
  Execute On:              TIMESTEP_END 

Parallelism:
  Num Processors:          1
  Num Threads:             1

Mesh: 
  Parallel Type:           replicated
  Mesh Dimension:          3
  Spatial Dimension:       3
  Nodes:                   1331
  Elems:                   1000
  Num Subdomains:          1

Nonlinear System:
  Num DOFs:                3993
  Num Local DOFs:          3993
  Variables:               { "disp_x" "disp_y" "disp_z" } 
  Finite Element Types:    "LAGRANGE" 
  Approximation Orders:    "FIRST" 

Auxiliary System:
  Num DOFs:                4000
  Num Local DOFs:          4000
  Variables:               { "vonmises" "max_princ" "min_princ" "stress_zz" } 
  Finite Element Types:    "MONOMIAL" 
  Approximation Orders:    "CONSTANT" 

Execution Information:
  Executioner:             Transient
  TimeStepper:             ConstantDT
  TimeIntegrator(s):       ImplicitEuler
  Solver Mode:             Preconditioned JFNK 
  PETSc Preconditioner:    hypre boomeramg strong_threshold: 0.7 (auto)


Time Step 0, time = 0

Postprocessor Values:
+----------------+----------------------+------------------+----------------+----------------+
| time           | compressive_strength | reaction_force_z | top_disp_z     | vonmises_max   |
+----------------+----------------------+------------------+----------------+----------------+
|   0.000000e+00 |         0.000000e+00 |     0.000000e+00 |   0.000000e+00 |   0.000000e+00 |
+----------------+----------------------+------------------+----------------+----------------+


Time Step 1, time = 0.05, dt = 0.05
 0 Nonlinear |R| = [32m3.417426e+04[39m
      0 Linear |R| = [32m3.417426e+04[39m
      1 Linear |R| = [33m3.334896e+04[39m
      2 Linear |R| = [32m2.533453e+04[39m
      3 Linear |R| = [32m1.995735e+04[39m
      4 Linear |R| = [32m1.521548e+04[39m
      5 Linear |R| = [32m1.113889e+04[39m
      6 Linear |R| = [32m7.220865e+03[39m
      7 Linear |R| = [32m4.569589e+03[39m
      8 Linear |R| = [32m2.648053e+03[39m
      9 Linear |R| = [32m1.506395e+03[39m
     10 Linear |R| = [32m8.820868e+02[39m
     11 Linear |R| = [32m5.493653e+02[39m
     12 Linear |R| = [32m3.487812e+02[39m
     13 Linear |R| = [32m2.374812e+02[39m
     14 Linear |R| = [32m1.453765e+02[39m
     15 Linear |R| = [32m8.838626e+01[39m
     16 Linear |R| = [32m5.387990e+01[39m
     17 Linear |R| = [32m3.410744e+01[39m
     18 Linear |R| = [32m2.086426e+01[39m
     19 Linear |R| = [32m1.234003e+01[39m
     20 Linear |R| = [32m7.986648e+00[39m
     21 Linear |R| = [32m5.203339e+00[39m
     22 Linear |R| = [32m3.324780e+00[39m
     23 Linear |R| = [32m2.056471e+00[39m
     24 Linear |R| = [32m1.376705e+00[39m
     25 Linear |R| = [32m8.520618e-01[39m
     26 Linear |R| = [32m5.384414e-01[39m
     27 Linear |R| = [32m3.542420e-01[39m
     28 Linear |R| = [32m2.386530e-01[39m
 1 Nonlinear |R| = [32m2.624997e+04[39m
      0 Linear |R| = [32m2.624997e+04[39m
      1 Linear |R| = [32m2.405558e+04[39m
      2 Linear |R| = [32m1.555874e+04[39m
      3 Linear |R| = [32m9.139121e+03[39m
      4 Linear |R| = [32m4.868170e+03[39m
      5 Linear |R| = [32m2.288107e+03[39m
      6 Linear |R| = [32m1.011315e+03[39m
      7 Linear |R| = [32m5.446624e+02[39m
      8 Linear |R| = [32m2.817333e+02[39m
      9 Linear |R| = [32m1.250200e+02[39m
     10 Linear |R| = [32m5.608790e+01[39m
     11 Linear |R| = [32m2.881357e+01[39m
     12 Linear |R| = [32m1.483010e+01[39m
     13 Linear |R| = [32m8.166478e+00[39m
     14 Linear |R| = [32m4.804025e+00[39m
     15 Linear |R| = [32m3.174338e+00[39m
     16 Linear |R| = [32m2.343719e+00[39m
     17 Linear |R| = [32m1.637300e+00[39m
     18 Linear |R| = [32m8.390763e-01[39m
     19 Linear |R| = [32m3.836096e-01[39m
     20 Linear |R| = [32m1.716257e-01[39m
 2 Nonlinear |R| = [32m1.229670e+04[39m
      0 Linear |R| = [32m1.229670e+04[39m
      1 Linear |R| = [32m2.885934e+03[39m
      2 Linear |R| = [32m7.469348e+02[39m
      3 Linear |R| = [32m2.958543e+02[39m
      4 Linear |R| = [32m1.347445e+02[39m
      5 Linear |R| = [32m5.101024e+01[39m
      6 Linear |R| = [32m2.026912e+01[39m
      7 Linear |R| = [32m8.761153e+00[39m
      8 Linear |R| = [32m3.838858e+00[39m
      9 Linear |R| = [32m1.492395e+00[39m
     10 Linear |R| = [32m6.321904e-01[39m
     11 Linear |R| = [32m2.619964e-01[39m
     12 Linear |R| = [32m1.143935e-01[39m
 3 Nonlinear |R| = [32m1.143935e-01[39m
      0 Linear |R| = [32m1.143935e-01[39m
      1 Linear |R| = [32m6.204400e-02[39m
      2 Linear |R| = [32m2.949325e-02[39m
      3 Linear |R| = [32m1.347019e-02[39m
      4 Linear |R| = [32m6.389338e-03[39m
      5 Linear |R| = [32m3.682320e-03[39m
      6 Linear |R| = [32m2.237361e-03[39m
      7 Linear |R| = [32m1.316035e-03[39m
      8 Linear |R| = [32m7.411216e-04[39m
      9 Linear |R| = [32m3.748134e-04[39m
     10 Linear |R| = [32m1.991805e-04[39m
     11 Linear |R| = [32m1.126823e-04[39m
     12 Linear |R| = [32m5.784560e-05[39m
     13 Linear |R| = [32m2.728637e-05[39m
     14 Linear |R| = [32m1.304850e-05[39m
     15 Linear |R| = [32m5.155378e-06[39m
     16 Linear |R| = [32m1.729772e-06[39m
     17 Linear |R| = [32m6.774932e-07[39m
 4 Nonlinear |R| = [32m6.774935e-07[39m
Currently Executing
  Finished Solving                                                                       [[33m  6.95 s[39m] [[33m  184 MB[39m]
[32m Solve Converged![39m

Postprocessor Values:
+----------------+----------------------+------------------+----------------+----------------+
| time           | compressive_strength | reaction_force_z | top_disp_z     | vonmises_max   |
+----------------+----------------------+------------------+----------------+----------------+
|   0.000000e+00 |         0.000000e+00 |     0.000000e+00 |   0.000000e+00 |   0.000000e+00 |
|   5.000000e-02 |        -1.335876e+07 |    -8.330071e-06 |  -1.500000e-04 |   4.463643e+07 |
+----------------+----------------------+------------------+----------------+----------------+


Time Step 2, time = 0.1, dt = 0.05
 0 Nonlinear |R| = [32m2.661177e+04[39m
      0 Linear |R| = [32m2.661177e+04[39m
      1 Linear |R| = [33m2.603502e+04[39m
      2 Linear |R| = [32m1.968839e+04[39m
      3 Linear |R| = [32m1.593291e+04[39m
      4 Linear |R| = [32m1.358543e+04[39m
      5 Linear |R| = [32m1.074756e+04[39m
      6 Linear |R| = [32m7.016819e+03[39m
      7 Linear |R| = [32m4.245197e+03[39m
      8 Linear |R| = [32m2.453630e+03[39m
      9 Linear |R| = [32m1.460070e+03[39m
     10 Linear |R| = [32m8.946535e+02[39m
     11 Linear |R| = [32m5.699440e+02[39m
     12 Linear |R| = [32m3.575927e+02[39m
     13 Linear |R| = [32m2.353296e+02[39m
     14 Linear |R| = [32m1.432502e+02[39m
     15 Linear |R| = [32m9.113206e+01[39m
     16 Linear |R| = [32m5.637192e+01[39m
     17 Linear |R| = [32m3.453813e+01[39m
     18 Linear |R| = [32m2.061142e+01[39m
     19 Linear |R| = [32m1.238202e+01[39m
     20 Linear |R| = [32m8.065781e+00[39m
     21 Linear |R| = [32m5.325437e+00[39m
     22 Linear |R| = [32m3.415652e+00[39m
     23 Linear |R| = [32m2.040585e+00[39m
     24 Linear |R| = [32m1.317022e+00[39m
     25 Linear |R| = [32m8.132554e-01[39m
     26 Linear |R| = [32m5.250449e-01[39m
     27 Linear |R| = [32m3.420630e-01[39m
     28 Linear |R| = [32m2.097618e-01[39m
 1 Nonlinear |R| = [32m2.349884e+04[39m
      0 Linear |R| = [32m2.349884e+04[39m
      1 Linear |R| = [33m2.294763e+04[39m
      2 Linear |R| = [32m1.772365e+04[39m
      3 Linear |R| = [32m1.501305e+04[39m
      4 Linear |R| = [32m1.298464e+04[39m
      5 Linear |R| = [32m1.017364e+04[39m
      6 Linear |R| = [32m6.618381e+03[39m
      7 Linear |R| = [32m3.747072e+03[39m
      8 Linear |R| = [32m1.941047e+03[39m
      9 Linear |R| = [32m9.888695e+02[39m
     10 Linear |R| = [32m5.450655e+02[39m
     11 Linear |R| = [32m3.078822e+02[39m
     12 Linear |R| = [32m1.661342e+02[39m
     13 Linear |R| = [32m9.599682e+01[39m
     14 Linear |R| = [32m5.227680e+01[39m
     15 Linear |R| = [32m3.065717e+01[39m
     16 Linear |R| = [32m1.902100e+01[39m
     17 Linear |R| = [32m1.124565e+01[39m
     18 Linear |R| = [32m6.480721e+00[39m
     19 Linear |R| = [32m3.723375e+00[39m
     20 Linear |R| = [32m2.589670e+00[39m
     21 Linear |R| = [32m1.921117e+00[39m
     22 Linear |R| = [32m1.424871e+00[39m
     23 Linear |R| = [32m1.001693e+00[39m
     24 Linear |R| = [32m6.914407e-01[39m
     25 Linear |R| = [32m4.362155e-01[39m
     26 Linear |R| = [32m2.650132e-01[39m
     27 Linear |R| = [32m1.639164e-01[39m
 2 Nonlinear |R| = [32m2.122081e+04[39m
      0 Linear |R| = [32m2.122081e+04[39m
      1 Linear |R| = [33m2.058614e+04[39m
      2 Linear |R| = [32m1.690426e+04[39m
      3 Linear |R| = [32m1.409288e+04[39m
      4 Linear |R| = [32m1.218563e+04[39m
      5 Linear |R| = [32m9.595998e+03[39m
      6 Linear |R| = [32m5.438456e+03[39m
      7 Linear |R| = [32m2.621825e+03[39m
      8 Linear |R| = [32m1.278803e+03[39m
      9 Linear |R| = [32m6.089852e+02[39m
     10 Linear |R| = [32m2.977167e+02[39m
     11 Linear |R| = [32m1.465669e+02[39m
     12 Linear |R| = [32m7.569301e+01[39m
     13 Linear |R| = [32m4.278794e+01[39m
     14 Linear |R| = [32m2.156573e+01[39m
     15 Linear |R| = [32m1.126542e+01[39m
     16 Linear |R| = [32m7.790465e+00[39m
     17 Linear |R| = [32m5.747813e+00[39m
     18 Linear |R| = [32m4.324747e+00[39m
     19 Linear |R| = [32m3.167278e+00[39m
     20 Linear |R| = [32m2.032686e+00[39m
     21 Linear |R| = [32m1.119209e+00[39m
     22 Linear |R| = [32m6.062165e-01[39m
     23 Linear |R| = [32m2.901634e-01[39m
     24 Linear |R| = [32m1.490226e-01[39m
 3 Nonlinear |R| = [32m1.712278e+04[39m
      0 Linear |R| = [32m1.712278e+04[39m
      1 Linear |R| = [32m1.530095e+04[39m
      2 Linear |R| = [32m1.004139e+04[39m
      3 Linear |R| = [32m6.946608e+03[39m
      4 Linear |R| = [32m4.533447e+03[39m
      5 Linear |R| = [32m2.371659e+03[39m
      6 Linear |R| = [32m1.139044e+03[39m
      7 Linear |R| = [32m5.267905e+02[39m
      8 Linear |R| = [32m2.278518e+02[39m
      9 Linear |R| = [32m1.003275e+02[39m
     10 Linear |R| = [32m4.860570e+01[39m
     11 Linear |R| = [32m2.402189e+01[39m
     12 Linear |R| = [32m1.177987e+01[39m
     13 Linear |R| = [32m6.078385e+00[39m
     14 Linear |R| = [32m3.166936e+00[39m
     15 Linear |R| = [32m2.181951e+00[39m
     16 Linear |R| = [32m1.643244e+00[39m
     17 Linear |R| = [32m1.099174e+00[39m
     18 Linear |R| = [32m6.281574e-01[39m
     19 Linear |R| = [32m3.328871e-01[39m
     20 Linear |R| = [32m1.694494e-01[39m
 4 Nonlinear |R| = [32m1.135447e+04[39m
      0 Linear |R| = [32m1.135447e+04[39m
      1 Linear |R| = [32m8.018064e+03[39m
      2 Linear |R| = [32m4.548479e+03[39m
      3 Linear |R| = [32m2.111254e+03[39m
      4 Linear |R| = [32m8.994515e+02[39m
      5 Linear |R| = [32m4.396693e+02[39m
      6 Linear |R| = [32m2.133567e+02[39m
      7 Linear |R| = [32m1.014626e+02[39m
      8 Linear |R| = [32m4.547756e+01[39m
      9 Linear |R| = [32m1.829418e+01[39m
     10 Linear |R| = [32m7.374523e+00[39m
     11 Linear |R| = [32m3.313970e+00[39m
     12 Linear |R| = [32m1.489971e+00[39m
     13 Linear |R| = [32m7.011215e-01[39m
     14 Linear |R| = [32m3.325464e-01[39m
     15 Linear |R| = [32m1.620503e-01[39m
     16 Linear |R| = [32m9.302081e-02[39m
 5 Nonlinear |R| = [32m8.689491e+03[39m
      0 Linear |R| = [32m8.689491e+03[39m
      1 Linear |R| = [32m3.173849e+03[39m
      2 Linear |R| = [32m1.720302e+03[39m
      3 Linear |R| = [32m7.494935e+02[39m
      4 Linear |R| = [32m3.399236e+02[39m
      5 Linear |R| = [32m1.525911e+02[39m
      6 Linear |R| = [32m6.571499e+01[39m
      7 Linear |R| = [32m2.933698e+01[39m
      8 Linear |R| = [32m1.261048e+01[39m
      9 Linear |R| = [32m5.284058e+00[39m
     10 Linear |R| = [32m1.984146e+00[39m
     11 Linear |R| = [32m8.496196e-01[39m
     12 Linear |R| = [32m3.788587e-01[39m
     13 Linear |R| = [32m1.765988e-01[39m
     14 Linear |R| = [32m7.940673e-02[39m
 6 Nonlinear |R| = [32m4.296200e+03[39m
      0 Linear |R| = [32m4.296200e+03[39m
      1 Linear |R| = [32m1.374248e+03[39m
      2 Linear |R| = [32m3.256970e+02[39m
      3 Linear |R| = [32m1.371735e+02[39m
      4 Linear |R| = [32m7.058483e+01[39m
      5 Linear |R| = [32m3.506881e+01[39m
      6 Linear |R| = [32m1.658261e+01[39m
      7 Linear |R| = [32m8.012997e+00[39m
      8 Linear |R| = [32m3.200821e+00[39m
      9 Linear |R| = [32m1.358923e+00[39m
     10 Linear |R| = [32m5.480971e-01[39m
     11 Linear |R| = [32m2.430921e-01[39m
     12 Linear |R| = [32m1.054546e-01[39m
     13 Linear |R| = [32m4.514346e-02[39m
     14 Linear |R| = [32m1.874499e-02[39m
 7 Nonlinear |R| = [32m5.762638e+00[39m
      0 Linear |R| = [32m5.762638e+00[39m
      1 Linear |R| = [32m1.529678e+00[39m
      2 Linear |R| = [32m6.645992e-01[39m
      3 Linear |R| = [32m2.661511e-01[39m
      4 Linear |R| = [32m1.103281e-01[39m
      5 Linear |R| = [32m4.511437e-02[39m
      6 Linear |R| = [32m2.290509e-02[39m
      7 Linear |R| = [32m1.032351e-02[39m
      8 Linear |R| = [32m4.736297e-03[39m
      9 Linear |R| = [32m1.887308e-03[39m
     10 Linear |R| = [32m7.871791e-04[39m
     11 Linear |R| = [32m3.067436e-04[39m
     12 Linear |R| = [32m1.325302e-04[39m
     13 Linear |R| = [32m6.165613e-05[39m
     14 Linear |R| = [32m3.129684e-05[39m
 8 Nonlinear |R| = [32m3.105703e-04[39m
  Finished Solving                                                                       [[33m 11.17 s[39m] [[33m  185 MB[39m]
[32m Solve Converged![39m

Outlier Variable Residual Norms:
  disp_z: [33m2.588579e-04[39m

Postprocessor Values:
+----------------+----------------------+------------------+----------------+----------------+
| time           | compressive_strength | reaction_force_z | top_disp_z     | vonmises_max   |
+----------------+----------------------+------------------+----------------+----------------+
|   0.000000e+00 |         0.000000e+00 |     0.000000e+00 |   0.000000e+00 |   0.000000e+00 |
|   5.000000e-02 |        -1.335876e+07 |    -8.330071e-06 |  -1.500000e-04 |   4.463643e+07 |
|   1.000000e-01 |        -2.574405e+07 |     2.013561e-04 |  -3.000000e-04 |   5.993086e+07 |
+----------------+----------------------+------------------+----------------+----------------+


Time Step 3, time = 0.15, dt = 0.05
 0 Nonlinear |R| = [32m2.091680e+04[39m
      0 Linear |R| = [32m2.091680e+04[39m
      1 Linear |R| = [33m2.022592e+04[39m
      2 Linear |R| = [32m1.553010e+04[39m
      3 Linear |R| = [32m1.324727e+04[39m
      4 Linear |R| = [32m1.214971e+04[39m
      5 Linear |R| = [32m1.005967e+04[39m
      6 Linear |R| = [32m6.793542e+03[39m
      7 Linear |R| = [32m4.186111e+03[39m
      8 Linear |R| = [32m2.645813e+03[39m
      9 Linear |R| = [32m1.655880e+03[39m
     10 Linear |R| = [32m1.011405e+03[39m
     11 Linear |R| = [32m6.472102e+02[39m
     12 Linear |R| = [32m4.006029e+02[39m
     13 Linear |R| = [32m2.651346e+02[39m
     14 Linear |R| = [32m1.664039e+02[39m
     15 Linear |R| = [32m1.043554e+02[39m
     16 Linear |R| = [32m6.573726e+01[39m
     17 Linear |R| = [32m3.903616e+01[39m
     18 Linear |R| = [32m2.334195e+01[39m
     19 Linear |R| = [32m1.457448e+01[39m
     20 Linear |R| = [32m9.289728e+00[39m
     21 Linear |R| = [32m6.212694e+00[39m
     22 Linear |R| = [32m3.854849e+00[39m
     23 Linear |R| = [32m2.322550e+00[39m
     24 Linear |R| = [32m1.462994e+00[39m
     25 Linear |R| = [32m9.218013e-01[39m
     26 Linear |R| = [32m6.164806e-01[39m
     27 Linear |R| = [32m3.763553e-01[39m
     28 Linear |R| = [32m2.147275e-01[39m
     29 Linear |R| = [32m1.299575e-01[39m
 1 Nonlinear |R| = [32m1.913309e+04[39m
      0 Linear |R| = [32m1.913309e+04[39m
      1 Linear |R| = [33m1.855050e+04[39m
      2 Linear |R| = [32m1.526433e+04[39m
      3 Linear |R| = [32m1.428149e+04[39m
      4 Linear |R| = [33m1.382689e+04[39m
      5 Linear |R| = [32m1.256814e+04[39m
      6 Linear |R| = [32m9.940574e+03[39m
      7 Linear |R| = [32m6.873644e+03[39m
      8 Linear |R| = [32m4.335798e+03[39m
      9 Linear |R| = [32m2.519169e+03[39m
     10 Linear |R| = [32m1.433629e+03[39m
     11 Linear |R| = [32m8.158686e+02[39m
     12 Linear |R| = [32m4.573687e+02[39m
     13 Linear |R| = [32m2.860538e+02[39m
     14 Linear |R| = [32m1.706401e+02[39m
     15 Linear |R| = [32m1.056480e+02[39m
     16 Linear |R| = [32m6.758535e+01[39m
     17 Linear |R| = [32m3.715605e+01[39m
     18 Linear |R| = [32m2.119812e+01[39m
     19 Linear |R| = [32m1.200140e+01[39m
     20 Linear |R| = [32m7.537320e+00[39m
     21 Linear |R| = [32m4.849184e+00[39m
     22 Linear |R| = [32m3.209708e+00[39m
     23 Linear |R| = [32m2.159025e+00[39m
     24 Linear |R| = [32m1.566144e+00[39m
     25 Linear |R| = [32m1.063114e+00[39m
     26 Linear |R| = [32m7.785629e-01[39m
     27 Linear |R| = [32m5.652599e-01[39m
     28 Linear |R| = [32m3.832401e-01[39m
     29 Linear |R| = [32m2.566359e-01[39m
     30 Linear |R| = [32m1.499887e-01[39m
 2 Nonlinear |R| = [32m1.732706e+04[39m
      0 Linear |R| = [32m1.732706e+04[39m
      1 Linear |R| = [32m1.588095e+04[39m
      2 Linear |R| = [32m1.316367e+04[39m
      3 Linear |R| = [32m1.173030e+04[39m
      4 Linear |R| = [32m1.090760e+04[39m
      5 Linear |R| = [32m9.567495e+03[39m
      6 Linear |R| = [32m6.902964e+03[39m
      7 Linear |R| = [32m4.045076e+03[39m
      8 Linear |R| = [32m1.954773e+03[39m
      9 Linear |R| = [32m1.028854e+03[39m
     10 Linear |R| = [32m5.832365e+02[39m
     11 Linear |R| = [32m3.245280e+02[39m
     12 Linear |R| = [32m1.739168e+02[39m
     13 Linear |R| = [32m9.802359e+01[39m
     14 Linear |R| = [32m5.197002e+01[39m
     15 Linear |R| = [32m2.786668e+01[39m
     16 Linear |R| = [32m1.486182e+01[39m
     17 Linear |R| = [32m8.559197e+00[39m
     18 Linear |R| = [32m5.983752e+00[39m
     19 Linear |R| = [32m4.618109e+00[39m
     20 Linear |R| = [32m3.655543e+00[39m
     21 Linear |R| = [32m2.657680e+00[39m
     22 Linear |R| = [32m1.563234e+00[39m
     23 Linear |R| = [32m7.986783e-01[39m
     24 Linear |R| = [32m4.419247e-01[39m
     25 Linear |R| = [32m2.296831e-01[39m
     26 Linear |R| = [32m1.163662e-01[39m
 3 Nonlinear |R| = [32m1.445964e+04[39m
      0 Linear |R| = [32m1.445964e+04[39m
      1 Linear |R| = [32m1.260043e+04[39m
      2 Linear |R| = [32m1.003544e+04[39m
      3 Linear |R| = [32m7.796136e+03[39m
      4 Linear |R| = [32m6.275844e+03[39m
      5 Linear |R| = [32m4.488829e+03[39m
      6 Linear |R| = [32m2.465186e+03[39m
      7 Linear |R| = [32m1.335384e+03[39m
      8 Linear |R| = [32m7.267990e+02[39m
      9 Linear |R| = [32m4.276772e+02[39m
     10 Linear |R| = [32m2.539949e+02[39m
     11 Linear |R| = [32m1.358236e+02[39m
     12 Linear |R| = [32m7.344595e+01[39m
     13 Linear |R| = [32m4.325886e+01[39m
     14 Linear |R| = [32m2.494209e+01[39m
     15 Linear |R| = [32m1.313375e+01[39m
     16 Linear |R| = [32m5.989458e+00[39m
     17 Linear |R| = [32m3.086037e+00[39m
     18 Linear |R| = [32m1.797964e+00[39m
     19 Linear |R| = [32m1.287939e+00[39m
     20 Linear |R| = [32m9.894311e-01[39m
     21 Linear |R| = [32m6.935033e-01[39m
     22 Linear |R| = [32m4.433908e-01[39m
     23 Linear |R| = [32m2.414596e-01[39m
     24 Linear |R| = [32m1.258592e-01[39m
 4 Nonlinear |R| = [32m1.135951e+04[39m
      0 Linear |R| = [32m1.135951e+04[39m
      1 Linear |R| = [32m7.509142e+03[39m
      2 Linear |R| = [32m5.430504e+03[39m
      3 Linear |R| = [32m3.084691e+03[39m
      4 Linear |R| = [32m1.723783e+03[39m
      5 Linear |R| = [32m9.465313e+02[39m
      6 Linear |R| = [32m5.724500e+02[39m
      7 Linear |R| = [32m3.630633e+02[39m
      8 Linear |R| = [32m2.224998e+02[39m
      9 Linear |R| = [32m1.313330e+02[39m
     10 Linear |R| = [32m7.417032e+01[39m
     11 Linear |R| = [32m4.293409e+01[39m
     12 Linear |R| = [32m2.451055e+01[39m
     13 Linear |R| = [32m1.370230e+01[39m
     14 Linear |R| = [32m6.926511e+00[39m
     15 Linear |R| = [32m3.365974e+00[39m
     16 Linear |R| = [32m1.677366e+00[39m
     17 Linear |R| = [32m8.159051e-01[39m
     18 Linear |R| = [32m4.089655e-01[39m
     19 Linear |R| = [32m1.950177e-01[39m
     20 Linear |R| = [32m9.803489e-02[39m
 5 Nonlinear |R| = [32m9.800607e+03[39m
      0 Linear |R| = [32m9.800607e+03[39m
      1 Linear |R| = [32m5.443058e+03[39m
      2 Linear |R| = [32m3.694015e+03[39m
      3 Linear |R| = [32m1.949034e+03[39m
      4 Linear |R| = [32m9.436509e+02[39m
      5 Linear |R| = [32m5.549858e+02[39m
      6 Linear |R| = [32m3.574695e+02[39m
      7 Linear |R| = [32m2.257191e+02[39m
      8 Linear |R| = [32m1.331314e+02[39m
      9 Linear |R| = [32m7.711831e+01[39m
     10 Linear |R| = [32m4.355782e+01[39m
     11 Linear |R| = [32m2.495173e+01[39m
     12 Linear |R| = [32m1.468278e+01[39m
     13 Linear |R| = [32m8.069164e+00[39m
     14 Linear |R| = [32m3.872558e+00[39m
     15 Linear |R| = [32m1.810865e+00[39m
     16 Linear |R| = [32m8.505280e-01[39m
     17 Linear |R| = [32m3.940656e-01[39m
     18 Linear |R| = [32m1.960707e-01[39m
     19 Linear |R| = [32m9.994806e-02[39m
     20 Linear |R| = [32m5.150016e-02[39m
 6 Nonlinear |R| = [32m7.029533e+03[39m
      0 Linear |R| = [32m7.029533e+03[39m
      1 Linear |R| = [32m2.690828e+03[39m
      2 Linear |R| = [32m1.698667e+03[39m
      3 Linear |R| = [32m9.262568e+02[39m
      4 Linear |R| = [32m5.256853e+02[39m
      5 Linear |R| = [32m3.140608e+02[39m
      6 Linear |R| = [32m1.829596e+02[39m
      7 Linear |R| = [32m1.040660e+02[39m
      8 Linear |R| = [32m6.024167e+01[39m
      9 Linear |R| = [32m3.648351e+01[39m
     10 Linear |R| = [32m2.048296e+01[39m
     11 Linear |R| = [32m1.114812e+01[39m
     12 Linear |R| = [32m6.335837e+00[39m
     13 Linear |R| = [32m3.404750e+00[39m
     14 Linear |R| = [32m1.720320e+00[39m
     15 Linear |R| = [32m8.489437e-01[39m
     16 Linear |R| = [32m4.122744e-01[39m
     17 Linear |R| = [32m2.030380e-01[39m
     18 Linear |R| = [32m9.908834e-02[39m
     19 Linear |R| = [32m4.735826e-02[39m
 7 Nonlinear |R| = [32m2.091910e+03[39m
      0 Linear |R| = [32m2.091910e+03[39m
      1 Linear |R| = [32m6.679683e+02[39m
      2 Linear |R| = [32m1.644212e+02[39m
      3 Linear |R| = [32m7.305166e+01[39m
      4 Linear |R| = [32m3.989893e+01[39m
      5 Linear |R| = [32m2.271141e+01[39m
      6 Linear |R| = [32m1.425564e+01[39m
      7 Linear |R| = [32m9.671789e+00[39m
      8 Linear |R| = [32m5.978101e+00[39m
      9 Linear |R| = [32m3.457357e+00[39m
     10 Linear |R| = [32m1.926435e+00[39m
     11 Linear |R| = [32m1.056107e+00[39m
     12 Linear |R| = [32m5.842801e-01[39m
     13 Linear |R| = [32m3.264622e-01[39m
     14 Linear |R| = [32m1.779032e-01[39m
     15 Linear |R| = [32m9.828358e-02[39m
     16 Linear |R| = [32m5.390523e-02[39m
     17 Linear |R| = [32m2.905590e-02[39m
     18 Linear |R| = [32m1.381279e-02[39m
 8 Nonlinear |R| = [32m4.720675e+00[39m
      0 Linear |R| = [32m4.720675e+00[39m
      1 Linear |R| = [32m1.367725e+00[39m
      2 Linear |R| = [32m5.604044e-01[39m
      3 Linear |R| = [32m2.797901e-01[39m
      4 Linear |R| = [32m1.394534e-01[39m
      5 Linear |R| = [32m7.430970e-02[39m
      6 Linear |R| = [32m3.973429e-02[39m
      7 Linear |R| = [32m2.072379e-02[39m
      8 Linear |R| = [32m1.089857e-02[39m
      9 Linear |R| = [32m6.423699e-03[39m
     10 Linear |R| = [32m4.049661e-03[39m
     11 Linear |R| = [32m2.541527e-03[39m
     12 Linear |R| = [32m1.499009e-03[39m
     13 Linear |R| = [32m8.386097e-04[39m
     14 Linear |R| = [32m4.438133e-04[39m
     15 Linear |R| = [32m2.336629e-04[39m
     16 Linear |R| = [32m1.239711e-04[39m
     17 Linear |R| = [32m6.446852e-05[39m
     18 Linear |R| = [32m3.339678e-05[39m
 9 Nonlinear |R| = [32m1.549144e-04[39m
  Finished Solving                                                                       [[33m 10.45 s[39m] [[33m  185 MB[39m]
[32m Solve Converged![39m

Postprocessor Values:
+----------------+----------------------+------------------+----------------+----------------+
| time           | compressive_strength | reaction_force_z | top_disp_z     | vonmises_max   |
+----------------+----------------------+------------------+----------------+----------------+
|   0.000000e+00 |         0.000000e+00 |     0.000000e+00 |   0.000000e+00 |   0.000000e+00 |
|   5.000000e-02 |        -1.335876e+07 |    -8.330071e-06 |  -1.500000e-04 |   4.463643e+07 |
|   1.000000e-01 |        -2.574405e+07 |     2.013561e-04 |  -3.000000e-04 |   5.993086e+07 |
|   1.500000e-01 |        -3.288826e+07 |     9.844400e-05 |  -4.500000e-04 |   5.997856e+07 |
+----------------+----------------------+------------------+----------------+----------------+


Time Step 4, time = 0.2, dt = 0.05
 0 Nonlinear |R| = [32m1.877137e+04[39m
      0 Linear |R| = [32m1.877137e+04[39m
      1 Linear |R| = [32m1.781989e+04[39m
      2 Linear |R| = [32m1.349120e+04[39m
      3 Linear |R| = [32m1.160159e+04[39m
      4 Linear |R| = [32m1.070933e+04[39m
      5 Linear |R| = [32m9.117198e+03[39m
      6 Linear |R| = [32m6.511696e+03[39m
      7 Linear |R| = [32m4.242526e+03[39m
      8 Linear |R| = [32m2.803087e+03[39m
      9 Linear |R| = [32m1.792679e+03[39m
     10 Linear |R| = [32m1.094684e+03[39m
     11 Linear |R| = [32m6.990251e+02[39m
     12 Linear |R| = [32m4.389695e+02[39m
     13 Linear |R| = [32m2.893474e+02[39m
     14 Linear |R| = [32m1.857637e+02[39m
     15 Linear |R| = [32m1.149415e+02[39m
     16 Linear |R| = [32m7.214876e+01[39m
     17 Linear |R| = [32m4.452593e+01[39m
     18 Linear |R| = [32m2.625393e+01[39m
     19 Linear |R| = [32m1.657641e+01[39m
     20 Linear |R| = [32m1.064793e+01[39m
     21 Linear |R| = [32m7.004769e+00[39m
     22 Linear |R| = [32m4.432929e+00[39m
     23 Linear |R| = [32m2.706206e+00[39m
     24 Linear |R| = [32m1.731390e+00[39m
     25 Linear |R| = [32m1.095145e+00[39m
     26 Linear |R| = [32m7.509177e-01[39m
     27 Linear |R| = [32m4.653917e-01[39m
     28 Linear |R| = [32m2.743326e-01[39m
     29 Linear |R| = [32m1.863813e-01[39m
 1 Nonlinear |R| = [32m1.729847e+04[39m
      0 Linear |R| = [32m1.729847e+04[39m
      1 Linear |R| = [33m1.663740e+04[39m
      2 Linear |R| = [32m1.409070e+04[39m
      3 Linear |R| = [33m1.351214e+04[39m
      4 Linear |R| = [33m1.334679e+04[39m
      5 Linear |R| = [33m1.304077e+04[39m
      6 Linear |R| = [33m1.274628e+04[39m
      7 Linear |R| = [33m1.240176e+04[39m
      8 Linear |R| = [33m1.188389e+04[39m
      9 Linear |R| = [32m1.092683e+04[39m
     10 Linear |R| = [32m8.965554e+03[39m
     11 Linear |R| = [32m6.147065e+03[39m
     12 Linear |R| = [32m3.892684e+03[39m
     13 Linear |R| = [32m2.335500e+03[39m
     14 Linear |R| = [32m1.294156e+03[39m
     15 Linear |R| = [32m7.802210e+02[39m
     16 Linear |R| = [32m4.467401e+02[39m
     17 Linear |R| = [32m2.372378e+02[39m
     18 Linear |R| = [32m1.354491e+02[39m
     19 Linear |R| = [32m8.153641e+01[39m
     20 Linear |R| = [32m5.794811e+01[39m
     21 Linear |R| = [32m4.020511e+01[39m
     22 Linear |R| = [32m2.733379e+01[39m
     23 Linear |R| = [32m1.991846e+01[39m
     24 Linear |R| = [32m1.482718e+01[39m
     25 Linear |R| = [32m1.115144e+01[39m
     26 Linear |R| = [32m8.424348e+00[39m
     27 Linear |R| = [32m5.844190e+00[39m
     28 Linear |R| = [32m3.768208e+00[39m
     29 Linear |R| = [32m2.444796e+00[39m
     30 Linear |R| = [31m3.374750e+00[39m
     31 Linear |R| = [32m1.829076e+00[39m
     32 Linear |R| = [32m1.138978e+00[39m
     33 Linear |R| = [32m8.704178e-01[39m
     34 Linear |R| = [32m7.083203e-01[39m
     35 Linear |R| = [32m5.701975e-01[39m
     36 Linear |R| = [32m5.208147e-01[39m
     37 Linear |R| = [33m5.003063e-01[39m
     38 Linear |R| = [33m4.861160e-01[39m
     39 Linear |R| = [33m4.727507e-01[39m
     40 Linear |R| = [33m4.621237e-01[39m
     41 Linear |R| = [33m4.482634e-01[39m
     42 Linear |R| = [33m4.363869e-01[39m
     43 Linear |R| = [33m4.290676e-01[39m
     44 Linear |R| = [33m4.091615e-01[39m
     45 Linear |R| = [32m3.831068e-01[39m
     46 Linear |R| = [32m3.579248e-01[39m
     47 Linear |R| = [32m3.023728e-01[39m
     48 Linear |R| = [32m2.159813e-01[39m
     49 Linear |R| = [32m1.348678e-01[39m
 2 Nonlinear |R| = [33m1.714081e+04[39m
      0 Linear |R| = [32m1.714081e+04[39m
      1 Linear |R| = [33m1.643415e+04[39m
      2 Linear |R| = [32m1.404845e+04[39m
      3 Linear |R| = [33m1.353527e+04[39m
      4 Linear |R| = [33m1.336509e+04[39m
      5 Linear |R| = [33m1.311219e+04[39m
      6 Linear |R| = [33m1.296279e+04[39m
      7 Linear |R| = [33m1.287456e+04[39m
      8 Linear |R| = [33m1.276448e+04[39m
      9 Linear |R| = [33m1.253700e+04[39m
     10 Linear |R| = [33m1.194197e+04[39m
     11 Linear |R| = [32m1.046567e+04[39m
     12 Linear |R| = [32m8.498563e+03[39m
     13 Linear |R| = [32m6.273390e+03[39m
     14 Linear |R| = [32m4.355315e+03[39m
     15 Linear |R| = [32m3.078336e+03[39m
     16 Linear |R| = [32m2.035899e+03[39m
     17 Linear |R| = [32m1.253117e+03[39m
     18 Linear |R| = [32m7.624167e+02[39m
     19 Linear |R| = [32m4.227429e+02[39m
     20 Linear |R| = [32m2.372505e+02[39m
     21 Linear |R| = [32m1.225663e+02[39m
     22 Linear |R| = [32m7.193000e+01[39m
     23 Linear |R| = [32m4.427525e+01[39m
     24 Linear |R| = [32m2.943796e+01[39m
     25 Linear |R| = [32m2.292945e+01[39m
     26 Linear |R| = [32m1.894075e+01[39m
     27 Linear |R| = [32m1.490227e+01[39m
     28 Linear |R| = [32m1.095856e+01[39m
     29 Linear |R| = [32m7.289926e+00[39m
     30 Linear |R| = [31m1.157844e+01[39m
     31 Linear |R| = [32m5.948737e+00[39m
     32 Linear |R| = [32m3.990168e+00[39m
     33 Linear |R| = [32m3.046241e+00[39m
     34 Linear |R| = [32m2.151880e+00[39m
     35 Linear |R| = [32m1.692221e+00[39m
     36 Linear |R| = [32m1.543978e+00[39m
     37 Linear |R| = [32m1.439048e+00[39m
     38 Linear |R| = [32m1.318325e+00[39m
     39 Linear |R| = [32m1.208500e+00[39m
     40 Linear |R| = [33m1.163992e+00[39m
     41 Linear |R| = [33m1.122046e+00[39m
     42 Linear |R| = [33m1.101351e+00[39m
     43 Linear |R| = [33m1.094886e+00[39m
     44 Linear |R| = [33m1.088705e+00[39m
     45 Linear |R| = [33m1.072212e+00[39m
     46 Linear |R| = [33m1.060667e+00[39m
     47 Linear |R| = [33m1.012822e+00[39m
     48 Linear |R| = [32m8.930763e-01[39m
     49 Linear |R| = [32m7.248103e-01[39m
     50 Linear |R| = [32m4.920097e-01[39m
     51 Linear |R| = [32m3.134487e-01[39m
     52 Linear |R| = [32m2.111625e-01[39m
     53 Linear |R| = [32m1.437890e-01[39m
 3 Nonlinear |R| = [32m1.012911e+04[39m
      0 Linear |R| = [32m1.012911e+04[39m
      1 Linear |R| = [32m7.579853e+03[39m
      2 Linear |R| = [32m5.817761e+03[39m
      3 Linear |R| = [32m4.083221e+03[39m
      4 Linear |R| = [32m2.581395e+03[39m
      5 Linear |R| = [32m1.518033e+03[39m
      6 Linear |R| = [32m1.052059e+03[39m
      7 Linear |R| = [32m8.227156e+02[39m
      8 Linear |R| = [32m6.084753e+02[39m
      9 Linear |R| = [32m4.107402e+02[39m
     10 Linear |R| = [32m2.533098e+02[39m
     11 Linear |R| = [32m1.493762e+02[39m
     12 Linear |R| = [32m9.664464e+01[39m
     13 Linear |R| = [32m5.910939e+01[39m
     14 Linear |R| = [32m4.042258e+01[39m
     15 Linear |R| = [32m3.093288e+01[39m
     16 Linear |R| = [32m2.324433e+01[39m
     17 Linear |R| = [32m1.629480e+01[39m
     18 Linear |R| = [32m1.071745e+01[39m
     19 Linear |R| = [32m6.176478e+00[39m
     20 Linear |R| = [32m3.333292e+00[39m
     21 Linear |R| = [32m1.814638e+00[39m
     22 Linear |R| = [32m1.002100e+00[39m
     23 Linear |R| = [32m5.541311e-01[39m
     24 Linear |R| = [32m3.255706e-01[39m
     25 Linear |R| = [32m1.794697e-01[39m
     26 Linear |R| = [32m9.447198e-02[39m
 4 Nonlinear |R| = [32m8.273926e+03[39m
      0 Linear |R| = [32m8.273926e+03[39m
      1 Linear |R| = [32m5.192696e+03[39m
      2 Linear |R| = [32m3.614065e+03[39m
      3 Linear |R| = [32m2.336385e+03[39m
      4 Linear |R| = [32m1.305817e+03[39m
      5 Linear |R| = [32m8.312982e+02[39m
      6 Linear |R| = [32m6.127202e+02[39m
      7 Linear |R| = [32m4.550407e+02[39m
      8 Linear |R| = [32m3.118950e+02[39m
      9 Linear |R| = [32m1.986560e+02[39m
     10 Linear |R| = [32m1.225931e+02[39m
     11 Linear |R| = [32m7.618592e+01[39m
     12 Linear |R| = [32m5.065137e+01[39m
     13 Linear |R| = [32m3.560936e+01[39m
     14 Linear |R| = [32m2.659964e+01[39m
     15 Linear |R| = [32m2.013794e+01[39m
     16 Linear |R| = [32m1.364037e+01[39m
     17 Linear |R| = [32m8.578597e+00[39m
     18 Linear |R| = [32m5.272595e+00[39m
     19 Linear |R| = [32m2.860570e+00[39m
     20 Linear |R| = [32m1.536152e+00[39m
     21 Linear |R| = [32m8.807496e-01[39m
     22 Linear |R| = [32m5.251647e-01[39m
     23 Linear |R| = [32m3.218588e-01[39m
     24 Linear |R| = [32m1.969704e-01[39m
     25 Linear |R| = [32m1.149825e-01[39m
     26 Linear |R| = [32m6.446111e-02[39m
 5 Nonlinear |R| = [32m6.814110e+03[39m
      0 Linear |R| = [32m6.814110e+03[39m
      1 Linear |R| = [32m3.471934e+03[39m
      2 Linear |R| = [32m2.198079e+03[39m
      3 Linear |R| = [32m1.336649e+03[39m
      4 Linear |R| = [32m8.530621e+02[39m
      5 Linear |R| = [32m5.817085e+02[39m
      6 Linear |R| = [32m4.125191e+02[39m
      7 Linear |R| = [32m2.888159e+02[39m
      8 Linear |R| = [32m1.902476e+02[39m
      9 Linear |R| = [32m1.225748e+02[39m
     10 Linear |R| = [32m7.658271e+01[39m
     11 Linear |R| = [32m4.836853e+01[39m
     12 Linear |R| = [32m3.440823e+01[39m
     13 Linear |R| = [32m2.564027e+01[39m
     14 Linear |R| = [32m1.860530e+01[39m
     15 Linear |R| = [32m1.305583e+01[39m
     16 Linear |R| = [32m8.675014e+00[39m
     17 Linear |R| = [32m5.621995e+00[39m
     18 Linear |R| = [32m3.434293e+00[39m
     19 Linear |R| = [32m1.910752e+00[39m
     20 Linear |R| = [32m1.101740e+00[39m
     21 Linear |R| = [32m6.820159e-01[39m
     22 Linear |R| = [32m4.212226e-01[39m
     23 Linear |R| = [32m2.580556e-01[39m
     24 Linear |R| = [32m1.494129e-01[39m
     25 Linear |R| = [32m8.744694e-02[39m
     26 Linear |R| = [32m4.872149e-02[39m
 6 Nonlinear |R| = [32m6.406618e+03[39m
      0 Linear |R| = [32m6.406618e+03[39m
      1 Linear |R| = [32m1.824677e+03[39m
      2 Linear |R| = [32m5.543384e+02[39m
      3 Linear |R| = [32m2.847946e+02[39m
      4 Linear |R| = [32m1.786364e+02[39m
      5 Linear |R| = [32m1.200799e+02[39m
      6 Linear |R| = [32m8.672615e+01[39m
      7 Linear |R| = [32m6.236890e+01[39m
      8 Linear |R| = [32m4.344066e+01[39m
      9 Linear |R| = [32m2.831664e+01[39m
     10 Linear |R| = [32m1.695722e+01[39m
     11 Linear |R| = [32m1.018840e+01[39m
     12 Linear |R| = [32m6.001087e+00[39m
     13 Linear |R| = [32m3.860613e+00[39m
     14 Linear |R| = [32m2.719778e+00[39m
     15 Linear |R| = [32m1.966622e+00[39m
     16 Linear |R| = [32m1.465801e+00[39m
     17 Linear |R| = [32m1.048143e+00[39m
     18 Linear |R| = [32m7.246151e-01[39m
     19 Linear |R| = [32m4.857426e-01[39m
     20 Linear |R| = [32m3.090486e-01[39m
     21 Linear |R| = [32m1.935926e-01[39m
     22 Linear |R| = [32m1.257711e-01[39m
     23 Linear |R| = [32m8.336957e-02[39m
     24 Linear |R| = [32m5.356088e-02[39m
 7 Nonlinear |R| = [32m4.937817e+01[39m
      0 Linear |R| = [32m4.937817e+01[39m
      1 Linear |R| = [32m2.079627e+01[39m
      2 Linear |R| = [32m1.051155e+01[39m
      3 Linear |R| = [32m6.307871e+00[39m
      4 Linear |R| = [32m3.805899e+00[39m
      5 Linear |R| = [32m2.295368e+00[39m
      6 Linear |R| = [32m1.537404e+00[39m
      7 Linear |R| = [32m1.075280e+00[39m
      8 Linear |R| = [32m7.374076e-01[39m
      9 Linear |R| = [32m5.043206e-01[39m
     10 Linear |R| = [32m3.338135e-01[39m
     11 Linear |R| = [32m2.333942e-01[39m
     12 Linear |R| = [32m1.692542e-01[39m
     13 Linear |R| = [32m1.239005e-01[39m
     14 Linear |R| = [32m8.664980e-02[39m
     15 Linear |R| = [32m5.881531e-02[39m
     16 Linear |R| = [32m3.727656e-02[39m
     17 Linear |R| = [32m2.300305e-02[39m
     18 Linear |R| = [32m1.475506e-02[39m
     19 Linear |R| = [32m9.666730e-03[39m
     20 Linear |R| = [32m6.380702e-03[39m
     21 Linear |R| = [32m4.294398e-03[39m
     22 Linear |R| = [32m2.666410e-03[39m
     23 Linear |R| = [32m1.484369e-03[39m
     24 Linear |R| = [32m8.378623e-04[39m
     25 Linear |R| = [32m4.857448e-04[39m
 8 Nonlinear |R| = [32m2.261628e-02[39m
      0 Linear |R| = [32m2.261628e-02[39m
      1 Linear |R| = [32m7.266855e-03[39m
      2 Linear |R| = [32m2.983791e-03[39m
      3 Linear |R| = [32m1.651399e-03[39m
      4 Linear |R| = [32m1.136074e-03[39m
      5 Linear |R| = [32m7.823104e-04[39m
      6 Linear |R| = [32m5.825633e-04[39m
      7 Linear |R| = [32m4.434829e-04[39m
      8 Linear |R| = [32m3.153955e-04[39m
      9 Linear |R| = [32m2.081102e-04[39m
     10 Linear |R| = [32m1.359653e-04[39m
     11 Linear |R| = [32m8.738245e-05[39m
     12 Linear |R| = [32m5.288563e-05[39m
     13 Linear |R| = [32m3.365386e-05[39m
     14 Linear |R| = [32m2.335109e-05[39m
     15 Linear |R| = [32m1.692507e-05[39m
     16 Linear |R| = [32m1.116179e-05[39m
     17 Linear |R| = [32m6.416813e-06[39m
     18 Linear |R| = [32m3.363700e-06[39m
     19 Linear |R| = [32m1.722738e-06[39m
     20 Linear |R| = [32m9.260357e-07[39m
     21 Linear |R| = [32m5.245110e-07[39m
     22 Linear |R| = [32m3.335447e-07[39m
     23 Linear |R| = [32m2.214899e-07[39m
 9 Nonlinear |R| = [32m1.020894e-06[39m
  Finished Solving                                                                       [[33m 11.49 s[39m] [[33m  185 MB[39m]
[32m Solve Converged![39m

Outlier Variable Residual Norms:
  disp_z: [33m8.726654e-07[39m

Postprocessor Values:
+----------------+----------------------+------------------+----------------+----------------+
| time           | compressive_strength | reaction_force_z | top_disp_z     | vonmises_max   |
+----------------+----------------------+------------------+----------------+----------------+
|   0.000000e+00 |         0.000000e+00 |     0.000000e+00 |   0.000000e+00 |   0.000000e+00 |
|   5.000000e-02 |        -1.335876e+07 |    -8.330071e-06 |  -1.500000e-04 |   4.463643e+07 |
|   1.000000e-01 |        -2.574405e+07 |     2.013561e-04 |  -3.000000e-04 |   5.993086e+07 |
|   1.500000e-01 |        -3.288826e+07 |     9.844400e-05 |  -4.500000e-04 |   5.997856e+07 |
|   2.000000e-01 |        -3.564811e+07 |     1.138218e-06 |  -6.000000e-04 |   5.998298e+07 |
+----------------+----------------------+------------------+----------------+----------------+


Time Step 5, time = 0.25, dt = 0.05
 0 Nonlinear |R| = [32m1.833510e+04[39m
      0 Linear |R| = [32m1.833510e+04[39m
      1 Linear |R| = [32m1.727610e+04[39m
      2 Linear |R| = [32m1.298593e+04[39m
      3 Linear |R| = [32m1.114682e+04[39m
      4 Linear |R| = [32m1.027674e+04[39m
      5 Linear |R| = [32m8.830325e+03[39m
      6 Linear |R| = [32m6.445546e+03[39m
      7 Linear |R| = [32m4.286876e+03[39m
      8 Linear |R| = [32m2.859261e+03[39m
      9 Linear |R| = [32m1.859474e+03[39m
     10 Linear |R| = [32m1.130892e+03[39m
     11 Linear |R| = [32m7.271928e+02[39m
     12 Linear |R| = [32m4.563563e+02[39m
     13 Linear |R| = [32m3.004013e+02[39m
     14 Linear |R| = [32m1.931711e+02[39m
     15 Linear |R| = [32m1.192689e+02[39m
     16 Linear |R| = [32m7.520391e+01[39m
     17 Linear |R| = [32m4.632876e+01[39m
     18 Linear |R| = [32m2.791786e+01[39m
     19 Linear |R| = [32m1.745283e+01[39m
     20 Linear |R| = [32m1.129952e+01[39m
     21 Linear |R| = [32m7.481149e+00[39m
     22 Linear |R| = [32m4.810594e+00[39m
     23 Linear |R| = [32m2.951117e+00[39m
     24 Linear |R| = [32m1.926683e+00[39m
     25 Linear |R| = [32m1.264713e+00[39m
     26 Linear |R| = [32m8.799336e-01[39m
     27 Linear |R| = [32m5.667378e-01[39m
     28 Linear |R| = [32m3.593313e-01[39m
     29 Linear |R| = [32m2.571761e-01[39m
    Linear solve did not converge due to DIVERGED_BREAKDOWN iterations 30
 1 Nonlinear |R| = [32m1.693165e+04[39m
      0 Linear |R| = [32m1.693165e+04[39m
      1 Linear |R| = [33m1.620123e+04[39m
      2 Linear |R| = [32m1.372857e+04[39m
      3 Linear |R| = [33m1.316770e+04[39m
      4 Linear |R| = [33m1.303247e+04[39m
      5 Linear |R| = [33m1.283871e+04[39m
      6 Linear |R| = [33m1.275302e+04[39m
      7 Linear |R| = [33m1.273805e+04[39m
      8 Linear |R| = [33m1.273798e+04[39m
      9 Linear |R| = [33m1.273407e+04[39m
     10 Linear |R| = [33m1.272769e+04[39m
     11 Linear |R| = [33m1.269247e+04[39m
     12 Linear |R| = [33m1.268005e+04[39m
     13 Linear |R| = [33m1.266056e+04[39m
     14 Linear |R| = [33m1.254623e+04[39m
     15 Linear |R| = [33m1.240676e+04[39m
     16 Linear |R| = [33m1.200043e+04[39m
     17 Linear |R| = [33m1.147755e+04[39m
     18 Linear |R| = [32m1.075161e+04[39m
     19 Linear |R| = [32m9.313623e+03[39m
     20 Linear |R| = [32m7.206169e+03[39m
     21 Linear |R| = [32m4.626896e+03[39m
     22 Linear |R| = [32m2.897784e+03[39m
     23 Linear |R| = [32m1.869273e+03[39m
     24 Linear |R| = [32m1.170958e+03[39m
     25 Linear |R| = [32m7.735818e+02[39m
     26 Linear |R| = [32m5.448470e+02[39m
     27 Linear |R| = [32m4.115532e+02[39m
     28 Linear |R| = [32m3.285568e+02[39m
     29 Linear |R| = [32m2.632665e+02[39m
     30 Linear |R| = [33m2.565282e+02[39m
     31 Linear |R| = [32m1.813788e+02[39m
     32 Linear |R| = [32m1.485715e+02[39m
     33 Linear |R| = [32m1.260143e+02[39m
     34 Linear |R| = [32m9.878392e+01[39m
     35 Linear |R| = [32m7.139966e+01[39m
     36 Linear |R| = [32m5.408619e+01[39m
     37 Linear |R| = [32m4.000410e+01[39m
     38 Linear |R| = [32m3.066996e+01[39m
     39 Linear |R| = [32m2.464697e+01[39m
     40 Linear |R| = [32m2.183704e+01[39m
     41 Linear |R| = [32m2.010461e+01[39m
     42 Linear |R| = [33m1.922259e+01[39m
     43 Linear |R| = [33m1.894925e+01[39m
     44 Linear |R| = [33m1.876514e+01[39m
     45 Linear |R| = [33m1.857407e+01[39m
     46 Linear |R| = [33m1.853761e+01[39m
     47 Linear |R| = [33m1.852145e+01[39m
     48 Linear |R| = [33m1.851492e+01[39m
     49 Linear |R| = [33m1.851420e+01[39m
     50 Linear |R| = [33m1.851345e+01[39m
     51 Linear |R| = [33m1.849093e+01[39m
     52 Linear |R| = [33m1.845295e+01[39m
     53 Linear |R| = [33m1.838194e+01[39m
     54 Linear |R| = [33m1.818118e+01[39m
     55 Linear |R| = [33m1.776803e+01[39m
     56 Linear |R| = [32m1.649004e+01[39m
     57 Linear |R| = [32m1.421703e+01[39m
     58 Linear |R| = [32m1.072100e+01[39m
     59 Linear |R| = [32m6.753582e+00[39m
     60 Linear |R| = [32m4.074183e+00[39m
     61 Linear |R| = [32m3.034713e+00[39m
     62 Linear |R| = [32m2.267942e+00[39m
     63 Linear |R| = [32m1.776435e+00[39m
     64 Linear |R| = [32m1.435129e+00[39m
     65 Linear |R| = [32m1.292113e+00[39m
     66 Linear |R| = [33m1.241396e+00[39m
     67 Linear |R| = [33m1.223980e+00[39m
     68 Linear |R| = [33m1.217815e+00[39m
     69 Linear |R| = [33m1.214598e+00[39m
     70 Linear |R| = [33m1.210244e+00[39m
     71 Linear |R| = [33m1.207604e+00[39m
     72 Linear |R| = [33m1.207322e+00[39m
     73 Linear |R| = [33m1.207192e+00[39m
     74 Linear |R| = [33m1.207079e+00[39m
     75 Linear |R| = [33m1.206854e+00[39m
     76 Linear |R| = [33m1.206668e+00[39m
     77 Linear |R| = [33m1.203602e+00[39m
     78 Linear |R| = [33m1.200051e+00[39m
     79 Linear |R| = [33m1.192615e+00[39m
     80 Linear |R| = [33m1.174910e+00[39m
     81 Linear |R| = [33m1.131489e+00[39m
     82 Linear |R| = [32m1.039766e+00[39m
     83 Linear |R| = [32m9.133896e-01[39m
     84 Linear |R| = [32m7.661994e-01[39m
     85 Linear |R| = [32m6.327037e-01[39m
     86 Linear |R| = [32m4.904535e-01[39m
     87 Linear |R| = [32m3.681505e-01[39m
     88 Linear |R| = [32m2.708518e-01[39m
     89 Linear |R| = [32m1.937334e-01[39m
     90 Linear |R| = [32m1.416907e-01[39m
 2 Nonlinear |R| = [33m1.692987e+04[39m
      0 Linear |R| = [32m1.692987e+04[39m
      1 Linear |R| = [33m1.617616e+04[39m
      2 Linear |R| = [32m1.374524e+04[39m
      3 Linear |R| = [33m1.319688e+04[39m
      4 Linear |R| = [33m1.305005e+04[39m
      5 Linear |R| = [33m1.285336e+04[39m
      6 Linear |R| = [33m1.277087e+04[39m
      7 Linear |R| = [33m1.275931e+04[39m
      8 Linear |R| = [33m1.275749e+04[39m
      9 Linear |R| = [33m1.274866e+04[39m
     10 Linear |R| = [33m1.274740e+04[39m
     11 Linear |R| = [33m1.273118e+04[39m
     12 Linear |R| = [33m1.273097e+04[39m
     13 Linear |R| = [33m1.271438e+04[39m
     14 Linear |R| = [33m1.271272e+04[39m
     15 Linear |R| = [33m1.267389e+04[39m
     16 Linear |R| = [33m1.264546e+04[39m
     17 Linear |R| = [33m1.249000e+04[39m
     18 Linear |R| = [33m1.221558e+04[39m
     19 Linear |R| = [33m1.166124e+04[39m
     20 Linear |R| = [32m1.057346e+04[39m
     21 Linear |R| = [32m8.148902e+03[39m
     22 Linear |R| = [32m5.819556e+03[39m
     23 Linear |R| = [32m3.890660e+03[39m
     24 Linear |R| = [32m2.463825e+03[39m
     25 Linear |R| = [32m1.619712e+03[39m
     26 Linear |R| = [32m1.111313e+03[39m
     27 Linear |R| = [32m8.144221e+02[39m
     28 Linear |R| = [32m6.520434e+02[39m
     29 Linear |R| = [32m5.311588e+02[39m
     30 Linear |R| = [33m5.290295e+02[39m
     31 Linear |R| = [32m3.879355e+02[39m
     32 Linear |R| = [32m3.205514e+02[39m
     33 Linear |R| = [32m2.739853e+02[39m
     34 Linear |R| = [32m2.141395e+02[39m
     35 Linear |R| = [32m1.561961e+02[39m
     36 Linear |R| = [32m1.198524e+02[39m
     37 Linear |R| = [32m8.811210e+01[39m
     38 Linear |R| = [32m6.997547e+01[39m
     39 Linear |R| = [32m5.898088e+01[39m
     40 Linear |R| = [32m5.411731e+01[39m
     41 Linear |R| = [32m5.140581e+01[39m
     42 Linear |R| = [33m5.043284e+01[39m
     43 Linear |R| = [33m5.001699e+01[39m
     44 Linear |R| = [33m4.983406e+01[39m
     45 Linear |R| = [33m4.945020e+01[39m
     46 Linear |R| = [33m4.943353e+01[39m
     47 Linear |R| = [33m4.942805e+01[39m
     48 Linear |R| = [33m4.941182e+01[39m
     49 Linear |R| = [33m4.938401e+01[39m
     50 Linear |R| = [33m4.938149e+01[39m
     51 Linear |R| = [33m4.937816e+01[39m
     52 Linear |R| = [33m4.935903e+01[39m
     53 Linear |R| = [33m4.927271e+01[39m
     54 Linear |R| = [33m4.901646e+01[39m
     55 Linear |R| = [33m4.774235e+01[39m
     56 Linear |R| = [32m4.431591e+01[39m
     57 Linear |R| = [32m3.788674e+01[39m
     58 Linear |R| = [32m3.006510e+01[39m
     59 Linear |R| = [32m2.233101e+01[39m
     60 Linear |R| = [32m1.494567e+01[39m
     61 Linear |R| = [32m1.133761e+01[39m
     62 Linear |R| = [32m7.948885e+00[39m
     63 Linear |R| = [32m5.793625e+00[39m
     64 Linear |R| = [32m4.692366e+00[39m
     65 Linear |R| = [32m4.191642e+00[39m
     66 Linear |R| = [32m3.962654e+00[39m
     67 Linear |R| = [33m3.870616e+00[39m
     68 Linear |R| = [33m3.848390e+00[39m
     69 Linear |R| = [33m3.836390e+00[39m
     70 Linear |R| = [33m3.822877e+00[39m
     71 Linear |R| = [33m3.821430e+00[39m
     72 Linear |R| = [33m3.821403e+00[39m
     73 Linear |R| = [33m3.819950e+00[39m
     74 Linear |R| = [33m3.819551e+00[39m
     75 Linear |R| = [33m3.818890e+00[39m
     76 Linear |R| = [33m3.817454e+00[39m
     77 Linear |R| = [33m3.815711e+00[39m
     78 Linear |R| = [33m3.814775e+00[39m
     79 Linear |R| = [33m3.807339e+00[39m
     80 Linear |R| = [33m3.800555e+00[39m
     81 Linear |R| = [33m3.771957e+00[39m
     82 Linear |R| = [33m3.687661e+00[39m
     83 Linear |R| = [33m3.572102e+00[39m
     84 Linear |R| = [33m3.400581e+00[39m
     85 Linear |R| = [33m3.294123e+00[39m
     86 Linear |R| = [32m3.107983e+00[39m
     87 Linear |R| = [32m2.751947e+00[39m
     88 Linear |R| = [32m2.282427e+00[39m
     89 Linear |R| = [32m1.746358e+00[39m
     90 Linear |R| = [32m1.314321e+00[39m
     91 Linear |R| = [32m1.088375e+00[39m
     92 Linear |R| = [32m9.438262e-01[39m
     93 Linear |R| = [32m7.827706e-01[39m
     94 Linear |R| = [32m6.535298e-01[39m
     95 Linear |R| = [32m5.500242e-01[39m
     96 Linear |R| = [32m4.944291e-01[39m
     97 Linear |R| = [33m4.754167e-01[39m
     98 Linear |R| = [33m4.658883e-01[39m
     99 Linear |R| = [33m4.579144e-01[39m
    100 Linear |R| = [33m4.515502e-01[39m
    101 Linear |R| = [33m4.486825e-01[39m
    102 Linear |R| = [33m4.476884e-01[39m
    103 Linear |R| = [33m4.469743e-01[39m
    104 Linear |R| = [33m4.468333e-01[39m
    105 Linear |R| = [33m4.461723e-01[39m
    106 Linear |R| = [33m4.461646e-01[39m
    107 Linear |R| = [33m4.461421e-01[39m
    108 Linear |R| = [33m4.461420e-01[39m
    109 Linear |R| = [33m4.454952e-01[39m
    110 Linear |R| = [33m4.454223e-01[39m
    111 Linear |R| = [33m4.453798e-01[39m
    112 Linear |R| = [33m4.447828e-01[39m
    113 Linear |R| = [33m4.425355e-01[39m
    114 Linear |R| = [33m4.395094e-01[39m
    115 Linear |R| = [33m4.332697e-01[39m
    116 Linear |R| = [33m4.145791e-01[39m
    117 Linear |R| = [32m3.864406e-01[39m
    118 Linear |R| = [32m3.396226e-01[39m
    119 Linear |R| = [32m2.819276e-01[39m
    120 Linear |R| = [31m2.912956e-01[39m
    121 Linear |R| = [32m1.707842e-01[39m
    122 Linear |R| = [32m1.437743e-01[39m
 3 Nonlinear |R| = [33m1.692922e+04[39m
      0 Linear |R| = [32m1.692922e+04[39m
      1 Linear |R| = [33m1.621486e+04[39m
      2 Linear |R| = [32m1.372042e+04[39m
      3 Linear |R| = [33m1.314202e+04[39m
      4 Linear |R| = [33m1.300081e+04[39m
      5 Linear |R| = [33m1.280334e+04[39m
      6 Linear |R| = [33m1.272210e+04[39m
      7 Linear |R| = [33m1.269816e+04[39m
      8 Linear |R| = [33m1.269471e+04[39m
      9 Linear |R| = [33m1.269466e+04[39m
     10 Linear |R| = [33m1.266458e+04[39m
     11 Linear |R| = [33m1.255435e+04[39m
     12 Linear |R| = [33m1.239521e+04[39m
     13 Linear |R| = [33m1.197349e+04[39m
     14 Linear |R| = [32m1.101079e+04[39m
     15 Linear |R| = [32m9.710982e+03[39m
     16 Linear |R| = [32m7.866546e+03[39m
     17 Linear |R| = [32m6.129555e+03[39m
     18 Linear |R| = [32m4.483481e+03[39m
     19 Linear |R| = [32m2.905691e+03[39m
     20 Linear |R| = [32m1.835370e+03[39m
     21 Linear |R| = [32m1.104660e+03[39m
     22 Linear |R| = [32m6.568642e+02[39m
     23 Linear |R| = [32m4.231243e+02[39m
     24 Linear |R| = [32m2.676112e+02[39m
     25 Linear |R| = [32m1.882394e+02[39m
     26 Linear |R| = [32m1.399549e+02[39m
     27 Linear |R| = [32m1.058437e+02[39m
     28 Linear |R| = [32m8.172500e+01[39m
     29 Linear |R| = [32m6.328556e+01[39m
     30 Linear |R| = [31m1.071407e+02[39m
     31 Linear |R| = [32m5.624488e+01[39m
     32 Linear |R| = [32m4.039761e+01[39m
     33 Linear |R| = [32m3.338945e+01[39m
     34 Linear |R| = [32m2.779313e+01[39m
     35 Linear |R| = [32m2.113240e+01[39m
     36 Linear |R| = [32m1.631290e+01[39m
     37 Linear |R| = [32m1.311846e+01[39m
     38 Linear |R| = [32m1.097931e+01[39m
     39 Linear |R| = [32m9.625693e+00[39m
     40 Linear |R| = [32m8.831877e+00[39m
     41 Linear |R| = [32m8.313934e+00[39m
     42 Linear |R| = [33m7.966822e+00[39m
     43 Linear |R| = [33m7.879414e+00[39m
     44 Linear |R| = [33m7.820259e+00[39m
     45 Linear |R| = [33m7.768222e+00[39m
     46 Linear |R| = [33m7.755097e+00[39m
     47 Linear |R| = [33m7.749488e+00[39m
     48 Linear |R| = [33m7.736057e+00[39m
     49 Linear |R| = [33m7.724880e+00[39m
     50 Linear |R| = [33m7.701304e+00[39m
     51 Linear |R| = [33m7.585861e+00[39m
     52 Linear |R| = [33m7.395925e+00[39m
     53 Linear |R| = [32m6.935521e+00[39m
     54 Linear |R| = [32m6.158203e+00[39m
     55 Linear |R| = [32m5.075851e+00[39m
     56 Linear |R| = [32m3.577355e+00[39m
     57 Linear |R| = [32m2.292970e+00[39m
     58 Linear |R| = [32m1.408105e+00[39m
     59 Linear |R| = [32m8.469132e-01[39m
    Linear solve did not converge due to DIVERGED_BREAKDOWN iterations 60
 4 Nonlinear |R| = [33m1.691879e+04[39m
      0 Linear |R| = [32m1.691879e+04[39m
      1 Linear |R| = [33m1.614191e+04[39m
      2 Linear |R| = [32m1.374272e+04[39m
      3 Linear |R| = [33m1.320484e+04[39m
      4 Linear |R| = [33m1.304098e+04[39m
      5 Linear |R| = [33m1.283585e+04[39m
      6 Linear |R| = [33m1.276066e+04[39m
      7 Linear |R| = [33m1.275004e+04[39m
      8 Linear |R| = [33m1.274852e+04[39m
      9 Linear |R| = [33m1.274055e+04[39m
     10 Linear |R| = [33m1.273906e+04[39m
     11 Linear |R| = [33m1.272278e+04[39m
     12 Linear |R| = [33m1.272231e+04[39m
     13 Linear |R| = [33m1.269677e+04[39m
     14 Linear |R| = [33m1.269292e+04[39m
     15 Linear |R| = [33m1.264715e+04[39m
     16 Linear |R| = [33m1.260770e+04[39m
     17 Linear |R| = [33m1.240413e+04[39m
     18 Linear |R| = [33m1.206353e+04[39m
     19 Linear |R| = [32m1.143514e+04[39m
     20 Linear |R| = [32m1.018665e+04[39m
     21 Linear |R| = [32m7.690439e+03[39m
     22 Linear |R| = [32m5.527761e+03[39m
     23 Linear |R| = [32m3.601662e+03[39m
     24 Linear |R| = [32m2.251239e+03[39m
     25 Linear |R| = [32m1.465181e+03[39m
     26 Linear |R| = [32m9.925364e+02[39m
     27 Linear |R| = [32m7.136592e+02[39m
     28 Linear |R| = [32m5.768739e+02[39m
     29 Linear |R| = [32m4.750600e+02[39m
     30 Linear |R| = [31m4.978419e+02[39m
     31 Linear |R| = [32m3.603846e+02[39m
     32 Linear |R| = [32m2.957624e+02[39m
     33 Linear |R| = [32m2.546854e+02[39m
     34 Linear |R| = [32m1.992371e+02[39m
     35 Linear |R| = [32m1.492904e+02[39m
     36 Linear |R| = [32m1.143099e+02[39m
     37 Linear |R| = [32m8.150181e+01[39m
     38 Linear |R| = [32m6.361979e+01[39m
     39 Linear |R| = [32m5.345718e+01[39m
     40 Linear |R| = [32m4.932100e+01[39m
     41 Linear |R| = [33m4.710130e+01[39m
     42 Linear |R| = [33m4.628048e+01[39m
     43 Linear |R| = [33m4.590585e+01[39m
     44 Linear |R| = [33m4.579604e+01[39m
     45 Linear |R| = [33m4.541642e+01[39m
     46 Linear |R| = [33m4.539259e+01[39m
     47 Linear |R| = [33m4.539179e+01[39m
     48 Linear |R| = [33m4.537140e+01[39m
     49 Linear |R| = [33m4.534837e+01[39m
     50 Linear |R| = [33m4.533769e+01[39m
     51 Linear |R| = [33m4.533196e+01[39m
     52 Linear |R| = [33m4.528920e+01[39m
     53 Linear |R| = [33m4.520857e+01[39m
     54 Linear |R| = [33m4.498532e+01[39m
     55 Linear |R| = [33m4.384513e+01[39m
     56 Linear |R| = [32m4.011494e+01[39m
     57 Linear |R| = [32m3.301456e+01[39m
     58 Linear |R| = [32m2.548248e+01[39m
     59 Linear |R| = [32m1.792807e+01[39m
     60 Linear |R| = [32m1.175101e+01[39m
     61 Linear |R| = [32m8.831190e+00[39m
     62 Linear |R| = [32m6.093708e+00[39m
     63 Linear |R| = [32m4.346971e+00[39m
     64 Linear |R| = [32m3.461139e+00[39m
     65 Linear |R| = [32m3.044340e+00[39m
     66 Linear |R| = [32m2.875171e+00[39m
     67 Linear |R| = [33m2.799777e+00[39m
     68 Linear |R| = [33m2.779117e+00[39m
     69 Linear |R| = [33m2.770645e+00[39m
     70 Linear |R| = [33m2.761132e+00[39m
     71 Linear |R| = [33m2.760163e+00[39m
     72 Linear |R| = [33m2.759840e+00[39m
     73 Linear |R| = [33m2.758811e+00[39m
     74 Linear |R| = [33m2.758725e+00[39m
     75 Linear |R| = [33m2.758430e+00[39m
     76 Linear |R| = [33m2.757265e+00[39m
     77 Linear |R| = [33m2.756190e+00[39m
     78 Linear |R| = [33m2.755323e+00[39m
     79 Linear |R| = [33m2.751320e+00[39m
     80 Linear |R| = [33m2.745168e+00[39m
     81 Linear |R| = [33m2.725164e+00[39m
     82 Linear |R| = [33m2.660516e+00[39m
     83 Linear |R| = [33m2.565774e+00[39m
     84 Linear |R| = [33m2.445514e+00[39m
     85 Linear |R| = [33m2.378000e+00[39m
     86 Linear |R| = [33m2.266578e+00[39m
     87 Linear |R| = [32m2.043195e+00[39m
     88 Linear |R| = [32m1.723946e+00[39m
     89 Linear |R| = [32m1.289281e+00[39m
     90 Linear |R| = [32m9.139322e-01[39m
     91 Linear |R| = [32m7.107147e-01[39m
     92 Linear |R| = [32m6.067081e-01[39m
     93 Linear |R| = [32m5.093706e-01[39m
     94 Linear |R| = [32m4.283823e-01[39m
     95 Linear |R| = [32m3.749184e-01[39m
     96 Linear |R| = [32m3.449410e-01[39m
     97 Linear |R| = [33m3.311581e-01[39m
     98 Linear |R| = [33m3.219935e-01[39m
     99 Linear |R| = [33m3.154519e-01[39m
    100 Linear |R| = [33m3.107176e-01[39m
    101 Linear |R| = [33m3.094549e-01[39m
    102 Linear |R| = [33m3.091495e-01[39m
    103 Linear |R| = [33m3.087534e-01[39m
    104 Linear |R| = [33m3.086151e-01[39m
    105 Linear |R| = [33m3.081044e-01[39m
    106 Linear |R| = [33m3.080992e-01[39m
    107 Linear |R| = [33m3.080931e-01[39m
    108 Linear |R| = [33m3.080878e-01[39m
    109 Linear |R| = [33m3.076551e-01[39m
    110 Linear |R| = [33m3.075752e-01[39m
    111 Linear |R| = [33m3.075557e-01[39m
    112 Linear |R| = [33m3.069511e-01[39m
    113 Linear |R| = [33m3.053379e-01[39m
    114 Linear |R| = [33m3.019231e-01[39m
    115 Linear |R| = [33m2.956448e-01[39m
    116 Linear |R| = [33m2.812166e-01[39m
    117 Linear |R| = [32m2.609945e-01[39m
    118 Linear |R| = [32m2.306069e-01[39m
    119 Linear |R| = [32m1.899589e-01[39m
    120 Linear |R| = [32m1.435433e-01[39m
 5 Nonlinear |R| = [33m1.691779e+04[39m
      0 Linear |R| = [32m1.691779e+04[39m
      1 Linear |R| = [33m1.617800e+04[39m
      2 Linear |R| = [32m1.371113e+04[39m
      3 Linear |R| = [33m1.314657e+04[39m
      4 Linear |R| = [33m1.300785e+04[39m
      5 Linear |R| = [33m1.281267e+04[39m
      6 Linear |R| = [33m1.273182e+04[39m
      7 Linear |R| = [33m1.271338e+04[39m
      8 Linear |R| = [33m1.271293e+04[39m
      9 Linear |R| = [33m1.271066e+04[39m
     10 Linear |R| = [33m1.269856e+04[39m
     11 Linear |R| = [33m1.264096e+04[39m
     12 Linear |R| = [33m1.259567e+04[39m
     13 Linear |R| = [33m1.249667e+04[39m
     14 Linear |R| = [33m1.214212e+04[39m
     15 Linear |R| = [33m1.161452e+04[39m
     16 Linear |R| = [32m1.062734e+04[39m
     17 Linear |R| = [32m9.368794e+03[39m
     18 Linear |R| = [32m7.890982e+03[39m
     19 Linear |R| = [32m5.845876e+03[39m
     20 Linear |R| = [32m3.925223e+03[39m
     21 Linear |R| = [32m2.268894e+03[39m
     22 Linear |R| = [32m1.366900e+03[39m
     23 Linear |R| = [32m8.680500e+02[39m
     24 Linear |R| = [32m5.460757e+02[39m
     25 Linear |R| = [32m3.695296e+02[39m
     26 Linear |R| = [32m2.664706e+02[39m
     27 Linear |R| = [32m2.043308e+02[39m
     28 Linear |R| = [32m1.629009e+02[39m
     29 Linear |R| = [32m1.294398e+02[39m
     30 Linear |R| = [31m1.298003e+02[39m
     31 Linear |R| = [32m9.039970e+01[39m
     32 Linear |R| = [32m7.229710e+01[39m
     33 Linear |R| = [32m6.128624e+01[39m
     34 Linear |R| = [32m4.852766e+01[39m
     35 Linear |R| = [32m3.593439e+01[39m
     36 Linear |R| = [32m2.824979e+01[39m
     37 Linear |R| = [32m2.177242e+01[39m
     38 Linear |R| = [32m1.737197e+01[39m
     39 Linear |R| = [32m1.459484e+01[39m
     40 Linear |R| = [32m1.324096e+01[39m
     41 Linear |R| = [32m1.236577e+01[39m
     42 Linear |R| = [33m1.194927e+01[39m
     43 Linear |R| = [33m1.182284e+01[39m
     44 Linear |R| = [33m1.173480e+01[39m
     45 Linear |R| = [33m1.162029e+01[39m
     46 Linear |R| = [33m1.160032e+01[39m
     47 Linear |R| = [33m1.159618e+01[39m
     48 Linear |R| = [33m1.159004e+01[39m
     49 Linear |R| = [33m1.158953e+01[39m
     50 Linear |R| = [33m1.158058e+01[39m
     51 Linear |R| = [33m1.153660e+01[39m
     52 Linear |R| = [33m1.146124e+01[39m
     53 Linear |R| = [33m1.123445e+01[39m
     54 Linear |R| = [33m1.071079e+01[39m
     55 Linear |R| = [32m9.603119e+00[39m
     56 Linear |R| = [32m7.589752e+00[39m
     57 Linear |R| = [32m5.463730e+00[39m
     58 Linear |R| = [32m3.516531e+00[39m
     59 Linear |R| = [32m2.048662e+00[39m
     60 Linear |R| = [32m1.213736e+00[39m
     61 Linear |R| = [32m8.958666e-01[39m
     62 Linear |R| = [32m6.295095e-01[39m
     63 Linear |R| = [32m4.393049e-01[39m
     64 Linear |R| = [32m3.147512e-01[39m
     65 Linear |R| = [32m2.572185e-01[39m
     66 Linear |R| = [32m2.318883e-01[39m
     67 Linear |R| = [33m2.218706e-01[39m
     68 Linear |R| = [33m2.182384e-01[39m
     69 Linear |R| = [33m2.165681e-01[39m
     70 Linear |R| = [33m2.152434e-01[39m
     71 Linear |R| = [33m2.142029e-01[39m
     72 Linear |R| = [33m2.139676e-01[39m
     73 Linear |R| = [33m2.138785e-01[39m
     74 Linear |R| = [33m2.138378e-01[39m
     75 Linear |R| = [33m2.137781e-01[39m
     76 Linear |R| = [33m2.137392e-01[39m
     77 Linear |R| = [33m2.128489e-01[39m
     78 Linear |R| = [33m2.115579e-01[39m
     79 Linear |R| = [33m2.097668e-01[39m
     80 Linear |R| = [33m2.049203e-01[39m
     81 Linear |R| = [32m1.936771e-01[39m
     82 Linear |R| = [32m1.729049e-01[39m
     83 Linear |R| = [32m1.489661e-01[39m
 6 Nonlinear |R| = [33m1.686725e+04[39m
      0 Linear |R| = [32m1.686725e+04[39m
      1 Linear |R| = [32m1.589413e+04[39m
      2 Linear |R| = [32m1.380266e+04[39m
      3 Linear |R| = [32m1.309079e+04[39m
      4 Linear |R| = [33m1.273202e+04[39m
      5 Linear |R| = [33m1.257132e+04[39m
      6 Linear |R| = [33m1.255927e+04[39m
      7 Linear |R| = [33m1.255409e+04[39m
      8 Linear |R| = [33m1.252195e+04[39m
      9 Linear |R| = [33m1.250038e+04[39m
     10 Linear |R| = [33m1.249551e+04[39m
     11 Linear |R| = [33m1.248431e+04[39m
     12 Linear |R| = [33m1.246353e+04[39m
     13 Linear |R| = [33m1.239216e+04[39m
     14 Linear |R| = [33m1.203153e+04[39m
     15 Linear |R| = [33m1.156411e+04[39m
     16 Linear |R| = [32m1.053448e+04[39m
     17 Linear |R| = [32m9.260602e+03[39m
     18 Linear |R| = [32m7.679795e+03[39m
     19 Linear |R| = [32m6.002093e+03[39m
     20 Linear |R| = [32m4.769075e+03[39m
     21 Linear |R| = [32m3.602669e+03[39m
     22 Linear |R| = [32m2.449741e+03[39m
     23 Linear |R| = [32m1.598681e+03[39m
     24 Linear |R| = [32m9.822140e+02[39m
     25 Linear |R| = [32m5.704917e+02[39m
     26 Linear |R| = [32m3.490048e+02[39m
     27 Linear |R| = [32m2.245925e+02[39m
     28 Linear |R| = [32m1.577775e+02[39m
     29 Linear |R| = [32m1.202920e+02[39m
     30 Linear |R| = [31m3.052707e+02[39m
     31 Linear |R| = [32m1.320904e+02[39m
     32 Linear |R| = [32m1.080660e+02[39m
     33 Linear |R| = [32m8.739043e+01[39m
     34 Linear |R| = [32m7.001672e+01[39m
     35 Linear |R| = [32m6.265217e+01[39m
     36 Linear |R| = [32m5.245819e+01[39m
     37 Linear |R| = [32m3.923704e+01[39m
     38 Linear |R| = [32m3.022294e+01[39m
     39 Linear |R| = [32m2.655137e+01[39m
     40 Linear |R| = [32m2.505251e+01[39m
     41 Linear |R| = [33m2.444162e+01[39m
     42 Linear |R| = [33m2.434566e+01[39m
     43 Linear |R| = [33m2.421902e+01[39m
     44 Linear |R| = [33m2.408081e+01[39m
     45 Linear |R| = [33m2.386741e+01[39m
     46 Linear |R| = [33m2.386227e+01[39m
     47 Linear |R| = [33m2.383588e+01[39m
     48 Linear |R| = [33m2.380380e+01[39m
     49 Linear |R| = [33m2.374700e+01[39m
     50 Linear |R| = [33m2.352625e+01[39m
     51 Linear |R| = [33m2.340246e+01[39m
     52 Linear |R| = [33m2.287328e+01[39m
     53 Linear |R| = [33m2.193816e+01[39m
     54 Linear |R| = [32m2.073166e+01[39m
     55 Linear |R| = [32m1.861415e+01[39m
     56 Linear |R| = [32m1.487828e+01[39m
     57 Linear |R| = [32m1.048809e+01[39m
     58 Linear |R| = [32m7.457220e+00[39m
     59 Linear |R| = [32m5.198186e+00[39m
     60 Linear |R| = [32m3.535486e+00[39m
     61 Linear |R| = [32m2.822417e+00[39m
     62 Linear |R| = [32m2.135125e+00[39m
     63 Linear |R| = [32m1.503324e+00[39m
     64 Linear |R| = [32m1.031193e+00[39m
     65 Linear |R| = [32m7.705593e-01[39m
     66 Linear |R| = [32m6.537919e-01[39m
     67 Linear |R| = [32m5.867701e-01[39m
     68 Linear |R| = [32m5.494675e-01[39m
     69 Linear |R| = [33m5.324090e-01[39m
     70 Linear |R| = [33m5.232677e-01[39m
     71 Linear |R| = [33m5.199696e-01[39m
     72 Linear |R| = [33m5.175874e-01[39m
     73 Linear |R| = [33m5.161998e-01[39m
     74 Linear |R| = [33m5.161068e-01[39m
     75 Linear |R| = [33m5.160658e-01[39m
     76 Linear |R| = [33m5.158070e-01[39m
     77 Linear |R| = [33m5.151209e-01[39m
     78 Linear |R| = [33m5.142674e-01[39m
     79 Linear |R| = [33m5.096439e-01[39m
     80 Linear |R| = [33m4.985779e-01[39m
     81 Linear |R| = [32m4.723888e-01[39m
     82 Linear |R| = [32m4.181423e-01[39m
     83 Linear |R| = [32m3.390180e-01[39m
     84 Linear |R| = [32m2.373235e-01[39m
     85 Linear |R| = [32m1.591018e-01[39m
 7 Nonlinear |R| = [32m1.438622e+04[39m
      0 Linear |R| = [32m1.438622e+04[39m
      1 Linear |R| = [32m4.155271e+03[39m
      2 Linear |R| = [32m1.901419e+03[39m
      3 Linear |R| = [32m1.231458e+03[39m
      4 Linear |R| = [32m9.694858e+02[39m
      5 Linear |R| = [32m7.650633e+02[39m
      6 Linear |R| = [32m5.698524e+02[39m
      7 Linear |R| = [32m4.020083e+02[39m
      8 Linear |R| = [32m2.770699e+02[39m
      9 Linear |R| = [32m1.880649e+02[39m
     10 Linear |R| = [32m1.292717e+02[39m
     11 Linear |R| = [32m9.269273e+01[39m
     12 Linear |R| = [32m6.588452e+01[39m
     13 Linear |R| = [32m4.350836e+01[39m
     14 Linear |R| = [32m3.122198e+01[39m
     15 Linear |R| = [32m2.320018e+01[39m
     16 Linear |R| = [32m1.635057e+01[39m
     17 Linear |R| = [32m1.226521e+01[39m
     18 Linear |R| = [32m9.191076e+00[39m
     19 Linear |R| = [32m6.560692e+00[39m
     20 Linear |R| = [32m3.940779e+00[39m
     21 Linear |R| = [32m2.424209e+00[39m
     22 Linear |R| = [32m1.490719e+00[39m
     23 Linear |R| = [32m9.097373e-01[39m
     24 Linear |R| = [32m5.207969e-01[39m
     25 Linear |R| = [32m3.261570e-01[39m
     26 Linear |R| = [32m2.082162e-01[39m
     27 Linear |R| = [32m1.407309e-01[39m
 8 Nonlinear |R| = [32m2.184713e+03[39m
      0 Linear |R| = [32m2.184713e+03[39m
      1 Linear |R| = [32m7.580419e+02[39m
      2 Linear |R| = [32m3.325143e+02[39m
      3 Linear |R| = [32m2.118644e+02[39m
      4 Linear |R| = [32m1.319223e+02[39m
      5 Linear |R| = [32m8.788784e+01[39m
      6 Linear |R| = [32m6.302966e+01[39m
      7 Linear |R| = [32m4.638196e+01[39m
      8 Linear |R| = [32m3.313062e+01[39m
      9 Linear |R| = [32m2.257650e+01[39m
     10 Linear |R| = [32m1.517360e+01[39m
     11 Linear |R| = [32m9.819514e+00[39m
     12 Linear |R| = [32m7.044438e+00[39m
     13 Linear |R| = [32m5.236991e+00[39m
     14 Linear |R| = [32m3.835642e+00[39m
     15 Linear |R| = [32m2.772025e+00[39m
     16 Linear |R| = [32m1.884016e+00[39m
     17 Linear |R| = [32m1.288412e+00[39m
     18 Linear |R| = [32m8.624880e-01[39m
     19 Linear |R| = [32m5.632934e-01[39m
     20 Linear |R| = [32m3.489419e-01[39m
     21 Linear |R| = [32m2.113352e-01[39m
     22 Linear |R| = [32m1.342412e-01[39m
     23 Linear |R| = [32m9.152215e-02[39m
     24 Linear |R| = [32m6.169686e-02[39m
     25 Linear |R| = [32m3.842789e-02[39m
     26 Linear |R| = [32m2.275683e-02[39m
     27 Linear |R| = [32m1.349201e-02[39m
 9 Nonlinear |R| = [32m4.257424e+02[39m
      0 Linear |R| = [32m4.257424e+02[39m
      1 Linear |R| = [32m1.673691e+02[39m
      2 Linear |R| = [32m8.325776e+01[39m
      3 Linear |R| = [32m4.794688e+01[39m
      4 Linear |R| = [32m2.891704e+01[39m
      5 Linear |R| = [32m1.900461e+01[39m
      6 Linear |R| = [32m1.281244e+01[39m
      7 Linear |R| = [32m9.132405e+00[39m
      8 Linear |R| = [32m6.755889e+00[39m
      9 Linear |R| = [32m4.813236e+00[39m
     10 Linear |R| = [32m3.396455e+00[39m
     11 Linear |R| = [32m2.327774e+00[39m
     12 Linear |R| = [32m1.648501e+00[39m
     13 Linear |R| = [32m1.155103e+00[39m
     14 Linear |R| = [32m8.078894e-01[39m
     15 Linear |R| = [32m5.824533e-01[39m
     16 Linear |R| = [32m4.035505e-01[39m
     17 Linear |R| = [32m2.730314e-01[39m
     18 Linear |R| = [32m1.712924e-01[39m
     19 Linear |R| = [32m1.104834e-01[39m
     20 Linear |R| = [32m6.991541e-02[39m
     21 Linear |R| = [32m4.470689e-02[39m
     22 Linear |R| = [32m3.036825e-02[39m
     23 Linear |R| = [32m1.975869e-02[39m
     24 Linear |R| = [32m1.259726e-02[39m
     25 Linear |R| = [32m7.898859e-03[39m
     26 Linear |R| = [32m4.871572e-03[39m
     27 Linear |R| = [32m2.884922e-03[39m
10 Nonlinear |R| = [32m3.371098e+01[39m
      0 Linear |R| = [32m3.371098e+01[39m
      1 Linear |R| = [32m1.251184e+01[39m
      2 Linear |R| = [32m5.175839e+00[39m
      3 Linear |R| = [32m2.665237e+00[39m
      4 Linear |R| = [32m1.478968e+00[39m
      5 Linear |R| = [32m8.381568e-01[39m
      6 Linear |R| = [32m5.153244e-01[39m
      7 Linear |R| = [32m3.418869e-01[39m
      8 Linear |R| = [32m2.463800e-01[39m
      9 Linear |R| = [32m1.889330e-01[39m
     10 Linear |R| = [32m1.446292e-01[39m
     11 Linear |R| = [32m1.066800e-01[39m
     12 Linear |R| = [32m7.119958e-02[39m
     13 Linear |R| = [32m4.749011e-02[39m
     14 Linear |R| = [32m3.210275e-02[39m
     15 Linear |R| = [32m2.254617e-02[39m
     16 Linear |R| = [32m1.541165e-02[39m
     17 Linear |R| = [32m1.031512e-02[39m
     18 Linear |R| = [32m6.653779e-03[39m
     19 Linear |R| = [32m4.275429e-03[39m
     20 Linear |R| = [32m2.770501e-03[39m
     21 Linear |R| = [32m1.789220e-03[39m
     22 Linear |R| = [32m1.134419e-03[39m
     23 Linear |R| = [32m7.235756e-04[39m
     24 Linear |R| = [32m4.674817e-04[39m
     25 Linear |R| = [32m3.096541e-04[39m
11 Nonlinear |R| = [32m4.155547e-02[39m
      0 Linear |R| = [32m4.155547e-02[39m
      1 Linear |R| = [32m1.261026e-02[39m
      2 Linear |R| = [32m5.706977e-03[39m
      3 Linear |R| = [32m3.480240e-03[39m
      4 Linear |R| = [32m2.376639e-03[39m
      5 Linear |R| = [32m1.589508e-03[39m
      6 Linear |R| = [32m1.123838e-03[39m
      7 Linear |R| = [32m8.006597e-04[39m
      8 Linear |R| = [32m5.847505e-04[39m
      9 Linear |R| = [32m4.243723e-04[39m
     10 Linear |R| = [32m3.038604e-04[39m
     11 Linear |R| = [32m2.234259e-04[39m
     12 Linear |R| = [32m1.534526e-04[39m
     13 Linear |R| = [32m1.070658e-04[39m
     14 Linear |R| = [32m7.028103e-05[39m
     15 Linear |R| = [32m4.519814e-05[39m
     16 Linear |R| = [32m2.943825e-05[39m
     17 Linear |R| = [32m1.916440e-05[39m
     18 Linear |R| = [32m1.281975e-05[39m
     19 Linear |R| = [32m8.500921e-06[39m
     20 Linear |R| = [32m5.688561e-06[39m
     21 Linear |R| = [32m3.630185e-06[39m
     22 Linear |R| = [32m2.244421e-06[39m
     23 Linear |R| = [32m1.396119e-06[39m
     24 Linear |R| = [32m8.788200e-07[39m
     25 Linear |R| = [32m5.697906e-07[39m
     26 Linear |R| = [32m3.870586e-07[39m
12 Nonlinear |R| = [32m2.491584e-03[39m
  Finished Solving                                                                       [[33m 26.25 s[39m] [[33m  185 MB[39m]
[32m Solve Converged![39m

Postprocessor Values:
+----------------+----------------------+------------------+----------------+----------------+
| time           | compressive_strength | reaction_force_z | top_disp_z     | vonmises_max   |
+----------------+----------------------+------------------+----------------+----------------+
|   0.000000e+00 |         0.000000e+00 |     0.000000e+00 |   0.000000e+00 |   0.000000e+00 |
|   5.000000e-02 |        -1.335876e+07 |    -8.330071e-06 |  -1.500000e-04 |   4.463643e+07 |
|   1.000000e-01 |        -2.574405e+07 |     2.013561e-04 |  -3.000000e-04 |   5.993086e+07 |
|   1.500000e-01 |        -3.288826e+07 |     9.844400e-05 |  -4.500000e-04 |   5.997856e+07 |
|   2.000000e-01 |        -3.564811e+07 |     1.138218e-06 |  -6.000000e-04 |   5.998298e+07 |
|   2.500000e-01 |        -3.762195e+07 |    -1.270699e-06 |  -7.500000e-04 |   5.998536e+07 |
+----------------+----------------------+------------------+----------------+----------------+


Time Step 6, time = 0.3, dt = 0.05
 0 Nonlinear |R| = [32m1.815899e+04[39m
      0 Linear |R| = [32m1.815899e+04[39m
      1 Linear |R| = [32m1.702398e+04[39m
      2 Linear |R| = [32m1.274818e+04[39m
      3 Linear |R| = [32m1.092536e+04[39m
      4 Linear |R| = [32m1.006599e+04[39m
      5 Linear |R| = [32m8.703361e+03[39m
      6 Linear |R| = [32m6.459886e+03[39m
      7 Linear |R| = [32m4.364011e+03[39m
      8 Linear |R| = [32m2.909366e+03[39m
      9 Linear |R| = [32m1.912595e+03[39m
     10 Linear |R| = [32m1.161912e+03[39m
     11 Linear |R| = [32m7.462926e+02[39m
     12 Linear |R| = [32m4.707618e+02[39m
     13 Linear |R| = [32m3.084057e+02[39m
     14 Linear |R| = [32m1.992773e+02[39m
     15 Linear |R| = [32m1.226322e+02[39m
     16 Linear |R| = [32m7.760520e+01[39m
     17 Linear |R| = [32m4.766227e+01[39m
     18 Linear |R| = [32m2.905350e+01[39m
     19 Linear |R| = [32m1.812988e+01[39m
     20 Linear |R| = [32m1.175631e+01[39m
     21 Linear |R| = [32m7.922527e+00[39m
     22 Linear |R| = [32m5.083536e+00[39m
     23 Linear |R| = [32m3.145006e+00[39m
     24 Linear |R| = [32m2.050528e+00[39m
     25 Linear |R| = [32m1.360971e+00[39m
     26 Linear |R| = [32m9.564022e-01[39m
     27 Linear |R| = [32m6.249866e-01[39m
     28 Linear |R| = [32m4.045171e-01[39m
     29 Linear |R| = [32m2.922476e-01[39m
    Linear solve did not converge due to DIVERGED_BREAKDOWN iterations 30
 1 Nonlinear |R| = [32m1.676830e+04[39m
      0 Linear |R| = [32m1.676830e+04[39m
      1 Linear |R| = [33m1.596845e+04[39m
      2 Linear |R| = [32m1.354569e+04[39m
      3 Linear |R| = [33m1.297924e+04[39m
      4 Linear |R| = [33m1.282737e+04[39m
      5 Linear |R| = [33m1.264772e+04[39m
      6 Linear |R| = [33m1.258076e+04[39m
      7 Linear |R| = [33m1.257583e+04[39m
      8 Linear |R| = [33m1.256440e+04[39m
      9 Linear |R| = [33m1.249719e+04[39m
     10 Linear |R| = [33m1.243983e+04[39m
     11 Linear |R| = [33m1.235110e+04[39m
     12 Linear |R| = [33m1.197796e+04[39m
     13 Linear |R| = [32m1.124124e+04[39m
     14 Linear |R| = [32m1.018419e+04[39m
     15 Linear |R| = [32m8.239641e+03[39m
     16 Linear |R| = [32m6.234742e+03[39m
     17 Linear |R| = [32m4.545482e+03[39m
     18 Linear |R| = [32m3.276895e+03[39m
     19 Linear |R| = [32m2.231956e+03[39m
     20 Linear |R| = [32m1.542967e+03[39m
     21 Linear |R| = [32m1.027478e+03[39m
     22 Linear |R| = [32m7.288209e+02[39m
     23 Linear |R| = [32m4.796040e+02[39m
     24 Linear |R| = [32m2.950708e+02[39m
     25 Linear |R| = [32m1.820773e+02[39m
     26 Linear |R| = [32m1.099762e+02[39m
     27 Linear |R| = [32m6.833764e+01[39m
     28 Linear |R| = [32m4.562372e+01[39m
     29 Linear |R| = [32m3.309556e+01[39m
     30 Linear |R| = [33m3.255646e+01[39m
     31 Linear |R| = [32m2.437393e+01[39m
     32 Linear |R| = [32m2.077164e+01[39m
     33 Linear |R| = [32m1.784710e+01[39m
     34 Linear |R| = [32m1.401008e+01[39m
     35 Linear |R| = [32m1.005616e+01[39m
     36 Linear |R| = [32m7.382526e+00[39m
     37 Linear |R| = [32m5.341372e+00[39m
     38 Linear |R| = [32m4.123196e+00[39m
     39 Linear |R| = [32m3.296541e+00[39m
     40 Linear |R| = [32m2.860099e+00[39m
     41 Linear |R| = [32m2.658665e+00[39m
     42 Linear |R| = [33m2.572671e+00[39m
     43 Linear |R| = [33m2.530979e+00[39m
     44 Linear |R| = [33m2.511934e+00[39m
     45 Linear |R| = [33m2.501514e+00[39m
     46 Linear |R| = [33m2.498360e+00[39m
     47 Linear |R| = [33m2.498015e+00[39m
     48 Linear |R| = [33m2.496892e+00[39m
     49 Linear |R| = [33m2.487734e+00[39m
     50 Linear |R| = [33m2.461391e+00[39m
     51 Linear |R| = [33m2.420798e+00[39m
     52 Linear |R| = [33m2.329319e+00[39m
     53 Linear |R| = [32m2.114901e+00[39m
     54 Linear |R| = [32m1.697328e+00[39m
     55 Linear |R| = [32m1.204972e+00[39m
     56 Linear |R| = [32m7.848812e-01[39m
     57 Linear |R| = [32m5.053300e-01[39m
     58 Linear |R| = [32m3.148703e-01[39m
     59 Linear |R| = [32m1.829261e-01[39m
     60 Linear |R| = [32m1.077325e-01[39m
 2 Nonlinear |R| = [33m1.675352e+04[39m
      0 Linear |R| = [32m1.675352e+04[39m
      1 Linear |R| = [33m1.599661e+04[39m
      2 Linear |R| = [32m1.350826e+04[39m
      3 Linear |R| = [33m1.286100e+04[39m
      4 Linear |R| = [33m1.266933e+04[39m
      5 Linear |R| = [33m1.241746e+04[39m
      6 Linear |R| = [33m1.227515e+04[39m
      7 Linear |R| = [33m1.218550e+04[39m
      8 Linear |R| = [33m1.209639e+04[39m
      9 Linear |R| = [33m1.195458e+04[39m
     10 Linear |R| = [33m1.144776e+04[39m
     11 Linear |R| = [32m1.021391e+04[39m
     12 Linear |R| = [32m8.674380e+03[39m
     13 Linear |R| = [32m6.762247e+03[39m
     14 Linear |R| = [32m5.046098e+03[39m
     15 Linear |R| = [32m3.563010e+03[39m
     16 Linear |R| = [32m2.366279e+03[39m
     17 Linear |R| = [32m1.499808e+03[39m
     18 Linear |R| = [32m9.647065e+02[39m
     19 Linear |R| = [32m5.868122e+02[39m
     20 Linear |R| = [32m3.767765e+02[39m
     21 Linear |R| = [32m2.316315e+02[39m
     22 Linear |R| = [32m1.464042e+02[39m
     23 Linear |R| = [32m9.920695e+01[39m
     24 Linear |R| = [32m6.734726e+01[39m
     25 Linear |R| = [32m4.636127e+01[39m
     26 Linear |R| = [32m3.305925e+01[39m
     27 Linear |R| = [32m2.491152e+01[39m
     28 Linear |R| = [32m2.027541e+01[39m
     29 Linear |R| = [32m1.625912e+01[39m
    Linear solve did not converge due to DIVERGED_BREAKDOWN iterations 30
 3 Nonlinear |R| = [33m1.674466e+04[39m
      0 Linear |R| = [32m1.674466e+04[39m
      1 Linear |R| = [33m1.592017e+04[39m
      2 Linear |R| = [32m1.355099e+04[39m
      3 Linear |R| = [33m1.300753e+04[39m
      4 Linear |R| = [33m1.284250e+04[39m
      5 Linear |R| = [33m1.266135e+04[39m
      6 Linear |R| = [33m1.259448e+04[39m
      7 Linear |R| = [33m1.258873e+04[39m
      8 Linear |R| = [33m1.257403e+04[39m
      9 Linear |R| = [33m1.250544e+04[39m
     10 Linear |R| = [33m1.243277e+04[39m
     11 Linear |R| = [33m1.232401e+04[39m
     12 Linear |R| = [33m1.187822e+04[39m
     13 Linear |R| = [32m1.102212e+04[39m
     14 Linear |R| = [32m9.895951e+03[39m
     15 Linear |R| = [32m7.989548e+03[39m
     16 Linear |R| = [32m6.148615e+03[39m
     17 Linear |R| = [32m4.574581e+03[39m
     18 Linear |R| = [32m3.246788e+03[39m
     19 Linear |R| = [32m2.176018e+03[39m
     20 Linear |R| = [32m1.500991e+03[39m
     21 Linear |R| = [32m1.019368e+03[39m
     22 Linear |R| = [32m7.527720e+02[39m
     23 Linear |R| = [32m5.004986e+02[39m
     24 Linear |R| = [32m3.147605e+02[39m
     25 Linear |R| = [32m1.968522e+02[39m
     26 Linear |R| = [32m1.186879e+02[39m
     27 Linear |R| = [32m7.546579e+01[39m
     28 Linear |R| = [32m4.912838e+01[39m
     29 Linear |R| = [32m3.396425e+01[39m
     30 Linear |R| = [32m3.150349e+01[39m
     31 Linear |R| = [32m2.355582e+01[39m
     32 Linear |R| = [32m1.989317e+01[39m
     33 Linear |R| = [32m1.701527e+01[39m
     34 Linear |R| = [32m1.352716e+01[39m
     35 Linear |R| = [32m1.027076e+01[39m
     36 Linear |R| = [32m7.866054e+00[39m
     37 Linear |R| = [32m5.426283e+00[39m
     38 Linear |R| = [32m3.928934e+00[39m
     39 Linear |R| = [32m2.891898e+00[39m
     40 Linear |R| = [32m2.370752e+00[39m
     41 Linear |R| = [32m2.114330e+00[39m
     42 Linear |R| = [33m2.021240e+00[39m
     43 Linear |R| = [33m1.969074e+00[39m
     44 Linear |R| = [33m1.948874e+00[39m
     45 Linear |R| = [33m1.930861e+00[39m
     46 Linear |R| = [33m1.927773e+00[39m
     47 Linear |R| = [33m1.927616e+00[39m
     48 Linear |R| = [33m1.927504e+00[39m
     49 Linear |R| = [33m1.924495e+00[39m
     50 Linear |R| = [33m1.919270e+00[39m
     51 Linear |R| = [33m1.901171e+00[39m
     52 Linear |R| = [33m1.866212e+00[39m
     53 Linear |R| = [32m1.757816e+00[39m
     54 Linear |R| = [32m1.532938e+00[39m
     55 Linear |R| = [32m1.149901e+00[39m
     56 Linear |R| = [32m7.861985e-01[39m
     57 Linear |R| = [32m5.257914e-01[39m
     58 Linear |R| = [32m3.212335e-01[39m
     59 Linear |R| = [32m1.878113e-01[39m
     60 Linear |R| = [32m1.101467e-01[39m
 4 Nonlinear |R| = [33m1.674224e+04[39m
      0 Linear |R| = [32m1.674224e+04[39m
      1 Linear |R| = [33m1.592118e+04[39m
      2 Linear |R| = [32m1.355069e+04[39m
      3 Linear |R| = [33m1.300345e+04[39m
      4 Linear |R| = [33m1.283990e+04[39m
      5 Linear |R| = [33m1.266018e+04[39m
      6 Linear |R| = [33m1.259360e+04[39m
      7 Linear |R| = [33m1.258767e+04[39m
      8 Linear |R| = [33m1.257360e+04[39m
      9 Linear |R| = [33m1.250324e+04[39m
     10 Linear |R| = [33m1.242934e+04[39m
     11 Linear |R| = [33m1.231946e+04[39m
     12 Linear |R| = [33m1.187127e+04[39m
     13 Linear |R| = [32m1.101893e+04[39m
     14 Linear |R| = [32m9.895408e+03[39m
     15 Linear |R| = [32m7.981653e+03[39m
     16 Linear |R| = [32m6.128152e+03[39m
     17 Linear |R| = [32m4.551463e+03[39m
     18 Linear |R| = [32m3.234299e+03[39m
     19 Linear |R| = [32m2.166580e+03[39m
     20 Linear |R| = [32m1.491341e+03[39m
     21 Linear |R| = [32m1.008380e+03[39m
     22 Linear |R| = [32m7.429479e+02[39m
     23 Linear |R| = [32m4.948697e+02[39m
     24 Linear |R| = [32m3.104844e+02[39m
     25 Linear |R| = [32m1.940234e+02[39m
     26 Linear |R| = [32m1.168057e+02[39m
     27 Linear |R| = [32m7.402199e+01[39m
     28 Linear |R| = [32m4.826442e+01[39m
     29 Linear |R| = [32m3.355277e+01[39m
     30 Linear |R| = [32m3.130660e+01[39m
     31 Linear |R| = [32m2.343649e+01[39m
     32 Linear |R| = [32m1.981953e+01[39m
     33 Linear |R| = [32m1.696571e+01[39m
     34 Linear |R| = [32m1.347274e+01[39m
     35 Linear |R| = [32m1.014561e+01[39m
     36 Linear |R| = [32m7.735045e+00[39m
     37 Linear |R| = [32m5.365980e+00[39m
     38 Linear |R| = [32m3.914340e+00[39m
     39 Linear |R| = [32m2.901779e+00[39m
     40 Linear |R| = [32m2.396411e+00[39m
     41 Linear |R| = [32m2.147033e+00[39m
     42 Linear |R| = [33m2.055596e+00[39m
     43 Linear |R| = [33m2.005525e+00[39m
     44 Linear |R| = [33m1.985443e+00[39m
     45 Linear |R| = [33m1.967816e+00[39m
     46 Linear |R| = [33m1.964791e+00[39m
     47 Linear |R| = [33m1.964616e+00[39m
     48 Linear |R| = [33m1.964508e+00[39m
     49 Linear |R| = [33m1.961266e+00[39m
     50 Linear |R| = [33m1.955074e+00[39m
     51 Linear |R| = [33m1.935764e+00[39m
     52 Linear |R| = [33m1.898250e+00[39m
     53 Linear |R| = [32m1.781218e+00[39m
     54 Linear |R| = [32m1.535185e+00[39m
     55 Linear |R| = [32m1.129786e+00[39m
     56 Linear |R| = [32m7.621946e-01[39m
     57 Linear |R| = [32m5.061126e-01[39m
     58 Linear |R| = [32m3.102568e-01[39m
     59 Linear |R| = [32m1.818186e-01[39m
     60 Linear |R| = [32m1.073488e-01[39m
 5 Nonlinear |R| = [33m1.674056e+04[39m
      0 Linear |R| = [32m1.674056e+04[39m
      1 Linear |R| = [33m1.592182e+04[39m
      2 Linear |R| = [32m1.354698e+04[39m
      3 Linear |R| = [33m1.299726e+04[39m
      4 Linear |R| = [33m1.283488e+04[39m
      5 Linear |R| = [33m1.265586e+04[39m
      6 Linear |R| = [33m1.258969e+04[39m
      7 Linear |R| = [33m1.258384e+04[39m
      8 Linear |R| = [33m1.256963e+04[39m
      9 Linear |R| = [33m1.249634e+04[39m
     10 Linear |R| = [33m1.242004e+04[39m
     11 Linear |R| = [33m1.230920e+04[39m
     12 Linear |R| = [33m1.186025e+04[39m
     13 Linear |R| = [32m1.101416e+04[39m
     14 Linear |R| = [32m9.882147e+03[39m
     15 Linear |R| = [32m7.949007e+03[39m
     16 Linear |R| = [32m6.099905e+03[39m
     17 Linear |R| = [32m4.512493e+03[39m
     18 Linear |R| = [32m3.211510e+03[39m
     19 Linear |R| = [32m2.151137e+03[39m
     20 Linear |R| = [32m1.478745e+03[39m
     21 Linear |R| = [32m9.981689e+02[39m
     22 Linear |R| = [32m7.333076e+02[39m
     23 Linear |R| = [32m4.894970e+02[39m
     24 Linear |R| = [32m3.066818e+02[39m
     25 Linear |R| = [32m1.913719e+02[39m
     26 Linear |R| = [32m1.154265e+02[39m
     27 Linear |R| = [32m7.278736e+01[39m
     28 Linear |R| = [32m4.737230e+01[39m
     29 Linear |R| = [32m3.313911e+01[39m
     30 Linear |R| = [32m3.117818e+01[39m
     31 Linear |R| = [32m2.334554e+01[39m
     32 Linear |R| = [32m1.977079e+01[39m
     33 Linear |R| = [32m1.694309e+01[39m
     34 Linear |R| = [32m1.343847e+01[39m
     35 Linear |R| = [32m1.004092e+01[39m
     36 Linear |R| = [32m7.616717e+00[39m
     37 Linear |R| = [32m5.307175e+00[39m
     38 Linear |R| = [32m3.903189e+00[39m
     39 Linear |R| = [32m2.917691e+00[39m
     40 Linear |R| = [32m2.430318e+00[39m
     41 Linear |R| = [32m2.191696e+00[39m
     42 Linear |R| = [33m2.103151e+00[39m
     43 Linear |R| = [33m2.055405e+00[39m
     44 Linear |R| = [33m2.035547e+00[39m
     45 Linear |R| = [33m2.018264e+00[39m
     46 Linear |R| = [33m2.015315e+00[39m
     47 Linear |R| = [33m2.015147e+00[39m
     48 Linear |R| = [33m2.015010e+00[39m
     49 Linear |R| = [33m2.011525e+00[39m
     50 Linear |R| = [33m2.004133e+00[39m
     51 Linear |R| = [33m1.982534e+00[39m
     52 Linear |R| = [33m1.940559e+00[39m
     53 Linear |R| = [32m1.811520e+00[39m
     54 Linear |R| = [32m1.539026e+00[39m
     55 Linear |R| = [32m1.104181e+00[39m
     56 Linear |R| = [32m7.297784e-01[39m
     57 Linear |R| = [32m4.818402e-01[39m
     58 Linear |R| = [32m2.964317e-01[39m
     59 Linear |R| = [32m1.739917e-01[39m
     60 Linear |R| = [32m1.033895e-01[39m
 6 Nonlinear |R| = [33m1.673903e+04[39m
      0 Linear |R| = [32m1.673903e+04[39m
      1 Linear |R| = [33m1.591880e+04[39m
      2 Linear |R| = [32m1.353993e+04[39m
      3 Linear |R| = [33m1.298541e+04[39m
      4 Linear |R| = [33m1.281894e+04[39m
      5 Linear |R| = [33m1.263353e+04[39m
      6 Linear |R| = [33m1.255868e+04[39m
      7 Linear |R| = [33m1.254800e+04[39m
      8 Linear |R| = [33m1.254156e+04[39m
      9 Linear |R| = [33m1.249517e+04[39m
     10 Linear |R| = [33m1.245635e+04[39m
     11 Linear |R| = [33m1.240889e+04[39m
     12 Linear |R| = [33m1.215181e+04[39m
     13 Linear |R| = [33m1.160921e+04[39m
     14 Linear |R| = [32m1.079673e+04[39m
     15 Linear |R| = [32m9.050151e+03[39m
     16 Linear |R| = [32m7.127401e+03[39m
     17 Linear |R| = [32m5.333261e+03[39m
     18 Linear |R| = [32m3.822495e+03[39m
     19 Linear |R| = [32m2.546321e+03[39m
     20 Linear |R| = [32m1.733559e+03[39m
     21 Linear |R| = [32m1.154209e+03[39m
     22 Linear |R| = [32m8.496491e+02[39m
     23 Linear |R| = [32m5.832312e+02[39m
     24 Linear |R| = [32m3.773267e+02[39m
     25 Linear |R| = [32m2.413294e+02[39m
     26 Linear |R| = [32m1.476397e+02[39m
     27 Linear |R| = [32m9.477149e+01[39m
     28 Linear |R| = [32m6.347797e+01[39m
     29 Linear |R| = [32m4.615258e+01[39m
     30 Linear |R| = [33m4.494261e+01[39m
     31 Linear |R| = [32m3.391263e+01[39m
     32 Linear |R| = [32m2.899866e+01[39m
     33 Linear |R| = [32m2.495298e+01[39m
     34 Linear |R| = [32m1.968433e+01[39m
     35 Linear |R| = [32m1.422315e+01[39m
     36 Linear |R| = [32m1.052960e+01[39m
     37 Linear |R| = [32m7.250830e+00[39m
     38 Linear |R| = [32m5.402271e+00[39m
     39 Linear |R| = [32m4.187341e+00[39m
     40 Linear |R| = [32m3.580547e+00[39m
     41 Linear |R| = [32m3.265413e+00[39m
     42 Linear |R| = [33m3.133460e+00[39m
     43 Linear |R| = [33m3.058039e+00[39m
     44 Linear |R| = [33m3.021287e+00[39m
     45 Linear |R| = [33m2.992027e+00[39m
     46 Linear |R| = [33m2.986054e+00[39m
     47 Linear |R| = [33m2.984867e+00[39m
     48 Linear |R| = [33m2.984845e+00[39m
     49 Linear |R| = [33m2.982178e+00[39m
     50 Linear |R| = [33m2.975108e+00[39m
     51 Linear |R| = [33m2.953518e+00[39m
     52 Linear |R| = [33m2.909832e+00[39m
     53 Linear |R| = [32m2.763699e+00[39m
     54 Linear |R| = [32m2.419414e+00[39m
     55 Linear |R| = [32m1.771821e+00[39m
     56 Linear |R| = [32m1.151072e+00[39m
     57 Linear |R| = [32m7.397819e-01[39m
     58 Linear |R| = [32m4.540701e-01[39m
     59 Linear |R| = [32m2.645039e-01[39m
     60 Linear |R| = [32m1.535115e-01[39m
 7 Nonlinear |R| = [33m1.673853e+04[39m
      0 Linear |R| = [32m1.673853e+04[39m
      1 Linear |R| = [33m1.591555e+04[39m
      2 Linear |R| = [32m1.354036e+04[39m
      3 Linear |R| = [33m1.298053e+04[39m
      4 Linear |R| = [33m1.280584e+04[39m
      5 Linear |R| = [33m1.261202e+04[39m
      6 Linear |R| = [33m1.252896e+04[39m
      7 Linear |R| = [33m1.251313e+04[39m
      8 Linear |R| = [33m1.251109e+04[39m
      9 Linear |R| = [33m1.248624e+04[39m
     10 Linear |R| = [33m1.247453e+04[39m
     11 Linear |R| = [33m1.246824e+04[39m
     12 Linear |R| = [33m1.238045e+04[39m
     13 Linear |R| = [33m1.216333e+04[39m
     14 Linear |R| = [33m1.182880e+04[39m
     15 Linear |R| = [32m1.078353e+04[39m
     16 Linear |R| = [32m9.348545e+03[39m
     17 Linear |R| = [32m7.572081e+03[39m
     18 Linear |R| = [32m5.703919e+03[39m
     19 Linear |R| = [32m3.849099e+03[39m
     20 Linear |R| = [32m2.630833e+03[39m
     21 Linear |R| = [32m1.753841e+03[39m
     22 Linear |R| = [32m1.289051e+03[39m
     23 Linear |R| = [32m8.948842e+02[39m
     24 Linear |R| = [32m5.952960e+02[39m
     25 Linear |R| = [32m3.936512e+02[39m
     26 Linear |R| = [32m2.456360e+02[39m
     27 Linear |R| = [32m1.595053e+02[39m
     28 Linear |R| = [32m1.101209e+02[39m
     29 Linear |R| = [32m8.283553e+01[39m
     30 Linear |R| = [31m4.629243e+02[39m
     31 Linear |R| = [32m1.754072e+02[39m
     32 Linear |R| = [32m8.546910e+01[39m
     33 Linear |R| = [32m6.013318e+01[39m
     34 Linear |R| = [32m4.853924e+01[39m
     35 Linear |R| = [32m4.102834e+01[39m
     36 Linear |R| = [32m3.410403e+01[39m
     37 Linear |R| = [32m2.581823e+01[39m
     38 Linear |R| = [32m1.795459e+01[39m
     39 Linear |R| = [32m1.301221e+01[39m
     40 Linear |R| = [32m1.029368e+01[39m
     41 Linear |R| = [32m8.998344e+00[39m
     42 Linear |R| = [32m8.361355e+00[39m
     43 Linear |R| = [33m7.970217e+00[39m
     44 Linear |R| = [33m7.763324e+00[39m
     45 Linear |R| = [33m7.612797e+00[39m
     46 Linear |R| = [33m7.552724e+00[39m
     47 Linear |R| = [33m7.505592e+00[39m
     48 Linear |R| = [33m7.487831e+00[39m
     49 Linear |R| = [33m7.485869e+00[39m
     50 Linear |R| = [33m7.485862e+00[39m
     51 Linear |R| = [33m7.483180e+00[39m
     52 Linear |R| = [33m7.470903e+00[39m
     53 Linear |R| = [33m7.432952e+00[39m
     54 Linear |R| = [33m7.324561e+00[39m
     55 Linear |R| = [33m6.984105e+00[39m
     56 Linear |R| = [32m6.260724e+00[39m
     57 Linear |R| = [32m5.065562e+00[39m
     58 Linear |R| = [32m3.673992e+00[39m
     59 Linear |R| = [32m2.455666e+00[39m
     60 Linear |R| = [31m7.269643e+00[39m
     61 Linear |R| = [32m3.079053e+00[39m
     62 Linear |R| = [32m1.472797e+00[39m
     63 Linear |R| = [32m9.327501e-01[39m
     64 Linear |R| = [32m6.419225e-01[39m
     65 Linear |R| = [32m4.729568e-01[39m
     66 Linear |R| = [32m3.778585e-01[39m
     67 Linear |R| = [32m3.268966e-01[39m
     68 Linear |R| = [32m3.015761e-01[39m
     69 Linear |R| = [33m2.893369e-01[39m
     70 Linear |R| = [33m2.850190e-01[39m
     71 Linear |R| = [33m2.829929e-01[39m
     72 Linear |R| = [33m2.819997e-01[39m
     73 Linear |R| = [33m2.816258e-01[39m
     74 Linear |R| = [33m2.814345e-01[39m
     75 Linear |R| = [33m2.814319e-01[39m
     76 Linear |R| = [33m2.813906e-01[39m
     77 Linear |R| = [33m2.808933e-01[39m
     78 Linear |R| = [33m2.793633e-01[39m
     79 Linear |R| = [33m2.773355e-01[39m
     80 Linear |R| = [33m2.733345e-01[39m
     81 Linear |R| = [33m2.641639e-01[39m
     82 Linear |R| = [32m2.413520e-01[39m
     83 Linear |R| = [32m2.070191e-01[39m
     84 Linear |R| = [32m1.654058e-01[39m
 8 Nonlinear |R| = [33m1.673836e+04[39m
      0 Linear |R| = [32m1.673836e+04[39m
      1 Linear |R| = [33m1.591718e+04[39m
      2 Linear |R| = [32m1.354284e+04[39m
      3 Linear |R| = [33m1.297799e+04[39m
      4 Linear |R| = [33m1.279990e+04[39m
      5 Linear |R| = [33m1.260401e+04[39m
      6 Linear |R| = [33m1.251945e+04[39m
      7 Linear |R| = [33m1.250227e+04[39m
      8 Linear |R| = [33m1.250112e+04[39m
      9 Linear |R| = [33m1.248246e+04[39m
     10 Linear |R| = [33m1.247602e+04[39m
     11 Linear |R| = [33m1.247500e+04[39m
     12 Linear |R| = [33m1.242745e+04[39m
     13 Linear |R| = [33m1.229539e+04[39m
     14 Linear |R| = [33m1.210334e+04[39m
     15 Linear |R| = [32m1.137449e+04[39m
     16 Linear |R| = [32m1.031486e+04[39m
     17 Linear |R| = [32m8.785207e+03[39m
     18 Linear |R| = [32m6.918738e+03[39m
     19 Linear |R| = [32m4.786710e+03[39m
     20 Linear |R| = [32m3.326163e+03[39m
     21 Linear |R| = [32m2.233922e+03[39m
     22 Linear |R| = [32m1.634441e+03[39m
     23 Linear |R| = [32m1.134055e+03[39m
     24 Linear |R| = [32m7.624186e+02[39m
     25 Linear |R| = [32m5.062952e+02[39m
     26 Linear |R| = [32m3.152383e+02[39m
     27 Linear |R| = [32m2.028853e+02[39m
     28 Linear |R| = [32m1.410906e+02[39m
     29 Linear |R| = [32m1.062087e+02[39m
     30 Linear |R| = [33m1.057734e+02[39m
     31 Linear |R| = [32m7.946209e+01[39m
     32 Linear |R| = [32m6.864286e+01[39m
     33 Linear |R| = [32m5.916498e+01[39m
     34 Linear |R| = [32m4.650969e+01[39m
     35 Linear |R| = [32m3.260364e+01[39m
     36 Linear |R| = [32m2.409198e+01[39m
     37 Linear |R| = [32m1.692523e+01[39m
     38 Linear |R| = [32m1.297041e+01[39m
     39 Linear |R| = [32m1.048365e+01[39m
     40 Linear |R| = [32m9.163266e+00[39m
     41 Linear |R| = [32m8.398458e+00[39m
     42 Linear |R| = [33m8.027054e+00[39m
     43 Linear |R| = [33m7.823142e+00[39m
     44 Linear |R| = [33m7.720753e+00[39m
     45 Linear |R| = [33m7.642651e+00[39m
     46 Linear |R| = [33m7.623074e+00[39m
     47 Linear |R| = [33m7.614957e+00[39m
     48 Linear |R| = [33m7.613555e+00[39m
     49 Linear |R| = [33m7.610508e+00[39m
     50 Linear |R| = [33m7.604138e+00[39m
     51 Linear |R| = [33m7.587858e+00[39m
     52 Linear |R| = [33m7.560196e+00[39m
     53 Linear |R| = [33m7.452679e+00[39m
     54 Linear |R| = [33m7.155771e+00[39m
     55 Linear |R| = [32m6.186042e+00[39m
     56 Linear |R| = [32m4.677302e+00[39m
     57 Linear |R| = [32m3.126036e+00[39m
     58 Linear |R| = [32m1.993697e+00[39m
     59 Linear |R| = [32m1.228257e+00[39m
     60 Linear |R| = [32m7.764460e-01[39m
     61 Linear |R| = [32m5.935177e-01[39m
     62 Linear |R| = [32m3.970817e-01[39m
     63 Linear |R| = [32m2.527144e-01[39m
     64 Linear |R| = [32m1.711195e-01[39m
     65 Linear |R| = [32m1.164259e-01[39m
 9 Nonlinear |R| = [33m1.673829e+04[39m
      0 Linear |R| = [32m1.673829e+04[39m
      1 Linear |R| = [33m1.591742e+04[39m
      2 Linear |R| = [32m1.353885e+04[39m
      3 Linear |R| = [33m1.296427e+04[39m
      4 Linear |R| = [33m1.278348e+04[39m
      5 Linear |R| = [33m1.258394e+04[39m
      6 Linear |R| = [33m1.249298e+04[39m
      7 Linear |R| = [33m1.247039e+04[39m
      8 Linear |R| = [33m1.247039e+04[39m
      9 Linear |R| = [33m1.246450e+04[39m
     10 Linear |R| = [33m1.246450e+04[39m
     11 Linear |R| = [33m1.245528e+04[39m
     12 Linear |R| = [33m1.245485e+04[39m
     13 Linear |R| = [33m1.244785e+04[39m
     14 Linear |R| = [33m1.244601e+04[39m
     15 Linear |R| = [33m1.236679e+04[39m
     16 Linear |R| = [33m1.229834e+04[39m
     17 Linear |R| = [33m1.214776e+04[39m
     18 Linear |R| = [33m1.184359e+04[39m
     19 Linear |R| = [32m1.092885e+04[39m
     20 Linear |R| = [32m9.634135e+03[39m
     21 Linear |R| = [32m7.755671e+03[39m
     22 Linear |R| = [32m6.143271e+03[39m
     23 Linear |R| = [32m4.498840e+03[39m
     24 Linear |R| = [32m3.059104e+03[39m
     25 Linear |R| = [32m2.013686e+03[39m
     26 Linear |R| = [32m1.243838e+03[39m
     27 Linear |R| = [32m8.047754e+02[39m
     28 Linear |R| = [32m5.811982e+02[39m
     29 Linear |R| = [32m4.518494e+02[39m
     30 Linear |R| = [31m4.590871e+02[39m
     31 Linear |R| = [32m3.482187e+02[39m
     32 Linear |R| = [32m3.041450e+02[39m
     33 Linear |R| = [32m2.630329e+02[39m
     34 Linear |R| = [32m2.054949e+02[39m
     35 Linear |R| = [32m1.404220e+02[39m
     36 Linear |R| = [32m1.033389e+02[39m
     37 Linear |R| = [32m7.494919e+01[39m
     38 Linear |R| = [32m6.067140e+01[39m
     39 Linear |R| = [32m5.253097e+01[39m
     40 Linear |R| = [32m4.796891e+01[39m
     41 Linear |R| = [32m4.531883e+01[39m
     42 Linear |R| = [33m4.411725e+01[39m
     43 Linear |R| = [33m4.335869e+01[39m
     44 Linear |R| = [33m4.293780e+01[39m
     45 Linear |R| = [33m4.261451e+01[39m
     46 Linear |R| = [33m4.255298e+01[39m
     47 Linear |R| = [33m4.251435e+01[39m
     48 Linear |R| = [33m4.250726e+01[39m
     49 Linear |R| = [33m4.249756e+01[39m
     50 Linear |R| = [33m4.249278e+01[39m
     51 Linear |R| = [33m4.248178e+01[39m
     52 Linear |R| = [33m4.247853e+01[39m
     53 Linear |R| = [33m4.243371e+01[39m
     54 Linear |R| = [33m4.229827e+01[39m
     55 Linear |R| = [33m4.130088e+01[39m
     56 Linear |R| = [32m3.907254e+01[39m
     57 Linear |R| = [32m3.431543e+01[39m
     58 Linear |R| = [32m2.801941e+01[39m
     59 Linear |R| = [32m2.152086e+01[39m
     60 Linear |R| = [32m1.533353e+01[39m
     61 Linear |R| = [32m1.256903e+01[39m
     62 Linear |R| = [32m9.483412e+00[39m
     63 Linear |R| = [32m7.127645e+00[39m
     64 Linear |R| = [32m6.094350e+00[39m
     65 Linear |R| = [32m5.542116e+00[39m
     66 Linear |R| = [33m5.326954e+00[39m
     67 Linear |R| = [33m5.246966e+00[39m
     68 Linear |R| = [33m5.228945e+00[39m
     69 Linear |R| = [33m5.206114e+00[39m
     70 Linear |R| = [33m5.200926e+00[39m
     71 Linear |R| = [33m5.200597e+00[39m
     72 Linear |R| = [33m5.200524e+00[39m
     73 Linear |R| = [33m5.199007e+00[39m
     74 Linear |R| = [33m5.198966e+00[39m
     75 Linear |R| = [33m5.197310e+00[39m
     76 Linear |R| = [33m5.195527e+00[39m
     77 Linear |R| = [33m5.195375e+00[39m
     78 Linear |R| = [33m5.190517e+00[39m
     79 Linear |R| = [33m5.170828e+00[39m
     80 Linear |R| = [33m5.115823e+00[39m
     81 Linear |R| = [33m5.011895e+00[39m
     82 Linear |R| = [32m4.672572e+00[39m
     83 Linear |R| = [32m4.089877e+00[39m
     84 Linear |R| = [32m3.211455e+00[39m
     85 Linear |R| = [32m2.504880e+00[39m
     86 Linear |R| = [32m1.981571e+00[39m
     87 Linear |R| = [32m1.600760e+00[39m
     88 Linear |R| = [32m1.329481e+00[39m
     89 Linear |R| = [32m1.046504e+00[39m
     90 Linear |R| = [32m8.421571e-01[39m
     91 Linear |R| = [32m6.238247e-01[39m
     92 Linear |R| = [32m5.256228e-01[39m
     93 Linear |R| = [32m4.452205e-01[39m
     94 Linear |R| = [32m3.764944e-01[39m
     95 Linear |R| = [32m2.992489e-01[39m
     96 Linear |R| = [32m2.228288e-01[39m
     97 Linear |R| = [32m1.801373e-01[39m
     98 Linear |R| = [32m1.609619e-01[39m
10 Nonlinear |R| = [33m1.673829e+04[39m
      0 Linear |R| = [32m1.673829e+04[39m
      1 Linear |R| = [33m1.591967e+04[39m
      2 Linear |R| = [32m1.353957e+04[39m
      3 Linear |R| = [33m1.296185e+04[39m
      4 Linear |R| = [33m1.277963e+04[39m
      5 Linear |R| = [33m1.258085e+04[39m
      6 Linear |R| = [33m1.249033e+04[39m
      7 Linear |R| = [33m1.246714e+04[39m
      8 Linear |R| = [33m1.246707e+04[39m
      9 Linear |R| = [33m1.246272e+04[39m
     10 Linear |R| = [33m1.246256e+04[39m
     11 Linear |R| = [33m1.244898e+04[39m
     12 Linear |R| = [33m1.244875e+04[39m
     13 Linear |R| = [33m1.244776e+04[39m
     14 Linear |R| = [33m1.244669e+04[39m
     15 Linear |R| = [33m1.242046e+04[39m
     16 Linear |R| = [33m1.241264e+04[39m
     17 Linear |R| = [33m1.239118e+04[39m
     18 Linear |R| = [33m1.234837e+04[39m
     19 Linear |R| = [33m1.212525e+04[39m
     20 Linear |R| = [33m1.176076e+04[39m
     21 Linear |R| = [32m1.099098e+04[39m
     22 Linear |R| = [32m9.981867e+03[39m
     23 Linear |R| = [32m8.439920e+03[39m
     24 Linear |R| = [32m6.365644e+03[39m
     25 Linear |R| = [32m4.456994e+03[39m
     26 Linear |R| = [32m2.862639e+03[39m
     27 Linear |R| = [32m1.894479e+03[39m
     28 Linear |R| = [32m1.382024e+03[39m
     29 Linear |R| = [32m1.074309e+03[39m
    Linear solve did not converge due to DIVERGED_BREAKDOWN iterations 30
11 Nonlinear |R| = [33m1.673829e+04[39m
      0 Linear |R| = [32m1.673829e+04[39m
      1 Linear |R| = [33m1.591915e+04[39m
      2 Linear |R| = [32m1.353965e+04[39m
      3 Linear |R| = [33m1.296170e+04[39m
      4 Linear |R| = [33m1.277865e+04[39m
      5 Linear |R| = [33m1.257878e+04[39m
      6 Linear |R| = [33m1.248794e+04[39m
      7 Linear |R| = [33m1.246481e+04[39m
      8 Linear |R| = [33m1.246472e+04[39m
      9 Linear |R| = [33m1.246084e+04[39m
     10 Linear |R| = [33m1.246044e+04[39m
     11 Linear |R| = [33m1.244385e+04[39m
     12 Linear |R| = [33m1.244292e+04[39m
     13 Linear |R| = [33m1.244280e+04[39m
     14 Linear |R| = [33m1.243845e+04[39m
     15 Linear |R| = [33m1.242753e+04[39m
     16 Linear |R| = [33m1.242752e+04[39m
     17 Linear |R| = [33m1.242653e+04[39m
     18 Linear |R| = [33m1.242499e+04[39m
     19 Linear |R| = [33m1.238362e+04[39m
     20 Linear |R| = [33m1.232821e+04[39m
     21 Linear |R| = [33m1.220029e+04[39m
     22 Linear |R| = [33m1.200307e+04[39m
     23 Linear |R| = [33m1.157259e+04[39m
     24 Linear |R| = [32m1.046021e+04[39m
     25 Linear |R| = [32m8.803559e+03[39m
     26 Linear |R| = [32m6.539789e+03[39m
     27 Linear |R| = [32m4.651918e+03[39m
     28 Linear |R| = [32m3.471859e+03[39m
     29 Linear |R| = [32m2.722826e+03[39m
    Linear solve did not converge due to DIVERGED_BREAKDOWN iterations 30
12 Nonlinear |R| = [33m1.673829e+04[39m
      0 Linear |R| = [32m1.673829e+04[39m
      1 Linear |R| = [33m1.591918e+04[39m
      2 Linear |R| = [32m1.353948e+04[39m
      3 Linear |R| = [33m1.296120e+04[39m
      4 Linear |R| = [33m1.277790e+04[39m
      5 Linear |R| = [33m1.257777e+04[39m
      6 Linear |R| = [33m1.248696e+04[39m
      7 Linear |R| = [33m1.246385e+04[39m
      8 Linear |R| = [33m1.246373e+04[39m
      9 Linear |R| = [33m1.246014e+04[39m
     10 Linear |R| = [33m1.245960e+04[39m
     11 Linear |R| = [33m1.244179e+04[39m
     12 Linear |R| = [33m1.244044e+04[39m
     13 Linear |R| = [33m1.244044e+04[39m
     14 Linear |R| = [33m1.243377e+04[39m
     15 Linear |R| = [33m1.242767e+04[39m
     16 Linear |R| = [33m1.242650e+04[39m
     17 Linear |R| = [33m1.242611e+04[39m
     18 Linear |R| = [33m1.242478e+04[39m
     19 Linear |R| = [33m1.241863e+04[39m
     20 Linear |R| = [33m1.241551e+04[39m
     21 Linear |R| = [33m1.240949e+04[39m
     22 Linear |R| = [33m1.240212e+04[39m
     23 Linear |R| = [33m1.237814e+04[39m
     24 Linear |R| = [33m1.221527e+04[39m
     25 Linear |R| = [33m1.196487e+04[39m
     26 Linear |R| = [32m1.134270e+04[39m
     27 Linear |R| = [32m1.025694e+04[39m
     28 Linear |R| = [32m8.921684e+03[39m
     29 Linear |R| = [32m7.673368e+03[39m
     30 Linear |R| = [31m7.990587e+03[39m
     31 Linear |R| = [32m6.667165e+03[39m
     32 Linear |R| = [32m6.241010e+03[39m
     33 Linear |R| = [32m5.785391e+03[39m
     34 Linear |R| = [32m5.287076e+03[39m
     35 Linear |R| = [32m4.618381e+03[39m
     36 Linear |R| = [32m4.285792e+03[39m
     37 Linear |R| = [33m4.196258e+03[39m
     38 Linear |R| = [33m4.161672e+03[39m
     39 Linear |R| = [33m4.146147e+03[39m
     40 Linear |R| = [33m4.117643e+03[39m
     41 Linear |R| = [33m4.097288e+03[39m
     42 Linear |R| = [33m4.095314e+03[39m
     43 Linear |R| = [33m4.088498e+03[39m
     44 Linear |R| = [33m4.082074e+03[39m
     45 Linear |R| = [33m4.076990e+03[39m
     46 Linear |R| = [33m4.076983e+03[39m
     47 Linear |R| = [33m4.075770e+03[39m
     48 Linear |R| = [33m4.075643e+03[39m
     49 Linear |R| = [33m4.073097e+03[39m
     50 Linear |R| = [33m4.073056e+03[39m
     51 Linear |R| = [33m4.072676e+03[39m
     52 Linear |R| = [33m4.072573e+03[39m
     53 Linear |R| = [33m4.072420e+03[39m
     54 Linear |R| = [33m4.072420e+03[39m
     55 Linear |R| = [33m4.064168e+03[39m
     56 Linear |R| = [33m4.056305e+03[39m
     57 Linear |R| = [33m4.038612e+03[39m
     58 Linear |R| = [33m4.005810e+03[39m
     59 Linear |R| = [33m3.974098e+03[39m
    Linear solve did not converge due to DIVERGED_BREAKDOWN iterations 60
13 Nonlinear |R| = [33m1.673829e+04[39m
      0 Linear |R| = [32m1.673829e+04[39m
      1 Linear |R| = [33m1.591923e+04[39m
      2 Linear |R| = [32m1.353949e+04[39m
      3 Linear |R| = [33m1.296117e+04[39m
      4 Linear |R| = [33m1.277790e+04[39m
      5 Linear |R| = [33m1.257777e+04[39m
      6 Linear |R| = [33m1.248695e+04[39m
      7 Linear |R| = [33m1.246384e+04[39m
      8 Linear |R| = [33m1.246372e+04[39m
      9 Linear |R| = [33m1.246013e+04[39m
     10 Linear |R| = [33m1.245959e+04[39m
     11 Linear |R| = [33m1.244175e+04[39m
     12 Linear |R| = [33m1.244040e+04[39m
     13 Linear |R| = [33m1.244039e+04[39m
     14 Linear |R| = [33m1.243367e+04[39m
     15 Linear |R| = [33m1.242766e+04[39m
     16 Linear |R| = [33m1.242643e+04[39m
     17 Linear |R| = [33m1.242599e+04[39m
     18 Linear |R| = [33m1.242451e+04[39m
     19 Linear |R| = [33m1.241884e+04[39m
     20 Linear |R| = [33m1.241620e+04[39m
     21 Linear |R| = [33m1.241120e+04[39m
     22 Linear |R| = [33m1.240530e+04[39m
     23 Linear |R| = [33m1.238528e+04[39m
     24 Linear |R| = [33m1.223796e+04[39m
     25 Linear |R| = [33m1.201670e+04[39m
     26 Linear |R| = [33m1.145984e+04[39m
     27 Linear |R| = [32m1.046382e+04[39m
     28 Linear |R| = [32m9.192439e+03[39m
     29 Linear |R| = [32m7.969617e+03[39m
     30 Linear |R| = [31m8.290210e+03[39m
     31 Linear |R| = [32m6.981906e+03[39m
     32 Linear |R| = [32m6.559757e+03[39m
     33 Linear |R| = [32m6.107498e+03[39m
     34 Linear |R| = [32m5.613954e+03[39m
     35 Linear |R| = [32m4.945775e+03[39m
     36 Linear |R| = [32m4.618285e+03[39m
     37 Linear |R| = [33m4.534639e+03[39m
     38 Linear |R| = [33m4.501689e+03[39m
     39 Linear |R| = [33m4.486966e+03[39m
     40 Linear |R| = [33m4.458470e+03[39m
     41 Linear |R| = [33m4.438011e+03[39m
     42 Linear |R| = [33m4.436319e+03[39m
     43 Linear |R| = [33m4.429259e+03[39m
     44 Linear |R| = [33m4.422176e+03[39m
     45 Linear |R| = [33m4.416806e+03[39m
     46 Linear |R| = [33m4.416805e+03[39m
     47 Linear |R| = [33m4.415784e+03[39m
     48 Linear |R| = [33m4.415676e+03[39m
     49 Linear |R| = [33m4.412958e+03[39m
     50 Linear |R| = [33m4.412876e+03[39m
     51 Linear |R| = [33m4.412149e+03[39m
     52 Linear |R| = [33m4.412144e+03[39m
     53 Linear |R| = [33m4.412142e+03[39m
     54 Linear |R| = [33m4.411670e+03[39m
     55 Linear |R| = [33m4.394492e+03[39m
     56 Linear |R| = [33m4.368114e+03[39m
     57 Linear |R| = [33m4.302598e+03[39m
     58 Linear |R| = [33m4.176056e+03[39m
     59 Linear |R| = [33m3.994052e+03[39m
     60 Linear |R| = [31m4.207381e+03[39m
     61 Linear |R| = [32m3.527397e+03[39m
     62 Linear |R| = [32m3.226649e+03[39m
     63 Linear |R| = [32m3.031816e+03[39m
     64 Linear |R| = [33m2.938636e+03[39m
     65 Linear |R| = [33m2.875812e+03[39m
     66 Linear |R| = [33m2.852368e+03[39m
     67 Linear |R| = [33m2.842960e+03[39m
     68 Linear |R| = [33m2.842687e+03[39m
     69 Linear |R| = [33m2.842374e+03[39m
     70 Linear |R| = [33m2.841426e+03[39m
     71 Linear |R| = [33m2.839783e+03[39m
     72 Linear |R| = [33m2.839779e+03[39m
     73 Linear |R| = [33m2.838870e+03[39m
     74 Linear |R| = [33m2.838304e+03[39m
     75 Linear |R| = [33m2.838189e+03[39m
     76 Linear |R| = [33m2.836122e+03[39m
     77 Linear |R| = [33m2.833324e+03[39m
     78 Linear |R| = [33m2.830928e+03[39m
     79 Linear |R| = [33m2.830395e+03[39m
     80 Linear |R| = [33m2.829832e+03[39m
     81 Linear |R| = [33m2.827018e+03[39m
     82 Linear |R| = [33m2.822886e+03[39m
     83 Linear |R| = [33m2.819000e+03[39m
     84 Linear |R| = [33m2.797679e+03[39m
     85 Linear |R| = [33m2.764079e+03[39m
     86 Linear |R| = [33m2.715707e+03[39m
     87 Linear |R| = [33m2.636640e+03[39m
     88 Linear |R| = [33m2.518366e+03[39m
     89 Linear |R| = [33m2.404201e+03[39m
    Linear solve did not converge due to DIVERGED_BREAKDOWN iterations 90
14 Nonlinear |R| = [33m1.673829e+04[39m
      0 Linear |R| = [32m1.673829e+04[39m
      1 Linear |R| = [33m1.591924e+04[39m
      2 Linear |R| = [32m1.353949e+04[39m
      3 Linear |R| = [33m1.296117e+04[39m
      4 Linear |R| = [33m1.277790e+04[39m
      5 Linear |R| = [33m1.257777e+04[39m
      6 Linear |R| = [33m1.248695e+04[39m
      7 Linear |R| = [33m1.246383e+04[39m
      8 Linear |R| = [33m1.246372e+04[39m
      9 Linear |R| = [33m1.246013e+04[39m
     10 Linear |R| = [33m1.245959e+04[39m
     11 Linear |R| = [33m1.244175e+04[39m
     12 Linear |R| = [33m1.244039e+04[39m
     13 Linear |R| = [33m1.244039e+04[39m
     14 Linear |R| = [33m1.243366e+04[39m
     15 Linear |R| = [33m1.242766e+04[39m
     16 Linear |R| = [33m1.242642e+04[39m
     17 Linear |R| = [33m1.242597e+04[39m
     18 Linear |R| = [33m1.242448e+04[39m
     19 Linear |R| = [33m1.241886e+04[39m
     20 Linear |R| = [33m1.241628e+04[39m
     21 Linear |R| = [33m1.241139e+04[39m
     22 Linear |R| = [33m1.240566e+04[39m
     23 Linear |R| = [33m1.238609e+04[39m
     24 Linear |R| = [33m1.224061e+04[39m
     25 Linear |R| = [33m1.202277e+04[39m
     26 Linear |R| = [33m1.147370e+04[39m
     27 Linear |R| = [32m1.048870e+04[39m
     28 Linear |R| = [32m9.225578e+03[39m
     29 Linear |R| = [32m8.006383e+03[39m
     30 Linear |R| = [31m8.329307e+03[39m
     31 Linear |R| = [32m7.021957e+03[39m
     32 Linear |R| = [32m6.600388e+03[39m
     33 Linear |R| = [32m6.148360e+03[39m
     34 Linear |R| = [32m5.656185e+03[39m
     35 Linear |R| = [32m4.988188e+03[39m
     36 Linear |R| = [32m4.660980e+03[39m
     37 Linear |R| = [33m4.578009e+03[39m
     38 Linear |R| = [33m4.545296e+03[39m
     39 Linear |R| = [33m4.530720e+03[39m
     40 Linear |R| = [33m4.502175e+03[39m
     41 Linear |R| = [33m4.481629e+03[39m
     42 Linear |R| = [33m4.479959e+03[39m
     43 Linear |R| = [33m4.472878e+03[39m
     44 Linear |R| = [33m4.465744e+03[39m
     45 Linear |R| = [33m4.460349e+03[39m
     46 Linear |R| = [33m4.460349e+03[39m
     47 Linear |R| = [33m4.459318e+03[39m
     48 Linear |R| = [33m4.459211e+03[39m
     49 Linear |R| = [33m4.456457e+03[39m
     50 Linear |R| = [33m4.456373e+03[39m
     51 Linear |R| = [33m4.455634e+03[39m
     52 Linear |R| = [33m4.455629e+03[39m
     53 Linear |R| = [33m4.455627e+03[39m
     54 Linear |R| = [33m4.455150e+03[39m
     55 Linear |R| = [33m4.437826e+03[39m
     56 Linear |R| = [33m4.411194e+03[39m
     57 Linear |R| = [33m4.345120e+03[39m
     58 Linear |R| = [33m4.217401e+03[39m
     59 Linear |R| = [33m4.033717e+03[39m
     60 Linear |R| = [31m4.258851e+03[39m
     61 Linear |R| = [32m3.566560e+03[39m
     62 Linear |R| = [32m3.261621e+03[39m
     63 Linear |R| = [32m3.064778e+03[39m
     64 Linear |R| = [33m2.970512e+03[39m
     65 Linear |R| = [33m2.906737e+03[39m
     66 Linear |R| = [33m2.882961e+03[39m
     67 Linear |R| = [33m2.873417e+03[39m
     68 Linear |R| = [33m2.873125e+03[39m
     69 Linear |R| = [33m2.872806e+03[39m
     70 Linear |R| = [33m2.871837e+03[39m
     71 Linear |R| = [33m2.870149e+03[39m
     72 Linear |R| = [33m2.870144e+03[39m
     73 Linear |R| = [33m2.869205e+03[39m
     74 Linear |R| = [33m2.868637e+03[39m
     75 Linear |R| = [33m2.868526e+03[39m
     76 Linear |R| = [33m2.866432e+03[39m
     77 Linear |R| = [33m2.863600e+03[39m
     78 Linear |R| = [33m2.861160e+03[39m
     79 Linear |R| = [33m2.860606e+03[39m
     80 Linear |R| = [33m2.860039e+03[39m
     81 Linear |R| = [33m2.857230e+03[39m
     82 Linear |R| = [33m2.853117e+03[39m
     83 Linear |R| = [33m2.849328e+03[39m
     84 Linear |R| = [33m2.828506e+03[39m
     85 Linear |R| = [33m2.796419e+03[39m
     86 Linear |R| = [33m2.751434e+03[39m
     87 Linear |R| = [33m2.677745e+03[39m
     88 Linear |R| = [33m2.565968e+03[39m
     89 Linear |R| = [33m2.456200e+03[39m
    Linear solve did not converge due to DIVERGED_BREAKDOWN iterations 90
15 Nonlinear |R| = [33m1.673829e+04[39m
      0 Linear |R| = [32m1.673829e+04[39m
      1 Linear |R| = [33m1.591924e+04[39m
      2 Linear |R| = [32m1.353950e+04[39m
      3 Linear |R| = [33m1.296117e+04[39m
      4 Linear |R| = [33m1.277790e+04[39m
      5 Linear |R| = [33m1.257777e+04[39m
      6 Linear |R| = [33m1.248695e+04[39m
      7 Linear |R| = [33m1.246383e+04[39m
      8 Linear |R| = [33m1.246372e+04[39m
      9 Linear |R| = [33m1.246013e+04[39m
     10 Linear |R| = [33m1.245959e+04[39m
     11 Linear |R| = [33m1.244174e+04[39m
     12 Linear |R| = [33m1.244038e+04[39m
     13 Linear |R| = [33m1.244038e+04[39m
     14 Linear |R| = [33m1.243364e+04[39m
     15 Linear |R| = [33m1.242766e+04[39m
     16 Linear |R| = [33m1.242641e+04[39m
     17 Linear |R| = [33m1.242596e+04[39m
     18 Linear |R| = [33m1.242445e+04[39m
     19 Linear |R| = [33m1.241888e+04[39m
     20 Linear |R| = [33m1.241635e+04[39m
     21 Linear |R| = [33m1.241158e+04[39m
     22 Linear |R| = [33m1.240602e+04[39m
     23 Linear |R| = [33m1.238690e+04[39m
     24 Linear |R| = [33m1.224325e+04[39m
     25 Linear |R| = [33m1.202882e+04[39m
     26 Linear |R| = [33m1.148753e+04[39m
     27 Linear |R| = [32m1.051362e+04[39m
     28 Linear |R| = [32m9.258888e+03[39m
     29 Linear |R| = [32m8.043455e+03[39m
     30 Linear |R| = [31m8.368870e+03[39m
     31 Linear |R| = [32m7.062521e+03[39m
     32 Linear |R| = [32m6.641498e+03[39m
     33 Linear |R| = [32m6.189805e+03[39m
     34 Linear |R| = [32m5.699099e+03[39m
     35 Linear |R| = [32m5.031302e+03[39m
     36 Linear |R| = [32m4.704339e+03[39m
     37 Linear |R| = [33m4.622060e+03[39m
     38 Linear |R| = [33m4.589584e+03[39m
     39 Linear |R| = [33m4.575155e+03[39m
     40 Linear |R| = [33m4.546567e+03[39m
     41 Linear |R| = [33m4.525934e+03[39m
     42 Linear |R| = [33m4.524286e+03[39m
     43 Linear |R| = [33m4.517182e+03[39m
     44 Linear |R| = [33m4.509998e+03[39m
     45 Linear |R| = [33m4.504580e+03[39m
     46 Linear |R| = [33m4.504579e+03[39m
     47 Linear |R| = [33m4.503542e+03[39m
     48 Linear |R| = [33m4.503434e+03[39m
     49 Linear |R| = [33m4.500644e+03[39m
     50 Linear |R| = [33m4.500560e+03[39m
     51 Linear |R| = [33m4.499809e+03[39m
     52 Linear |R| = [33m4.499804e+03[39m
     53 Linear |R| = [33m4.499802e+03[39m
     54 Linear |R| = [33m4.499319e+03[39m
     55 Linear |R| = [33m4.481841e+03[39m
     56 Linear |R| = [33m4.454956e+03[39m
     57 Linear |R| = [33m4.388319e+03[39m
     58 Linear |R| = [33m4.259418e+03[39m
     59 Linear |R| = [33m4.074017e+03[39m
     60 Linear |R| = [31m4.311386e+03[39m
     61 Linear |R| = [32m3.606537e+03[39m
     62 Linear |R| = [32m3.297304e+03[39m
     63 Linear |R| = [32m3.098371e+03[39m
     64 Linear |R| = [33m3.002990e+03[39m
     65 Linear |R| = [33m2.938264e+03[39m
     66 Linear |R| = [33m2.914145e+03[39m
     67 Linear |R| = [33m2.904453e+03[39m
     68 Linear |R| = [33m2.904143e+03[39m
     69 Linear |R| = [33m2.903818e+03[39m
     70 Linear |R| = [33m2.902824e+03[39m
     71 Linear |R| = [33m2.901092e+03[39m
     72 Linear |R| = [33m2.901087e+03[39m
     73 Linear |R| = [33m2.900120e+03[39m
     74 Linear |R| = [33m2.899549e+03[39m
     75 Linear |R| = [33m2.899441e+03[39m
     76 Linear |R| = [33m2.897319e+03[39m
     77 Linear |R| = [33m2.894445e+03[39m
     78 Linear |R| = [33m2.891967e+03[39m
     79 Linear |R| = [33m2.891391e+03[39m
     80 Linear |R| = [33m2.890824e+03[39m
     81 Linear |R| = [33m2.888019e+03[39m
     82 Linear |R| = [33m2.883920e+03[39m
     83 Linear |R| = [33m2.880227e+03[39m
     84 Linear |R| = [33m2.859884e+03[39m
     85 Linear |R| = [33m2.829183e+03[39m
     86 Linear |R| = [33m2.787184e+03[39m
     87 Linear |R| = [33m2.718106e+03[39m
     88 Linear |R| = [33m2.611900e+03[39m
     89 Linear |R| = [33m2.505954e+03[39m
    Linear solve did not converge due to DIVERGED_BREAKDOWN iterations 90
16 Nonlinear |R| = [33m1.673829e+04[39m
      0 Linear |R| = [32m1.673829e+04[39m
      1 Linear |R| = [33m1.591925e+04[39m
      2 Linear |R| = [32m1.353950e+04[39m
      3 Linear |R| = [33m1.296116e+04[39m
      4 Linear |R| = [33m1.277790e+04[39m
      5 Linear |R| = [33m1.257777e+04[39m
      6 Linear |R| = [33m1.248695e+04[39m
      7 Linear |R| = [33m1.246383e+04[39m
      8 Linear |R| = [33m1.246372e+04[39m
      9 Linear |R| = [33m1.246013e+04[39m
     10 Linear |R| = [33m1.245958e+04[39m
     11 Linear |R| = [33m1.244174e+04[39m
     12 Linear |R| = [33m1.244038e+04[39m
     13 Linear |R| = [33m1.244038e+04[39m
     14 Linear |R| = [33m1.243363e+04[39m
     15 Linear |R| = [33m1.242766e+04[39m
     16 Linear |R| = [33m1.242640e+04[39m
     17 Linear |R| = [33m1.242594e+04[39m
     18 Linear |R| = [33m1.242442e+04[39m
     19 Linear |R| = [33m1.241890e+04[39m
     20 Linear |R| = [33m1.241643e+04[39m
     21 Linear |R| = [33m1.241178e+04[39m
     22 Linear |R| = [33m1.240637e+04[39m
     23 Linear |R| = [33m1.238770e+04[39m
     24 Linear |R| = [33m1.224587e+04[39m
     25 Linear |R| = [33m1.203485e+04[39m
     26 Linear |R| = [33m1.150134e+04[39m
     27 Linear |R| = [32m1.053857e+04[39m
     28 Linear |R| = [32m9.292386e+03[39m
     29 Linear |R| = [32m8.080856e+03[39m
     30 Linear |R| = [31m8.408626e+03[39m
     31 Linear |R| = [32m7.103536e+03[39m
     32 Linear |R| = [32m6.683174e+03[39m
     33 Linear |R| = [32m6.231760e+03[39m
     34 Linear |R| = [32m5.742523e+03[39m
     35 Linear |R| = [32m5.075042e+03[39m
     36 Linear |R| = [32m4.748374e+03[39m
     37 Linear |R| = [33m4.666790e+03[39m
     38 Linear |R| = [33m4.634568e+03[39m
     39 Linear |R| = [33m4.620285e+03[39m
     40 Linear |R| = [33m4.591648e+03[39m
     41 Linear |R| = [33m4.570927e+03[39m
     42 Linear |R| = [33m4.569301e+03[39m
     43 Linear |R| = [33m4.562176e+03[39m
     44 Linear |R| = [33m4.554939e+03[39m
     45 Linear |R| = [33m4.549498e+03[39m
     46 Linear |R| = [33m4.549497e+03[39m
     47 Linear |R| = [33m4.548450e+03[39m
     48 Linear |R| = [33m4.548343e+03[39m
     49 Linear |R| = [33m4.545515e+03[39m
     50 Linear |R| = [33m4.545429e+03[39m
     51 Linear |R| = [33m4.544665e+03[39m
     52 Linear |R| = [33m4.544660e+03[39m
     53 Linear |R| = [33m4.544658e+03[39m
     54 Linear |R| = [33m4.544170e+03[39m
     55 Linear |R| = [33m4.526537e+03[39m
     56 Linear |R| = [33m4.499392e+03[39m
     57 Linear |R| = [33m4.432208e+03[39m
     58 Linear |R| = [33m4.302072e+03[39m
     59 Linear |R| = [33m4.114900e+03[39m
     60 Linear |R| = [31m4.365026e+03[39m
     61 Linear |R| = [32m3.647231e+03[39m
     62 Linear |R| = [32m3.333549e+03[39m
     63 Linear |R| = [32m3.132512e+03[39m
     64 Linear |R| = [33m3.036031e+03[39m
     65 Linear |R| = [33m2.970312e+03[39m
     66 Linear |R| = [33m2.945830e+03[39m
     67 Linear |R| = [33m2.936002e+03[39m
     68 Linear |R| = [33m2.935670e+03[39m
     69 Linear |R| = [33m2.935339e+03[39m
     70 Linear |R| = [33m2.934320e+03[39m
     71 Linear |R| = [33m2.932542e+03[39m
     72 Linear |R| = [33m2.932537e+03[39m
     73 Linear |R| = [33m2.931538e+03[39m
     74 Linear |R| = [33m2.930964e+03[39m
     75 Linear |R| = [33m2.930861e+03[39m
     76 Linear |R| = [33m2.928708e+03[39m
     77 Linear |R| = [33m2.925794e+03[39m
     78 Linear |R| = [33m2.923276e+03[39m
     79 Linear |R| = [33m2.922676e+03[39m
     80 Linear |R| = [33m2.922107e+03[39m
     81 Linear |R| = [33m2.919306e+03[39m
     82 Linear |R| = [33m2.915223e+03[39m
     83 Linear |R| = [33m2.911627e+03[39m
     84 Linear |R| = [33m2.891777e+03[39m
     85 Linear |R| = [33m2.862468e+03[39m
     86 Linear |R| = [33m2.823386e+03[39m
     87 Linear |R| = [33m2.758736e+03[39m
     88 Linear |R| = [33m2.657910e+03[39m
     89 Linear |R| = [33m2.555712e+03[39m
    Linear solve did not converge due to DIVERGED_BREAKDOWN iterations 90
17 Nonlinear |R| = [33m1.673829e+04[39m
      0 Linear |R| = [32m1.673829e+04[39m
      1 Linear |R| = [33m1.591926e+04[39m
      2 Linear |R| = [32m1.353950e+04[39m
      3 Linear |R| = [33m1.296116e+04[39m
      4 Linear |R| = [33m1.277790e+04[39m
      5 Linear |R| = [33m1.257777e+04[39m
      6 Linear |R| = [33m1.248695e+04[39m
      7 Linear |R| = [33m1.246383e+04[39m
      8 Linear |R| = [33m1.246371e+04[39m
      9 Linear |R| = [33m1.246013e+04[39m
     10 Linear |R| = [33m1.245958e+04[39m
     11 Linear |R| = [33m1.244174e+04[39m
     12 Linear |R| = [33m1.244037e+04[39m
     13 Linear |R| = [33m1.244037e+04[39m
     14 Linear |R| = [33m1.243362e+04[39m
     15 Linear |R| = [33m1.242766e+04[39m
     16 Linear |R| = [33m1.242639e+04[39m
     17 Linear |R| = [33m1.242593e+04[39m
     18 Linear |R| = [33m1.242438e+04[39m
     19 Linear |R| = [33m1.241893e+04[39m
     20 Linear |R| = [33m1.241650e+04[39m
     21 Linear |R| = [33m1.241196e+04[39m
     22 Linear |R| = [33m1.240672e+04[39m
     23 Linear |R| = [33m1.238849e+04[39m
     24 Linear |R| = [33m1.224845e+04[39m
     25 Linear |R| = [33m1.204076e+04[39m
     26 Linear |R| = [33m1.151490e+04[39m
     27 Linear |R| = [32m1.056315e+04[39m
     28 Linear |R| = [32m9.325374e+03[39m
     29 Linear |R| = [32m8.117826e+03[39m
     30 Linear |R| = [31m8.454489e+03[39m
     31 Linear |R| = [32m7.148232e+03[39m
     32 Linear |R| = [32m6.726386e+03[39m
     33 Linear |R| = [32m6.275406e+03[39m
     34 Linear |R| = [32m5.788961e+03[39m
     35 Linear |R| = [32m5.121323e+03[39m
     36 Linear |R| = [32m4.794210e+03[39m
     37 Linear |R| = [33m4.712910e+03[39m
     38 Linear |R| = [33m4.680707e+03[39m
     39 Linear |R| = [33m4.666535e+03[39m
     40 Linear |R| = [33m4.637992e+03[39m
     41 Linear |R| = [33m4.617306e+03[39m
     42 Linear |R| = [33m4.615707e+03[39m
     43 Linear |R| = [33m4.608485e+03[39m
     44 Linear |R| = [33m4.601134e+03[39m
     45 Linear |R| = [33m4.595701e+03[39m
     46 Linear |R| = [33m4.595698e+03[39m
     47 Linear |R| = [33m4.594630e+03[39m
     48 Linear |R| = [33m4.594498e+03[39m
     49 Linear |R| = [33m4.591709e+03[39m
     50 Linear |R| = [33m4.591620e+03[39m
     51 Linear |R| = [33m4.590848e+03[39m
     52 Linear |R| = [33m4.590844e+03[39m
     53 Linear |R| = [33m4.590842e+03[39m
     54 Linear |R| = [33m4.590345e+03[39m
     55 Linear |R| = [33m4.572364e+03[39m
     56 Linear |R| = [33m4.545145e+03[39m
     57 Linear |R| = [33m4.477780e+03[39m
     58 Linear |R| = [33m4.346387e+03[39m
     59 Linear |R| = [33m4.155419e+03[39m
     60 Linear |R| = [31m4.425621e+03[39m
     61 Linear |R| = [32m3.682836e+03[39m
     62 Linear |R| = [32m3.361735e+03[39m
     63 Linear |R| = [32m3.156792e+03[39m
     64 Linear |R| = [33m3.058865e+03[39m
     65 Linear |R| = [33m2.991941e+03[39m
     66 Linear |R| = [33m2.966814e+03[39m
     67 Linear |R| = [33m2.956804e+03[39m
     68 Linear |R| = [33m2.956431e+03[39m
     69 Linear |R| = [33m2.956082e+03[39m
     70 Linear |R| = [33m2.954977e+03[39m
     71 Linear |R| = [33m2.953134e+03[39m
     72 Linear |R| = [33m2.953127e+03[39m
     73 Linear |R| = [33m2.952122e+03[39m
     74 Linear |R| = [33m2.951550e+03[39m
     75 Linear |R| = [33m2.951451e+03[39m
     76 Linear |R| = [33m2.949295e+03[39m
     77 Linear |R| = [33m2.946356e+03[39m
     78 Linear |R| = [33m2.943800e+03[39m
     79 Linear |R| = [33m2.943156e+03[39m
     80 Linear |R| = [33m2.942628e+03[39m
     81 Linear |R| = [33m2.939933e+03[39m
     82 Linear |R| = [33m2.936062e+03[39m
     83 Linear |R| = [33m2.932874e+03[39m
     84 Linear |R| = [33m2.914542e+03[39m
     85 Linear |R| = [33m2.887857e+03[39m
     86 Linear |R| = [33m2.852154e+03[39m
     87 Linear |R| = [33m2.791860e+03[39m
     88 Linear |R| = [33m2.696523e+03[39m
     89 Linear |R| = [33m2.599136e+03[39m
    Linear solve did not converge due to DIVERGED_BREAKDOWN iterations 90
18 Nonlinear |R| = [33m1.673829e+04[39m
      0 Linear |R| = [32m1.673829e+04[39m
      1 Linear |R| = [33m1.591926e+04[39m
      2 Linear |R| = [32m1.353946e+04[39m
      3 Linear |R| = [33m1.296113e+04[39m
      4 Linear |R| = [33m1.277791e+04[39m
      5 Linear |R| = [33m1.257783e+04[39m
      6 Linear |R| = [33m1.248703e+04[39m
      7 Linear |R| = [33m1.246395e+04[39m
      8 Linear |R| = [33m1.246383e+04[39m
      9 Linear |R| = [33m1.246023e+04[39m
     10 Linear |R| = [33m1.245969e+04[39m
     11 Linear |R| = [33m1.244198e+04[39m
     12 Linear |R| = [33m1.244067e+04[39m
     13 Linear |R| = [33m1.244067e+04[39m
     14 Linear |R| = [33m1.243419e+04[39m
     15 Linear |R| = [33m1.242782e+04[39m
     16 Linear |R| = [33m1.242681e+04[39m
     17 Linear |R| = [33m1.242656e+04[39m
     18 Linear |R| = [33m1.242559e+04[39m
     19 Linear |R| = [33m1.241797e+04[39m
     20 Linear |R| = [33m1.241329e+04[39m
     21 Linear |R| = [33m1.240377e+04[39m
     22 Linear |R| = [33m1.239120e+04[39m
     23 Linear |R| = [33m1.235388e+04[39m
     24 Linear |R| = [33m1.214232e+04[39m
     25 Linear |R| = [33m1.180022e+04[39m
     26 Linear |R| = [32m1.098345e+04[39m
     27 Linear |R| = [32m9.657453e+03[39m
     28 Linear |R| = [32m8.183194e+03[39m
     29 Linear |R| = [32m6.902186e+03[39m
    Linear solve did not converge due to DIVERGED_BREAKDOWN iterations 30
19 Nonlinear |R| = [33m1.673829e+04[39m
      0 Linear |R| = [32m1.673829e+04[39m
      1 Linear |R| = [33m1.591926e+04[39m
      2 Linear |R| = [32m1.353937e+04[39m
      3 Linear |R| = [33m1.296107e+04[39m
      4 Linear |R| = [33m1.277793e+04[39m
      5 Linear |R| = [33m1.257794e+04[39m
      6 Linear |R| = [33m1.248721e+04[39m
      7 Linear |R| = [33m1.246417e+04[39m
      8 Linear |R| = [33m1.246406e+04[39m
      9 Linear |R| = [33m1.246041e+04[39m
     10 Linear |R| = [33m1.245990e+04[39m
     11 Linear |R| = [33m1.244241e+04[39m
     12 Linear |R| = [33m1.244120e+04[39m
     13 Linear |R| = [33m1.244118e+04[39m
     14 Linear |R| = [33m1.243518e+04[39m
     15 Linear |R| = [33m1.242805e+04[39m
     16 Linear |R| = [33m1.242743e+04[39m
     17 Linear |R| = [33m1.242738e+04[39m
     18 Linear |R| = [33m1.242710e+04[39m
     19 Linear |R| = [33m1.241488e+04[39m
     20 Linear |R| = [33m1.240458e+04[39m
     21 Linear |R| = [33m1.238215e+04[39m
     22 Linear |R| = [33m1.234957e+04[39m
     23 Linear |R| = [33m1.226411e+04[39m
     24 Linear |R| = [33m1.190212e+04[39m
     25 Linear |R| = [32m1.128355e+04[39m
     26 Linear |R| = [32m9.969352e+03[39m
     27 Linear |R| = [32m8.194934e+03[39m
     28 Linear |R| = [32m6.593362e+03[39m
     29 Linear |R| = [32m5.376643e+03[39m
    Linear solve did not converge due to DIVERGED_BREAKDOWN iterations 30
20 Nonlinear |R| = [33m1.673829e+04[39m
      0 Linear |R| = [32m1.673829e+04[39m
      1 Linear |R| = [33m1.591926e+04[39m
      2 Linear |R| = [32m1.353934e+04[39m
      3 Linear |R| = [33m1.296105e+04[39m
      4 Linear |R| = [33m1.277793e+04[39m
      5 Linear |R| = [33m1.257799e+04[39m
      6 Linear |R| = [33m1.248728e+04[39m
      7 Linear |R| = [33m1.246426e+04[39m
      8 Linear |R| = [33m1.246415e+04[39m
      9 Linear |R| = [33m1.246050e+04[39m
     10 Linear |R| = [33m1.245999e+04[39m
     11 Linear |R| = [33m1.244254e+04[39m
     12 Linear |R| = [33m1.244135e+04[39m
     13 Linear |R| = [33m1.244133e+04[39m
     14 Linear |R| = [33m1.243545e+04[39m
     15 Linear |R| = [33m1.242812e+04[39m
     16 Linear |R| = [33m1.242758e+04[39m
     17 Linear |R| = [33m1.242757e+04[39m
     18 Linear |R| = [33m1.242739e+04[39m
     19 Linear |R| = [33m1.241382e+04[39m
     20 Linear |R| = [33m1.240171e+04[39m
     21 Linear |R| = [33m1.237511e+04[39m
     22 Linear |R| = [33m1.233592e+04[39m
     23 Linear |R| = [33m1.223516e+04[39m
     24 Linear |R| = [33m1.183008e+04[39m
     25 Linear |R| = [32m1.113558e+04[39m
     26 Linear |R| = [32m9.705758e+03[39m
     27 Linear |R| = [32m7.858418e+03[39m
     28 Linear |R| = [32m6.260392e+03[39m
     29 Linear |R| = [32m5.075738e+03[39m
    Linear solve did not converge due to DIVERGED_BREAKDOWN iterations 30
  Nonlinear solve did not converge due to DIVERGED_LINE_SEARCH iterations 20
  Finished Solving                                                                       [[33m 48.69 s[39m] [[33m  185 MB[39m]
[31m Solve Did NOT Converge![39m
Aborting as solve did not converge

Time Step 6, time = 0.275, dt = 0.025
 0 Nonlinear |R| = [32m1.830992e+04[39m
      0 Linear |R| = [32m1.830992e+04[39m
      1 Linear |R| = [32m1.709366e+04[39m
      2 Linear |R| = [32m1.288804e+04[39m
      3 Linear |R| = [32m1.126430e+04[39m
      4 Linear |R| = [32m1.024403e+04[39m
      5 Linear |R| = [32m8.674937e+03[39m
      6 Linear |R| = [32m6.309343e+03[39m
      7 Linear |R| = [32m4.027919e+03[39m
      8 Linear |R| = [32m2.471248e+03[39m
      9 Linear |R| = [32m1.453316e+03[39m
     10 Linear |R| = [32m7.885749e+02[39m
     11 Linear |R| = [32m4.360433e+02[39m
     12 Linear |R| = [32m2.448920e+02[39m
     13 Linear |R| = [32m1.395747e+02[39m
     14 Linear |R| = [32m8.382473e+01[39m
     15 Linear |R| = [32m4.851545e+01[39m
     16 Linear |R| = [32m2.921024e+01[39m
     17 Linear |R| = [32m1.735705e+01[39m
     18 Linear |R| = [32m1.029299e+01[39m
     19 Linear |R| = [32m6.741480e+00[39m
     20 Linear |R| = [32m4.998809e+00[39m
     21 Linear |R| = [32m3.887021e+00[39m
     22 Linear |R| = [32m2.838641e+00[39m
     23 Linear |R| = [32m1.964418e+00[39m
     24 Linear |R| = [32m1.251418e+00[39m
     25 Linear |R| = [32m7.230802e-01[39m
     26 Linear |R| = [32m4.471943e-01[39m
     27 Linear |R| = [32m2.639203e-01[39m
     28 Linear |R| = [32m1.488908e-01[39m
 1 Nonlinear |R| = [32m1.683659e+04[39m
      0 Linear |R| = [32m1.683659e+04[39m
      1 Linear |R| = [32m1.583898e+04[39m
      2 Linear |R| = [32m1.373079e+04[39m
      3 Linear |R| = [32m1.296640e+04[39m
      4 Linear |R| = [33m1.259302e+04[39m
      5 Linear |R| = [33m1.243215e+04[39m
      6 Linear |R| = [33m1.242350e+04[39m
      7 Linear |R| = [33m1.242152e+04[39m
      8 Linear |R| = [33m1.238714e+04[39m
      9 Linear |R| = [33m1.237173e+04[39m
     10 Linear |R| = [33m1.237173e+04[39m
     11 Linear |R| = [33m1.237130e+04[39m
     12 Linear |R| = [33m1.236217e+04[39m
     13 Linear |R| = [33m1.235946e+04[39m
     14 Linear |R| = [33m1.233565e+04[39m
     15 Linear |R| = [33m1.232982e+04[39m
     16 Linear |R| = [33m1.232965e+04[39m
     17 Linear |R| = [33m1.232779e+04[39m
     18 Linear |R| = [33m1.232705e+04[39m
     19 Linear |R| = [33m1.232703e+04[39m
     20 Linear |R| = [33m1.232693e+04[39m
     21 Linear |R| = [33m1.230985e+04[39m
     22 Linear |R| = [33m1.229400e+04[39m
     23 Linear |R| = [33m1.226120e+04[39m
     24 Linear |R| = [33m1.199175e+04[39m
     25 Linear |R| = [32m1.137703e+04[39m
     26 Linear |R| = [32m9.859093e+03[39m
     27 Linear |R| = [32m8.056902e+03[39m
     28 Linear |R| = [32m6.134577e+03[39m
     29 Linear |R| = [32m4.608326e+03[39m
    Linear solve did not converge due to DIVERGED_BREAKDOWN iterations 30
 2 Nonlinear |R| = [33m1.683621e+04[39m
      0 Linear |R| = [32m1.683621e+04[39m
      1 Linear |R| = [32m1.585055e+04[39m
      2 Linear |R| = [32m1.371732e+04[39m
      3 Linear |R| = [32m1.300524e+04[39m
      4 Linear |R| = [33m1.263571e+04[39m
      5 Linear |R| = [33m1.245230e+04[39m
      6 Linear |R| = [33m1.244019e+04[39m
      7 Linear |R| = [33m1.243944e+04[39m
      8 Linear |R| = [33m1.241886e+04[39m
      9 Linear |R| = [33m1.240726e+04[39m
     10 Linear |R| = [33m1.240694e+04[39m
     11 Linear |R| = [33m1.240549e+04[39m
     12 Linear |R| = [33m1.237852e+04[39m
     13 Linear |R| = [33m1.237650e+04[39m
     14 Linear |R| = [33m1.237376e+04[39m
     15 Linear |R| = [33m1.233343e+04[39m
     16 Linear |R| = [33m1.227603e+04[39m
     17 Linear |R| = [33m1.209134e+04[39m
     18 Linear |R| = [33m1.181599e+04[39m
     19 Linear |R| = [33m1.126983e+04[39m
     20 Linear |R| = [32m1.052382e+04[39m
     21 Linear |R| = [32m9.095598e+03[39m
     22 Linear |R| = [32m7.230492e+03[39m
     23 Linear |R| = [32m5.149059e+03[39m
     24 Linear |R| = [32m3.191956e+03[39m
     25 Linear |R| = [32m1.990464e+03[39m
     26 Linear |R| = [32m1.199347e+03[39m
     27 Linear |R| = [32m7.606435e+02[39m
     28 Linear |R| = [32m5.186934e+02[39m
     29 Linear |R| = [32m3.766843e+02[39m
     30 Linear |R| = [31m1.273534e+03[39m
     31 Linear |R| = [32m4.943040e+02[39m
     32 Linear |R| = [32m3.956841e+02[39m
     33 Linear |R| = [32m3.085090e+02[39m
     34 Linear |R| = [32m2.375110e+02[39m
     35 Linear |R| = [32m2.130663e+02[39m
     36 Linear |R| = [32m1.901157e+02[39m
     37 Linear |R| = [32m1.614238e+02[39m
     38 Linear |R| = [32m1.420488e+02[39m
     39 Linear |R| = [32m1.330262e+02[39m
     40 Linear |R| = [33m1.288889e+02[39m
     41 Linear |R| = [33m1.278835e+02[39m
     42 Linear |R| = [33m1.271910e+02[39m
     43 Linear |R| = [33m1.269372e+02[39m
     44 Linear |R| = [33m1.262698e+02[39m
     45 Linear |R| = [33m1.261078e+02[39m
     46 Linear |R| = [33m1.261076e+02[39m
     47 Linear |R| = [33m1.260965e+02[39m
     48 Linear |R| = [33m1.260965e+02[39m
     49 Linear |R| = [33m1.260930e+02[39m
     50 Linear |R| = [33m1.260557e+02[39m
     51 Linear |R| = [33m1.260320e+02[39m
     52 Linear |R| = [33m1.257416e+02[39m
     53 Linear |R| = [33m1.251653e+02[39m
     54 Linear |R| = [33m1.240509e+02[39m
     55 Linear |R| = [33m1.193111e+02[39m
     56 Linear |R| = [32m1.109106e+02[39m
     57 Linear |R| = [32m9.889170e+01[39m
     58 Linear |R| = [32m8.247545e+01[39m
     59 Linear |R| = [32m6.250377e+01[39m
     60 Linear |R| = [32m4.324657e+01[39m
     61 Linear |R| = [32m3.478375e+01[39m
     62 Linear |R| = [32m2.790798e+01[39m
     63 Linear |R| = [32m2.182730e+01[39m
     64 Linear |R| = [32m1.818862e+01[39m
     65 Linear |R| = [32m1.654731e+01[39m
     66 Linear |R| = [33m1.600084e+01[39m
     67 Linear |R| = [33m1.574369e+01[39m
     68 Linear |R| = [33m1.559418e+01[39m
     69 Linear |R| = [33m1.550682e+01[39m
     70 Linear |R| = [33m1.548052e+01[39m
     71 Linear |R| = [33m1.547497e+01[39m
     72 Linear |R| = [33m1.546883e+01[39m
     73 Linear |R| = [33m1.546018e+01[39m
     74 Linear |R| = [33m1.545638e+01[39m
     75 Linear |R| = [33m1.545624e+01[39m
     76 Linear |R| = [33m1.545585e+01[39m
     77 Linear |R| = [33m1.544866e+01[39m
     78 Linear |R| = [33m1.543949e+01[39m
     79 Linear |R| = [33m1.540662e+01[39m
     80 Linear |R| = [33m1.523947e+01[39m
     81 Linear |R| = [33m1.484216e+01[39m
     82 Linear |R| = [33m1.414750e+01[39m
     83 Linear |R| = [32m1.326048e+01[39m
     84 Linear |R| = [32m1.175081e+01[39m
     85 Linear |R| = [32m9.907131e+00[39m
     86 Linear |R| = [32m8.669664e+00[39m
     87 Linear |R| = [32m7.622864e+00[39m
     88 Linear |R| = [32m6.295864e+00[39m
     89 Linear |R| = [32m4.475609e+00[39m
     90 Linear |R| = [32m2.757243e+00[39m
     91 Linear |R| = [32m1.851327e+00[39m
     92 Linear |R| = [32m1.363698e+00[39m
     93 Linear |R| = [32m1.070160e+00[39m
     94 Linear |R| = [32m8.828462e-01[39m
     95 Linear |R| = [32m7.789136e-01[39m
     96 Linear |R| = [32m7.199566e-01[39m
     97 Linear |R| = [32m6.604561e-01[39m
     98 Linear |R| = [32m6.082359e-01[39m
     99 Linear |R| = [32m5.723095e-01[39m
    100 Linear |R| = [33m5.586975e-01[39m
    101 Linear |R| = [33m5.547924e-01[39m
    102 Linear |R| = [33m5.541934e-01[39m
    103 Linear |R| = [33m5.521787e-01[39m
    104 Linear |R| = [33m5.501295e-01[39m
    105 Linear |R| = [33m5.499572e-01[39m
    106 Linear |R| = [33m5.499557e-01[39m
    107 Linear |R| = [33m5.499557e-01[39m
    108 Linear |R| = [33m5.499114e-01[39m
    109 Linear |R| = [33m5.497912e-01[39m
    110 Linear |R| = [33m5.496207e-01[39m
    111 Linear |R| = [33m5.485396e-01[39m
    112 Linear |R| = [33m5.472527e-01[39m
    113 Linear |R| = [33m5.450433e-01[39m
    114 Linear |R| = [33m5.375344e-01[39m
    115 Linear |R| = [33m5.168904e-01[39m
    116 Linear |R| = [32m4.818496e-01[39m
    117 Linear |R| = [32m4.259136e-01[39m
    118 Linear |R| = [32m3.561732e-01[39m
    119 Linear |R| = [32m2.803248e-01[39m
    120 Linear |R| = [32m2.643994e-01[39m
    121 Linear |R| = [32m1.724022e-01[39m
    122 Linear |R| = [32m1.419998e-01[39m
 3 Nonlinear |R| = [33m1.683589e+04[39m
      0 Linear |R| = [32m1.683589e+04[39m
      1 Linear |R| = [32m1.585975e+04[39m
      2 Linear |R| = [32m1.370650e+04[39m
      3 Linear |R| = [33m1.302842e+04[39m
      4 Linear |R| = [33m1.266404e+04[39m
      5 Linear |R| = [33m1.246425e+04[39m
      6 Linear |R| = [33m1.244866e+04[39m
      7 Linear |R| = [33m1.244814e+04[39m
      8 Linear |R| = [33m1.243367e+04[39m
      9 Linear |R| = [33m1.242477e+04[39m
     10 Linear |R| = [33m1.242381e+04[39m
     11 Linear |R| = [33m1.242269e+04[39m
     12 Linear |R| = [33m1.238875e+04[39m
     13 Linear |R| = [33m1.238148e+04[39m
     14 Linear |R| = [33m1.238137e+04[39m
     15 Linear |R| = [33m1.232956e+04[39m
     16 Linear |R| = [33m1.224356e+04[39m
     17 Linear |R| = [33m1.194849e+04[39m
     18 Linear |R| = [33m1.148529e+04[39m
     19 Linear |R| = [32m1.065828e+04[39m
     20 Linear |R| = [32m9.621443e+03[39m
     21 Linear |R| = [32m7.959654e+03[39m
     22 Linear |R| = [32m5.953959e+03[39m
     23 Linear |R| = [32m4.024910e+03[39m
     24 Linear |R| = [32m2.426425e+03[39m
     25 Linear |R| = [32m1.476582e+03[39m
     26 Linear |R| = [32m8.868435e+02[39m
     27 Linear |R| = [32m5.592818e+02[39m
     28 Linear |R| = [32m3.826943e+02[39m
     29 Linear |R| = [32m2.781001e+02[39m
     30 Linear |R| = [31m9.373384e+02[39m
     31 Linear |R| = [32m3.719775e+02[39m
     32 Linear |R| = [32m2.946415e+02[39m
     33 Linear |R| = [32m2.307724e+02[39m
     34 Linear |R| = [32m1.772139e+02[39m
     35 Linear |R| = [32m1.578834e+02[39m
     36 Linear |R| = [32m1.417294e+02[39m
     37 Linear |R| = [32m1.215860e+02[39m
     38 Linear |R| = [32m1.073184e+02[39m
     39 Linear |R| = [32m1.007161e+02[39m
     40 Linear |R| = [33m9.773957e+01[39m
     41 Linear |R| = [33m9.696650e+01[39m
     42 Linear |R| = [33m9.642160e+01[39m
     43 Linear |R| = [33m9.625221e+01[39m
     44 Linear |R| = [33m9.576728e+01[39m
     45 Linear |R| = [33m9.562156e+01[39m
     46 Linear |R| = [33m9.562154e+01[39m
     47 Linear |R| = [33m9.562030e+01[39m
     48 Linear |R| = [33m9.561987e+01[39m
     49 Linear |R| = [33m9.560629e+01[39m
     50 Linear |R| = [33m9.555074e+01[39m
     51 Linear |R| = [33m9.551594e+01[39m
     52 Linear |R| = [33m9.518195e+01[39m
     53 Linear |R| = [33m9.450101e+01[39m
     54 Linear |R| = [33m9.291604e+01[39m
     55 Linear |R| = [32m8.753908e+01[39m
     56 Linear |R| = [32m7.773892e+01[39m
     57 Linear |R| = [32m6.524109e+01[39m
     58 Linear |R| = [32m5.064584e+01[39m
     59 Linear |R| = [32m3.648895e+01[39m
     60 Linear |R| = [32m2.448933e+01[39m
     61 Linear |R| = [32m1.920565e+01[39m
     62 Linear |R| = [32m1.481118e+01[39m
     63 Linear |R| = [32m1.095416e+01[39m
     64 Linear |R| = [32m8.481253e+00[39m
     65 Linear |R| = [32m7.293376e+00[39m
     66 Linear |R| = [32m6.864013e+00[39m
     67 Linear |R| = [33m6.665471e+00[39m
     68 Linear |R| = [33m6.564785e+00[39m
     69 Linear |R| = [33m6.506242e+00[39m
     70 Linear |R| = [33m6.485828e+00[39m
     71 Linear |R| = [33m6.481216e+00[39m
     72 Linear |R| = [33m6.476593e+00[39m
     73 Linear |R| = [33m6.472618e+00[39m
     74 Linear |R| = [33m6.471111e+00[39m
     75 Linear |R| = [33m6.470835e+00[39m
     76 Linear |R| = [33m6.470698e+00[39m
     77 Linear |R| = [33m6.468773e+00[39m
     78 Linear |R| = [33m6.464510e+00[39m
     79 Linear |R| = [33m6.449535e+00[39m
     80 Linear |R| = [33m6.384754e+00[39m
     81 Linear |R| = [33m6.231449e+00[39m
     82 Linear |R| = [33m5.966649e+00[39m
     83 Linear |R| = [32m5.577115e+00[39m
     84 Linear |R| = [32m4.961952e+00[39m
     85 Linear |R| = [32m4.233715e+00[39m
     86 Linear |R| = [32m3.702564e+00[39m
     87 Linear |R| = [32m3.233956e+00[39m
     88 Linear |R| = [32m2.672231e+00[39m
     89 Linear |R| = [32m1.933330e+00[39m
     90 Linear |R| = [32m1.213696e+00[39m
     91 Linear |R| = [32m8.318071e-01[39m
     92 Linear |R| = [32m6.244104e-01[39m
     93 Linear |R| = [32m4.965445e-01[39m
     94 Linear |R| = [32m4.109688e-01[39m
     95 Linear |R| = [32m3.670570e-01[39m
     96 Linear |R| = [32m3.423973e-01[39m
     97 Linear |R| = [32m3.148750e-01[39m
     98 Linear |R| = [32m2.894819e-01[39m
     99 Linear |R| = [32m2.747735e-01[39m
    100 Linear |R| = [33m2.696661e-01[39m
    101 Linear |R| = [33m2.683806e-01[39m
    102 Linear |R| = [33m2.682563e-01[39m
    103 Linear |R| = [33m2.675162e-01[39m
    104 Linear |R| = [33m2.668256e-01[39m
    105 Linear |R| = [33m2.667286e-01[39m
    106 Linear |R| = [33m2.667065e-01[39m
    107 Linear |R| = [33m2.666551e-01[39m
    108 Linear |R| = [33m2.666551e-01[39m
    109 Linear |R| = [33m2.666051e-01[39m
    110 Linear |R| = [33m2.664086e-01[39m
    111 Linear |R| = [33m2.653607e-01[39m
    112 Linear |R| = [33m2.641408e-01[39m
    113 Linear |R| = [33m2.616770e-01[39m
    114 Linear |R| = [33m2.546471e-01[39m
    115 Linear |R| = [32m2.366222e-01[39m
    116 Linear |R| = [32m2.036121e-01[39m
    117 Linear |R| = [32m1.648609e-01[39m
 4 Nonlinear |R| = [33m1.683561e+04[39m
      0 Linear |R| = [32m1.683561e+04[39m
      1 Linear |R| = [32m1.586699e+04[39m
      2 Linear |R| = [32m1.369833e+04[39m
      3 Linear |R| = [33m1.304469e+04[39m
      4 Linear |R| = [33m1.268718e+04[39m
      5 Linear |R| = [33m1.247627e+04[39m
      6 Linear |R| = [33m1.245814e+04[39m
      7 Linear |R| = [33m1.245778e+04[39m
      8 Linear |R| = [33m1.244765e+04[39m
      9 Linear |R| = [33m1.244140e+04[39m
     10 Linear |R| = [33m1.244022e+04[39m
     11 Linear |R| = [33m1.243876e+04[39m
     12 Linear |R| = [33m1.239399e+04[39m
     13 Linear |R| = [33m1.237497e+04[39m
     14 Linear |R| = [33m1.237190e+04[39m
     15 Linear |R| = [33m1.228359e+04[39m
     16 Linear |R| = [33m1.212228e+04[39m
     17 Linear |R| = [33m1.161284e+04[39m
     18 Linear |R| = [32m1.080225e+04[39m
     19 Linear |R| = [32m9.520080e+03[39m
     20 Linear |R| = [32m8.116999e+03[39m
     21 Linear |R| = [32m6.364738e+03[39m
     22 Linear |R| = [32m4.509470e+03[39m
     23 Linear |R| = [32m2.934608e+03[39m
     24 Linear |R| = [32m1.746935e+03[39m
     25 Linear |R| = [32m1.050389e+03[39m
     26 Linear |R| = [32m6.325697e+02[39m
     27 Linear |R| = [32m3.997491e+02[39m
     28 Linear |R| = [32m2.750029e+02[39m
     29 Linear |R| = [32m2.012611e+02[39m
     30 Linear |R| = [31m6.363525e+02[39m
     31 Linear |R| = [32m2.612663e+02[39m
     32 Linear |R| = [32m2.063892e+02[39m
     33 Linear |R| = [32m1.635693e+02[39m
     34 Linear |R| = [32m1.263561e+02[39m
     35 Linear |R| = [32m1.116656e+02[39m
     36 Linear |R| = [32m9.958453e+01[39m
     37 Linear |R| = [32m8.494325e+01[39m
     38 Linear |R| = [32m7.445895e+01[39m
     39 Linear |R| = [32m6.974837e+01[39m
     40 Linear |R| = [33m6.768375e+01[39m
     41 Linear |R| = [33m6.711435e+01[39m
     42 Linear |R| = [33m6.669637e+01[39m
     43 Linear |R| = [33m6.658053e+01[39m
     44 Linear |R| = [33m6.626928e+01[39m
     45 Linear |R| = [33m6.614973e+01[39m
     46 Linear |R| = [33m6.614958e+01[39m
     47 Linear |R| = [33m6.614941e+01[39m
     48 Linear |R| = [33m6.614631e+01[39m
     49 Linear |R| = [33m6.612129e+01[39m
     50 Linear |R| = [33m6.604187e+01[39m
     51 Linear |R| = [33m6.598045e+01[39m
     52 Linear |R| = [33m6.556631e+01[39m
     53 Linear |R| = [33m6.468151e+01[39m
     54 Linear |R| = [33m6.257439e+01[39m
     55 Linear |R| = [32m5.670740e+01[39m
     56 Linear |R| = [32m4.729583e+01[39m
     57 Linear |R| = [32m3.690327e+01[39m
     58 Linear |R| = [32m2.685194e+01[39m
     59 Linear |R| = [32m1.859997e+01[39m
     60 Linear |R| = [32m1.218050e+01[39m
     61 Linear |R| = [32m9.395656e+00[39m
     62 Linear |R| = [32m7.031867e+00[39m
     63 Linear |R| = [32m4.981568e+00[39m
     64 Linear |R| = [32m3.606244e+00[39m
     65 Linear |R| = [32m2.874921e+00[39m
     66 Linear |R| = [32m2.579879e+00[39m
     67 Linear |R| = [32m2.442069e+00[39m
     68 Linear |R| = [33m2.376885e+00[39m
     69 Linear |R| = [33m2.339546e+00[39m
     70 Linear |R| = [33m2.325778e+00[39m
     71 Linear |R| = [33m2.322573e+00[39m
     72 Linear |R| = [33m2.319328e+00[39m
     73 Linear |R| = [33m2.317169e+00[39m
     74 Linear |R| = [33m2.316687e+00[39m
     75 Linear |R| = [33m2.316294e+00[39m
     76 Linear |R| = [33m2.315829e+00[39m
     77 Linear |R| = [33m2.315516e+00[39m
     78 Linear |R| = [33m2.313978e+00[39m
     79 Linear |R| = [33m2.307770e+00[39m
     80 Linear |R| = [33m2.284090e+00[39m
     81 Linear |R| = [33m2.232708e+00[39m
     82 Linear |R| = [33m2.143049e+00[39m
     83 Linear |R| = [32m1.992790e+00[39m
     84 Linear |R| = [32m1.758222e+00[39m
     85 Linear |R| = [32m1.502008e+00[39m
     86 Linear |R| = [32m1.312285e+00[39m
     87 Linear |R| = [32m1.141584e+00[39m
     88 Linear |R| = [32m9.399918e-01[39m
     89 Linear |R| = [32m6.860183e-01[39m
     90 Linear |R| = [32m4.455584e-01[39m
     91 Linear |R| = [32m3.065279e-01[39m
     92 Linear |R| = [32m2.331210e-01[39m
     93 Linear |R| = [32m1.858423e-01[39m
     94 Linear |R| = [32m1.537329e-01[39m
 5 Nonlinear |R| = [33m1.683539e+04[39m
      0 Linear |R| = [32m1.683539e+04[39m
      1 Linear |R| = [32m1.587216e+04[39m
      2 Linear |R| = [32m1.369260e+04[39m
      3 Linear |R| = [33m1.305474e+04[39m
      4 Linear |R| = [33m1.270279e+04[39m
      5 Linear |R| = [33m1.248464e+04[39m
      6 Linear |R| = [33m1.246466e+04[39m
      7 Linear |R| = [33m1.246437e+04[39m
      8 Linear |R| = [33m1.245665e+04[39m
      9 Linear |R| = [33m1.245209e+04[39m
     10 Linear |R| = [33m1.245081e+04[39m
     11 Linear |R| = [33m1.244912e+04[39m
     12 Linear |R| = [33m1.239689e+04[39m
     13 Linear |R| = [33m1.236706e+04[39m
     14 Linear |R| = [33m1.235680e+04[39m
     15 Linear |R| = [33m1.223764e+04[39m
     16 Linear |R| = [33m1.201508e+04[39m
     17 Linear |R| = [32m1.134919e+04[39m
     18 Linear |R| = [32m1.030441e+04[39m
     19 Linear |R| = [32m8.779294e+03[39m
     20 Linear |R| = [32m7.235335e+03[39m
     21 Linear |R| = [32m5.546433e+03[39m
     22 Linear |R| = [32m3.848744e+03[39m
     23 Linear |R| = [32m2.466026e+03[39m
     24 Linear |R| = [32m1.463735e+03[39m
     25 Linear |R| = [32m8.740557e+02[39m
     26 Linear |R| = [32m5.268972e+02[39m
     27 Linear |R| = [32m3.340881e+02[39m
     28 Linear |R| = [32m2.306969e+02[39m
     29 Linear |R| = [32m1.697628e+02[39m
     30 Linear |R| = [31m5.135065e+02[39m
     31 Linear |R| = [32m2.161561e+02[39m
     32 Linear |R| = [32m1.702427e+02[39m
     33 Linear |R| = [32m1.360497e+02[39m
     34 Linear |R| = [32m1.056182e+02[39m
     35 Linear |R| = [32m9.277561e+01[39m
     36 Linear |R| = [32m8.236807e+01[39m
     37 Linear |R| = [32m7.002083e+01[39m
     38 Linear |R| = [32m6.110499e+01[39m
     39 Linear |R| = [32m5.717063e+01[39m
     40 Linear |R| = [33m5.548947e+01[39m
     41 Linear |R| = [33m5.500585e+01[39m
     42 Linear |R| = [33m5.463618e+01[39m
     43 Linear |R| = [33m5.454023e+01[39m
     44 Linear |R| = [33m5.430266e+01[39m
     45 Linear |R| = [33m5.419257e+01[39m
     46 Linear |R| = [33m5.419216e+01[39m
     47 Linear |R| = [33m5.419083e+01[39m
     48 Linear |R| = [33m5.418516e+01[39m
     49 Linear |R| = [33m5.415360e+01[39m
     50 Linear |R| = [33m5.405995e+01[39m
     51 Linear |R| = [33m5.398069e+01[39m
     52 Linear |R| = [33m5.351970e+01[39m
     53 Linear |R| = [33m5.251490e+01[39m
     54 Linear |R| = [33m5.011847e+01[39m
     55 Linear |R| = [32m4.406281e+01[39m
     56 Linear |R| = [32m3.536697e+01[39m
     57 Linear |R| = [32m2.657071e+01[39m
     58 Linear |R| = [32m1.875757e+01[39m
     59 Linear |R| = [32m1.279727e+01[39m
     60 Linear |R| = [32m8.295714e+00[39m
     61 Linear |R| = [32m6.352980e+00[39m
     62 Linear |R| = [32m4.697946e+00[39m
     63 Linear |R| = [32m3.270568e+00[39m
     64 Linear |R| = [32m2.304077e+00[39m
     65 Linear |R| = [32m1.758770e+00[39m
     66 Linear |R| = [32m1.525524e+00[39m
     67 Linear |R| = [32m1.415787e+00[39m
     68 Linear |R| = [33m1.365445e+00[39m
     69 Linear |R| = [33m1.336370e+00[39m
     70 Linear |R| = [33m1.325392e+00[39m
     71 Linear |R| = [33m1.322834e+00[39m
     72 Linear |R| = [33m1.320331e+00[39m
     73 Linear |R| = [33m1.318788e+00[39m
     74 Linear |R| = [33m1.318501e+00[39m
     75 Linear |R| = [33m1.318111e+00[39m
     76 Linear |R| = [33m1.317542e+00[39m
     77 Linear |R| = [33m1.317452e+00[39m
     78 Linear |R| = [33m1.316574e+00[39m
     79 Linear |R| = [33m1.312795e+00[39m
     80 Linear |R| = [33m1.298575e+00[39m
     81 Linear |R| = [33m1.270432e+00[39m
     82 Linear |R| = [33m1.221222e+00[39m
     83 Linear |R| = [32m1.132269e+00[39m
     84 Linear |R| = [32m9.922463e-01[39m
     85 Linear |R| = [32m8.469258e-01[39m
     86 Linear |R| = [32m7.399691e-01[39m
     87 Linear |R| = [32m6.419854e-01[39m
     88 Linear |R| = [32m5.264798e-01[39m
     89 Linear |R| = [32m3.857575e-01[39m
     90 Linear |R| = [32m2.568041e-01[39m
     91 Linear |R| = [32m1.757921e-01[39m
     92 Linear |R| = [32m1.343914e-01[39m
 6 Nonlinear |R| = [33m1.683486e+04[39m
      0 Linear |R| = [32m1.683486e+04[39m
      1 Linear |R| = [32m1.588397e+04[39m
      2 Linear |R| = [32m1.368136e+04[39m
      3 Linear |R| = [33m1.306510e+04[39m
      4 Linear |R| = [33m1.272293e+04[39m
      5 Linear |R| = [33m1.249058e+04[39m
      6 Linear |R| = [33m1.246695e+04[39m
      7 Linear |R| = [33m1.246679e+04[39m
      8 Linear |R| = [33m1.246244e+04[39m
      9 Linear |R| = [33m1.246013e+04[39m
     10 Linear |R| = [33m1.245845e+04[39m
     11 Linear |R| = [33m1.245712e+04[39m
     12 Linear |R| = [33m1.240099e+04[39m
     13 Linear |R| = [33m1.235769e+04[39m
     14 Linear |R| = [33m1.233259e+04[39m
     15 Linear |R| = [33m1.217997e+04[39m
     16 Linear |R| = [33m1.189494e+04[39m
     17 Linear |R| = [32m1.105885e+04[39m
     18 Linear |R| = [32m9.781870e+03[39m
     19 Linear |R| = [32m8.094187e+03[39m
     20 Linear |R| = [32m6.444378e+03[39m
     21 Linear |R| = [32m4.862240e+03[39m
     22 Linear |R| = [32m3.330091e+03[39m
     23 Linear |R| = [32m2.091613e+03[39m
     24 Linear |R| = [32m1.230225e+03[39m
     25 Linear |R| = [32m7.234669e+02[39m
     26 Linear |R| = [32m4.346828e+02[39m
     27 Linear |R| = [32m2.806249e+02[39m
     28 Linear |R| = [32m1.975728e+02[39m
     29 Linear |R| = [32m1.479639e+02[39m
     30 Linear |R| = [31m4.148494e+02[39m
     31 Linear |R| = [32m1.833070e+02[39m
     32 Linear |R| = [32m1.429964e+02[39m
     33 Linear |R| = [32m1.158991e+02[39m
     34 Linear |R| = [32m9.087352e+01[39m
     35 Linear |R| = [32m7.885099e+01[39m
     36 Linear |R| = [32m6.944232e+01[39m
     37 Linear |R| = [32m5.879574e+01[39m
     38 Linear |R| = [32m5.095952e+01[39m
     39 Linear |R| = [32m4.758298e+01[39m
     40 Linear |R| = [33m4.623351e+01[39m
     41 Linear |R| = [33m4.582439e+01[39m
     42 Linear |R| = [33m4.546487e+01[39m
     43 Linear |R| = [33m4.537582e+01[39m
     44 Linear |R| = [33m4.520318e+01[39m
     45 Linear |R| = [33m4.508761e+01[39m
     46 Linear |R| = [33m4.508590e+01[39m
     47 Linear |R| = [33m4.508250e+01[39m
     48 Linear |R| = [33m4.507149e+01[39m
     49 Linear |R| = [33m4.502691e+01[39m
     50 Linear |R| = [33m4.491080e+01[39m
     51 Linear |R| = [33m4.481963e+01[39m
     52 Linear |R| = [33m4.432208e+01[39m
     53 Linear |R| = [33m4.322480e+01[39m
     54 Linear |R| = [32m4.051992e+01[39m
     55 Linear |R| = [32m3.410670e+01[39m
     56 Linear |R| = [32m2.627296e+01[39m
     57 Linear |R| = [32m1.905838e+01[39m
     58 Linear |R| = [32m1.300853e+01[39m
     59 Linear |R| = [32m8.774077e+00[39m
     60 Linear |R| = [32m5.637820e+00[39m
     61 Linear |R| = [32m4.277559e+00[39m
     62 Linear |R| = [32m3.129865e+00[39m
     63 Linear |R| = [32m2.141012e+00[39m
     64 Linear |R| = [32m1.486134e+00[39m
     65 Linear |R| = [32m1.090321e+00[39m
     66 Linear |R| = [32m9.096168e-01[39m
     67 Linear |R| = [32m8.277054e-01[39m
     68 Linear |R| = [33m7.921882e-01[39m
     69 Linear |R| = [33m7.699748e-01[39m
     70 Linear |R| = [33m7.613075e-01[39m
     71 Linear |R| = [33m7.595234e-01[39m
     72 Linear |R| = [33m7.580427e-01[39m
     73 Linear |R| = [33m7.571356e-01[39m
     74 Linear |R| = [33m7.568920e-01[39m
     75 Linear |R| = [33m7.564370e-01[39m
     76 Linear |R| = [33m7.558657e-01[39m
     77 Linear |R| = [33m7.558297e-01[39m
     78 Linear |R| = [33m7.552755e-01[39m
     79 Linear |R| = [33m7.531748e-01[39m
     80 Linear |R| = [33m7.444234e-01[39m
     81 Linear |R| = [33m7.279540e-01[39m
     82 Linear |R| = [33m6.995352e-01[39m
     83 Linear |R| = [32m6.452329e-01[39m
     84 Linear |R| = [32m5.587598e-01[39m
     85 Linear |R| = [32m4.744769e-01[39m
     86 Linear |R| = [32m4.142387e-01[39m
     87 Linear |R| = [32m3.583607e-01[39m
     88 Linear |R| = [32m2.910823e-01[39m
     89 Linear |R| = [32m2.126525e-01[39m
     90 Linear |R| = [32m1.326813e-01[39m
 7 Nonlinear |R| = [33m1.683467e+04[39m
      0 Linear |R| = [32m1.683467e+04[39m
      1 Linear |R| = [32m1.588778e+04[39m
      2 Linear |R| = [32m1.367743e+04[39m
      3 Linear |R| = [33m1.307014e+04[39m
      4 Linear |R| = [33m1.273230e+04[39m
      5 Linear |R| = [33m1.249619e+04[39m
      6 Linear |R| = [33m1.247118e+04[39m
      7 Linear |R| = [33m1.247100e+04[39m
      8 Linear |R| = [33m1.246740e+04[39m
      9 Linear |R| = [33m1.246577e+04[39m
     10 Linear |R| = [33m1.246400e+04[39m
     11 Linear |R| = [33m1.246278e+04[39m
     12 Linear |R| = [33m1.240502e+04[39m
     13 Linear |R| = [33m1.235569e+04[39m
     14 Linear |R| = [33m1.232293e+04[39m
     15 Linear |R| = [33m1.215411e+04[39m
     16 Linear |R| = [33m1.184328e+04[39m
     17 Linear |R| = [32m1.094869e+04[39m
     18 Linear |R| = [32m9.588333e+03[39m
     19 Linear |R| = [32m7.841885e+03[39m
     20 Linear |R| = [32m6.159202e+03[39m
     21 Linear |R| = [32m4.619467e+03[39m
     22 Linear |R| = [32m3.153169e+03[39m
     23 Linear |R| = [32m1.969343e+03[39m
     24 Linear |R| = [32m1.158174e+03[39m
     25 Linear |R| = [32m6.773747e+02[39m
     26 Linear |R| = [32m4.058863e+02[39m
     27 Linear |R| = [32m2.635349e+02[39m
     28 Linear |R| = [32m1.866313e+02[39m
     29 Linear |R| = [32m1.407485e+02[39m
     30 Linear |R| = [31m3.836594e+02[39m
     31 Linear |R| = [32m1.728719e+02[39m
     32 Linear |R| = [32m1.342045e+02[39m
     33 Linear |R| = [32m1.093969e+02[39m
     34 Linear |R| = [32m8.612573e+01[39m
     35 Linear |R| = [32m7.435533e+01[39m
     36 Linear |R| = [32m6.530315e+01[39m
     37 Linear |R| = [32m5.522200e+01[39m
     38 Linear |R| = [32m4.774726e+01[39m
     39 Linear |R| = [32m4.454428e+01[39m
     40 Linear |R| = [33m4.329102e+01[39m
     41 Linear |R| = [33m4.290456e+01[39m
     42 Linear |R| = [33m4.254867e+01[39m
     43 Linear |R| = [33m4.246104e+01[39m
     44 Linear |R| = [33m4.231096e+01[39m
     45 Linear |R| = [33m4.219453e+01[39m
     46 Linear |R| = [33m4.219202e+01[39m
     47 Linear |R| = [33m4.218791e+01[39m
     48 Linear |R| = [33m4.217519e+01[39m
     49 Linear |R| = [33m4.212779e+01[39m
     50 Linear |R| = [33m4.200274e+01[39m
     51 Linear |R| = [33m4.190117e+01[39m
     52 Linear |R| = [33m4.138497e+01[39m
     53 Linear |R| = [33m4.024296e+01[39m
     54 Linear |R| = [32m3.743113e+01[39m
     55 Linear |R| = [32m3.091192e+01[39m
     56 Linear |R| = [32m2.341532e+01[39m
     57 Linear |R| = [32m1.681247e+01[39m
     58 Linear |R| = [32m1.134962e+01[39m
     59 Linear |R| = [32m7.625981e+00[39m
     60 Linear |R| = [32m4.893114e+00[39m
     61 Linear |R| = [32m3.696964e+00[39m
     62 Linear |R| = [32m2.698323e+00[39m
     63 Linear |R| = [32m1.833640e+00[39m
     64 Linear |R| = [32m1.268325e+00[39m
     65 Linear |R| = [32m9.187277e-01[39m
     66 Linear |R| = [32m7.527412e-01[39m
     67 Linear |R| = [32m6.777021e-01[39m
     68 Linear |R| = [33m6.461342e-01[39m
     69 Linear |R| = [33m6.260508e-01[39m
     70 Linear |R| = [33m6.180885e-01[39m
     71 Linear |R| = [33m6.164340e-01[39m
     72 Linear |R| = [33m6.151829e-01[39m
     73 Linear |R| = [33m6.144402e-01[39m
     74 Linear |R| = [33m6.141988e-01[39m
     75 Linear |R| = [33m6.137243e-01[39m
     76 Linear |R| = [33m6.131638e-01[39m
     77 Linear |R| = [33m6.131384e-01[39m
     78 Linear |R| = [33m6.126986e-01[39m
     79 Linear |R| = [33m6.110167e-01[39m
     80 Linear |R| = [33m6.037485e-01[39m
     81 Linear |R| = [33m5.903953e-01[39m
     82 Linear |R| = [33m5.672918e-01[39m
     83 Linear |R| = [32m5.222975e-01[39m
     84 Linear |R| = [32m4.510488e-01[39m
     85 Linear |R| = [32m3.830003e-01[39m
     86 Linear |R| = [32m3.342143e-01[39m
     87 Linear |R| = [32m2.889433e-01[39m
     88 Linear |R| = [32m2.342706e-01[39m
     89 Linear |R| = [32m1.705311e-01[39m
     90 Linear |R| = [32m1.062480e-01[39m
 8 Nonlinear |R| = [33m1.683448e+04[39m
      0 Linear |R| = [32m1.683448e+04[39m
      1 Linear |R| = [32m1.589129e+04[39m
      2 Linear |R| = [32m1.367289e+04[39m
      3 Linear |R| = [33m1.307419e+04[39m
      4 Linear |R| = [33m1.274069e+04[39m
      5 Linear |R| = [33m1.250036e+04[39m
      6 Linear |R| = [33m1.247420e+04[39m
      7 Linear |R| = [33m1.247401e+04[39m
      8 Linear |R| = [33m1.247122e+04[39m
      9 Linear |R| = [33m1.247021e+04[39m
     10 Linear |R| = [33m1.246835e+04[39m
     11 Linear |R| = [33m1.246710e+04[39m
     12 Linear |R| = [33m1.240613e+04[39m
     13 Linear |R| = [33m1.234819e+04[39m
     14 Linear |R| = [33m1.230517e+04[39m
     15 Linear |R| = [33m1.211550e+04[39m
     16 Linear |R| = [33m1.176690e+04[39m
     17 Linear |R| = [32m1.079259e+04[39m
     18 Linear |R| = [32m9.330621e+03[39m
     19 Linear |R| = [32m7.523950e+03[39m
     20 Linear |R| = [32m5.817798e+03[39m
     21 Linear |R| = [32m4.340069e+03[39m
     22 Linear |R| = [32m2.954282e+03[39m
     23 Linear |R| = [32m1.835398e+03[39m
     24 Linear |R| = [32m1.080465e+03[39m
     25 Linear |R| = [32m6.302014e+02[39m
     26 Linear |R| = [32m3.771937e+02[39m
     27 Linear |R| = [32m2.471647e+02[39m
     28 Linear |R| = [32m1.765894e+02[39m
     29 Linear |R| = [32m1.342839e+02[39m
    Linear solve did not converge due to DIVERGED_BREAKDOWN iterations 30
 9 Nonlinear |R| = [33m1.683429e+04[39m
      0 Linear |R| = [32m1.683429e+04[39m
      1 Linear |R| = [32m1.589453e+04[39m
      2 Linear |R| = [32m1.366912e+04[39m
      3 Linear |R| = [33m1.307729e+04[39m
      4 Linear |R| = [33m1.274809e+04[39m
      5 Linear |R| = [33m1.250366e+04[39m
      6 Linear |R| = [33m1.247633e+04[39m
      7 Linear |R| = [33m1.247615e+04[39m
      8 Linear |R| = [33m1.247413e+04[39m
      9 Linear |R| = [33m1.247355e+04[39m
     10 Linear |R| = [33m1.247148e+04[39m
     11 Linear |R| = [33m1.247024e+04[39m
     12 Linear |R| = [33m1.240478e+04[39m
     13 Linear |R| = [33m1.233635e+04[39m
     14 Linear |R| = [33m1.228263e+04[39m
     15 Linear |R| = [33m1.207487e+04[39m
     16 Linear |R| = [33m1.168906e+04[39m
     17 Linear |R| = [32m1.063100e+04[39m
     18 Linear |R| = [32m9.076902e+03[39m
     19 Linear |R| = [32m7.230054e+03[39m
     20 Linear |R| = [32m5.515381e+03[39m
     21 Linear |R| = [32m4.096540e+03[39m
     22 Linear |R| = [32m2.779011e+03[39m
     23 Linear |R| = [32m1.721370e+03[39m
     24 Linear |R| = [32m1.014774e+03[39m
     25 Linear |R| = [32m5.892180e+02[39m
     26 Linear |R| = [32m3.507861e+02[39m
     27 Linear |R| = [32m2.293892e+02[39m
     28 Linear |R| = [32m1.638436e+02[39m
     29 Linear |R| = [32m1.247659e+02[39m
     30 Linear |R| = [31m3.235035e+02[39m
     31 Linear |R| = [32m1.510525e+02[39m
     32 Linear |R| = [32m1.161618e+02[39m
     33 Linear |R| = [32m9.559741e+01[39m
     34 Linear |R| = [32m7.578190e+01[39m
     35 Linear |R| = [32m6.483817e+01[39m
     36 Linear |R| = [32m5.665684e+01[39m
     37 Linear |R| = [32m4.779385e+01[39m
     38 Linear |R| = [32m4.117986e+01[39m
     39 Linear |R| = [32m3.833701e+01[39m
     40 Linear |R| = [33m3.726206e+01[39m
     41 Linear |R| = [33m3.691425e+01[39m
     42 Linear |R| = [33m3.657546e+01[39m
     43 Linear |R| = [33m3.649122e+01[39m
     44 Linear |R| = [33m3.638218e+01[39m
     45 Linear |R| = [33m3.626980e+01[39m
     46 Linear |R| = [33m3.626584e+01[39m
     47 Linear |R| = [33m3.626039e+01[39m
     48 Linear |R| = [33m3.624634e+01[39m
     49 Linear |R| = [33m3.619532e+01[39m
     50 Linear |R| = [33m3.605929e+01[39m
     51 Linear |R| = [33m3.593127e+01[39m
     52 Linear |R| = [33m3.538509e+01[39m
     53 Linear |R| = [33m3.416905e+01[39m
     54 Linear |R| = [32m3.114370e+01[39m
     55 Linear |R| = [32m2.464478e+01[39m
     56 Linear |R| = [32m1.801876e+01[39m
     57 Linear |R| = [32m1.268851e+01[39m
     58 Linear |R| = [32m8.417765e+00[39m
     59 Linear |R| = [32m5.642740e+00[39m
     60 Linear |R| = [32m3.619658e+00[39m
     61 Linear |R| = [32m2.716824e+00[39m
     62 Linear |R| = [32m1.975068e+00[39m
     63 Linear |R| = [32m1.326244e+00[39m
     64 Linear |R| = [32m9.137106e-01[39m
     65 Linear |R| = [32m6.483962e-01[39m
     66 Linear |R| = [32m5.124860e-01[39m
     67 Linear |R| = [32m4.517975e-01[39m
     68 Linear |R| = [32m4.270626e-01[39m
     69 Linear |R| = [33m4.114344e-01[39m
     70 Linear |R| = [33m4.050976e-01[39m
     71 Linear |R| = [33m4.036239e-01[39m
     72 Linear |R| = [33m4.027389e-01[39m
     73 Linear |R| = [33m4.022903e-01[39m
     74 Linear |R| = [33m4.020682e-01[39m
     75 Linear |R| = [33m4.015854e-01[39m
     76 Linear |R| = [33m4.011109e-01[39m
     77 Linear |R| = [33m4.010823e-01[39m
     78 Linear |R| = [33m4.007675e-01[39m
     79 Linear |R| = [33m3.996716e-01[39m
     80 Linear |R| = [33m3.948538e-01[39m
     81 Linear |R| = [33m3.856442e-01[39m
     82 Linear |R| = [33m3.690099e-01[39m
     83 Linear |R| = [32m3.366547e-01[39m
     84 Linear |R| = [32m2.877273e-01[39m
     85 Linear |R| = [32m2.421775e-01[39m
     86 Linear |R| = [32m2.099952e-01[39m
     87 Linear |R| = [32m1.806683e-01[39m
     88 Linear |R| = [32m1.463469e-01[39m
10 Nonlinear |R| = [33m1.683410e+04[39m
      0 Linear |R| = [32m1.683410e+04[39m
      1 Linear |R| = [32m1.589754e+04[39m
      2 Linear |R| = [32m1.366626e+04[39m
      3 Linear |R| = [33m1.308044e+04[39m
      4 Linear |R| = [33m1.275511e+04[39m
      5 Linear |R| = [33m1.250816e+04[39m
      6 Linear |R| = [33m1.247980e+04[39m
      7 Linear |R| = [33m1.247959e+04[39m
      8 Linear |R| = [33m1.247797e+04[39m
      9 Linear |R| = [33m1.247767e+04[39m
     10 Linear |R| = [33m1.247563e+04[39m
     11 Linear |R| = [33m1.247432e+04[39m
     12 Linear |R| = [33m1.240663e+04[39m
     13 Linear |R| = [33m1.233164e+04[39m
     14 Linear |R| = [33m1.226742e+04[39m
     15 Linear |R| = [33m1.203888e+04[39m
     16 Linear |R| = [33m1.161963e+04[39m
     17 Linear |R| = [32m1.050343e+04[39m
     18 Linear |R| = [32m8.883913e+03[39m
     19 Linear |R| = [32m7.003285e+03[39m
     20 Linear |R| = [32m5.279749e+03[39m
     21 Linear |R| = [32m3.906549e+03[39m
     22 Linear |R| = [32m2.648594e+03[39m
     23 Linear |R| = [32m1.635190e+03[39m
     24 Linear |R| = [32m9.655223e+02[39m
     25 Linear |R| = [32m5.590438e+02[39m
     26 Linear |R| = [32m3.310009e+02[39m
     27 Linear |R| = [32m2.167909e+02[39m
     28 Linear |R| = [32m1.550741e+02[39m
     29 Linear |R| = [32m1.184203e+02[39m
     30 Linear |R| = [31m3.023857e+02[39m
     31 Linear |R| = [32m1.433269e+02[39m
     32 Linear |R| = [32m1.095365e+02[39m
     33 Linear |R| = [32m9.050694e+01[39m
     34 Linear |R| = [32m7.197125e+01[39m
     35 Linear |R| = [32m6.131510e+01[39m
     36 Linear |R| = [32m5.350819e+01[39m
     37 Linear |R| = [32m4.514673e+01[39m
     38 Linear |R| = [32m3.889058e+01[39m
     39 Linear |R| = [32m3.618771e+01[39m
     40 Linear |R| = [33m3.519599e+01[39m
     41 Linear |R| = [33m3.486509e+01[39m
     42 Linear |R| = [33m3.453418e+01[39m
     43 Linear |R| = [33m3.445127e+01[39m
     44 Linear |R| = [33m3.435466e+01[39m
     45 Linear |R| = [33m3.424632e+01[39m
     46 Linear |R| = [33m3.424155e+01[39m
     47 Linear |R| = [33m3.423562e+01[39m
     48 Linear |R| = [33m3.422104e+01[39m
     49 Linear |R| = [33m3.416762e+01[39m
     50 Linear |R| = [33m3.402876e+01[39m
     51 Linear |R| = [33m3.389266e+01[39m
     52 Linear |R| = [33m3.333217e+01[39m
     53 Linear |R| = [33m3.208284e+01[39m
     54 Linear |R| = [32m2.896869e+01[39m
     55 Linear |R| = [32m2.244620e+01[39m
     56 Linear |R| = [32m1.611534e+01[39m
     57 Linear |R| = [32m1.126404e+01[39m
     58 Linear |R| = [32m7.437983e+00[39m
     59 Linear |R| = [32m4.988289e+00[39m
     60 Linear |R| = [32m3.213735e+00[39m
     61 Linear |R| = [32m2.404409e+00[39m
     62 Linear |R| = [32m1.746943e+00[39m
     63 Linear |R| = [32m1.168228e+00[39m
     64 Linear |R| = [32m8.034305e-01[39m
     65 Linear |R| = [32m5.651756e-01[39m
     66 Linear |R| = [32m4.390382e-01[39m
     67 Linear |R| = [32m3.829501e-01[39m
     68 Linear |R| = [32m3.605393e-01[39m
     69 Linear |R| = [33m3.465263e-01[39m
     70 Linear |R| = [33m3.408782e-01[39m
     71 Linear |R| = [33m3.394613e-01[39m
     72 Linear |R| = [33m3.387136e-01[39m
     73 Linear |R| = [33m3.383558e-01[39m
     74 Linear |R| = [33m3.381223e-01[39m
     75 Linear |R| = [33m3.376508e-01[39m
     76 Linear |R| = [33m3.371792e-01[39m
     77 Linear |R| = [33m3.371398e-01[39m
     78 Linear |R| = [33m3.368614e-01[39m
     79 Linear |R| = [33m3.359737e-01[39m
     80 Linear |R| = [33m3.319404e-01[39m
     81 Linear |R| = [33m3.239488e-01[39m
     82 Linear |R| = [33m3.087404e-01[39m
     83 Linear |R| = [32m2.789243e-01[39m
     84 Linear |R| = [32m2.348510e-01[39m
     85 Linear |R| = [32m1.942118e-01[39m
     86 Linear |R| = [32m1.667378e-01[39m
11 Nonlinear |R| = [33m1.683392e+04[39m
      0 Linear |R| = [32m1.683392e+04[39m
      1 Linear |R| = [32m1.590050e+04[39m
      2 Linear |R| = [32m1.366131e+04[39m
      3 Linear |R| = [33m1.308046e+04[39m
      4 Linear |R| = [33m1.275901e+04[39m
      5 Linear |R| = [33m1.250961e+04[39m
      6 Linear |R| = [33m1.248029e+04[39m
      7 Linear |R| = [33m1.248001e+04[39m
      8 Linear |R| = [33m1.247875e+04[39m
      9 Linear |R| = [33m1.247868e+04[39m
     10 Linear |R| = [33m1.247650e+04[39m
     11 Linear |R| = [33m1.247547e+04[39m
     12 Linear |R| = [33m1.240988e+04[39m
     13 Linear |R| = [33m1.233347e+04[39m
     14 Linear |R| = [33m1.226192e+04[39m
     15 Linear |R| = [33m1.202413e+04[39m
     16 Linear |R| = [33m1.159977e+04[39m
     17 Linear |R| = [32m1.047551e+04[39m
     18 Linear |R| = [32m8.828816e+03[39m
     19 Linear |R| = [32m6.922150e+03[39m
     20 Linear |R| = [32m5.190837e+03[39m
     21 Linear |R| = [32m3.829818e+03[39m
     22 Linear |R| = [32m2.595326e+03[39m
     23 Linear |R| = [32m1.601778e+03[39m
     24 Linear |R| = [32m9.469233e+02[39m
     25 Linear |R| = [32m5.472606e+02[39m
     26 Linear |R| = [32m3.231691e+02[39m
     27 Linear |R| = [32m2.131623e+02[39m
     28 Linear |R| = [32m1.537061e+02[39m
     29 Linear |R| = [32m1.185961e+02[39m
     30 Linear |R| = [31m1.524487e+03[39m
     31 Linear |R| = [32m5.051472e+02[39m
     32 Linear |R| = [32m2.212147e+02[39m
     33 Linear |R| = [32m1.366126e+02[39m
     34 Linear |R| = [32m9.886354e+01[39m
     35 Linear |R| = [32m7.879117e+01[39m
     36 Linear |R| = [32m6.791137e+01[39m
     37 Linear |R| = [32m5.904571e+01[39m
     38 Linear |R| = [32m5.172227e+01[39m
     39 Linear |R| = [32m4.525290e+01[39m
     40 Linear |R| = [32m4.105772e+01[39m
     41 Linear |R| = [33m3.932043e+01[39m
     42 Linear |R| = [33m3.840481e+01[39m
     43 Linear |R| = [33m3.810485e+01[39m
     44 Linear |R| = [33m3.799882e+01[39m
     45 Linear |R| = [33m3.789697e+01[39m
     46 Linear |R| = [33m3.785649e+01[39m
     47 Linear |R| = [33m3.785138e+01[39m
     48 Linear |R| = [33m3.783810e+01[39m
     49 Linear |R| = [33m3.782287e+01[39m
     50 Linear |R| = [33m3.773802e+01[39m
     51 Linear |R| = [33m3.760905e+01[39m
     52 Linear |R| = [33m3.721685e+01[39m
     53 Linear |R| = [33m3.593285e+01[39m
     54 Linear |R| = [32m3.336112e+01[39m
     55 Linear |R| = [32m2.757883e+01[39m
     56 Linear |R| = [32m2.003330e+01[39m
     57 Linear |R| = [32m1.334967e+01[39m
     58 Linear |R| = [32m8.748356e+00[39m
     59 Linear |R| = [32m5.780503e+00[39m
    Linear solve did not converge due to DIVERGED_BREAKDOWN iterations 60
12 Nonlinear |R| = [33m1.683377e+04[39m
      0 Linear |R| = [32m1.683377e+04[39m
      1 Linear |R| = [32m1.590539e+04[39m
      2 Linear |R| = [32m1.365886e+04[39m
      3 Linear |R| = [33m1.307235e+04[39m
      4 Linear |R| = [33m1.274254e+04[39m
      5 Linear |R| = [33m1.247883e+04[39m
      6 Linear |R| = [33m1.243526e+04[39m
      7 Linear |R| = [33m1.242899e+04[39m
      8 Linear |R| = [33m1.241577e+04[39m
      9 Linear |R| = [33m1.239753e+04[39m
     10 Linear |R| = [33m1.234002e+04[39m
     11 Linear |R| = [33m1.226335e+04[39m
     12 Linear |R| = [33m1.222120e+04[39m
     13 Linear |R| = [33m1.201006e+04[39m
     14 Linear |R| = [33m1.142854e+04[39m
     15 Linear |R| = [32m1.038314e+04[39m
     16 Linear |R| = [32m8.613854e+03[39m
     17 Linear |R| = [32m6.886070e+03[39m
     18 Linear |R| = [32m5.120859e+03[39m
     19 Linear |R| = [32m3.471395e+03[39m
     20 Linear |R| = [32m2.312259e+03[39m
     21 Linear |R| = [32m1.663514e+03[39m
     22 Linear |R| = [32m1.161504e+03[39m
     23 Linear |R| = [32m7.521487e+02[39m
     24 Linear |R| = [32m4.707396e+02[39m
     25 Linear |R| = [32m2.829902e+02[39m
     26 Linear |R| = [32m1.710083e+02[39m
     27 Linear |R| = [32m1.162022e+02[39m
     28 Linear |R| = [32m8.673270e+01[39m
     29 Linear |R| = [32m6.883056e+01[39m
     30 Linear |R| = [31m1.504229e+02[39m
     31 Linear |R| = [32m7.813719e+01[39m
     32 Linear |R| = [32m6.014533e+01[39m
     33 Linear |R| = [32m5.049967e+01[39m
     34 Linear |R| = [32m4.069622e+01[39m
     35 Linear |R| = [32m3.400055e+01[39m
     36 Linear |R| = [32m2.902175e+01[39m
     37 Linear |R| = [32m2.421287e+01[39m
     38 Linear |R| = [32m2.085194e+01[39m
     39 Linear |R| = [32m1.926654e+01[39m
     40 Linear |R| = [33m1.865639e+01[39m
     41 Linear |R| = [33m1.843570e+01[39m
     42 Linear |R| = [33m1.816621e+01[39m
     43 Linear |R| = [33m1.804715e+01[39m
     44 Linear |R| = [33m1.794489e+01[39m
     45 Linear |R| = [33m1.781209e+01[39m
     46 Linear |R| = [33m1.778729e+01[39m
     47 Linear |R| = [33m1.778048e+01[39m
     48 Linear |R| = [33m1.776061e+01[39m
     49 Linear |R| = [33m1.768590e+01[39m
     50 Linear |R| = [33m1.750580e+01[39m
     51 Linear |R| = [33m1.692093e+01[39m
     52 Linear |R| = [32m1.550801e+01[39m
     53 Linear |R| = [32m1.281936e+01[39m
     54 Linear |R| = [32m9.085012e+00[39m
     55 Linear |R| = [32m5.630445e+00[39m
     56 Linear |R| = [32m3.496075e+00[39m
     57 Linear |R| = [32m2.201916e+00[39m
     58 Linear |R| = [32m1.344475e+00[39m
     59 Linear |R| = [32m8.814367e-01[39m
     60 Linear |R| = [32m6.102901e-01[39m
     61 Linear |R| = [32m4.376878e-01[39m
     62 Linear |R| = [32m3.154310e-01[39m
     63 Linear |R| = [32m2.077720e-01[39m
     64 Linear |R| = [32m1.359774e-01[39m
13 Nonlinear |R| = [32m1.249571e+04[39m
      0 Linear |R| = [32m1.249571e+04[39m
      1 Linear |R| = [32m1.084026e+04[39m
      2 Linear |R| = [32m8.572427e+03[39m
      3 Linear |R| = [32m7.104291e+03[39m
      4 Linear |R| = [32m6.267563e+03[39m
      5 Linear |R| = [32m5.018295e+03[39m
      6 Linear |R| = [32m3.367236e+03[39m
      7 Linear |R| = [32m2.403471e+03[39m
      8 Linear |R| = [32m1.874516e+03[39m
      9 Linear |R| = [32m1.433148e+03[39m
     10 Linear |R| = [32m9.944985e+02[39m
     11 Linear |R| = [32m6.629712e+02[39m
     12 Linear |R| = [32m4.472438e+02[39m
     13 Linear |R| = [32m3.103023e+02[39m
     14 Linear |R| = [32m2.210381e+02[39m
     15 Linear |R| = [32m1.598634e+02[39m
     16 Linear |R| = [32m1.040022e+02[39m
     17 Linear |R| = [32m6.666335e+01[39m
     18 Linear |R| = [32m4.513100e+01[39m
     19 Linear |R| = [32m3.159118e+01[39m
     20 Linear |R| = [32m2.323802e+01[39m
     21 Linear |R| = [32m1.635040e+01[39m
     22 Linear |R| = [32m1.121062e+01[39m
     23 Linear |R| = [32m7.526589e+00[39m
     24 Linear |R| = [32m4.559998e+00[39m
     25 Linear |R| = [32m2.682785e+00[39m
     26 Linear |R| = [32m1.538137e+00[39m
     27 Linear |R| = [32m8.696511e-01[39m
     28 Linear |R| = [32m5.317068e-01[39m
     29 Linear |R| = [32m3.154150e-01[39m
     30 Linear |R| = [31m7.259786e-01[39m
     31 Linear |R| = [32m2.237439e-01[39m
     32 Linear |R| = [32m1.317194e-01[39m
     33 Linear |R| = [32m8.774751e-02[39m
14 Nonlinear |R| = [32m8.667546e+03[39m
      0 Linear |R| = [32m8.667546e+03[39m
      1 Linear |R| = [32m2.900024e+03[39m
      2 Linear |R| = [32m1.620240e+03[39m
      3 Linear |R| = [32m1.018844e+03[39m
      4 Linear |R| = [32m7.251462e+02[39m
      5 Linear |R| = [32m5.448077e+02[39m
      6 Linear |R| = [32m3.930421e+02[39m
      7 Linear |R| = [32m2.832772e+02[39m
      8 Linear |R| = [32m1.980417e+02[39m
      9 Linear |R| = [32m1.350961e+02[39m
     10 Linear |R| = [32m9.928453e+01[39m
     11 Linear |R| = [32m6.611277e+01[39m
     12 Linear |R| = [32m4.668730e+01[39m
     13 Linear |R| = [32m3.355230e+01[39m
     14 Linear |R| = [32m2.197014e+01[39m
     15 Linear |R| = [32m1.529541e+01[39m
     16 Linear |R| = [32m1.164729e+01[39m
     17 Linear |R| = [32m8.956196e+00[39m
     18 Linear |R| = [32m6.245165e+00[39m
     19 Linear |R| = [32m4.222454e+00[39m
     20 Linear |R| = [32m2.695320e+00[39m
     21 Linear |R| = [32m1.747792e+00[39m
     22 Linear |R| = [32m1.060944e+00[39m
     23 Linear |R| = [32m6.284501e-01[39m
     24 Linear |R| = [32m3.942213e-01[39m
     25 Linear |R| = [32m2.547339e-01[39m
     26 Linear |R| = [32m1.615777e-01[39m
     27 Linear |R| = [32m9.267836e-02[39m
     28 Linear |R| = [32m4.679395e-02[39m
15 Nonlinear |R| = [32m2.411909e+03[39m
      0 Linear |R| = [32m2.411909e+03[39m
      1 Linear |R| = [32m7.398107e+02[39m
      2 Linear |R| = [32m2.319464e+02[39m
      3 Linear |R| = [32m1.214233e+02[39m
      4 Linear |R| = [32m8.046906e+01[39m
      5 Linear |R| = [32m5.804282e+01[39m
      6 Linear |R| = [32m4.099988e+01[39m
      7 Linear |R| = [32m2.869279e+01[39m
      8 Linear |R| = [32m1.976530e+01[39m
      9 Linear |R| = [32m1.342912e+01[39m
     10 Linear |R| = [32m9.283589e+00[39m
     11 Linear |R| = [32m6.657087e+00[39m
     12 Linear |R| = [32m4.765599e+00[39m
     13 Linear |R| = [32m3.257621e+00[39m
     14 Linear |R| = [32m2.170471e+00[39m
     15 Linear |R| = [32m1.495031e+00[39m
     16 Linear |R| = [32m1.014867e+00[39m
     17 Linear |R| = [32m7.201112e-01[39m
     18 Linear |R| = [32m5.495698e-01[39m
     19 Linear |R| = [32m4.087982e-01[39m
     20 Linear |R| = [32m2.862744e-01[39m
     21 Linear |R| = [32m1.930482e-01[39m
     22 Linear |R| = [32m1.195952e-01[39m
     23 Linear |R| = [32m7.274823e-02[39m
     24 Linear |R| = [32m4.546169e-02[39m
     25 Linear |R| = [32m2.893118e-02[39m
     26 Linear |R| = [32m1.818586e-02[39m
16 Nonlinear |R| = [32m7.574267e+01[39m
      0 Linear |R| = [32m7.574267e+01[39m
      1 Linear |R| = [32m3.094853e+01[39m
      2 Linear |R| = [32m1.378607e+01[39m
      3 Linear |R| = [32m7.828699e+00[39m
      4 Linear |R| = [32m4.950307e+00[39m
      5 Linear |R| = [32m3.180074e+00[39m
      6 Linear |R| = [32m2.005294e+00[39m
      7 Linear |R| = [32m1.286790e+00[39m
      8 Linear |R| = [32m8.794495e-01[39m
      9 Linear |R| = [32m6.158743e-01[39m
     10 Linear |R| = [32m4.426612e-01[39m
     11 Linear |R| = [32m3.081964e-01[39m
     12 Linear |R| = [32m2.207821e-01[39m
     13 Linear |R| = [32m1.588890e-01[39m
     14 Linear |R| = [32m1.111805e-01[39m
     15 Linear |R| = [32m7.498512e-02[39m
     16 Linear |R| = [32m5.181993e-02[39m
     17 Linear |R| = [32m3.657911e-02[39m
     18 Linear |R| = [32m2.656917e-02[39m
     19 Linear |R| = [32m1.897992e-02[39m
     20 Linear |R| = [32m1.341589e-02[39m
     21 Linear |R| = [32m9.306969e-03[39m
     22 Linear |R| = [32m6.291882e-03[39m
     23 Linear |R| = [32m4.080966e-03[39m
     24 Linear |R| = [32m2.583774e-03[39m
     25 Linear |R| = [32m1.544944e-03[39m
     26 Linear |R| = [32m8.849177e-04[39m
     27 Linear |R| = [32m5.310436e-04[39m
17 Nonlinear |R| = [32m9.677596e-02[39m
      0 Linear |R| = [32m9.677596e-02[39m
      1 Linear |R| = [32m3.431121e-02[39m
      2 Linear |R| = [32m1.380214e-02[39m
      3 Linear |R| = [32m6.579958e-03[39m
      4 Linear |R| = [32m3.629591e-03[39m
      5 Linear |R| = [32m2.417168e-03[39m
      6 Linear |R| = [32m1.609057e-03[39m
      7 Linear |R| = [32m1.077209e-03[39m
      8 Linear |R| = [32m7.863959e-04[39m
      9 Linear |R| = [32m5.983236e-04[39m
     10 Linear |R| = [32m4.400769e-04[39m
     11 Linear |R| = [32m2.965326e-04[39m
     12 Linear |R| = [32m1.941246e-04[39m
     13 Linear |R| = [32m1.331857e-04[39m
     14 Linear |R| = [32m9.339186e-05[39m
     15 Linear |R| = [32m6.492819e-05[39m
     16 Linear |R| = [32m4.649901e-05[39m
     17 Linear |R| = [32m3.371660e-05[39m
     18 Linear |R| = [32m2.373264e-05[39m
     19 Linear |R| = [32m1.542718e-05[39m
     20 Linear |R| = [32m9.549828e-06[39m
     21 Linear |R| = [32m6.003282e-06[39m
     22 Linear |R| = [32m3.791447e-06[39m
     23 Linear |R| = [32m2.399858e-06[39m
     24 Linear |R| = [32m1.477222e-06[39m
     25 Linear |R| = [32m9.337068e-07[39m
18 Nonlinear |R| = [32m8.502206e-06[39m
  Finished Solving                                                                       [[33m 42.51 s[39m] [[33m  185 MB[39m]
[32m Solve Converged![39m

Postprocessor Values:
+----------------+----------------------+------------------+----------------+----------------+
| time           | compressive_strength | reaction_force_z | top_disp_z     | vonmises_max   |
+----------------+----------------------+------------------+----------------+----------------+
|   0.000000e+00 |         0.000000e+00 |     0.000000e+00 |   0.000000e+00 |   0.000000e+00 |
|   5.000000e-02 |        -1.335876e+07 |    -8.330071e-06 |  -1.500000e-04 |   4.463643e+07 |
|   1.000000e-01 |        -2.574405e+07 |     2.013561e-04 |  -3.000000e-04 |   5.993086e+07 |
|   1.500000e-01 |        -3.288826e+07 |     9.844400e-05 |  -4.500000e-04 |   5.997856e+07 |
|   2.000000e-01 |        -3.564811e+07 |     1.138218e-06 |  -6.000000e-04 |   5.998298e+07 |
|   2.500000e-01 |        -3.762195e+07 |    -1.270699e-06 |  -7.500000e-04 |   5.998536e+07 |
|   2.750000e-01 |        -3.826537e+07 |     6.452403e-08 |  -8.250000e-04 |   5.998628e+07 |
+----------------+----------------------+------------------+----------------+----------------+


Time Step 7, time = 0.325, dt = 0.05
 0 Nonlinear |R| = [32m1.810652e+04[39m
      0 Linear |R| = [32m1.810652e+04[39m
      1 Linear |R| = [32m1.693475e+04[39m
      2 Linear |R| = [32m1.268744e+04[39m
      3 Linear |R| = [32m1.085598e+04[39m
      4 Linear |R| = [32m1.000080e+04[39m
      5 Linear |R| = [32m8.684815e+03[39m
      6 Linear |R| = [32m6.495854e+03[39m
      7 Linear |R| = [32m4.408526e+03[39m
      8 Linear |R| = [32m2.947562e+03[39m
      9 Linear |R| = [32m1.936576e+03[39m
     10 Linear |R| = [32m1.180487e+03[39m
     11 Linear |R| = [32m7.588067e+02[39m
     12 Linear |R| = [32m4.788757e+02[39m
     13 Linear |R| = [32m3.127873e+02[39m
     14 Linear |R| = [32m2.020552e+02[39m
     15 Linear |R| = [32m1.245837e+02[39m
     16 Linear |R| = [32m7.882392e+01[39m
     17 Linear |R| = [32m4.861478e+01[39m
     18 Linear |R| = [32m2.975563e+01[39m
     19 Linear |R| = [32m1.850890e+01[39m
     20 Linear |R| = [32m1.196206e+01[39m
     21 Linear |R| = [32m8.139074e+00[39m
     22 Linear |R| = [32m5.248174e+00[39m
     23 Linear |R| = [32m3.227372e+00[39m
     24 Linear |R| = [32m2.118493e+00[39m
     25 Linear |R| = [32m1.407264e+00[39m
     26 Linear |R| = [32m9.928744e-01[39m
     27 Linear |R| = [32m6.542433e-01[39m
     28 Linear |R| = [32m4.296854e-01[39m
     29 Linear |R| = [32m3.085824e-01[39m
    Linear solve did not converge due to DIVERGED_BREAKDOWN iterations 30
 1 Nonlinear |R| = [32m1.673970e+04[39m
      0 Linear |R| = [32m1.673970e+04[39m
      1 Linear |R| = [33m1.590692e+04[39m
      2 Linear |R| = [32m1.347499e+04[39m
      3 Linear |R| = [33m1.290456e+04[39m
      4 Linear |R| = [33m1.274767e+04[39m
      5 Linear |R| = [33m1.258202e+04[39m
      6 Linear |R| = [33m1.252217e+04[39m
      7 Linear |R| = [33m1.252013e+04[39m
      8 Linear |R| = [33m1.250059e+04[39m
      9 Linear |R| = [33m1.241272e+04[39m
     10 Linear |R| = [33m1.231381e+04[39m
     11 Linear |R| = [33m1.211689e+04[39m
     12 Linear |R| = [32m1.148351e+04[39m
     13 Linear |R| = [32m1.051990e+04[39m
     14 Linear |R| = [32m9.416274e+03[39m
     15 Linear |R| = [32m7.586544e+03[39m
     16 Linear |R| = [32m5.782999e+03[39m
     17 Linear |R| = [32m4.292164e+03[39m
     18 Linear |R| = [32m3.077430e+03[39m
     19 Linear |R| = [32m2.081133e+03[39m
     20 Linear |R| = [32m1.424112e+03[39m
     21 Linear |R| = [32m9.587989e+02[39m
     22 Linear |R| = [32m7.066149e+02[39m
     23 Linear |R| = [32m4.859934e+02[39m
     24 Linear |R| = [32m3.108262e+02[39m
     25 Linear |R| = [32m1.964902e+02[39m
     26 Linear |R| = [32m1.175916e+02[39m
     27 Linear |R| = [32m7.380777e+01[39m
     28 Linear |R| = [32m4.715215e+01[39m
     29 Linear |R| = [32m3.088560e+01[39m
     30 Linear |R| = [32m2.506027e+01[39m
     31 Linear |R| = [32m1.776964e+01[39m
     32 Linear |R| = [32m1.431860e+01[39m
     33 Linear |R| = [32m1.187590e+01[39m
     34 Linear |R| = [32m9.273315e+00[39m
     35 Linear |R| = [32m7.293646e+00[39m
     36 Linear |R| = [32m5.916561e+00[39m
     37 Linear |R| = [32m4.620392e+00[39m
     38 Linear |R| = [32m3.538640e+00[39m
     39 Linear |R| = [32m2.571194e+00[39m
     40 Linear |R| = [32m1.997689e+00[39m
     41 Linear |R| = [32m1.697705e+00[39m
     42 Linear |R| = [32m1.575361e+00[39m
     43 Linear |R| = [33m1.518572e+00[39m
     44 Linear |R| = [33m1.493056e+00[39m
     45 Linear |R| = [33m1.481951e+00[39m
     46 Linear |R| = [33m1.478671e+00[39m
     47 Linear |R| = [33m1.477707e+00[39m
     48 Linear |R| = [33m1.477342e+00[39m
     49 Linear |R| = [33m1.474148e+00[39m
     50 Linear |R| = [33m1.465850e+00[39m
     51 Linear |R| = [33m1.449670e+00[39m
     52 Linear |R| = [33m1.422388e+00[39m
     53 Linear |R| = [33m1.362080e+00[39m
     54 Linear |R| = [32m1.223605e+00[39m
     55 Linear |R| = [32m9.998602e-01[39m
     56 Linear |R| = [32m7.733986e-01[39m
     57 Linear |R| = [32m5.407533e-01[39m
     58 Linear |R| = [32m3.451887e-01[39m
     59 Linear |R| = [32m2.078995e-01[39m
     60 Linear |R| = [32m1.297924e-01[39m
 2 Nonlinear |R| = [33m1.672278e+04[39m
      0 Linear |R| = [32m1.672278e+04[39m
      1 Linear |R| = [33m1.590430e+04[39m
      2 Linear |R| = [32m1.347027e+04[39m
      3 Linear |R| = [33m1.288790e+04[39m
      4 Linear |R| = [33m1.273199e+04[39m
      5 Linear |R| = [33m1.256558e+04[39m
      6 Linear |R| = [33m1.250738e+04[39m
      7 Linear |R| = [33m1.250477e+04[39m
      8 Linear |R| = [33m1.249053e+04[39m
      9 Linear |R| = [33m1.239843e+04[39m
     10 Linear |R| = [33m1.229942e+04[39m
     11 Linear |R| = [33m1.208210e+04[39m
     12 Linear |R| = [32m1.145844e+04[39m
     13 Linear |R| = [32m1.056156e+04[39m
     14 Linear |R| = [32m9.452810e+03[39m
     15 Linear |R| = [32m7.637536e+03[39m
     16 Linear |R| = [32m5.758100e+03[39m
     17 Linear |R| = [32m4.223460e+03[39m
     18 Linear |R| = [32m3.015676e+03[39m
     19 Linear |R| = [32m2.038947e+03[39m
     20 Linear |R| = [32m1.371077e+03[39m
     21 Linear |R| = [32m9.210985e+02[39m
     22 Linear |R| = [32m6.616948e+02[39m
     23 Linear |R| = [32m4.587721e+02[39m
     24 Linear |R| = [32m2.911542e+02[39m
     25 Linear |R| = [32m1.816872e+02[39m
     26 Linear |R| = [32m1.071174e+02[39m
     27 Linear |R| = [32m6.491840e+01[39m
     28 Linear |R| = [32m4.192141e+01[39m
     29 Linear |R| = [32m2.856656e+01[39m
     30 Linear |R| = [32m2.560297e+01[39m
     31 Linear |R| = [32m1.776114e+01[39m
     32 Linear |R| = [32m1.431848e+01[39m
     33 Linear |R| = [32m1.212407e+01[39m
     34 Linear |R| = [32m9.616847e+00[39m
     35 Linear |R| = [32m7.390080e+00[39m
     36 Linear |R| = [32m5.876729e+00[39m
     37 Linear |R| = [32m4.729022e+00[39m
     38 Linear |R| = [32m3.748142e+00[39m
     39 Linear |R| = [32m2.879227e+00[39m
     40 Linear |R| = [32m2.364375e+00[39m
     41 Linear |R| = [32m2.142691e+00[39m
     42 Linear |R| = [33m2.044797e+00[39m
     43 Linear |R| = [33m1.997901e+00[39m
     44 Linear |R| = [33m1.978817e+00[39m
     45 Linear |R| = [33m1.973919e+00[39m
     46 Linear |R| = [33m1.970812e+00[39m
     47 Linear |R| = [33m1.970366e+00[39m
     48 Linear |R| = [33m1.968782e+00[39m
     49 Linear |R| = [33m1.962770e+00[39m
     50 Linear |R| = [33m1.942438e+00[39m
     51 Linear |R| = [33m1.912001e+00[39m
     52 Linear |R| = [33m1.848051e+00[39m
     53 Linear |R| = [32m1.718845e+00[39m
     54 Linear |R| = [32m1.484920e+00[39m
     55 Linear |R| = [32m1.161865e+00[39m
     56 Linear |R| = [32m8.210812e-01[39m
     57 Linear |R| = [32m5.459680e-01[39m
     58 Linear |R| = [32m3.277739e-01[39m
     59 Linear |R| = [32m1.852791e-01[39m
     60 Linear |R| = [32m1.083476e-01[39m
 3 Nonlinear |R| = [33m1.672111e+04[39m
      0 Linear |R| = [32m1.672111e+04[39m
      1 Linear |R| = [33m1.590404e+04[39m
      2 Linear |R| = [32m1.347054e+04[39m
      3 Linear |R| = [33m1.288668e+04[39m
      4 Linear |R| = [33m1.273043e+04[39m
      5 Linear |R| = [33m1.256406e+04[39m
      6 Linear |R| = [33m1.250621e+04[39m
      7 Linear |R| = [33m1.250351e+04[39m
      8 Linear |R| = [33m1.248981e+04[39m
      9 Linear |R| = [33m1.239752e+04[39m
     10 Linear |R| = [33m1.229878e+04[39m
     11 Linear |R| = [33m1.207877e+04[39m
     12 Linear |R| = [32m1.145693e+04[39m
     13 Linear |R| = [32m1.056717e+04[39m
     14 Linear |R| = [32m9.457828e+03[39m
     15 Linear |R| = [32m7.646739e+03[39m
     16 Linear |R| = [32m5.758900e+03[39m
     17 Linear |R| = [32m4.217845e+03[39m
     18 Linear |R| = [32m3.010272e+03[39m
     19 Linear |R| = [32m2.035806e+03[39m
     20 Linear |R| = [32m1.365402e+03[39m
     21 Linear |R| = [32m9.178101e+02[39m
     22 Linear |R| = [32m6.572152e+02[39m
     23 Linear |R| = [32m4.557353e+02[39m
     24 Linear |R| = [32m2.896634e+02[39m
     25 Linear |R| = [32m1.804390e+02[39m
     26 Linear |R| = [32m1.060975e+02[39m
     27 Linear |R| = [32m6.406203e+01[39m
     28 Linear |R| = [32m4.140044e+01[39m
     29 Linear |R| = [32m2.828023e+01[39m
     30 Linear |R| = [32m2.575415e+01[39m
     31 Linear |R| = [32m1.780114e+01[39m
     32 Linear |R| = [32m1.433320e+01[39m
     33 Linear |R| = [32m1.216263e+01[39m
     34 Linear |R| = [32m9.680079e+00[39m
     35 Linear |R| = [32m7.427078e+00[39m
     36 Linear |R| = [32m5.891396e+00[39m
     37 Linear |R| = [32m4.755759e+00[39m
     38 Linear |R| = [32m3.787420e+00[39m
     39 Linear |R| = [32m2.928633e+00[39m
     40 Linear |R| = [32m2.418966e+00[39m
     41 Linear |R| = [32m2.202534e+00[39m
     42 Linear |R| = [33m2.105774e+00[39m
     43 Linear |R| = [33m2.058790e+00[39m
     44 Linear |R| = [33m2.040853e+00[39m
     45 Linear |R| = [33m2.036013e+00[39m
     46 Linear |R| = [33m2.032904e+00[39m
     47 Linear |R| = [33m2.032538e+00[39m
     48 Linear |R| = [33m2.030859e+00[39m
     49 Linear |R| = [33m2.024446e+00[39m
     50 Linear |R| = [33m2.002757e+00[39m
     51 Linear |R| = [33m1.969539e+00[39m
     52 Linear |R| = [33m1.899350e+00[39m
     53 Linear |R| = [32m1.759103e+00[39m
     54 Linear |R| = [32m1.515458e+00[39m
     55 Linear |R| = [32m1.180288e+00[39m
     56 Linear |R| = [32m8.270059e-01[39m
     57 Linear |R| = [32m5.485918e-01[39m
     58 Linear |R| = [32m3.290796e-01[39m
     59 Linear |R| = [32m1.860766e-01[39m
     60 Linear |R| = [32m1.079633e-01[39m
 4 Nonlinear |R| = [33m1.671944e+04[39m
      0 Linear |R| = [32m1.671944e+04[39m
      1 Linear |R| = [33m1.590348e+04[39m
      2 Linear |R| = [32m1.347112e+04[39m
      3 Linear |R| = [33m1.288509e+04[39m
      4 Linear |R| = [33m1.272773e+04[39m
      5 Linear |R| = [33m1.256051e+04[39m
      6 Linear |R| = [33m1.250251e+04[39m
      7 Linear |R| = [33m1.249951e+04[39m
      8 Linear |R| = [33m1.248713e+04[39m
      9 Linear |R| = [33m1.239747e+04[39m
     10 Linear |R| = [33m1.230279e+04[39m
     11 Linear |R| = [33m1.208930e+04[39m
     12 Linear |R| = [33m1.148819e+04[39m
     13 Linear |R| = [32m1.062066e+04[39m
     14 Linear |R| = [32m9.508257e+03[39m
     15 Linear |R| = [32m7.684816e+03[39m
     16 Linear |R| = [32m5.766400e+03[39m
     17 Linear |R| = [32m4.209941e+03[39m
     18 Linear |R| = [32m3.005158e+03[39m
     19 Linear |R| = [32m2.031668e+03[39m
     20 Linear |R| = [32m1.357009e+03[39m
     21 Linear |R| = [32m9.111349e+02[39m
     22 Linear |R| = [32m6.487893e+02[39m
     23 Linear |R| = [32m4.489487e+02[39m
     24 Linear |R| = [32m2.858046e+02[39m
     25 Linear |R| = [32m1.776543e+02[39m
     26 Linear |R| = [32m1.040717e+02[39m
     27 Linear |R| = [32m6.265522e+01[39m
     28 Linear |R| = [32m4.059649e+01[39m
     29 Linear |R| = [32m2.792253e+01[39m
     30 Linear |R| = [32m2.623731e+01[39m
     31 Linear |R| = [32m1.813920e+01[39m
     32 Linear |R| = [32m1.465542e+01[39m
     33 Linear |R| = [32m1.251092e+01[39m
     34 Linear |R| = [32m1.002482e+01[39m
     35 Linear |R| = [32m7.653778e+00[39m
     36 Linear |R| = [32m6.014428e+00[39m
     37 Linear |R| = [32m4.841461e+00[39m
     38 Linear |R| = [32m3.868330e+00[39m
     39 Linear |R| = [32m3.015250e+00[39m
     40 Linear |R| = [32m2.510698e+00[39m
     41 Linear |R| = [32m2.300105e+00[39m
     42 Linear |R| = [33m2.205149e+00[39m
     43 Linear |R| = [33m2.157662e+00[39m
     44 Linear |R| = [33m2.140830e+00[39m
     45 Linear |R| = [33m2.135884e+00[39m
     46 Linear |R| = [33m2.132694e+00[39m
     47 Linear |R| = [33m2.132428e+00[39m
     48 Linear |R| = [33m2.130710e+00[39m
     49 Linear |R| = [33m2.123783e+00[39m
     50 Linear |R| = [33m2.100385e+00[39m
     51 Linear |R| = [33m2.062924e+00[39m
     52 Linear |R| = [33m1.980383e+00[39m
     53 Linear |R| = [32m1.819821e+00[39m
     54 Linear |R| = [32m1.551877e+00[39m
     55 Linear |R| = [32m1.194021e+00[39m
     56 Linear |R| = [32m8.242496e-01[39m
     57 Linear |R| = [32m5.426314e-01[39m
     58 Linear |R| = [32m3.257331e-01[39m
     59 Linear |R| = [32m1.837514e-01[39m
     60 Linear |R| = [32m1.054527e-01[39m
 5 Nonlinear |R| = [33m1.671782e+04[39m
      0 Linear |R| = [32m1.671782e+04[39m
      1 Linear |R| = [33m1.590323e+04[39m
      2 Linear |R| = [32m1.347316e+04[39m
      3 Linear |R| = [33m1.288140e+04[39m
      4 Linear |R| = [33m1.272011e+04[39m
      5 Linear |R| = [33m1.254856e+04[39m
      6 Linear |R| = [33m1.248738e+04[39m
      7 Linear |R| = [33m1.248208e+04[39m
      8 Linear |R| = [33m1.247471e+04[39m
      9 Linear |R| = [33m1.240066e+04[39m
     10 Linear |R| = [33m1.232724e+04[39m
     11 Linear |R| = [33m1.215655e+04[39m
     12 Linear |R| = [33m1.165285e+04[39m
     13 Linear |R| = [32m1.089337e+04[39m
     14 Linear |R| = [32m9.804161e+03[39m
     15 Linear |R| = [32m7.935708e+03[39m
     16 Linear |R| = [32m5.945318e+03[39m
     17 Linear |R| = [32m4.344886e+03[39m
     18 Linear |R| = [32m3.092227e+03[39m
     19 Linear |R| = [32m2.069137e+03[39m
     20 Linear |R| = [32m1.367359e+03[39m
     21 Linear |R| = [32m9.194033e+02[39m
     22 Linear |R| = [32m6.529090e+02[39m
     23 Linear |R| = [32m4.527758e+02[39m
     24 Linear |R| = [32m2.927939e+02[39m
     25 Linear |R| = [32m1.858936e+02[39m
     26 Linear |R| = [32m1.106085e+02[39m
     27 Linear |R| = [32m6.661093e+01[39m
     28 Linear |R| = [32m4.353833e+01[39m
     29 Linear |R| = [32m3.089206e+01[39m
     30 Linear |R| = [31m3.098681e+01[39m
     31 Linear |R| = [32m2.185188e+01[39m
     32 Linear |R| = [32m1.804591e+01[39m
     33 Linear |R| = [32m1.565570e+01[39m
     34 Linear |R| = [32m1.259370e+01[39m
     35 Linear |R| = [32m9.361583e+00[39m
     36 Linear |R| = [32m7.118047e+00[39m
     37 Linear |R| = [32m5.610554e+00[39m
     38 Linear |R| = [32m4.486275e+00[39m
     39 Linear |R| = [32m3.555040e+00[39m
     40 Linear |R| = [32m3.016277e+00[39m
     41 Linear |R| = [32m2.788747e+00[39m
     42 Linear |R| = [33m2.680728e+00[39m
     43 Linear |R| = [33m2.622374e+00[39m
     44 Linear |R| = [33m2.600344e+00[39m
     45 Linear |R| = [33m2.592300e+00[39m
     46 Linear |R| = [33m2.586876e+00[39m
     47 Linear |R| = [33m2.586239e+00[39m
     48 Linear |R| = [33m2.585211e+00[39m
     49 Linear |R| = [33m2.578430e+00[39m
     50 Linear |R| = [33m2.553090e+00[39m
     51 Linear |R| = [33m2.511997e+00[39m
     52 Linear |R| = [33m2.413488e+00[39m
     53 Linear |R| = [32m2.214421e+00[39m
     54 Linear |R| = [32m1.870443e+00[39m
     55 Linear |R| = [32m1.423845e+00[39m
     56 Linear |R| = [32m9.711444e-01[39m
     57 Linear |R| = [32m6.323139e-01[39m
     58 Linear |R| = [32m3.810925e-01[39m
     59 Linear |R| = [32m2.178545e-01[39m
     60 Linear |R| = [32m1.235435e-01[39m
 6 Nonlinear |R| = [33m1.671644e+04[39m
      0 Linear |R| = [32m1.671644e+04[39m
      1 Linear |R| = [33m1.591954e+04[39m
      2 Linear |R| = [32m1.346173e+04[39m
      3 Linear |R| = [33m1.284831e+04[39m
      4 Linear |R| = [33m1.267192e+04[39m
      5 Linear |R| = [33m1.248716e+04[39m
      6 Linear |R| = [33m1.240878e+04[39m
      7 Linear |R| = [33m1.238655e+04[39m
      8 Linear |R| = [33m1.238466e+04[39m
      9 Linear |R| = [33m1.237892e+04[39m
     10 Linear |R| = [33m1.237886e+04[39m
     11 Linear |R| = [33m1.237620e+04[39m
     12 Linear |R| = [33m1.237327e+04[39m
     13 Linear |R| = [33m1.237314e+04[39m
     14 Linear |R| = [33m1.237194e+04[39m
     15 Linear |R| = [33m1.233377e+04[39m
     16 Linear |R| = [33m1.230608e+04[39m
     17 Linear |R| = [33m1.221876e+04[39m
     18 Linear |R| = [33m1.206533e+04[39m
     19 Linear |R| = [33m1.163220e+04[39m
     20 Linear |R| = [32m1.074031e+04[39m
     21 Linear |R| = [32m9.169133e+03[39m
     22 Linear |R| = [32m7.513477e+03[39m
     23 Linear |R| = [32m5.873063e+03[39m
     24 Linear |R| = [32m4.204920e+03[39m
     25 Linear |R| = [32m2.859460e+03[39m
     26 Linear |R| = [32m1.817014e+03[39m
     27 Linear |R| = [32m1.151060e+03[39m
     28 Linear |R| = [32m8.190972e+02[39m
     29 Linear |R| = [32m6.217190e+02[39m
    Linear solve did not converge due to DIVERGED_BREAKDOWN iterations 30
 7 Nonlinear |R| = [33m1.671644e+04[39m
      0 Linear |R| = [32m1.671644e+04[39m
      1 Linear |R| = [33m1.592116e+04[39m
      2 Linear |R| = [32m1.345899e+04[39m
      3 Linear |R| = [33m1.284431e+04[39m
      4 Linear |R| = [33m1.266637e+04[39m
      5 Linear |R| = [33m1.247904e+04[39m
      6 Linear |R| = [33m1.239730e+04[39m
      7 Linear |R| = [33m1.237125e+04[39m
      8 Linear |R| = [33m1.236737e+04[39m
      9 Linear |R| = [33m1.236513e+04[39m
     10 Linear |R| = [33m1.236282e+04[39m
     11 Linear |R| = [33m1.234780e+04[39m
     12 Linear |R| = [33m1.234492e+04[39m
     13 Linear |R| = [33m1.232400e+04[39m
     14 Linear |R| = [33m1.229026e+04[39m
     15 Linear |R| = [33m1.226977e+04[39m
     16 Linear |R| = [33m1.213648e+04[39m
     17 Linear |R| = [33m1.191254e+04[39m
     18 Linear |R| = [33m1.145595e+04[39m
     19 Linear |R| = [32m1.055560e+04[39m
     20 Linear |R| = [32m9.090113e+03[39m
     21 Linear |R| = [32m7.156228e+03[39m
     22 Linear |R| = [32m5.475320e+03[39m
     23 Linear |R| = [32m4.109043e+03[39m
     24 Linear |R| = [32m2.892742e+03[39m
     25 Linear |R| = [32m1.947055e+03[39m
     26 Linear |R| = [32m1.243276e+03[39m
     27 Linear |R| = [32m8.081358e+02[39m
     28 Linear |R| = [32m5.966076e+02[39m
     29 Linear |R| = [32m4.703752e+02[39m
    Linear solve did not converge due to DIVERGED_BREAKDOWN iterations 30
 8 Nonlinear |R| = [33m1.671642e+04[39m
      0 Linear |R| = [32m1.671642e+04[39m
      1 Linear |R| = [33m1.591785e+04[39m
      2 Linear |R| = [32m1.346303e+04[39m
      3 Linear |R| = [33m1.285169e+04[39m
      4 Linear |R| = [33m1.267678e+04[39m
      5 Linear |R| = [33m1.249325e+04[39m
      6 Linear |R| = [33m1.241658e+04[39m
      7 Linear |R| = [33m1.239671e+04[39m
      8 Linear |R| = [33m1.239584e+04[39m
      9 Linear |R| = [33m1.238657e+04[39m
     10 Linear |R| = [33m1.238611e+04[39m
     11 Linear |R| = [33m1.238611e+04[39m
     12 Linear |R| = [33m1.236881e+04[39m
     13 Linear |R| = [33m1.235282e+04[39m
     14 Linear |R| = [33m1.231351e+04[39m
     15 Linear |R| = [33m1.211683e+04[39m
     16 Linear |R| = [33m1.181808e+04[39m
     17 Linear |R| = [32m1.117880e+04[39m
     18 Linear |R| = [32m1.015897e+04[39m
     19 Linear |R| = [32m8.364056e+03[39m
     20 Linear |R| = [32m6.289446e+03[39m
     21 Linear |R| = [32m4.384606e+03[39m
     22 Linear |R| = [32m3.162730e+03[39m
     23 Linear |R| = [32m2.283713e+03[39m
     24 Linear |R| = [32m1.552559e+03[39m
     25 Linear |R| = [32m1.025665e+03[39m
     26 Linear |R| = [32m6.409644e+02[39m
     27 Linear |R| = [32m4.015291e+02[39m
     28 Linear |R| = [32m2.839943e+02[39m
     29 Linear |R| = [32m2.151752e+02[39m
    Linear solve did not converge due to DIVERGED_BREAKDOWN iterations 30
 9 Nonlinear |R| = [33m1.671638e+04[39m
      0 Linear |R| = [32m1.671638e+04[39m
      1 Linear |R| = [33m1.592300e+04[39m
      2 Linear |R| = [32m1.345524e+04[39m
      3 Linear |R| = [33m1.283767e+04[39m
      4 Linear |R| = [33m1.265578e+04[39m
      5 Linear |R| = [33m1.246212e+04[39m
      6 Linear |R| = [33m1.237190e+04[39m
      7 Linear |R| = [33m1.233649e+04[39m
      8 Linear |R| = [33m1.232578e+04[39m
      9 Linear |R| = [33m1.232544e+04[39m
     10 Linear |R| = [33m1.230473e+04[39m
     11 Linear |R| = [33m1.222106e+04[39m
     12 Linear |R| = [33m1.212649e+04[39m
     13 Linear |R| = [33m1.186904e+04[39m
     14 Linear |R| = [33m1.144613e+04[39m
     15 Linear |R| = [32m1.080959e+04[39m
     16 Linear |R| = [32m9.453359e+03[39m
     17 Linear |R| = [32m7.794786e+03[39m
     18 Linear |R| = [32m6.055232e+03[39m
     19 Linear |R| = [32m4.269759e+03[39m
     20 Linear |R| = [32m2.871884e+03[39m
     21 Linear |R| = [32m1.853896e+03[39m
     22 Linear |R| = [32m1.263838e+03[39m
     23 Linear |R| = [32m8.858239e+02[39m
     24 Linear |R| = [32m5.966776e+02[39m
     25 Linear |R| = [32m3.918321e+02[39m
     26 Linear |R| = [32m2.478658e+02[39m
     27 Linear |R| = [32m1.629065e+02[39m
     28 Linear |R| = [32m1.221652e+02[39m
     29 Linear |R| = [32m9.814057e+01[39m
    Linear solve did not converge due to DIVERGED_BREAKDOWN iterations 30
10 Nonlinear |R| = [33m1.671631e+04[39m
      0 Linear |R| = [32m1.671631e+04[39m
      1 Linear |R| = [33m1.590269e+04[39m
      2 Linear |R| = [32m1.347371e+04[39m
      3 Linear |R| = [33m1.288382e+04[39m
      4 Linear |R| = [33m1.272019e+04[39m
      5 Linear |R| = [33m1.254658e+04[39m
      6 Linear |R| = [33m1.248013e+04[39m
      7 Linear |R| = [33m1.247329e+04[39m
      8 Linear |R| = [33m1.246808e+04[39m
      9 Linear |R| = [33m1.241244e+04[39m
     10 Linear |R| = [33m1.236260e+04[39m
     11 Linear |R| = [33m1.224878e+04[39m
     12 Linear |R| = [33m1.185092e+04[39m
     13 Linear |R| = [32m1.121770e+04[39m
     14 Linear |R| = [32m1.027617e+04[39m
     15 Linear |R| = [32m8.535661e+03[39m
     16 Linear |R| = [32m6.573473e+03[39m
     17 Linear |R| = [32m4.858717e+03[39m
     18 Linear |R| = [32m3.481340e+03[39m
     19 Linear |R| = [32m2.353195e+03[39m
     20 Linear |R| = [32m1.569838e+03[39m
     21 Linear |R| = [32m1.052195e+03[39m
     22 Linear |R| = [32m7.548453e+02[39m
     23 Linear |R| = [32m5.347373e+02[39m
     24 Linear |R| = [32m3.541061e+02[39m
     25 Linear |R| = [32m2.276150e+02[39m
     26 Linear |R| = [32m1.357380e+02[39m
     27 Linear |R| = [32m8.155376e+01[39m
     28 Linear |R| = [32m5.364582e+01[39m
     29 Linear |R| = [32m3.788475e+01[39m
     30 Linear |R| = [33m3.638818e+01[39m
     31 Linear |R| = [32m2.537649e+01[39m
     32 Linear |R| = [32m2.089124e+01[39m
     33 Linear |R| = [32m1.804593e+01[39m
     34 Linear |R| = [32m1.446493e+01[39m
     35 Linear |R| = [32m1.081786e+01[39m
     36 Linear |R| = [32m8.364266e+00[39m
     37 Linear |R| = [32m6.611062e+00[39m
     38 Linear |R| = [32m5.291030e+00[39m
     39 Linear |R| = [32m4.178207e+00[39m
     40 Linear |R| = [32m3.531931e+00[39m
     41 Linear |R| = [32m3.249951e+00[39m
     42 Linear |R| = [33m3.118286e+00[39m
     43 Linear |R| = [33m3.047472e+00[39m
     44 Linear |R| = [33m3.016451e+00[39m
     45 Linear |R| = [33m3.005929e+00[39m
     46 Linear |R| = [33m2.998988e+00[39m
     47 Linear |R| = [33m2.997561e+00[39m
     48 Linear |R| = [33m2.996921e+00[39m
     49 Linear |R| = [33m2.993511e+00[39m
     50 Linear |R| = [33m2.977327e+00[39m
     51 Linear |R| = [33m2.952551e+00[39m
     52 Linear |R| = [33m2.889405e+00[39m
     53 Linear |R| = [32m2.737470e+00[39m
     54 Linear |R| = [32m2.435077e+00[39m
     55 Linear |R| = [32m1.965025e+00[39m
     56 Linear |R| = [32m1.421141e+00[39m
     57 Linear |R| = [32m9.485511e-01[39m
     58 Linear |R| = [32m5.851741e-01[39m
     59 Linear |R| = [32m3.417127e-01[39m
     60 Linear |R| = [32m1.922454e-01[39m
     61 Linear |R| = [32m1.352687e-01[39m
11 Nonlinear |R| = [33m1.671538e+04[39m
      0 Linear |R| = [32m1.671538e+04[39m
      1 Linear |R| = [33m1.591957e+04[39m
      2 Linear |R| = [32m1.345431e+04[39m
      3 Linear |R| = [33m1.284951e+04[39m
      4 Linear |R| = [33m1.267518e+04[39m
      5 Linear |R| = [33m1.249123e+04[39m
      6 Linear |R| = [33m1.241588e+04[39m
      7 Linear |R| = [33m1.239668e+04[39m
      8 Linear |R| = [33m1.239586e+04[39m
      9 Linear |R| = [33m1.238719e+04[39m
     10 Linear |R| = [33m1.238637e+04[39m
     11 Linear |R| = [33m1.238615e+04[39m
     12 Linear |R| = [33m1.237201e+04[39m
     13 Linear |R| = [33m1.235543e+04[39m
     14 Linear |R| = [33m1.232169e+04[39m
     15 Linear |R| = [33m1.213922e+04[39m
     16 Linear |R| = [33m1.187085e+04[39m
     17 Linear |R| = [33m1.130122e+04[39m
     18 Linear |R| = [32m1.039072e+04[39m
     19 Linear |R| = [32m8.730304e+03[39m
     20 Linear |R| = [32m6.745039e+03[39m
     21 Linear |R| = [32m4.727416e+03[39m
     22 Linear |R| = [32m3.442363e+03[39m
     23 Linear |R| = [32m2.509954e+03[39m
     24 Linear |R| = [32m1.713765e+03[39m
     25 Linear |R| = [32m1.123061e+03[39m
     26 Linear |R| = [32m6.989460e+02[39m
     27 Linear |R| = [32m4.346751e+02[39m
     28 Linear |R| = [32m3.031405e+02[39m
     29 Linear |R| = [32m2.266861e+02[39m
     30 Linear |R| = [31m2.353572e+02[39m
     31 Linear |R| = [32m1.689608e+02[39m
     32 Linear |R| = [32m1.439895e+02[39m
     33 Linear |R| = [32m1.260083e+02[39m
     34 Linear |R| = [32m1.019741e+02[39m
     35 Linear |R| = [32m7.385591e+01[39m
     36 Linear |R| = [32m5.372177e+01[39m
     37 Linear |R| = [32m4.105462e+01[39m
     38 Linear |R| = [32m3.422483e+01[39m
     39 Linear |R| = [32m2.902932e+01[39m
     40 Linear |R| = [32m2.579224e+01[39m
     41 Linear |R| = [32m2.436268e+01[39m
     42 Linear |R| = [33m2.352953e+01[39m
     43 Linear |R| = [33m2.297723e+01[39m
     44 Linear |R| = [33m2.273300e+01[39m
     45 Linear |R| = [33m2.265493e+01[39m
     46 Linear |R| = [33m2.258372e+01[39m
     47 Linear |R| = [33m2.253971e+01[39m
     48 Linear |R| = [33m2.253871e+01[39m
     49 Linear |R| = [33m2.253868e+01[39m
     50 Linear |R| = [33m2.253258e+01[39m
     51 Linear |R| = [33m2.252741e+01[39m
     52 Linear |R| = [33m2.249151e+01[39m
     53 Linear |R| = [33m2.243713e+01[39m
     54 Linear |R| = [33m2.228926e+01[39m
     55 Linear |R| = [33m2.170305e+01[39m
     56 Linear |R| = [32m2.022134e+01[39m
     57 Linear |R| = [32m1.745860e+01[39m
     58 Linear |R| = [32m1.352468e+01[39m
     59 Linear |R| = [32m9.325693e+00[39m
     60 Linear |R| = [32m5.610754e+00[39m
     61 Linear |R| = [32m4.083107e+00[39m
     62 Linear |R| = [32m2.828782e+00[39m
     63 Linear |R| = [32m1.983593e+00[39m
     64 Linear |R| = [32m1.511014e+00[39m
     65 Linear |R| = [32m1.249840e+00[39m
     66 Linear |R| = [32m1.120680e+00[39m
     67 Linear |R| = [32m1.056803e+00[39m
     68 Linear |R| = [33m1.043503e+00[39m
     69 Linear |R| = [33m1.035954e+00[39m
     70 Linear |R| = [33m1.026815e+00[39m
     71 Linear |R| = [33m1.026168e+00[39m
     72 Linear |R| = [33m1.025640e+00[39m
     73 Linear |R| = [33m1.024946e+00[39m
     74 Linear |R| = [33m1.024880e+00[39m
     75 Linear |R| = [33m1.024507e+00[39m
     76 Linear |R| = [33m1.024372e+00[39m
     77 Linear |R| = [33m1.024259e+00[39m
     78 Linear |R| = [33m1.022952e+00[39m
     79 Linear |R| = [33m1.018719e+00[39m
     80 Linear |R| = [33m1.003682e+00[39m
     81 Linear |R| = [33m9.805550e-01[39m
     82 Linear |R| = [32m9.192545e-01[39m
     83 Linear |R| = [32m7.797573e-01[39m
     84 Linear |R| = [32m6.099553e-01[39m
     85 Linear |R| = [32m4.380923e-01[39m
     86 Linear |R| = [32m2.897122e-01[39m
     87 Linear |R| = [32m2.021924e-01[39m
     88 Linear |R| = [32m1.555446e-01[39m
12 Nonlinear |R| = [33m1.671537e+04[39m
      0 Linear |R| = [32m1.671537e+04[39m
      1 Linear |R| = [33m1.592225e+04[39m
      2 Linear |R| = [32m1.345297e+04[39m
      3 Linear |R| = [33m1.283711e+04[39m
      4 Linear |R| = [33m1.265509e+04[39m
      5 Linear |R| = [33m1.246245e+04[39m
      6 Linear |R| = [33m1.237502e+04[39m
      7 Linear |R| = [33m1.234172e+04[39m
      8 Linear |R| = [33m1.233285e+04[39m
      9 Linear |R| = [33m1.233284e+04[39m
     10 Linear |R| = [33m1.231806e+04[39m
     11 Linear |R| = [33m1.224884e+04[39m
     12 Linear |R| = [33m1.218053e+04[39m
     13 Linear |R| = [33m1.199268e+04[39m
     14 Linear |R| = [33m1.165876e+04[39m
     15 Linear |R| = [33m1.115156e+04[39m
     16 Linear |R| = [32m9.976378e+03[39m
     17 Linear |R| = [32m8.429975e+03[39m
     18 Linear |R| = [32m6.687588e+03[39m
     19 Linear |R| = [32m4.813754e+03[39m
     20 Linear |R| = [32m3.288441e+03[39m
     21 Linear |R| = [32m2.141387e+03[39m
     22 Linear |R| = [32m1.485909e+03[39m
     23 Linear |R| = [32m1.053373e+03[39m
     24 Linear |R| = [32m7.109601e+02[39m
     25 Linear |R| = [32m4.657381e+02[39m
     26 Linear |R| = [32m2.926481e+02[39m
     27 Linear |R| = [32m1.884442e+02[39m
     28 Linear |R| = [32m1.382508e+02[39m
     29 Linear |R| = [32m1.090032e+02[39m
     30 Linear |R| = [31m1.166964e+02[39m
     31 Linear |R| = [32m8.698669e+01[39m
     32 Linear |R| = [32m7.520723e+01[39m
     33 Linear |R| = [32m6.576486e+01[39m
     34 Linear |R| = [32m5.151635e+01[39m
     35 Linear |R| = [32m3.552017e+01[39m
     36 Linear |R| = [32m2.488796e+01[39m
     37 Linear |R| = [32m1.872506e+01[39m
     38 Linear |R| = [32m1.568755e+01[39m
     39 Linear |R| = [32m1.336494e+01[39m
     40 Linear |R| = [32m1.178529e+01[39m
     41 Linear |R| = [32m1.092278e+01[39m
     42 Linear |R| = [33m1.037830e+01[39m
     43 Linear |R| = [33m1.003949e+01[39m
     44 Linear |R| = [33m9.893873e+00[39m
     45 Linear |R| = [33m9.839003e+00[39m
     46 Linear |R| = [33m9.798031e+00[39m
     47 Linear |R| = [33m9.768088e+00[39m
     48 Linear |R| = [33m9.759818e+00[39m
     49 Linear |R| = [33m9.750310e+00[39m
     50 Linear |R| = [33m9.741117e+00[39m
     51 Linear |R| = [33m9.707496e+00[39m
     52 Linear |R| = [33m9.643849e+00[39m
     53 Linear |R| = [33m9.448756e+00[39m
     54 Linear |R| = [32m8.938017e+00[39m
     55 Linear |R| = [32m7.991467e+00[39m
     56 Linear |R| = [32m6.361810e+00[39m
     57 Linear |R| = [32m4.457849e+00[39m
     58 Linear |R| = [32m2.949677e+00[39m
     59 Linear |R| = [32m1.895239e+00[39m
     60 Linear |R| = [32m1.192758e+00[39m
     61 Linear |R| = [32m8.881970e-01[39m
     62 Linear |R| = [32m6.390199e-01[39m
     63 Linear |R| = [32m4.508130e-01[39m
     64 Linear |R| = [32m3.247464e-01[39m
     65 Linear |R| = [32m2.567409e-01[39m
     66 Linear |R| = [32m2.266998e-01[39m
     67 Linear |R| = [33m2.159747e-01[39m
     68 Linear |R| = [33m2.113404e-01[39m
     69 Linear |R| = [33m2.092504e-01[39m
     70 Linear |R| = [33m2.082341e-01[39m
     71 Linear |R| = [33m2.066375e-01[39m
     72 Linear |R| = [33m2.062872e-01[39m
     73 Linear |R| = [33m2.060255e-01[39m
     74 Linear |R| = [33m2.059671e-01[39m
     75 Linear |R| = [33m2.059510e-01[39m
     76 Linear |R| = [33m2.057605e-01[39m
     77 Linear |R| = [33m2.051260e-01[39m
     78 Linear |R| = [33m2.036427e-01[39m
     79 Linear |R| = [33m1.987359e-01[39m
     80 Linear |R| = [33m1.904818e-01[39m
     81 Linear |R| = [32m1.791192e-01[39m
     82 Linear |R| = [32m1.502662e-01[39m
13 Nonlinear |R| = [33m1.671513e+04[39m
      0 Linear |R| = [32m1.671513e+04[39m
      1 Linear |R| = [33m1.591102e+04[39m
      2 Linear |R| = [32m1.345953e+04[39m
      3 Linear |R| = [33m1.286224e+04[39m
      4 Linear |R| = [33m1.269296e+04[39m
      5 Linear |R| = [33m1.251303e+04[39m
      6 Linear |R| = [33m1.244361e+04[39m
      7 Linear |R| = [33m1.243155e+04[39m
      8 Linear |R| = [33m1.243129e+04[39m
      9 Linear |R| = [33m1.240735e+04[39m
     10 Linear |R| = [33m1.239274e+04[39m
     11 Linear |R| = [33m1.237196e+04[39m
     12 Linear |R| = [33m1.224657e+04[39m
     13 Linear |R| = [33m1.203719e+04[39m
     14 Linear |R| = [33m1.166151e+04[39m
     15 Linear |R| = [32m1.065402e+04[39m
     16 Linear |R| = [32m9.220082e+03[39m
     17 Linear |R| = [32m7.430999e+03[39m
     18 Linear |R| = [32m5.656014e+03[39m
     19 Linear |R| = [32m3.907152e+03[39m
     20 Linear |R| = [32m2.659550e+03[39m
     21 Linear |R| = [32m1.742698e+03[39m
     22 Linear |R| = [32m1.241860e+03[39m
     23 Linear |R| = [32m8.915272e+02[39m
     24 Linear |R| = [32m6.008723e+02[39m
     25 Linear |R| = [32m3.896436e+02[39m
     26 Linear |R| = [32m2.374435e+02[39m
     27 Linear |R| = [32m1.465820e+02[39m
     28 Linear |R| = [32m1.009140e+02[39m
     29 Linear |R| = [32m7.444867e+01[39m
     30 Linear |R| = [33m7.418315e+01[39m
     31 Linear |R| = [32m5.341045e+01[39m
     32 Linear |R| = [32m4.543816e+01[39m
     33 Linear |R| = [32m3.954457e+01[39m
     34 Linear |R| = [32m3.169697e+01[39m
     35 Linear |R| = [32m2.294196e+01[39m
     36 Linear |R| = [32m1.694231e+01[39m
     37 Linear |R| = [32m1.277247e+01[39m
     38 Linear |R| = [32m1.034228e+01[39m
     39 Linear |R| = [32m8.444714e+00[39m
     40 Linear |R| = [32m7.291149e+00[39m
     41 Linear |R| = [32m6.782058e+00[39m
     42 Linear |R| = [33m6.518637e+00[39m
     43 Linear |R| = [33m6.350718e+00[39m
     44 Linear |R| = [33m6.273668e+00[39m
     45 Linear |R| = [33m6.249482e+00[39m
     46 Linear |R| = [33m6.231094e+00[39m
     47 Linear |R| = [33m6.219373e+00[39m
     48 Linear |R| = [33m6.219369e+00[39m
     49 Linear |R| = [33m6.218485e+00[39m
     50 Linear |R| = [33m6.208999e+00[39m
     51 Linear |R| = [33m6.193158e+00[39m
     52 Linear |R| = [33m6.140468e+00[39m
     53 Linear |R| = [33m6.020482e+00[39m
     54 Linear |R| = [33m5.727344e+00[39m
     55 Linear |R| = [32m5.022702e+00[39m
     56 Linear |R| = [32m3.957757e+00[39m
     57 Linear |R| = [32m2.765082e+00[39m
     58 Linear |R| = [32m1.785287e+00[39m
     59 Linear |R| = [32m1.074015e+00[39m
     60 Linear |R| = [32m5.981353e-01[39m
     61 Linear |R| = [32m4.187976e-01[39m
     62 Linear |R| = [32m2.817403e-01[39m
     63 Linear |R| = [32m1.857033e-01[39m
     64 Linear |R| = [32m1.192491e-01[39m
14 Nonlinear |R| = [33m1.671465e+04[39m
      0 Linear |R| = [32m1.671465e+04[39m
      1 Linear |R| = [33m1.591981e+04[39m
      2 Linear |R| = [32m1.345262e+04[39m
      3 Linear |R| = [33m1.284469e+04[39m
      4 Linear |R| = [33m1.266665e+04[39m
      5 Linear |R| = [33m1.247938e+04[39m
      6 Linear |R| = [33m1.239852e+04[39m
      7 Linear |R| = [33m1.237407e+04[39m
      8 Linear |R| = [33m1.237105e+04[39m
      9 Linear |R| = [33m1.236864e+04[39m
     10 Linear |R| = [33m1.236737e+04[39m
     11 Linear |R| = [33m1.235250e+04[39m
     12 Linear |R| = [33m1.235062e+04[39m
     13 Linear |R| = [33m1.233884e+04[39m
     14 Linear |R| = [33m1.231672e+04[39m
     15 Linear |R| = [33m1.231050e+04[39m
     16 Linear |R| = [33m1.224402e+04[39m
     17 Linear |R| = [33m1.212830e+04[39m
     18 Linear |R| = [33m1.186703e+04[39m
     19 Linear |R| = [33m1.137229e+04[39m
     20 Linear |R| = [32m1.042646e+04[39m
     21 Linear |R| = [32m8.855158e+03[39m
     22 Linear |R| = [32m7.236004e+03[39m
     23 Linear |R| = [32m5.726521e+03[39m
     24 Linear |R| = [32m4.176930e+03[39m
     25 Linear |R| = [32m2.830968e+03[39m
     26 Linear |R| = [32m1.789103e+03[39m
     27 Linear |R| = [32m1.123784e+03[39m
     28 Linear |R| = [32m7.990067e+02[39m
     29 Linear |R| = [32m6.088170e+02[39m
    Linear solve did not converge due to DIVERGED_BREAKDOWN iterations 30
15 Nonlinear |R| = [33m1.671464e+04[39m
      0 Linear |R| = [32m1.671464e+04[39m
      1 Linear |R| = [33m1.591888e+04[39m
      2 Linear |R| = [32m1.345233e+04[39m
      3 Linear |R| = [33m1.284550e+04[39m
      4 Linear |R| = [33m1.266847e+04[39m
      5 Linear |R| = [33m1.248214e+04[39m
      6 Linear |R| = [33m1.240182e+04[39m
      7 Linear |R| = [33m1.237840e+04[39m
      8 Linear |R| = [33m1.237596e+04[39m
      9 Linear |R| = [33m1.237279e+04[39m
     10 Linear |R| = [33m1.237218e+04[39m
     11 Linear |R| = [33m1.236159e+04[39m
     12 Linear |R| = [33m1.236146e+04[39m
     13 Linear |R| = [33m1.235770e+04[39m
     14 Linear |R| = [33m1.235082e+04[39m
     15 Linear |R| = [33m1.235018e+04[39m
     16 Linear |R| = [33m1.234042e+04[39m
     17 Linear |R| = [33m1.232837e+04[39m
     18 Linear |R| = [33m1.229167e+04[39m
     19 Linear |R| = [33m1.223981e+04[39m
     20 Linear |R| = [33m1.211935e+04[39m
     21 Linear |R| = [33m1.188108e+04[39m
     22 Linear |R| = [33m1.147259e+04[39m
     23 Linear |R| = [32m1.087726e+04[39m
     24 Linear |R| = [32m9.833787e+03[39m
     25 Linear |R| = [32m8.063125e+03[39m
     26 Linear |R| = [32m5.818796e+03[39m
     27 Linear |R| = [32m3.832148e+03[39m
     28 Linear |R| = [32m2.748744e+03[39m
     29 Linear |R| = [32m2.087382e+03[39m
     30 Linear |R| = [31m2.204792e+03[39m
     31 Linear |R| = [32m1.567483e+03[39m
     32 Linear |R| = [32m1.321435e+03[39m
     33 Linear |R| = [32m1.152682e+03[39m
     34 Linear |R| = [32m9.107632e+02[39m
     35 Linear |R| = [32m6.491112e+02[39m
     36 Linear |R| = [32m4.604255e+02[39m
     37 Linear |R| = [32m3.199652e+02[39m
     38 Linear |R| = [32m2.314437e+02[39m
     39 Linear |R| = [32m1.540087e+02[39m
     40 Linear |R| = [32m1.081764e+02[39m
     41 Linear |R| = [32m7.790538e+01[39m
     42 Linear |R| = [32m5.507572e+01[39m
     43 Linear |R| = [32m4.021711e+01[39m
     44 Linear |R| = [32m2.865601e+01[39m
     45 Linear |R| = [32m2.001203e+01[39m
     46 Linear |R| = [32m1.479039e+01[39m
     47 Linear |R| = [32m1.227547e+01[39m
     48 Linear |R| = [32m1.112028e+01[39m
     49 Linear |R| = [33m1.059977e+01[39m
     50 Linear |R| = [33m1.036278e+01[39m
     51 Linear |R| = [33m1.027437e+01[39m
     52 Linear |R| = [33m1.023632e+01[39m
     53 Linear |R| = [33m1.022996e+01[39m
     54 Linear |R| = [33m1.022989e+01[39m
     55 Linear |R| = [33m1.022676e+01[39m
     56 Linear |R| = [33m1.022514e+01[39m
     57 Linear |R| = [33m1.022513e+01[39m
     58 Linear |R| = [33m1.022452e+01[39m
     59 Linear |R| = [33m1.020209e+01[39m
     60 Linear |R| = [31m1.022866e+01[39m
     61 Linear |R| = [33m1.022287e+01[39m
     62 Linear |R| = [33m1.022286e+01[39m
     63 Linear |R| = [33m1.021903e+01[39m
     64 Linear |R| = [33m1.021859e+01[39m
     65 Linear |R| = [33m1.021843e+01[39m
     66 Linear |R| = [33m1.021823e+01[39m
     67 Linear |R| = [33m1.021770e+01[39m
     68 Linear |R| = [33m1.021642e+01[39m
     69 Linear |R| = [33m1.021333e+01[39m
     70 Linear |R| = [33m1.021019e+01[39m
     71 Linear |R| = [33m1.020997e+01[39m
     72 Linear |R| = [33m1.020900e+01[39m
     73 Linear |R| = [33m1.020051e+01[39m
     74 Linear |R| = [33m1.018990e+01[39m
     75 Linear |R| = [33m1.016626e+01[39m
     76 Linear |R| = [33m1.010963e+01[39m
     77 Linear |R| = [33m9.967330e+00[39m
     78 Linear |R| = [33m9.519728e+00[39m
     79 Linear |R| = [32m8.379499e+00[39m
     80 Linear |R| = [32m6.657698e+00[39m
     81 Linear |R| = [32m4.775800e+00[39m
     82 Linear |R| = [32m3.522054e+00[39m
     83 Linear |R| = [32m2.599561e+00[39m
     84 Linear |R| = [32m1.829011e+00[39m
     85 Linear |R| = [32m1.277221e+00[39m
     86 Linear |R| = [32m9.814034e-01[39m
     87 Linear |R| = [32m8.136453e-01[39m
     88 Linear |R| = [32m6.659092e-01[39m
     89 Linear |R| = [32m5.119190e-01[39m
     90 Linear |R| = [31m1.225443e+00[39m
     91 Linear |R| = [32m4.967888e-01[39m
     92 Linear |R| = [32m3.349268e-01[39m
     93 Linear |R| = [32m2.582404e-01[39m
     94 Linear |R| = [32m2.097947e-01[39m
     95 Linear |R| = [32m1.649460e-01[39m
16 Nonlinear |R| = [33m1.671464e+04[39m
      0 Linear |R| = [32m1.671464e+04[39m
      1 Linear |R| = [33m1.591871e+04[39m
      2 Linear |R| = [32m1.345244e+04[39m
      3 Linear |R| = [33m1.284598e+04[39m
      4 Linear |R| = [33m1.266935e+04[39m
      5 Linear |R| = [33m1.248367e+04[39m
      6 Linear |R| = [33m1.240418e+04[39m
      7 Linear |R| = [33m1.238159e+04[39m
      8 Linear |R| = [33m1.237955e+04[39m
      9 Linear |R| = [33m1.237564e+04[39m
     10 Linear |R| = [33m1.237540e+04[39m
     11 Linear |R| = [33m1.236771e+04[39m
     12 Linear |R| = [33m1.236756e+04[39m
     13 Linear |R| = [33m1.236688e+04[39m
     14 Linear |R| = [33m1.236563e+04[39m
     15 Linear |R| = [33m1.235592e+04[39m
     16 Linear |R| = [33m1.235572e+04[39m
     17 Linear |R| = [33m1.235277e+04[39m
     18 Linear |R| = [33m1.235097e+04[39m
     19 Linear |R| = [33m1.233153e+04[39m
     20 Linear |R| = [33m1.229002e+04[39m
     21 Linear |R| = [33m1.214605e+04[39m
     22 Linear |R| = [33m1.192466e+04[39m
     23 Linear |R| = [33m1.147917e+04[39m
     24 Linear |R| = [32m1.047288e+04[39m
     25 Linear |R| = [32m8.899679e+03[39m
     26 Linear |R| = [32m6.669509e+03[39m
     27 Linear |R| = [32m4.607324e+03[39m
     28 Linear |R| = [32m3.324982e+03[39m
     29 Linear |R| = [32m2.515579e+03[39m
     30 Linear |R| = [31m2.642710e+03[39m
     31 Linear |R| = [32m1.917307e+03[39m
     32 Linear |R| = [32m1.663532e+03[39m
     33 Linear |R| = [32m1.473013e+03[39m
     34 Linear |R| = [32m1.231491e+03[39m
     35 Linear |R| = [32m9.314971e+02[39m
     36 Linear |R| = [32m7.364660e+02[39m
     37 Linear |R| = [32m6.399063e+02[39m
     38 Linear |R| = [32m5.981480e+02[39m
     39 Linear |R| = [33m5.691258e+02[39m
     40 Linear |R| = [33m5.470887e+02[39m
     41 Linear |R| = [33m5.384690e+02[39m
     42 Linear |R| = [33m5.333475e+02[39m
     43 Linear |R| = [33m5.287681e+02[39m
     44 Linear |R| = [33m5.270754e+02[39m
     45 Linear |R| = [33m5.267440e+02[39m
     46 Linear |R| = [33m5.262238e+02[39m
     47 Linear |R| = [33m5.255053e+02[39m
     48 Linear |R| = [33m5.255012e+02[39m
     49 Linear |R| = [33m5.255001e+02[39m
     50 Linear |R| = [33m5.254844e+02[39m
     51 Linear |R| = [33m5.254829e+02[39m
     52 Linear |R| = [33m5.254725e+02[39m
     53 Linear |R| = [33m5.254721e+02[39m
     54 Linear |R| = [33m5.254548e+02[39m
     55 Linear |R| = [33m5.248346e+02[39m
     56 Linear |R| = [33m5.232930e+02[39m
     57 Linear |R| = [33m5.199302e+02[39m
     58 Linear |R| = [33m5.126125e+02[39m
     59 Linear |R| = [33m4.984735e+02[39m
     60 Linear |R| = [32m4.435171e+02[39m
     61 Linear |R| = [32m4.065649e+02[39m
     62 Linear |R| = [32m3.814228e+02[39m
     63 Linear |R| = [33m3.657453e+02[39m
     64 Linear |R| = [33m3.616758e+02[39m
     65 Linear |R| = [33m3.592010e+02[39m
     66 Linear |R| = [33m3.577103e+02[39m
     67 Linear |R| = [33m3.565727e+02[39m
     68 Linear |R| = [33m3.565142e+02[39m
     69 Linear |R| = [33m3.565138e+02[39m
     70 Linear |R| = [33m3.560248e+02[39m
     71 Linear |R| = [33m3.560125e+02[39m
     72 Linear |R| = [33m3.560030e+02[39m
     73 Linear |R| = [33m3.560015e+02[39m
     74 Linear |R| = [33m3.559544e+02[39m
     75 Linear |R| = [33m3.559153e+02[39m
     76 Linear |R| = [33m3.558526e+02[39m
     77 Linear |R| = [33m3.558374e+02[39m
     78 Linear |R| = [33m3.557136e+02[39m
     79 Linear |R| = [33m3.552990e+02[39m
     80 Linear |R| = [33m3.527245e+02[39m
     81 Linear |R| = [33m3.475310e+02[39m
     82 Linear |R| = [33m3.382790e+02[39m
     83 Linear |R| = [32m3.159053e+02[39m
     84 Linear |R| = [32m2.763695e+02[39m
     85 Linear |R| = [32m2.321047e+02[39m
     86 Linear |R| = [32m1.864783e+02[39m
     87 Linear |R| = [32m1.500678e+02[39m
     88 Linear |R| = [32m1.259085e+02[39m
     89 Linear |R| = [32m1.060872e+02[39m
    Linear solve did not converge due to DIVERGED_BREAKDOWN iterations 90
17 Nonlinear |R| = [33m1.671464e+04[39m
      0 Linear |R| = [32m1.671464e+04[39m
      1 Linear |R| = [33m1.591898e+04[39m
      2 Linear |R| = [32m1.345243e+04[39m
      3 Linear |R| = [33m1.284551e+04[39m
      4 Linear |R| = [33m1.266836e+04[39m
      5 Linear |R| = [33m1.248192e+04[39m
      6 Linear |R| = [33m1.240156e+04[39m
      7 Linear |R| = [33m1.237808e+04[39m
      8 Linear |R| = [33m1.237560e+04[39m
      9 Linear |R| = [33m1.237252e+04[39m
     10 Linear |R| = [33m1.237185e+04[39m
     11 Linear |R| = [33m1.236081e+04[39m
     12 Linear |R| = [33m1.236058e+04[39m
     13 Linear |R| = [33m1.235612e+04[39m
     14 Linear |R| = [33m1.234790e+04[39m
     15 Linear |R| = [33m1.234772e+04[39m
     16 Linear |R| = [33m1.233394e+04[39m
     17 Linear |R| = [33m1.231516e+04[39m
     18 Linear |R| = [33m1.226214e+04[39m
     19 Linear |R| = [33m1.217913e+04[39m
     20 Linear |R| = [33m1.199021e+04[39m
     21 Linear |R| = [33m1.160924e+04[39m
     22 Linear |R| = [32m1.099602e+04[39m
     23 Linear |R| = [32m1.014189e+04[39m
     24 Linear |R| = [32m8.770110e+03[39m
     25 Linear |R| = [32m6.804322e+03[39m
     26 Linear |R| = [32m4.679980e+03[39m
     27 Linear |R| = [32m3.016603e+03[39m
     28 Linear |R| = [32m2.152340e+03[39m
     29 Linear |R| = [32m1.634502e+03[39m
    Linear solve did not converge due to DIVERGED_BREAKDOWN iterations 30
18 Nonlinear |R| = [33m1.671464e+04[39m
      0 Linear |R| = [32m1.671464e+04[39m
      1 Linear |R| = [33m1.591872e+04[39m
      2 Linear |R| = [32m1.345246e+04[39m
      3 Linear |R| = [33m1.284598e+04[39m
      4 Linear |R| = [33m1.266935e+04[39m
      5 Linear |R| = [33m1.248366e+04[39m
      6 Linear |R| = [33m1.240418e+04[39m
      7 Linear |R| = [33m1.238158e+04[39m
      8 Linear |R| = [33m1.237954e+04[39m
      9 Linear |R| = [33m1.237562e+04[39m
     10 Linear |R| = [33m1.237538e+04[39m
     11 Linear |R| = [33m1.236769e+04[39m
     12 Linear |R| = [33m1.236755e+04[39m
     13 Linear |R| = [33m1.236686e+04[39m
     14 Linear |R| = [33m1.236560e+04[39m
     15 Linear |R| = [33m1.235594e+04[39m
     16 Linear |R| = [33m1.235576e+04[39m
     17 Linear |R| = [33m1.235286e+04[39m
     18 Linear |R| = [33m1.235113e+04[39m
     19 Linear |R| = [33m1.233207e+04[39m
     20 Linear |R| = [33m1.229134e+04[39m
     21 Linear |R| = [33m1.214965e+04[39m
     22 Linear |R| = [33m1.193172e+04[39m
     23 Linear |R| = [33m1.149205e+04[39m
     24 Linear |R| = [32m1.049581e+04[39m
     25 Linear |R| = [32m8.932794e+03[39m
     26 Linear |R| = [32m6.705990e+03[39m
     27 Linear |R| = [32m4.638229e+03[39m
     28 Linear |R| = [32m3.348879e+03[39m
     29 Linear |R| = [32m2.534163e+03[39m
     30 Linear |R| = [31m2.662854e+03[39m
     31 Linear |R| = [32m1.932123e+03[39m
     32 Linear |R| = [32m1.676633e+03[39m
     33 Linear |R| = [32m1.484830e+03[39m
     34 Linear |R| = [32m1.241810e+03[39m
     35 Linear |R| = [32m9.398016e+02[39m
     36 Linear |R| = [32m7.435435e+02[39m
     37 Linear |R| = [32m6.465768e+02[39m
     38 Linear |R| = [32m6.047003e+02[39m
     39 Linear |R| = [33m5.756033e+02[39m
     40 Linear |R| = [33m5.534603e+02[39m
     41 Linear |R| = [33m5.448038e+02[39m
     42 Linear |R| = [33m5.396598e+02[39m
     43 Linear |R| = [33m5.350490e+02[39m
     44 Linear |R| = [33m5.333492e+02[39m
     45 Linear |R| = [33m5.330173e+02[39m
     46 Linear |R| = [33m5.324941e+02[39m
     47 Linear |R| = [33m5.317701e+02[39m
     48 Linear |R| = [33m5.317660e+02[39m
     49 Linear |R| = [33m5.317650e+02[39m
     50 Linear |R| = [33m5.317490e+02[39m
     51 Linear |R| = [33m5.317475e+02[39m
     52 Linear |R| = [33m5.317370e+02[39m
     53 Linear |R| = [33m5.317365e+02[39m
     54 Linear |R| = [33m5.317186e+02[39m
     55 Linear |R| = [33m5.310951e+02[39m
     56 Linear |R| = [33m5.295436e+02[39m
     57 Linear |R| = [33m5.261656e+02[39m
     58 Linear |R| = [33m5.188140e+02[39m
     59 Linear |R| = [33m5.046269e+02[39m
     60 Linear |R| = [32m4.493753e+02[39m
     61 Linear |R| = [32m4.121221e+02[39m
     62 Linear |R| = [32m3.868169e+02[39m
     63 Linear |R| = [33m3.710067e+02[39m
     64 Linear |R| = [33m3.669063e+02[39m
     65 Linear |R| = [33m3.644117e+02[39m
     66 Linear |R| = [33m3.629053e+02[39m
     67 Linear |R| = [33m3.617544e+02[39m
     68 Linear |R| = [33m3.616934e+02[39m
     69 Linear |R| = [33m3.616928e+02[39m
     70 Linear |R| = [33m3.611957e+02[39m
     71 Linear |R| = [33m3.611827e+02[39m
     72 Linear |R| = [33m3.611734e+02[39m
     73 Linear |R| = [33m3.611719e+02[39m
     74 Linear |R| = [33m3.611242e+02[39m
     75 Linear |R| = [33m3.610833e+02[39m
     76 Linear |R| = [33m3.610191e+02[39m
     77 Linear |R| = [33m3.610027e+02[39m
     78 Linear |R| = [33m3.608788e+02[39m
     79 Linear |R| = [33m3.604637e+02[39m
     80 Linear |R| = [33m3.578700e+02[39m
     81 Linear |R| = [33m3.526254e+02[39m
     82 Linear |R| = [33m3.433053e+02[39m
     83 Linear |R| = [32m3.207699e+02[39m
     84 Linear |R| = [32m2.808646e+02[39m
     85 Linear |R| = [32m2.361326e+02[39m
     86 Linear |R| = [32m1.899313e+02[39m
     87 Linear |R| = [32m1.529617e+02[39m
     88 Linear |R| = [32m1.284070e+02[39m
     89 Linear |R| = [32m1.081974e+02[39m
    Linear solve did not converge due to DIVERGED_BREAKDOWN iterations 90
19 Nonlinear |R| = [33m1.671464e+04[39m
      0 Linear |R| = [32m1.671464e+04[39m
      1 Linear |R| = [33m1.591897e+04[39m
      2 Linear |R| = [32m1.345243e+04[39m
      3 Linear |R| = [33m1.284551e+04[39m
      4 Linear |R| = [33m1.266836e+04[39m
      5 Linear |R| = [33m1.248192e+04[39m
      6 Linear |R| = [33m1.240156e+04[39m
      7 Linear |R| = [33m1.237809e+04[39m
      8 Linear |R| = [33m1.237561e+04[39m
      9 Linear |R| = [33m1.237253e+04[39m
     10 Linear |R| = [33m1.237185e+04[39m
     11 Linear |R| = [33m1.236080e+04[39m
     12 Linear |R| = [33m1.236056e+04[39m
     13 Linear |R| = [33m1.235608e+04[39m
     14 Linear |R| = [33m1.234781e+04[39m
     15 Linear |R| = [33m1.234764e+04[39m
     16 Linear |R| = [33m1.233373e+04[39m
     17 Linear |R| = [33m1.231471e+04[39m
     18 Linear |R| = [33m1.226112e+04[39m
     19 Linear |R| = [33m1.217702e+04[39m
     20 Linear |R| = [33m1.198577e+04[39m
     21 Linear |R| = [33m1.160008e+04[39m
     22 Linear |R| = [32m1.098036e+04[39m
     23 Linear |R| = [32m1.011873e+04[39m
     24 Linear |R| = [32m8.738801e+03[39m
     25 Linear |R| = [32m6.770373e+03[39m
     26 Linear |R| = [32m4.651557e+03[39m
     27 Linear |R| = [32m2.997325e+03[39m
     28 Linear |R| = [32m2.138790e+03[39m
     29 Linear |R| = [32m1.624582e+03[39m
     30 Linear |R| = [31m1.706003e+03[39m
     31 Linear |R| = [32m1.222691e+03[39m
     32 Linear |R| = [32m1.036236e+03[39m
     33 Linear |R| = [32m9.044383e+02[39m
     34 Linear |R| = [32m7.136890e+02[39m
     35 Linear |R| = [32m5.049519e+02[39m
     36 Linear |R| = [32m3.551895e+02[39m
     37 Linear |R| = [32m2.471266e+02[39m
     38 Linear |R| = [32m1.810749e+02[39m
     39 Linear |R| = [32m1.239943e+02[39m
     40 Linear |R| = [32m8.883571e+01[39m
     41 Linear |R| = [32m6.658352e+01[39m
     42 Linear |R| = [32m5.044934e+01[39m
     43 Linear |R| = [32m4.000994e+01[39m
     44 Linear |R| = [32m3.309860e+01[39m
     45 Linear |R| = [32m2.915773e+01[39m
     46 Linear |R| = [32m2.697571e+01[39m
     47 Linear |R| = [33m2.596396e+01[39m
     48 Linear |R| = [33m2.567558e+01[39m
     49 Linear |R| = [33m2.552693e+01[39m
     50 Linear |R| = [33m2.548363e+01[39m
     51 Linear |R| = [33m2.545747e+01[39m
     52 Linear |R| = [33m2.544972e+01[39m
     53 Linear |R| = [33m2.543652e+01[39m
     54 Linear |R| = [33m2.540940e+01[39m
     55 Linear |R| = [33m2.540915e+01[39m
     56 Linear |R| = [33m2.540856e+01[39m
     57 Linear |R| = [33m2.540105e+01[39m
     58 Linear |R| = [33m2.537614e+01[39m
     59 Linear |R| = [33m2.520210e+01[39m
     60 Linear |R| = [33m2.508678e+01[39m
     61 Linear |R| = [33m2.508141e+01[39m
     62 Linear |R| = [33m2.507298e+01[39m
     63 Linear |R| = [33m2.506636e+01[39m
     64 Linear |R| = [33m2.503214e+01[39m
     65 Linear |R| = [33m2.502070e+01[39m
     66 Linear |R| = [33m2.501915e+01[39m
     67 Linear |R| = [33m2.501904e+01[39m
     68 Linear |R| = [33m2.501890e+01[39m
     69 Linear |R| = [33m2.501882e+01[39m
     70 Linear |R| = [33m2.501871e+01[39m
     71 Linear |R| = [33m2.501862e+01[39m
     72 Linear |R| = [33m2.501267e+01[39m
     73 Linear |R| = [33m2.500892e+01[39m
     74 Linear |R| = [33m2.500110e+01[39m
     75 Linear |R| = [33m2.498734e+01[39m
     76 Linear |R| = [33m2.493681e+01[39m
     77 Linear |R| = [33m2.467457e+01[39m
     78 Linear |R| = [33m2.384423e+01[39m
     79 Linear |R| = [32m2.209367e+01[39m
     80 Linear |R| = [32m1.838483e+01[39m
     81 Linear |R| = [32m1.434452e+01[39m
     82 Linear |R| = [32m1.120439e+01[39m
     83 Linear |R| = [32m6.724711e+00[39m
     84 Linear |R| = [32m4.316659e+00[39m
     85 Linear |R| = [32m2.741999e+00[39m
     86 Linear |R| = [32m1.891456e+00[39m
     87 Linear |R| = [32m1.394882e+00[39m
     88 Linear |R| = [32m1.098708e+00[39m
     89 Linear |R| = [32m8.871462e-01[39m
     90 Linear |R| = [31m1.882726e+00[39m
     91 Linear |R| = [32m9.512886e-01[39m
     92 Linear |R| = [32m7.124814e-01[39m
     93 Linear |R| = [32m5.824858e-01[39m
     94 Linear |R| = [32m4.970567e-01[39m
     95 Linear |R| = [32m3.995953e-01[39m
     96 Linear |R| = [32m3.220815e-01[39m
     97 Linear |R| = [32m2.538139e-01[39m
     98 Linear |R| = [32m2.089219e-01[39m
     99 Linear |R| = [32m1.759828e-01[39m
    100 Linear |R| = [32m1.597109e-01[39m
20 Nonlinear |R| = [33m1.671463e+04[39m
      0 Linear |R| = [32m1.671463e+04[39m
      1 Linear |R| = [33m1.591871e+04[39m
      2 Linear |R| = [32m1.345246e+04[39m
      3 Linear |R| = [33m1.284598e+04[39m
      4 Linear |R| = [33m1.266935e+04[39m
      5 Linear |R| = [33m1.248366e+04[39m
      6 Linear |R| = [33m1.240418e+04[39m
      7 Linear |R| = [33m1.238158e+04[39m
      8 Linear |R| = [33m1.237954e+04[39m
      9 Linear |R| = [33m1.237563e+04[39m
     10 Linear |R| = [33m1.237538e+04[39m
     11 Linear |R| = [33m1.236770e+04[39m
     12 Linear |R| = [33m1.236755e+04[39m
     13 Linear |R| = [33m1.236686e+04[39m
     14 Linear |R| = [33m1.236561e+04[39m
     15 Linear |R| = [33m1.235594e+04[39m
     16 Linear |R| = [33m1.235575e+04[39m
     17 Linear |R| = [33m1.235284e+04[39m
     18 Linear |R| = [33m1.235109e+04[39m
     19 Linear |R| = [33m1.233195e+04[39m
     20 Linear |R| = [33m1.229104e+04[39m
     21 Linear |R| = [33m1.214885e+04[39m
     22 Linear |R| = [33m1.193015e+04[39m
     23 Linear |R| = [33m1.148919e+04[39m
     24 Linear |R| = [32m1.049072e+04[39m
     25 Linear |R| = [32m8.925416e+03[39m
     26 Linear |R| = [32m6.697842e+03[39m
     27 Linear |R| = [32m4.631312e+03[39m
     28 Linear |R| = [32m3.343527e+03[39m
     29 Linear |R| = [32m2.530000e+03[39m
     30 Linear |R| = [31m2.658351e+03[39m
     31 Linear |R| = [32m1.928818e+03[39m
     32 Linear |R| = [32m1.673699e+03[39m
     33 Linear |R| = [32m1.482189e+03[39m
     34 Linear |R| = [32m1.239507e+03[39m
     35 Linear |R| = [32m9.379394e+02[39m
     36 Linear |R| = [32m7.419552e+02[39m
     37 Linear |R| = [32m6.450830e+02[39m
     38 Linear |R| = [32m6.032321e+02[39m
     39 Linear |R| = [33m5.741513e+02[39m
     40 Linear |R| = [33m5.520327e+02[39m
     41 Linear |R| = [33m5.433855e+02[39m
     42 Linear |R| = [33m5.382460e+02[39m
     43 Linear |R| = [33m5.336421e+02[39m
     44 Linear |R| = [33m5.319440e+02[39m
     45 Linear |R| = [33m5.316122e+02[39m
     46 Linear |R| = [33m5.310897e+02[39m
     47 Linear |R| = [33m5.303668e+02[39m
     48 Linear |R| = [33m5.303628e+02[39m
     49 Linear |R| = [33m5.303617e+02[39m
     50 Linear |R| = [33m5.303458e+02[39m
     51 Linear |R| = [33m5.303443e+02[39m
     52 Linear |R| = [33m5.303339e+02[39m
     53 Linear |R| = [33m5.303334e+02[39m
     54 Linear |R| = [33m5.303156e+02[39m
     55 Linear |R| = [33m5.296929e+02[39m
     56 Linear |R| = [33m5.281436e+02[39m
     57 Linear |R| = [33m5.247690e+02[39m
     58 Linear |R| = [33m5.174253e+02[39m
     59 Linear |R| = [33m5.032484e+02[39m
     60 Linear |R| = [32m4.480656e+02[39m
     61 Linear |R| = [32m4.108774e+02[39m
     62 Linear |R| = [32m3.856159e+02[39m
     63 Linear |R| = [33m3.698312e+02[39m
     64 Linear |R| = [33m3.657335e+02[39m
     65 Linear |R| = [33m3.632456e+02[39m
     66 Linear |R| = [33m3.617450e+02[39m
     67 Linear |R| = [33m3.605963e+02[39m
     68 Linear |R| = [33m3.605364e+02[39m
     69 Linear |R| = [33m3.605358e+02[39m
     70 Linear |R| = [33m3.600421e+02[39m
     71 Linear |R| = [33m3.600292e+02[39m
     72 Linear |R| = [33m3.600196e+02[39m
     73 Linear |R| = [33m3.600181e+02[39m
     74 Linear |R| = [33m3.599701e+02[39m
     75 Linear |R| = [33m3.599302e+02[39m
     76 Linear |R| = [33m3.598660e+02[39m
     77 Linear |R| = [33m3.598505e+02[39m
     78 Linear |R| = [33m3.597272e+02[39m
     79 Linear |R| = [33m3.593133e+02[39m
     80 Linear |R| = [33m3.567200e+02[39m
     81 Linear |R| = [33m3.514894e+02[39m
     82 Linear |R| = [33m3.421858e+02[39m
     83 Linear |R| = [32m3.196879e+02[39m
     84 Linear |R| = [32m2.798620e+02[39m
     85 Linear |R| = [32m2.352304e+02[39m
     86 Linear |R| = [32m1.891698e+02[39m
     87 Linear |R| = [32m1.523198e+02[39m
     88 Linear |R| = [32m1.278534e+02[39m
     89 Linear |R| = [32m1.077303e+02[39m
    Linear solve did not converge due to DIVERGED_BREAKDOWN iterations 90
21 Nonlinear |R| = [33m1.671463e+04[39m
      0 Linear |R| = [32m1.671463e+04[39m
      1 Linear |R| = [33m1.591897e+04[39m
      2 Linear |R| = [32m1.345243e+04[39m
      3 Linear |R| = [33m1.284551e+04[39m
      4 Linear |R| = [33m1.266836e+04[39m
      5 Linear |R| = [33m1.248192e+04[39m
      6 Linear |R| = [33m1.240157e+04[39m
      7 Linear |R| = [33m1.237809e+04[39m
      8 Linear |R| = [33m1.237561e+04[39m
      9 Linear |R| = [33m1.237253e+04[39m
     10 Linear |R| = [33m1.237186e+04[39m
     11 Linear |R| = [33m1.236080e+04[39m
     12 Linear |R| = [33m1.236056e+04[39m
     13 Linear |R| = [33m1.235609e+04[39m
     14 Linear |R| = [33m1.234783e+04[39m
     15 Linear |R| = [33m1.234766e+04[39m
     16 Linear |R| = [33m1.233377e+04[39m
     17 Linear |R| = [33m1.231479e+04[39m
     18 Linear |R| = [33m1.226129e+04[39m
     19 Linear |R| = [33m1.217738e+04[39m
     20 Linear |R| = [33m1.198651e+04[39m
     21 Linear |R| = [33m1.160162e+04[39m
     22 Linear |R| = [32m1.098301e+04[39m
     23 Linear |R| = [32m1.012266e+04[39m
     24 Linear |R| = [32m8.744149e+03[39m
     25 Linear |R| = [32m6.776195e+03[39m
     26 Linear |R| = [32m4.656499e+03[39m
     27 Linear |R| = [32m3.000809e+03[39m
     28 Linear |R| = [32m2.141368e+03[39m
     29 Linear |R| = [32m1.626571e+03[39m
     30 Linear |R| = [31m1.708040e+03[39m
     31 Linear |R| = [32m1.224162e+03[39m
     32 Linear |R| = [32m1.037477e+03[39m
     33 Linear |R| = [32m9.055191e+02[39m
     34 Linear |R| = [32m7.145264e+02[39m
     35 Linear |R| = [32m5.055447e+02[39m
     36 Linear |R| = [32m3.556107e+02[39m
     37 Linear |R| = [32m2.474093e+02[39m
     38 Linear |R| = [32m1.812618e+02[39m
     39 Linear |R| = [32m1.240955e+02[39m
     40 Linear |R| = [32m8.888615e+01[39m
     41 Linear |R| = [32m6.659141e+01[39m
     42 Linear |R| = [32m5.041895e+01[39m
     43 Linear |R| = [32m3.994977e+01[39m
     44 Linear |R| = [32m3.300989e+01[39m
     45 Linear |R| = [32m2.904653e+01[39m
     46 Linear |R| = [32m2.685140e+01[39m
     47 Linear |R| = [33m2.583365e+01[39m
     48 Linear |R| = [33m2.554299e+01[39m
     49 Linear |R| = [33m2.539332e+01[39m
     50 Linear |R| = [33m2.534963e+01[39m
     51 Linear |R| = [33m2.532328e+01[39m
     52 Linear |R| = [33m2.531548e+01[39m
     53 Linear |R| = [33m2.530228e+01[39m
     54 Linear |R| = [33m2.527525e+01[39m
     55 Linear |R| = [33m2.527499e+01[39m
     56 Linear |R| = [33m2.527442e+01[39m
     57 Linear |R| = [33m2.526700e+01[39m
     58 Linear |R| = [33m2.524240e+01[39m
     59 Linear |R| = [33m2.507013e+01[39m
     60 Linear |R| = [33m2.497715e+01[39m
     61 Linear |R| = [33m2.497006e+01[39m
     62 Linear |R| = [33m2.496126e+01[39m
     63 Linear |R| = [33m2.495629e+01[39m
     64 Linear |R| = [33m2.492055e+01[39m
     65 Linear |R| = [33m2.491027e+01[39m
     66 Linear |R| = [33m2.490780e+01[39m
     67 Linear |R| = [33m2.490777e+01[39m
     68 Linear |R| = [33m2.490772e+01[39m
     69 Linear |R| = [33m2.490756e+01[39m
     70 Linear |R| = [33m2.490755e+01[39m
     71 Linear |R| = [33m2.490746e+01[39m
     72 Linear |R| = [33m2.489914e+01[39m
     73 Linear |R| = [33m2.489557e+01[39m
     74 Linear |R| = [33m2.488969e+01[39m
     75 Linear |R| = [33m2.487398e+01[39m
     76 Linear |R| = [33m2.482230e+01[39m
     77 Linear |R| = [33m2.456150e+01[39m
     78 Linear |R| = [33m2.375609e+01[39m
     79 Linear |R| = [32m2.199211e+01[39m
     80 Linear |R| = [32m1.835700e+01[39m
     81 Linear |R| = [32m1.438943e+01[39m
     82 Linear |R| = [32m1.124291e+01[39m
     83 Linear |R| = [32m6.896627e+00[39m
     84 Linear |R| = [32m4.456262e+00[39m
     85 Linear |R| = [32m2.865921e+00[39m
     86 Linear |R| = [32m2.026098e+00[39m
     87 Linear |R| = [32m1.542944e+00[39m
     88 Linear |R| = [32m1.236362e+00[39m
     89 Linear |R| = [32m1.003553e+00[39m
     90 Linear |R| = [31m1.910520e+00[39m
     91 Linear |R| = [32m1.008497e+00[39m
     92 Linear |R| = [32m7.660418e-01[39m
     93 Linear |R| = [32m6.302265e-01[39m
     94 Linear |R| = [32m5.346357e-01[39m
     95 Linear |R| = [32m4.269916e-01[39m
     96 Linear |R| = [32m3.448328e-01[39m
     97 Linear |R| = [32m2.702506e-01[39m
     98 Linear |R| = [32m2.202061e-01[39m
     99 Linear |R| = [32m1.850597e-01[39m
    100 Linear |R| = [32m1.665083e-01[39m
22 Nonlinear |R| = [33m1.671463e+04[39m
      0 Linear |R| = [32m1.671463e+04[39m
      1 Linear |R| = [33m1.591871e+04[39m
      2 Linear |R| = [32m1.345246e+04[39m
      3 Linear |R| = [33m1.284598e+04[39m
      4 Linear |R| = [33m1.266935e+04[39m
      5 Linear |R| = [33m1.248366e+04[39m
      6 Linear |R| = [33m1.240418e+04[39m
      7 Linear |R| = [33m1.238158e+04[39m
      8 Linear |R| = [33m1.237954e+04[39m
      9 Linear |R| = [33m1.237563e+04[39m
     10 Linear |R| = [33m1.237539e+04[39m
     11 Linear |R| = [33m1.236770e+04[39m
     12 Linear |R| = [33m1.236755e+04[39m
     13 Linear |R| = [33m1.236687e+04[39m
     14 Linear |R| = [33m1.236561e+04[39m
     15 Linear |R| = [33m1.235593e+04[39m
     16 Linear |R| = [33m1.235574e+04[39m
     17 Linear |R| = [33m1.235282e+04[39m
     18 Linear |R| = [33m1.235106e+04[39m
     19 Linear |R| = [33m1.233185e+04[39m
     20 Linear |R| = [33m1.229080e+04[39m
     21 Linear |R| = [33m1.214818e+04[39m
     22 Linear |R| = [33m1.192882e+04[39m
     23 Linear |R| = [33m1.148676e+04[39m
     24 Linear |R| = [32m1.048640e+04[39m
     25 Linear |R| = [32m8.919176e+03[39m
     26 Linear |R| = [32m6.690958e+03[39m
     27 Linear |R| = [32m4.625472e+03[39m
     28 Linear |R| = [32m3.339009e+03[39m
     29 Linear |R| = [32m2.526487e+03[39m
     30 Linear |R| = [31m2.654586e+03[39m
     31 Linear |R| = [32m1.926027e+03[39m
     32 Linear |R| = [32m1.671240e+03[39m
     33 Linear |R| = [32m1.479960e+03[39m
     34 Linear |R| = [32m1.237560e+03[39m
     35 Linear |R| = [32m9.363795e+02[39m
     36 Linear |R| = [32m7.406229e+02[39m
     37 Linear |R| = [32m6.438210e+02[39m
     38 Linear |R| = [32m6.019955e+02[39m
     39 Linear |R| = [33m5.729310e+02[39m
     40 Linear |R| = [33m5.508314e+02[39m
     41 Linear |R| = [33m5.421908e+02[39m
     42 Linear |R| = [33m5.370559e+02[39m
     43 Linear |R| = [33m5.324573e+02[39m
     44 Linear |R| = [33m5.307607e+02[39m
     45 Linear |R| = [33m5.304289e+02[39m
     46 Linear |R| = [33m5.299070e+02[39m
     47 Linear |R| = [33m5.291853e+02[39m
     48 Linear |R| = [33m5.291813e+02[39m
     49 Linear |R| = [33m5.291802e+02[39m
     50 Linear |R| = [33m5.291643e+02[39m
     51 Linear |R| = [33m5.291628e+02[39m
     52 Linear |R| = [33m5.291524e+02[39m
     53 Linear |R| = [33m5.291519e+02[39m
     54 Linear |R| = [33m5.291343e+02[39m
     55 Linear |R| = [33m5.285119e+02[39m
     56 Linear |R| = [33m5.269644e+02[39m
     57 Linear |R| = [33m5.235934e+02[39m
     58 Linear |R| = [33m5.162554e+02[39m
     59 Linear |R| = [33m5.020876e+02[39m
     60 Linear |R| = [32m4.469536e+02[39m
     61 Linear |R| = [32m4.098328e+02[39m
     62 Linear |R| = [32m3.845986e+02[39m
     63 Linear |R| = [33m3.688438e+02[39m
     64 Linear |R| = [33m3.647560e+02[39m
     65 Linear |R| = [33m3.622680e+02[39m
     66 Linear |R| = [33m3.607691e+02[39m
     67 Linear |R| = [33m3.596250e+02[39m
     68 Linear |R| = [33m3.595653e+02[39m
     69 Linear |R| = [33m3.595648e+02[39m
     70 Linear |R| = [33m3.590725e+02[39m
     71 Linear |R| = [33m3.590598e+02[39m
     72 Linear |R| = [33m3.590503e+02[39m
     73 Linear |R| = [33m3.590488e+02[39m
     74 Linear |R| = [33m3.590011e+02[39m
     75 Linear |R| = [33m3.589613e+02[39m
     76 Linear |R| = [33m3.588978e+02[39m
     77 Linear |R| = [33m3.588821e+02[39m
     78 Linear |R| = [33m3.587592e+02[39m
     79 Linear |R| = [33m3.583440e+02[39m
     80 Linear |R| = [33m3.557513e+02[39m
     81 Linear |R| = [33m3.505337e+02[39m
     82 Linear |R| = [33m3.412432e+02[39m
     83 Linear |R| = [32m3.187539e+02[39m
     84 Linear |R| = [32m2.789667e+02[39m
     85 Linear |R| = [32m2.344013e+02[39m
     86 Linear |R| = [32m1.883831e+02[39m
     87 Linear |R| = [32m1.516349e+02[39m
     88 Linear |R| = [32m1.272454e+02[39m
     89 Linear |R| = [32m1.072204e+02[39m
    Linear solve did not converge due to DIVERGED_BREAKDOWN iterations 90
23 Nonlinear |R| = [33m1.671463e+04[39m
      0 Linear |R| = [32m1.671463e+04[39m
      1 Linear |R| = [33m1.591896e+04[39m
      2 Linear |R| = [32m1.345242e+04[39m
      3 Linear |R| = [33m1.284551e+04[39m
      4 Linear |R| = [33m1.266836e+04[39m
      5 Linear |R| = [33m1.248192e+04[39m
      6 Linear |R| = [33m1.240157e+04[39m
      7 Linear |R| = [33m1.237809e+04[39m
      8 Linear |R| = [33m1.237561e+04[39m
      9 Linear |R| = [33m1.237253e+04[39m
     10 Linear |R| = [33m1.237186e+04[39m
     11 Linear |R| = [33m1.236080e+04[39m
     12 Linear |R| = [33m1.236057e+04[39m
     13 Linear |R| = [33m1.235610e+04[39m
     14 Linear |R| = [33m1.234785e+04[39m
     15 Linear |R| = [33m1.234767e+04[39m
     16 Linear |R| = [33m1.233381e+04[39m
     17 Linear |R| = [33m1.231486e+04[39m
     18 Linear |R| = [33m1.226145e+04[39m
     19 Linear |R| = [33m1.217772e+04[39m
     20 Linear |R| = [33m1.198724e+04[39m
     21 Linear |R| = [33m1.160315e+04[39m
     22 Linear |R| = [32m1.098561e+04[39m
     23 Linear |R| = [32m1.012654e+04[39m
     24 Linear |R| = [32m8.749424e+03[39m
     25 Linear |R| = [32m6.781943e+03[39m
     26 Linear |R| = [32m4.661381e+03[39m
     27 Linear |R| = [32m3.004251e+03[39m
     28 Linear |R| = [32m2.143915e+03[39m
     29 Linear |R| = [32m1.628537e+03[39m
     30 Linear |R| = [31m1.710040e+03[39m
     31 Linear |R| = [32m1.225616e+03[39m
     32 Linear |R| = [32m1.038705e+03[39m
     33 Linear |R| = [32m9.065861e+02[39m
     34 Linear |R| = [32m7.153529e+02[39m
     35 Linear |R| = [32m5.061330e+02[39m
     36 Linear |R| = [32m3.560309e+02[39m
     37 Linear |R| = [32m2.476912e+02[39m
     38 Linear |R| = [32m1.814504e+02[39m
     39 Linear |R| = [32m1.241954e+02[39m
     40 Linear |R| = [32m8.893513e+01[39m
     41 Linear |R| = [32m6.659822e+01[39m
     42 Linear |R| = [32m5.038715e+01[39m
     43 Linear |R| = [32m3.988829e+01[39m
     44 Linear |R| = [32m3.291946e+01[39m
     45 Linear |R| = [32m2.893329e+01[39m
     46 Linear |R| = [32m2.672493e+01[39m
     47 Linear |R| = [33m2.570101e+01[39m
     48 Linear |R| = [33m2.540803e+01[39m
     49 Linear |R| = [33m2.525729e+01[39m
     50 Linear |R| = [33m2.521320e+01[39m
     51 Linear |R| = [33m2.518669e+01[39m
     52 Linear |R| = [33m2.517881e+01[39m
     53 Linear |R| = [33m2.516562e+01[39m
     54 Linear |R| = [33m2.513870e+01[39m
     55 Linear |R| = [33m2.513844e+01[39m
     56 Linear |R| = [33m2.513788e+01[39m
     57 Linear |R| = [33m2.513056e+01[39m
     58 Linear |R| = [33m2.510627e+01[39m
     59 Linear |R| = [33m2.493579e+01[39m
     60 Linear |R| = [33m2.483378e+01[39m
     61 Linear |R| = [33m2.482817e+01[39m
     62 Linear |R| = [33m2.481865e+01[39m
     63 Linear |R| = [33m2.481373e+01[39m
     64 Linear |R| = [33m2.478251e+01[39m
     65 Linear |R| = [33m2.476905e+01[39m
     66 Linear |R| = [33m2.476687e+01[39m
     67 Linear |R| = [33m2.476684e+01[39m
     68 Linear |R| = [33m2.476651e+01[39m
     69 Linear |R| = [33m2.476630e+01[39m
     70 Linear |R| = [33m2.476630e+01[39m
     71 Linear |R| = [33m2.476610e+01[39m
     72 Linear |R| = [33m2.475879e+01[39m
     73 Linear |R| = [33m2.475521e+01[39m
     74 Linear |R| = [33m2.474897e+01[39m
     75 Linear |R| = [33m2.473242e+01[39m
     76 Linear |R| = [33m2.468170e+01[39m
     77 Linear |R| = [33m2.442869e+01[39m
     78 Linear |R| = [33m2.364379e+01[39m
     79 Linear |R| = [32m2.188287e+01[39m
     80 Linear |R| = [32m1.826116e+01[39m
     81 Linear |R| = [32m1.424029e+01[39m
     82 Linear |R| = [32m1.116006e+01[39m
     83 Linear |R| = [32m6.827629e+00[39m
     84 Linear |R| = [32m4.357814e+00[39m
     85 Linear |R| = [32m2.765130e+00[39m
     86 Linear |R| = [32m1.922734e+00[39m
     87 Linear |R| = [32m1.428583e+00[39m
     88 Linear |R| = [32m1.133073e+00[39m
     89 Linear |R| = [32m9.186213e-01[39m
     90 Linear |R| = [31m1.889861e+00[39m
     91 Linear |R| = [32m9.598164e-01[39m
     92 Linear |R| = [32m7.241656e-01[39m
     93 Linear |R| = [32m5.937260e-01[39m
     94 Linear |R| = [32m5.045108e-01[39m
     95 Linear |R| = [32m4.059836e-01[39m
     96 Linear |R| = [32m3.262024e-01[39m
     97 Linear |R| = [32m2.564032e-01[39m
     98 Linear |R| = [32m2.100148e-01[39m
     99 Linear |R| = [32m1.768087e-01[39m
    100 Linear |R| = [32m1.604856e-01[39m
24 Nonlinear |R| = [33m1.671463e+04[39m
      0 Linear |R| = [32m1.671463e+04[39m
      1 Linear |R| = [33m1.591870e+04[39m
      2 Linear |R| = [32m1.345245e+04[39m
      3 Linear |R| = [33m1.284598e+04[39m
      4 Linear |R| = [33m1.266935e+04[39m
      5 Linear |R| = [33m1.248366e+04[39m
      6 Linear |R| = [33m1.240418e+04[39m
      7 Linear |R| = [33m1.238158e+04[39m
      8 Linear |R| = [33m1.237954e+04[39m
      9 Linear |R| = [33m1.237563e+04[39m
     10 Linear |R| = [33m1.237539e+04[39m
     11 Linear |R| = [33m1.236770e+04[39m
     12 Linear |R| = [33m1.236755e+04[39m
     13 Linear |R| = [33m1.236687e+04[39m
     14 Linear |R| = [33m1.236562e+04[39m
     15 Linear |R| = [33m1.235593e+04[39m
     16 Linear |R| = [33m1.235574e+04[39m
     17 Linear |R| = [33m1.235280e+04[39m
     18 Linear |R| = [33m1.235103e+04[39m
     19 Linear |R| = [33m1.233175e+04[39m
     20 Linear |R| = [33m1.229055e+04[39m
     21 Linear |R| = [33m1.214750e+04[39m
     22 Linear |R| = [33m1.192750e+04[39m
     23 Linear |R| = [33m1.148436e+04[39m
     24 Linear |R| = [32m1.048212e+04[39m
     25 Linear |R| = [32m8.912992e+03[39m
     26 Linear |R| = [32m6.684142e+03[39m
     27 Linear |R| = [32m4.619694e+03[39m
     28 Linear |R| = [32m3.334540e+03[39m
     29 Linear |R| = [32m2.523013e+03[39m
     30 Linear |R| = [31m2.650821e+03[39m
     31 Linear |R| = [32m1.923273e+03[39m
     32 Linear |R| = [32m1.668799e+03[39m
     33 Linear |R| = [32m1.477762e+03[39m
     34 Linear |R| = [32m1.235639e+03[39m
     35 Linear |R| = [32m9.348320e+02[39m
     36 Linear |R| = [32m7.392969e+02[39m
     37 Linear |R| = [32m6.425730e+02[39m
     38 Linear |R| = [32m6.007728e+02[39m
     39 Linear |R| = [33m5.717212e+02[39m
     40 Linear |R| = [33m5.496407e+02[39m
     41 Linear |R| = [33m5.410073e+02[39m
     42 Linear |R| = [33m5.358767e+02[39m
     43 Linear |R| = [33m5.312839e+02[39m
     44 Linear |R| = [33m5.295885e+02[39m
     45 Linear |R| = [33m5.292569e+02[39m
     46 Linear |R| = [33m5.287355e+02[39m
     47 Linear |R| = [33m5.280148e+02[39m
     48 Linear |R| = [33m5.280107e+02[39m
     49 Linear |R| = [33m5.280097e+02[39m
     50 Linear |R| = [33m5.279938e+02[39m
     51 Linear |R| = [33m5.279923e+02[39m
     52 Linear |R| = [33m5.279819e+02[39m
     53 Linear |R| = [33m5.279814e+02[39m
     54 Linear |R| = [33m5.279639e+02[39m
     55 Linear |R| = [33m5.273423e+02[39m
     56 Linear |R| = [33m5.257965e+02[39m
     57 Linear |R| = [33m5.224283e+02[39m
     58 Linear |R| = [33m5.150972e+02[39m
     59 Linear |R| = [33m5.009387e+02[39m
     60 Linear |R| = [32m4.459055e+02[39m
     61 Linear |R| = [32m4.088069e+02[39m
     62 Linear |R| = [32m3.835917e+02[39m
     63 Linear |R| = [33m3.678769e+02[39m
     64 Linear |R| = [33m3.637954e+02[39m
     65 Linear |R| = [33m3.613083e+02[39m
     66 Linear |R| = [33m3.598124e+02[39m
     67 Linear |R| = [33m3.586703e+02[39m
     68 Linear |R| = [33m3.586109e+02[39m
     69 Linear |R| = [33m3.586105e+02[39m
     70 Linear |R| = [33m3.581193e+02[39m
     71 Linear |R| = [33m3.581069e+02[39m
     72 Linear |R| = [33m3.580973e+02[39m
     73 Linear |R| = [33m3.580958e+02[39m
     74 Linear |R| = [33m3.580480e+02[39m
     75 Linear |R| = [33m3.580085e+02[39m
     76 Linear |R| = [33m3.579450e+02[39m
     77 Linear |R| = [33m3.579297e+02[39m
     78 Linear |R| = [33m3.578060e+02[39m
     79 Linear |R| = [33m3.573923e+02[39m
     80 Linear |R| = [33m3.548085e+02[39m
     81 Linear |R| = [33m3.495942e+02[39m
     82 Linear |R| = [33m3.403066e+02[39m
     83 Linear |R| = [32m3.178563e+02[39m
     84 Linear |R| = [32m2.781273e+02[39m
     85 Linear |R| = [32m2.336211e+02[39m
     86 Linear |R| = [32m1.877164e+02[39m
     87 Linear |R| = [32m1.510428e+02[39m
     88 Linear |R| = [32m1.267319e+02[39m
     89 Linear |R| = [32m1.067869e+02[39m
    Linear solve did not converge due to DIVERGED_BREAKDOWN iterations 90
25 Nonlinear |R| = [33m1.671463e+04[39m
      0 Linear |R| = [32m1.671463e+04[39m
      1 Linear |R| = [33m1.591896e+04[39m
      2 Linear |R| = [32m1.345242e+04[39m
      3 Linear |R| = [33m1.284552e+04[39m
      4 Linear |R| = [33m1.266837e+04[39m
      5 Linear |R| = [33m1.248192e+04[39m
      6 Linear |R| = [33m1.240157e+04[39m
      7 Linear |R| = [33m1.237809e+04[39m
      8 Linear |R| = [33m1.237561e+04[39m
      9 Linear |R| = [33m1.237253e+04[39m
     10 Linear |R| = [33m1.237186e+04[39m
     11 Linear |R| = [33m1.236081e+04[39m
     12 Linear |R| = [33m1.236057e+04[39m
     13 Linear |R| = [33m1.235611e+04[39m
     14 Linear |R| = [33m1.234786e+04[39m
     15 Linear |R| = [33m1.234769e+04[39m
     16 Linear |R| = [33m1.233385e+04[39m
     17 Linear |R| = [33m1.231494e+04[39m
     18 Linear |R| = [33m1.226164e+04[39m
     19 Linear |R| = [33m1.217811e+04[39m
     20 Linear |R| = [33m1.198805e+04[39m
     21 Linear |R| = [33m1.160482e+04[39m
     22 Linear |R| = [32m1.098847e+04[39m
     23 Linear |R| = [32m1.013080e+04[39m
     24 Linear |R| = [32m8.755226e+03[39m
     25 Linear |R| = [32m6.788269e+03[39m
     26 Linear |R| = [32m4.666758e+03[39m
     27 Linear |R| = [32m3.008044e+03[39m
     28 Linear |R| = [32m2.146723e+03[39m
     29 Linear |R| = [32m1.630703e+03[39m
     30 Linear |R| = [31m1.712239e+03[39m
     31 Linear |R| = [32m1.227215e+03[39m
     32 Linear |R| = [32m1.040062e+03[39m
     33 Linear |R| = [32m9.077613e+02[39m
     34 Linear |R| = [32m7.162623e+02[39m
     35 Linear |R| = [32m5.067838e+02[39m
     36 Linear |R| = [32m3.564941e+02[39m
     37 Linear |R| = [32m2.480005e+02[39m
     38 Linear |R| = [32m1.816563e+02[39m
     39 Linear |R| = [32m1.243063e+02[39m
     40 Linear |R| = [32m8.899044e+01[39m
     41 Linear |R| = [32m6.660768e+01[39m
     42 Linear |R| = [32m5.035386e+01[39m
     43 Linear |R| = [32m3.982275e+01[39m
     44 Linear |R| = [32m3.282268e+01[39m
     45 Linear |R| = [32m2.881146e+01[39m
     46 Linear |R| = [32m2.658846e+01[39m
     47 Linear |R| = [33m2.555784e+01[39m
     48 Linear |R| = [33m2.526233e+01[39m
     49 Linear |R| = [33m2.511040e+01[39m
     50 Linear |R| = [33m2.506586e+01[39m
     51 Linear |R| = [33m2.503917e+01[39m
     52 Linear |R| = [33m2.503122e+01[39m
     53 Linear |R| = [33m2.501802e+01[39m
     54 Linear |R| = [33m2.499121e+01[39m
     55 Linear |R| = [33m2.499096e+01[39m
     56 Linear |R| = [33m2.499041e+01[39m
     57 Linear |R| = [33m2.498320e+01[39m
     58 Linear |R| = [33m2.495926e+01[39m
     59 Linear |R| = [33m2.479064e+01[39m
     60 Linear |R| = [33m2.468149e+01[39m
     61 Linear |R| = [33m2.467725e+01[39m
     62 Linear |R| = [33m2.466833e+01[39m
     63 Linear |R| = [33m2.466095e+01[39m
     64 Linear |R| = [33m2.463155e+01[39m
     65 Linear |R| = [33m2.461952e+01[39m
     66 Linear |R| = [33m2.461779e+01[39m
     67 Linear |R| = [33m2.461770e+01[39m
     68 Linear |R| = [33m2.461729e+01[39m
     69 Linear |R| = [33m2.461728e+01[39m
     70 Linear |R| = [33m2.461728e+01[39m
     71 Linear |R| = [33m2.461672e+01[39m
     72 Linear |R| = [33m2.461066e+01[39m
     73 Linear |R| = [33m2.460767e+01[39m
     74 Linear |R| = [33m2.459833e+01[39m
     75 Linear |R| = [33m2.458672e+01[39m
     76 Linear |R| = [33m2.453757e+01[39m
     77 Linear |R| = [33m2.426026e+01[39m
     78 Linear |R| = [33m2.346303e+01[39m
     79 Linear |R| = [32m2.176632e+01[39m
     80 Linear |R| = [32m1.809900e+01[39m
     81 Linear |R| = [32m1.410310e+01[39m
     82 Linear |R| = [32m1.103218e+01[39m
     83 Linear |R| = [32m6.753733e+00[39m
     84 Linear |R| = [32m4.299290e+00[39m
     85 Linear |R| = [32m2.737010e+00[39m
     86 Linear |R| = [32m1.901333e+00[39m
     87 Linear |R| = [32m1.416713e+00[39m
     88 Linear |R| = [32m1.119873e+00[39m
     89 Linear |R| = [32m9.073158e-01[39m
     90 Linear |R| = [31m1.870715e+00[39m
     91 Linear |R| = [32m9.520130e-01[39m
     92 Linear |R| = [32m7.179056e-01[39m
     93 Linear |R| = [32m5.883411e-01[39m
     94 Linear |R| = [32m5.008223e-01[39m
     95 Linear |R| = [32m4.034643e-01[39m
     96 Linear |R| = [32m3.265374e-01[39m
     97 Linear |R| = [32m2.574933e-01[39m
     98 Linear |R| = [32m2.111778e-01[39m
     99 Linear |R| = [32m1.782596e-01[39m
    100 Linear |R| = [32m1.615348e-01[39m
26 Nonlinear |R| = [33m1.671463e+04[39m
      0 Linear |R| = [32m1.671463e+04[39m
      1 Linear |R| = [33m1.591870e+04[39m
      2 Linear |R| = [32m1.345238e+04[39m
      3 Linear |R| = [33m1.284594e+04[39m
      4 Linear |R| = [33m1.266933e+04[39m
      5 Linear |R| = [33m1.248367e+04[39m
      6 Linear |R| = [33m1.240422e+04[39m
      7 Linear |R| = [33m1.238165e+04[39m
      8 Linear |R| = [33m1.237962e+04[39m
      9 Linear |R| = [33m1.237568e+04[39m
     10 Linear |R| = [33m1.237545e+04[39m
     11 Linear |R| = [33m1.236783e+04[39m
     12 Linear |R| = [33m1.236767e+04[39m
     13 Linear |R| = [33m1.236704e+04[39m
     14 Linear |R| = [33m1.236587e+04[39m
     15 Linear |R| = [33m1.235579e+04[39m
     16 Linear |R| = [33m1.235551e+04[39m
     17 Linear |R| = [33m1.235205e+04[39m
     18 Linear |R| = [33m1.234968e+04[39m
     19 Linear |R| = [33m1.232741e+04[39m
     20 Linear |R| = [33m1.227971e+04[39m
     21 Linear |R| = [33m1.211816e+04[39m
     22 Linear |R| = [33m1.186993e+04[39m
     23 Linear |R| = [33m1.137976e+04[39m
     24 Linear |R| = [32m1.029962e+04[39m
     25 Linear |R| = [32m8.652652e+03[39m
     26 Linear |R| = [32m6.402157e+03[39m
     27 Linear |R| = [32m4.382378e+03[39m
     28 Linear |R| = [32m3.151117e+03[39m
     29 Linear |R| = [32m2.380098e+03[39m
    Linear solve did not converge due to DIVERGED_BREAKDOWN iterations 30
27 Nonlinear |R| = [33m1.671463e+04[39m
      0 Linear |R| = [32m1.671463e+04[39m
      1 Linear |R| = [33m1.591889e+04[39m
      2 Linear |R| = [32m1.345234e+04[39m
      3 Linear |R| = [33m1.284552e+04[39m
      4 Linear |R| = [33m1.266839e+04[39m
      5 Linear |R| = [33m1.248196e+04[39m
      6 Linear |R| = [33m1.240159e+04[39m
      7 Linear |R| = [33m1.237814e+04[39m
      8 Linear |R| = [33m1.237568e+04[39m
      9 Linear |R| = [33m1.237259e+04[39m
     10 Linear |R| = [33m1.237193e+04[39m
     11 Linear |R| = [33m1.236090e+04[39m
     12 Linear |R| = [33m1.236067e+04[39m
     13 Linear |R| = [33m1.235630e+04[39m
     14 Linear |R| = [33m1.234817e+04[39m
     15 Linear |R| = [33m1.234796e+04[39m
     16 Linear |R| = [33m1.233456e+04[39m
     17 Linear |R| = [33m1.231637e+04[39m
     18 Linear |R| = [33m1.226478e+04[39m
     19 Linear |R| = [33m1.218476e+04[39m
     20 Linear |R| = [33m1.200198e+04[39m
     21 Linear |R| = [33m1.163386e+04[39m
     22 Linear |R| = [32m1.103842e+04[39m
     23 Linear |R| = [32m1.020550e+04[39m
     24 Linear |R| = [32m8.857541e+03[39m
     25 Linear |R| = [32m6.900596e+03[39m
     26 Linear |R| = [32m4.762954e+03[39m
     27 Linear |R| = [32m3.076152e+03[39m
     28 Linear |R| = [32m2.197227e+03[39m
     29 Linear |R| = [32m1.669705e+03[39m
     30 Linear |R| = [31m1.751890e+03[39m
     31 Linear |R| = [32m1.255933e+03[39m
     32 Linear |R| = [32m1.064355e+03[39m
     33 Linear |R| = [32m9.288515e+02[39m
     34 Linear |R| = [32m7.325908e+02[39m
     35 Linear |R| = [32m5.183799e+02[39m
     36 Linear |R| = [32m3.648013e+02[39m
     37 Linear |R| = [32m2.535881e+02[39m
     38 Linear |R| = [32m1.853738e+02[39m
     39 Linear |R| = [32m1.262954e+02[39m
     40 Linear |R| = [32m8.998257e+01[39m
     41 Linear |R| = [32m6.677306e+01[39m
     42 Linear |R| = [32m4.975543e+01[39m
     43 Linear |R| = [32m3.863305e+01[39m
     44 Linear |R| = [32m3.103903e+01[39m
     45 Linear |R| = [32m2.653499e+01[39m
     46 Linear |R| = [32m2.401498e+01[39m
     47 Linear |R| = [33m2.284457e+01[39m
     48 Linear |R| = [33m2.249543e+01[39m
     49 Linear |R| = [33m2.231878e+01[39m
     50 Linear |R| = [33m2.226479e+01[39m
     51 Linear |R| = [33m2.223402e+01[39m
     52 Linear |R| = [33m2.222458e+01[39m
     53 Linear |R| = [33m2.221126e+01[39m
     54 Linear |R| = [33m2.218646e+01[39m
     55 Linear |R| = [33m2.218623e+01[39m
     56 Linear |R| = [33m2.218583e+01[39m
     57 Linear |R| = [33m2.218040e+01[39m
     58 Linear |R| = [33m2.216209e+01[39m
     59 Linear |R| = [33m2.202609e+01[39m
     60 Linear |R| = [33m2.196137e+01[39m
     61 Linear |R| = [33m2.195794e+01[39m
     62 Linear |R| = [33m2.195231e+01[39m
     63 Linear |R| = [33m2.194986e+01[39m
     64 Linear |R| = [33m2.192986e+01[39m
     65 Linear |R| = [33m2.191977e+01[39m
     66 Linear |R| = [33m2.191810e+01[39m
     67 Linear |R| = [33m2.191804e+01[39m
     68 Linear |R| = [33m2.191728e+01[39m
     69 Linear |R| = [33m2.191709e+01[39m
     70 Linear |R| = [33m2.191702e+01[39m
     71 Linear |R| = [33m2.191676e+01[39m
     72 Linear |R| = [33m2.191033e+01[39m
     73 Linear |R| = [33m2.190750e+01[39m
     74 Linear |R| = [33m2.189948e+01[39m
     75 Linear |R| = [33m2.188356e+01[39m
     76 Linear |R| = [33m2.183552e+01[39m
     77 Linear |R| = [33m2.158419e+01[39m
     78 Linear |R| = [33m2.081458e+01[39m
     79 Linear |R| = [32m1.912966e+01[39m
     80 Linear |R| = [32m1.583937e+01[39m
     81 Linear |R| = [32m1.220683e+01[39m
     82 Linear |R| = [32m9.574020e+00[39m
     83 Linear |R| = [32m6.005388e+00[39m
     84 Linear |R| = [32m3.807202e+00[39m
     85 Linear |R| = [32m2.433859e+00[39m
     86 Linear |R| = [32m1.719388e+00[39m
     87 Linear |R| = [32m1.313591e+00[39m
     88 Linear |R| = [32m1.046061e+00[39m
     89 Linear |R| = [32m8.477382e-01[39m
     90 Linear |R| = [31m1.715334e+00[39m
     91 Linear |R| = [32m8.620755e-01[39m
     92 Linear |R| = [32m6.503574e-01[39m
     93 Linear |R| = [32m5.340454e-01[39m
     94 Linear |R| = [32m4.526193e-01[39m
     95 Linear |R| = [32m3.638813e-01[39m
     96 Linear |R| = [32m2.923998e-01[39m
     97 Linear |R| = [32m2.297557e-01[39m
     98 Linear |R| = [32m1.880718e-01[39m
     99 Linear |R| = [32m1.581096e-01[39m
28 Nonlinear |R| = [33m1.671463e+04[39m
      0 Linear |R| = [32m1.671463e+04[39m
      1 Linear |R| = [33m1.591865e+04[39m
      2 Linear |R| = [32m1.345240e+04[39m
      3 Linear |R| = [33m1.284599e+04[39m
      4 Linear |R| = [33m1.266937e+04[39m
      5 Linear |R| = [33m1.248369e+04[39m
      6 Linear |R| = [33m1.240420e+04[39m
      7 Linear |R| = [33m1.238162e+04[39m
      8 Linear |R| = [33m1.237959e+04[39m
      9 Linear |R| = [33m1.237567e+04[39m
     10 Linear |R| = [33m1.237543e+04[39m
     11 Linear |R| = [33m1.236776e+04[39m
     12 Linear |R| = [33m1.236761e+04[39m
     13 Linear |R| = [33m1.236695e+04[39m
     14 Linear |R| = [33m1.236573e+04[39m
     15 Linear |R| = [33m1.235585e+04[39m
     16 Linear |R| = [33m1.235562e+04[39m
     17 Linear |R| = [33m1.235248e+04[39m
     18 Linear |R| = [33m1.235047e+04[39m
     19 Linear |R| = [33m1.232988e+04[39m
     20 Linear |R| = [33m1.228601e+04[39m
     21 Linear |R| = [33m1.213510e+04[39m
     22 Linear |R| = [33m1.190327e+04[39m
     23 Linear |R| = [33m1.144028e+04[39m
     24 Linear |R| = [32m1.040421e+04[39m
     25 Linear |R| = [32m8.801420e+03[39m
     26 Linear |R| = [32m6.562357e+03[39m
     27 Linear |R| = [32m4.517155e+03[39m
     28 Linear |R| = [32m3.255443e+03[39m
     29 Linear |R| = [32m2.461558e+03[39m
     30 Linear |R| = [31m2.584335e+03[39m
     31 Linear |R| = [32m1.874340e+03[39m
     32 Linear |R| = [32m1.625560e+03[39m
     33 Linear |R| = [32m1.438786e+03[39m
     34 Linear |R| = [32m1.201663e+03[39m
     35 Linear |R| = [32m9.075092e+02[39m
     36 Linear |R| = [32m7.160629e+02[39m
     37 Linear |R| = [32m6.207032e+02[39m
     38 Linear |R| = [32m5.793021e+02[39m
     39 Linear |R| = [33m5.505091e+02[39m
     40 Linear |R| = [33m5.287864e+02[39m
     41 Linear |R| = [33m5.202730e+02[39m
     42 Linear |R| = [33m5.152161e+02[39m
     43 Linear |R| = [33m5.107266e+02[39m
     44 Linear |R| = [33m5.090568e+02[39m
     45 Linear |R| = [33m5.087266e+02[39m
     46 Linear |R| = [33m5.082149e+02[39m
     47 Linear |R| = [33m5.075136e+02[39m
     48 Linear |R| = [33m5.075094e+02[39m
     49 Linear |R| = [33m5.075082e+02[39m
     50 Linear |R| = [33m5.074930e+02[39m
     51 Linear |R| = [33m5.074916e+02[39m
     52 Linear |R| = [33m5.074816e+02[39m
     53 Linear |R| = [33m5.074812e+02[39m
     54 Linear |R| = [33m5.074656e+02[39m
     55 Linear |R| = [33m5.068550e+02[39m
     56 Linear |R| = [33m5.053412e+02[39m
     57 Linear |R| = [33m5.020237e+02[39m
     58 Linear |R| = [33m4.948063e+02[39m
     59 Linear |R| = [33m4.808076e+02[39m
     60 Linear |R| = [32m4.266915e+02[39m
     61 Linear |R| = [32m3.906453e+02[39m
     62 Linear |R| = [32m3.660071e+02[39m
     63 Linear |R| = [33m3.506837e+02[39m
     64 Linear |R| = [33m3.467112e+02[39m
     65 Linear |R| = [33m3.443008e+02[39m
     66 Linear |R| = [33m3.428512e+02[39m
     67 Linear |R| = [33m3.417484e+02[39m
     68 Linear |R| = [33m3.416953e+02[39m
     69 Linear |R| = [33m3.416952e+02[39m
     70 Linear |R| = [33m3.412191e+02[39m
     71 Linear |R| = [33m3.412089e+02[39m
     72 Linear |R| = [33m3.412002e+02[39m
     73 Linear |R| = [33m3.411990e+02[39m
     74 Linear |R| = [33m3.411546e+02[39m
     75 Linear |R| = [33m3.411196e+02[39m
     76 Linear |R| = [33m3.410601e+02[39m
     77 Linear |R| = [33m3.410482e+02[39m
     78 Linear |R| = [33m3.409217e+02[39m
     79 Linear |R| = [33m3.405129e+02[39m
     80 Linear |R| = [33m3.379990e+02[39m
     81 Linear |R| = [33m3.329544e+02[39m
     82 Linear |R| = [33m3.238893e+02[39m
     83 Linear |R| = [32m3.019700e+02[39m
     84 Linear |R| = [32m2.634922e+02[39m
     85 Linear |R| = [32m2.205898e+02[39m
     86 Linear |R| = [32m1.766088e+02[39m
     87 Linear |R| = [32m1.418029e+02[39m
     88 Linear |R| = [32m1.187605e+02[39m
     89 Linear |R| = [32m1.000448e+02[39m
    Linear solve did not converge due to DIVERGED_BREAKDOWN iterations 90
29 Nonlinear |R| = [33m1.671463e+04[39m
      0 Linear |R| = [32m1.671463e+04[39m
      1 Linear |R| = [33m1.591893e+04[39m
      2 Linear |R| = [32m1.345240e+04[39m
      3 Linear |R| = [33m1.284552e+04[39m
      4 Linear |R| = [33m1.266837e+04[39m
      5 Linear |R| = [33m1.248193e+04[39m
      6 Linear |R| = [33m1.240157e+04[39m
      7 Linear |R| = [33m1.237811e+04[39m
      8 Linear |R| = [33m1.237563e+04[39m
      9 Linear |R| = [33m1.237255e+04[39m
     10 Linear |R| = [33m1.237188e+04[39m
     11 Linear |R| = [33m1.236083e+04[39m
     12 Linear |R| = [33m1.236060e+04[39m
     13 Linear |R| = [33m1.235617e+04[39m
     14 Linear |R| = [33m1.234796e+04[39m
     15 Linear |R| = [33m1.234777e+04[39m
     16 Linear |R| = [33m1.233407e+04[39m
     17 Linear |R| = [33m1.231538e+04[39m
     18 Linear |R| = [33m1.226260e+04[39m
     19 Linear |R| = [33m1.218015e+04[39m
     20 Linear |R| = [33m1.199233e+04[39m
     21 Linear |R| = [33m1.161373e+04[39m
     22 Linear |R| = [32m1.100377e+04[39m
     23 Linear |R| = [32m1.015362e+04[39m
     24 Linear |R| = [32m8.786356e+03[39m
     25 Linear |R| = [32m6.822282e+03[39m
     26 Linear |R| = [32m4.695758e+03[39m
     27 Linear |R| = [32m3.028533e+03[39m
     28 Linear |R| = [32m2.161902e+03[39m
     29 Linear |R| = [32m1.642422e+03[39m
     30 Linear |R| = [31m1.724185e+03[39m
     31 Linear |R| = [32m1.235854e+03[39m
     32 Linear |R| = [32m1.047367e+03[39m
     33 Linear |R| = [32m9.141048e+02[39m
     34 Linear |R| = [32m7.211793e+02[39m
     35 Linear |R| = [32m5.102697e+02[39m
     36 Linear |R| = [32m3.589858e+02[39m
     37 Linear |R| = [32m2.496746e+02[39m
     38 Linear |R| = [32m1.827682e+02[39m
     39 Linear |R| = [32m1.249006e+02[39m
     40 Linear |R| = [32m8.928337e+01[39m
     41 Linear |R| = [32m6.665037e+01[39m
     42 Linear |R| = [32m5.016674e+01[39m
     43 Linear |R| = [32m3.945846e+01[39m
     44 Linear |R| = [32m3.228446e+01[39m
     45 Linear |R| = [32m2.813272e+01[39m
     46 Linear |R| = [32m2.582676e+01[39m
     47 Linear |R| = [33m2.475761e+01[39m
     48 Linear |R| = [33m2.444750e+01[39m
     49 Linear |R| = [33m2.428885e+01[39m
     50 Linear |R| = [33m2.424176e+01[39m
     51 Linear |R| = [33m2.421395e+01[39m
     52 Linear |R| = [33m2.420560e+01[39m
     53 Linear |R| = [33m2.419238e+01[39m
     54 Linear |R| = [33m2.416618e+01[39m
     55 Linear |R| = [33m2.416594e+01[39m
     56 Linear |R| = [33m2.416544e+01[39m
     57 Linear |R| = [33m2.415881e+01[39m
     58 Linear |R| = [33m2.413667e+01[39m
     59 Linear |R| = [33m2.397826e+01[39m
     60 Linear |R| = [33m2.389177e+01[39m
     61 Linear |R| = [33m2.388671e+01[39m
     62 Linear |R| = [33m2.387857e+01[39m
     63 Linear |R| = [33m2.387442e+01[39m
     64 Linear |R| = [33m2.384862e+01[39m
     65 Linear |R| = [33m2.383333e+01[39m
     66 Linear |R| = [33m2.383231e+01[39m
     67 Linear |R| = [33m2.383228e+01[39m
     68 Linear |R| = [33m2.383142e+01[39m
     69 Linear |R| = [33m2.383136e+01[39m
     70 Linear |R| = [33m2.383132e+01[39m
     71 Linear |R| = [33m2.383084e+01[39m
     72 Linear |R| = [33m2.382462e+01[39m
     73 Linear |R| = [33m2.382114e+01[39m
     74 Linear |R| = [33m2.381270e+01[39m
     75 Linear |R| = [33m2.379967e+01[39m
     76 Linear |R| = [33m2.374673e+01[39m
     77 Linear |R| = [33m2.349392e+01[39m
     78 Linear |R| = [33m2.269797e+01[39m
     79 Linear |R| = [32m2.098582e+01[39m
     80 Linear |R| = [32m1.738613e+01[39m
     81 Linear |R| = [32m1.353861e+01[39m
     82 Linear |R| = [32m1.057403e+01[39m
     83 Linear |R| = [32m6.492719e+00[39m
     84 Linear |R| = [32m4.183343e+00[39m
     85 Linear |R| = [32m2.707685e+00[39m
     86 Linear |R| = [32m1.942073e+00[39m
     87 Linear |R| = [32m1.481626e+00[39m
     88 Linear |R| = [32m1.192390e+00[39m
     89 Linear |R| = [32m9.670339e-01[39m
     90 Linear |R| = [31m1.831627e+00[39m
     91 Linear |R| = [32m9.630899e-01[39m
     92 Linear |R| = [32m7.342788e-01[39m
     93 Linear |R| = [32m6.049272e-01[39m
     94 Linear |R| = [32m5.121547e-01[39m
     95 Linear |R| = [32m4.071579e-01[39m
     96 Linear |R| = [32m3.288166e-01[39m
     97 Linear |R| = [32m2.576606e-01[39m
     98 Linear |R| = [32m2.108608e-01[39m
     99 Linear |R| = [32m1.771833e-01[39m
    100 Linear |R| = [32m1.596373e-01[39m
30 Nonlinear |R| = [33m1.671463e+04[39m
  Nonlinear solve did not converge due to DIVERGED_MAX_IT iterations 30
[31m Solve Did NOT Converge![39m
  Finished Solving                                                                       [[33m 80.33 s[39m] [[33m  185 MB[39m]
Aborting as solve did not converge

Time Step 7, time = 0.3, dt = 0.025
 0 Nonlinear |R| = [32m1.825650e+04[39m
      0 Linear |R| = [32m1.825650e+04[39m
      1 Linear |R| = [32m1.700237e+04[39m
      2 Linear |R| = [32m1.282171e+04[39m
      3 Linear |R| = [32m1.118590e+04[39m
      4 Linear |R| = [32m1.017856e+04[39m
      5 Linear |R| = [32m8.659473e+03[39m
      6 Linear |R| = [32m6.348340e+03[39m
      7 Linear |R| = [32m4.076062e+03[39m
      8 Linear |R| = [32m2.508765e+03[39m
      9 Linear |R| = [32m1.474312e+03[39m
     10 Linear |R| = [32m8.023263e+02[39m
     11 Linear |R| = [32m4.443301e+02[39m
     12 Linear |R| = [32m2.505569e+02[39m
     13 Linear |R| = [32m1.423991e+02[39m
     14 Linear |R| = [32m8.532149e+01[39m
     15 Linear |R| = [32m4.943012e+01[39m
     16 Linear |R| = [32m2.971570e+01[39m
     17 Linear |R| = [32m1.772425e+01[39m
     18 Linear |R| = [32m1.049979e+01[39m
     19 Linear |R| = [32m6.860090e+00[39m
     20 Linear |R| = [32m5.082394e+00[39m
     21 Linear |R| = [32m3.966385e+00[39m
     22 Linear |R| = [32m2.923714e+00[39m
     23 Linear |R| = [32m2.031757e+00[39m
     24 Linear |R| = [32m1.304960e+00[39m
     25 Linear |R| = [32m7.600469e-01[39m
     26 Linear |R| = [32m4.738025e-01[39m
     27 Linear |R| = [32m2.766036e-01[39m
     28 Linear |R| = [32m1.596098e-01[39m
 1 Nonlinear |R| = [32m1.680877e+04[39m
      0 Linear |R| = [32m1.680877e+04[39m
      1 Linear |R| = [32m1.577509e+04[39m
      2 Linear |R| = [32m1.365503e+04[39m
      3 Linear |R| = [32m1.288610e+04[39m
      4 Linear |R| = [33m1.251275e+04[39m
      5 Linear |R| = [33m1.236796e+04[39m
      6 Linear |R| = [33m1.236203e+04[39m
      7 Linear |R| = [33m1.236175e+04[39m
      8 Linear |R| = [33m1.234145e+04[39m
      9 Linear |R| = [33m1.233744e+04[39m
     10 Linear |R| = [33m1.232854e+04[39m
     11 Linear |R| = [33m1.229574e+04[39m
     12 Linear |R| = [33m1.218272e+04[39m
     13 Linear |R| = [33m1.210559e+04[39m
     14 Linear |R| = [33m1.201365e+04[39m
     15 Linear |R| = [33m1.148921e+04[39m
     16 Linear |R| = [32m1.067550e+04[39m
     17 Linear |R| = [32m9.292619e+03[39m
     18 Linear |R| = [32m7.476664e+03[39m
     19 Linear |R| = [32m5.608221e+03[39m
     20 Linear |R| = [32m4.327856e+03[39m
     21 Linear |R| = [32m3.122464e+03[39m
     22 Linear |R| = [32m2.222274e+03[39m
     23 Linear |R| = [32m1.507304e+03[39m
     24 Linear |R| = [32m9.632549e+02[39m
     25 Linear |R| = [32m6.204639e+02[39m
     26 Linear |R| = [32m3.559556e+02[39m
     27 Linear |R| = [32m2.122338e+02[39m
     28 Linear |R| = [32m1.264790e+02[39m
     29 Linear |R| = [32m7.742672e+01[39m
     30 Linear |R| = [31m2.572221e+02[39m
     31 Linear |R| = [32m9.232526e+01[39m
     32 Linear |R| = [32m7.161557e+01[39m
     33 Linear |R| = [32m5.252811e+01[39m
     34 Linear |R| = [32m3.805993e+01[39m
     35 Linear |R| = [32m3.422823e+01[39m
     36 Linear |R| = [32m3.169337e+01[39m
     37 Linear |R| = [32m2.872873e+01[39m
     38 Linear |R| = [32m2.640991e+01[39m
     39 Linear |R| = [32m2.496671e+01[39m
     40 Linear |R| = [33m2.404947e+01[39m
     41 Linear |R| = [33m2.376250e+01[39m
     42 Linear |R| = [33m2.356798e+01[39m
     43 Linear |R| = [33m2.347992e+01[39m
     44 Linear |R| = [33m2.338231e+01[39m
     45 Linear |R| = [33m2.337298e+01[39m
     46 Linear |R| = [33m2.336056e+01[39m
     47 Linear |R| = [33m2.335242e+01[39m
     48 Linear |R| = [33m2.329342e+01[39m
     49 Linear |R| = [33m2.319573e+01[39m
     50 Linear |R| = [33m2.299495e+01[39m
     51 Linear |R| = [33m2.272846e+01[39m
     52 Linear |R| = [33m2.208248e+01[39m
     53 Linear |R| = [32m2.081540e+01[39m
     54 Linear |R| = [32m1.883943e+01[39m
     55 Linear |R| = [32m1.469478e+01[39m
     56 Linear |R| = [32m1.015986e+01[39m
     57 Linear |R| = [32m6.595627e+00[39m
     58 Linear |R| = [32m4.360738e+00[39m
     59 Linear |R| = [32m2.923858e+00[39m
     60 Linear |R| = [32m1.967945e+00[39m
     61 Linear |R| = [32m1.553989e+00[39m
     62 Linear |R| = [32m1.184354e+00[39m
     63 Linear |R| = [32m8.255530e-01[39m
     64 Linear |R| = [32m5.473224e-01[39m
     65 Linear |R| = [32m3.815861e-01[39m
     66 Linear |R| = [32m2.882024e-01[39m
     67 Linear |R| = [32m2.387847e-01[39m
     68 Linear |R| = [32m2.126844e-01[39m
     69 Linear |R| = [33m2.023581e-01[39m
     70 Linear |R| = [33m1.990847e-01[39m
     71 Linear |R| = [33m1.970965e-01[39m
     72 Linear |R| = [33m1.956733e-01[39m
     73 Linear |R| = [33m1.950170e-01[39m
     74 Linear |R| = [33m1.948636e-01[39m
     75 Linear |R| = [33m1.948314e-01[39m
     76 Linear |R| = [33m1.947402e-01[39m
     77 Linear |R| = [33m1.947200e-01[39m
     78 Linear |R| = [33m1.947021e-01[39m
     79 Linear |R| = [33m1.941411e-01[39m
     80 Linear |R| = [33m1.921386e-01[39m
     81 Linear |R| = [33m1.880904e-01[39m
     82 Linear |R| = [33m1.819494e-01[39m
     83 Linear |R| = [32m1.719537e-01[39m
     84 Linear |R| = [32m1.567709e-01[39m
 2 Nonlinear |R| = [33m1.680640e+04[39m
      0 Linear |R| = [32m1.680640e+04[39m
      1 Linear |R| = [32m1.578957e+04[39m
      2 Linear |R| = [32m1.363538e+04[39m
      3 Linear |R| = [32m1.293773e+04[39m
      4 Linear |R| = [33m1.257184e+04[39m
      5 Linear |R| = [33m1.239757e+04[39m
      6 Linear |R| = [33m1.238728e+04[39m
      7 Linear |R| = [33m1.238725e+04[39m
      8 Linear |R| = [33m1.237942e+04[39m
      9 Linear |R| = [33m1.237783e+04[39m
     10 Linear |R| = [33m1.237215e+04[39m
     11 Linear |R| = [33m1.232863e+04[39m
     12 Linear |R| = [33m1.214957e+04[39m
     13 Linear |R| = [33m1.199597e+04[39m
     14 Linear |R| = [33m1.183085e+04[39m
     15 Linear |R| = [32m1.117067e+04[39m
     16 Linear |R| = [32m1.010925e+04[39m
     17 Linear |R| = [32m8.383560e+03[39m
     18 Linear |R| = [32m6.421215e+03[39m
     19 Linear |R| = [32m4.623193e+03[39m
     20 Linear |R| = [32m3.483418e+03[39m
     21 Linear |R| = [32m2.514765e+03[39m
     22 Linear |R| = [32m1.755544e+03[39m
     23 Linear |R| = [32m1.184973e+03[39m
     24 Linear |R| = [32m7.526569e+02[39m
     25 Linear |R| = [32m4.832443e+02[39m
     26 Linear |R| = [32m2.807945e+02[39m
     27 Linear |R| = [32m1.658360e+02[39m
     28 Linear |R| = [32m9.984308e+01[39m
     29 Linear |R| = [32m6.120200e+01[39m
     30 Linear |R| = [31m1.780916e+02[39m
     31 Linear |R| = [32m6.897361e+01[39m
     32 Linear |R| = [32m5.365924e+01[39m
     33 Linear |R| = [32m4.058053e+01[39m
     34 Linear |R| = [32m3.001819e+01[39m
     35 Linear |R| = [32m2.672814e+01[39m
     36 Linear |R| = [32m2.458235e+01[39m
     37 Linear |R| = [32m2.210574e+01[39m
     38 Linear |R| = [32m2.014076e+01[39m
     39 Linear |R| = [32m1.897803e+01[39m
     40 Linear |R| = [33m1.826716e+01[39m
     41 Linear |R| = [33m1.804900e+01[39m
     42 Linear |R| = [33m1.789769e+01[39m
     43 Linear |R| = [33m1.784460e+01[39m
     44 Linear |R| = [33m1.777637e+01[39m
     45 Linear |R| = [33m1.776816e+01[39m
     46 Linear |R| = [33m1.775759e+01[39m
     47 Linear |R| = [33m1.774082e+01[39m
     48 Linear |R| = [33m1.768622e+01[39m
     49 Linear |R| = [33m1.758005e+01[39m
     50 Linear |R| = [33m1.738541e+01[39m
     51 Linear |R| = [33m1.716397e+01[39m
     52 Linear |R| = [33m1.649495e+01[39m
     53 Linear |R| = [32m1.512930e+01[39m
     54 Linear |R| = [32m1.297766e+01[39m
     55 Linear |R| = [32m9.563852e+00[39m
     56 Linear |R| = [32m6.257818e+00[39m
     57 Linear |R| = [32m3.943806e+00[39m
     58 Linear |R| = [32m2.558753e+00[39m
     59 Linear |R| = [32m1.702664e+00[39m
     60 Linear |R| = [32m1.135927e+00[39m
     61 Linear |R| = [32m8.950728e-01[39m
     62 Linear |R| = [32m6.750523e-01[39m
     63 Linear |R| = [32m4.645400e-01[39m
     64 Linear |R| = [32m2.970659e-01[39m
     65 Linear |R| = [32m1.987421e-01[39m
     66 Linear |R| = [32m1.436076e-01[39m
 3 Nonlinear |R| = [33m1.680433e+04[39m
      0 Linear |R| = [32m1.680433e+04[39m
      1 Linear |R| = [32m1.580108e+04[39m
      2 Linear |R| = [32m1.361957e+04[39m
      3 Linear |R| = [33m1.296754e+04[39m
      4 Linear |R| = [33m1.261362e+04[39m
      5 Linear |R| = [33m1.241915e+04[39m
      6 Linear |R| = [33m1.240473e+04[39m
      7 Linear |R| = [33m1.240451e+04[39m
      8 Linear |R| = [33m1.240179e+04[39m
      9 Linear |R| = [33m1.240160e+04[39m
     10 Linear |R| = [33m1.239710e+04[39m
     11 Linear |R| = [33m1.234841e+04[39m
     12 Linear |R| = [33m1.212611e+04[39m
     13 Linear |R| = [33m1.190392e+04[39m
     14 Linear |R| = [33m1.166519e+04[39m
     15 Linear |R| = [32m1.090974e+04[39m
     16 Linear |R| = [32m9.714315e+03[39m
     17 Linear |R| = [32m7.834025e+03[39m
     18 Linear |R| = [32m5.827822e+03[39m
     19 Linear |R| = [32m4.095841e+03[39m
     20 Linear |R| = [32m3.022690e+03[39m
     21 Linear |R| = [32m2.201277e+03[39m
     22 Linear |R| = [32m1.524853e+03[39m
     23 Linear |R| = [32m1.020784e+03[39m
     24 Linear |R| = [32m6.456885e+02[39m
     25 Linear |R| = [32m4.091839e+02[39m
     26 Linear |R| = [32m2.409442e+02[39m
     27 Linear |R| = [32m1.422824e+02[39m
     28 Linear |R| = [32m8.614143e+01[39m
     29 Linear |R| = [32m5.350321e+01[39m
     30 Linear |R| = [31m1.401573e+02[39m
     31 Linear |R| = [32m5.755766e+01[39m
     32 Linear |R| = [32m4.455706e+01[39m
     33 Linear |R| = [32m3.448065e+01[39m
     34 Linear |R| = [32m2.598551e+01[39m
     35 Linear |R| = [32m2.287774e+01[39m
     36 Linear |R| = [32m2.089138e+01[39m
     37 Linear |R| = [32m1.863232e+01[39m
     38 Linear |R| = [32m1.680182e+01[39m
     39 Linear |R| = [32m1.576903e+01[39m
     40 Linear |R| = [33m1.517484e+01[39m
     41 Linear |R| = [33m1.499160e+01[39m
     42 Linear |R| = [33m1.485621e+01[39m
     43 Linear |R| = [33m1.481686e+01[39m
     44 Linear |R| = [33m1.476903e+01[39m
     45 Linear |R| = [33m1.475824e+01[39m
     46 Linear |R| = [33m1.475152e+01[39m
     47 Linear |R| = [33m1.473013e+01[39m
     48 Linear |R| = [33m1.468028e+01[39m
     49 Linear |R| = [33m1.458940e+01[39m
     50 Linear |R| = [33m1.441821e+01[39m
     51 Linear |R| = [33m1.422570e+01[39m
     52 Linear |R| = [33m1.356965e+01[39m
     53 Linear |R| = [32m1.217855e+01[39m
     54 Linear |R| = [32m9.950554e+00[39m
     55 Linear |R| = [32m7.010908e+00[39m
     56 Linear |R| = [32m4.523701e+00[39m
     57 Linear |R| = [32m2.815119e+00[39m
     58 Linear |R| = [32m1.820937e+00[39m
     59 Linear |R| = [32m1.203010e+00[39m
     60 Linear |R| = [32m7.989978e-01[39m
     61 Linear |R| = [32m6.282341e-01[39m
     62 Linear |R| = [32m4.672531e-01[39m
     63 Linear |R| = [32m3.186710e-01[39m
     64 Linear |R| = [32m2.038092e-01[39m
     65 Linear |R| = [32m1.329443e-01[39m
 4 Nonlinear |R| = [33m1.680240e+04[39m
      0 Linear |R| = [32m1.680240e+04[39m
      1 Linear |R| = [32m1.581102e+04[39m
      2 Linear |R| = [32m1.360636e+04[39m
      3 Linear |R| = [33m1.298640e+04[39m
      4 Linear |R| = [33m1.264536e+04[39m
      5 Linear |R| = [33m1.243656e+04[39m
      6 Linear |R| = [33m1.241850e+04[39m
      7 Linear |R| = [33m1.241817e+04[39m
      8 Linear |R| = [33m1.241748e+04[39m
      9 Linear |R| = [33m1.241736e+04[39m
     10 Linear |R| = [33m1.241317e+04[39m
     11 Linear |R| = [33m1.236039e+04[39m
     12 Linear |R| = [33m1.210642e+04[39m
     13 Linear |R| = [33m1.182621e+04[39m
     14 Linear |R| = [33m1.151684e+04[39m
     15 Linear |R| = [32m1.067836e+04[39m
     16 Linear |R| = [32m9.393142e+03[39m
     17 Linear |R| = [32m7.443786e+03[39m
     18 Linear |R| = [32m5.435718e+03[39m
     19 Linear |R| = [32m3.763412e+03[39m
     20 Linear |R| = [32m2.720944e+03[39m
     21 Linear |R| = [32m1.994087e+03[39m
     22 Linear |R| = [32m1.378978e+03[39m
     23 Linear |R| = [32m9.142118e+02[39m
     24 Linear |R| = [32m5.782544e+02[39m
     25 Linear |R| = [32m3.617621e+02[39m
     26 Linear |R| = [32m2.149439e+02[39m
     27 Linear |R| = [32m1.276951e+02[39m
     28 Linear |R| = [32m7.740280e+01[39m
     29 Linear |R| = [32m4.870519e+01[39m
     30 Linear |R| = [31m1.169218e+02[39m
     31 Linear |R| = [32m5.062055e+01[39m
     32 Linear |R| = [32m3.879654e+01[39m
     33 Linear |R| = [32m3.059036e+01[39m
     34 Linear |R| = [32m2.346745e+01[39m
     35 Linear |R| = [32m2.042720e+01[39m
     36 Linear |R| = [32m1.852069e+01[39m
     37 Linear |R| = [32m1.639822e+01[39m
     38 Linear |R| = [32m1.464593e+01[39m
     39 Linear |R| = [32m1.368667e+01[39m
     40 Linear |R| = [33m1.317395e+01[39m
     41 Linear |R| = [33m1.301494e+01[39m
     42 Linear |R| = [33m1.288774e+01[39m
     43 Linear |R| = [33m1.285416e+01[39m
     44 Linear |R| = [33m1.282175e+01[39m
     45 Linear |R| = [33m1.280825e+01[39m
     46 Linear |R| = [33m1.280494e+01[39m
     47 Linear |R| = [33m1.278259e+01[39m
     48 Linear |R| = [33m1.273705e+01[39m
     49 Linear |R| = [33m1.266193e+01[39m
     50 Linear |R| = [33m1.251207e+01[39m
     51 Linear |R| = [33m1.233629e+01[39m
     52 Linear |R| = [32m1.169717e+01[39m
     53 Linear |R| = [32m1.030048e+01[39m
     54 Linear |R| = [32m8.058539e+00[39m
     55 Linear |R| = [32m5.416138e+00[39m
     56 Linear |R| = [32m3.482638e+00[39m
     57 Linear |R| = [32m2.159822e+00[39m
     58 Linear |R| = [32m1.394623e+00[39m
     59 Linear |R| = [32m9.228192e-01[39m
     60 Linear |R| = [32m6.100969e-01[39m
     61 Linear |R| = [32m4.783306e-01[39m
     62 Linear |R| = [32m3.523000e-01[39m
     63 Linear |R| = [32m2.371969e-01[39m
     64 Linear |R| = [32m1.528913e-01[39m
 5 Nonlinear |R| = [33m1.680053e+04[39m
      0 Linear |R| = [32m1.680053e+04[39m
      1 Linear |R| = [32m1.581981e+04[39m
      2 Linear |R| = [32m1.359349e+04[39m
      3 Linear |R| = [33m1.299678e+04[39m
      4 Linear |R| = [33m1.266883e+04[39m
      5 Linear |R| = [33m1.244951e+04[39m
      6 Linear |R| = [33m1.242821e+04[39m
      7 Linear |R| = [33m1.242789e+04[39m
      8 Linear |R| = [33m1.242787e+04[39m
      9 Linear |R| = [33m1.242652e+04[39m
     10 Linear |R| = [33m1.242212e+04[39m
     11 Linear |R| = [33m1.236624e+04[39m
     12 Linear |R| = [33m1.209148e+04[39m
     13 Linear |R| = [33m1.176411e+04[39m
     14 Linear |R| = [33m1.138537e+04[39m
     15 Linear |R| = [32m1.046645e+04[39m
     16 Linear |R| = [32m9.117685e+03[39m
     17 Linear |R| = [32m7.148158e+03[39m
     18 Linear |R| = [32m5.153587e+03[39m
     19 Linear |R| = [32m3.524358e+03[39m
     20 Linear |R| = [32m2.500865e+03[39m
     21 Linear |R| = [32m1.839626e+03[39m
     22 Linear |R| = [32m1.275888e+03[39m
     23 Linear |R| = [32m8.389521e+02[39m
     24 Linear |R| = [32m5.297509e+02[39m
     25 Linear |R| = [32m3.275969e+02[39m
     26 Linear |R| = [32m1.951177e+02[39m
     27 Linear |R| = [32m1.169517e+02[39m
     28 Linear |R| = [32m7.096108e+01[39m
     29 Linear |R| = [32m4.526670e+01[39m
     30 Linear |R| = [31m1.013557e+02[39m
     31 Linear |R| = [32m4.613678e+01[39m
     32 Linear |R| = [32m3.489200e+01[39m
     33 Linear |R| = [32m2.797968e+01[39m
     34 Linear |R| = [32m2.181867e+01[39m
     35 Linear |R| = [32m1.878110e+01[39m
     36 Linear |R| = [32m1.691119e+01[39m
     37 Linear |R| = [32m1.488663e+01[39m
     38 Linear |R| = [32m1.319256e+01[39m
     39 Linear |R| = [32m1.227428e+01[39m
     40 Linear |R| = [33m1.181764e+01[39m
     41 Linear |R| = [33m1.167394e+01[39m
     42 Linear |R| = [33m1.155098e+01[39m
     43 Linear |R| = [33m1.151784e+01[39m
     44 Linear |R| = [33m1.149721e+01[39m
     45 Linear |R| = [33m1.148122e+01[39m
     46 Linear |R| = [33m1.148002e+01[39m
     47 Linear |R| = [33m1.145988e+01[39m
     48 Linear |R| = [33m1.141924e+01[39m
     49 Linear |R| = [33m1.135523e+01[39m
     50 Linear |R| = [33m1.122054e+01[39m
     51 Linear |R| = [33m1.105349e+01[39m
     52 Linear |R| = [32m1.043322e+01[39m
     53 Linear |R| = [32m9.054207e+00[39m
     54 Linear |R| = [32m6.836363e+00[39m
     55 Linear |R| = [32m4.357934e+00[39m
     56 Linear |R| = [32m2.782752e+00[39m
     57 Linear |R| = [32m1.737855e+00[39m
     58 Linear |R| = [32m1.122534e+00[39m
     59 Linear |R| = [32m7.533645e-01[39m
     60 Linear |R| = [32m4.995026e-01[39m
     61 Linear |R| = [32m3.910034e-01[39m
     62 Linear |R| = [32m2.872388e-01[39m
     63 Linear |R| = [32m1.905408e-01[39m
     64 Linear |R| = [32m1.232066e-01[39m
 6 Nonlinear |R| = [33m1.679873e+04[39m
      0 Linear |R| = [32m1.679873e+04[39m
      1 Linear |R| = [32m1.582712e+04[39m
      2 Linear |R| = [32m1.358497e+04[39m
      3 Linear |R| = [33m1.300504e+04[39m
      4 Linear |R| = [33m1.268772e+04[39m
      5 Linear |R| = [33m1.245853e+04[39m
      6 Linear |R| = [33m1.243353e+04[39m
      7 Linear |R| = [33m1.243338e+04[39m
      8 Linear |R| = [33m1.243336e+04[39m
      9 Linear |R| = [33m1.243071e+04[39m
     10 Linear |R| = [33m1.242690e+04[39m
     11 Linear |R| = [33m1.237227e+04[39m
     12 Linear |R| = [33m1.209585e+04[39m
     13 Linear |R| = [33m1.174784e+04[39m
     14 Linear |R| = [33m1.132303e+04[39m
     15 Linear |R| = [32m1.035558e+04[39m
     16 Linear |R| = [32m8.969315e+03[39m
     17 Linear |R| = [32m7.004085e+03[39m
     18 Linear |R| = [32m5.030656e+03[39m
     19 Linear |R| = [32m3.407709e+03[39m
     20 Linear |R| = [32m2.360030e+03[39m
     21 Linear |R| = [32m1.733115e+03[39m
     22 Linear |R| = [32m1.205579e+03[39m
     23 Linear |R| = [32m7.858331e+02[39m
     24 Linear |R| = [32m4.959667e+02[39m
     25 Linear |R| = [32m3.026525e+02[39m
     26 Linear |R| = [32m1.792032e+02[39m
     27 Linear |R| = [32m1.085260e+02[39m
     28 Linear |R| = [32m6.626417e+01[39m
     29 Linear |R| = [32m4.321292e+01[39m
     30 Linear |R| = [31m9.353817e+01[39m
     31 Linear |R| = [32m4.485910e+01[39m
     32 Linear |R| = [32m3.354364e+01[39m
     33 Linear |R| = [32m2.743677e+01[39m
     34 Linear |R| = [32m2.180332e+01[39m
     35 Linear |R| = [32m1.856538e+01[39m
     36 Linear |R| = [32m1.652286e+01[39m
     37 Linear |R| = [32m1.436124e+01[39m
     38 Linear |R| = [32m1.258803e+01[39m
     39 Linear |R| = [32m1.164584e+01[39m
     40 Linear |R| = [33m1.122741e+01[39m
     41 Linear |R| = [33m1.109640e+01[39m
     42 Linear |R| = [33m1.097793e+01[39m
     43 Linear |R| = [33m1.094254e+01[39m
     44 Linear |R| = [33m1.092782e+01[39m
     45 Linear |R| = [33m1.090835e+01[39m
     46 Linear |R| = [33m1.090829e+01[39m
     47 Linear |R| = [33m1.089070e+01[39m
     48 Linear |R| = [33m1.085708e+01[39m
     49 Linear |R| = [33m1.079866e+01[39m
     50 Linear |R| = [33m1.067354e+01[39m
     51 Linear |R| = [33m1.050688e+01[39m
     52 Linear |R| = [32m9.879053e+00[39m
     53 Linear |R| = [32m8.506110e+00[39m
     54 Linear |R| = [32m6.298987e+00[39m
     55 Linear |R| = [32m3.884718e+00[39m
     56 Linear |R| = [32m2.461882e+00[39m
     57 Linear |R| = [32m1.586703e+00[39m
     58 Linear |R| = [32m1.054863e+00[39m
     59 Linear |R| = [32m7.279345e-01[39m
     60 Linear |R| = [32m4.882054e-01[39m
     61 Linear |R| = [32m3.799257e-01[39m
     62 Linear |R| = [32m2.779261e-01[39m
     63 Linear |R| = [32m1.834817e-01[39m
     64 Linear |R| = [32m1.202302e-01[39m
 7 Nonlinear |R| = [33m1.679843e+04[39m
      0 Linear |R| = [32m1.679843e+04[39m
      1 Linear |R| = [32m1.586655e+04[39m
      2 Linear |R| = [32m1.355123e+04[39m
      3 Linear |R| = [33m1.295171e+04[39m
      4 Linear |R| = [33m1.259633e+04[39m
      5 Linear |R| = [33m1.230845e+04[39m
      6 Linear |R| = [33m1.222908e+04[39m
      7 Linear |R| = [33m1.218145e+04[39m
      8 Linear |R| = [33m1.206902e+04[39m
      9 Linear |R| = [33m1.184245e+04[39m
     10 Linear |R| = [33m1.135116e+04[39m
     11 Linear |R| = [32m1.035024e+04[39m
     12 Linear |R| = [32m9.071807e+03[39m
     13 Linear |R| = [32m7.092581e+03[39m
     14 Linear |R| = [32m5.329913e+03[39m
     15 Linear |R| = [32m3.834192e+03[39m
     16 Linear |R| = [32m2.769766e+03[39m
     17 Linear |R| = [32m1.993265e+03[39m
     18 Linear |R| = [32m1.383647e+03[39m
     19 Linear |R| = [32m8.402566e+02[39m
     20 Linear |R| = [32m4.814851e+02[39m
     21 Linear |R| = [32m3.054961e+02[39m
     22 Linear |R| = [32m2.019337e+02[39m
     23 Linear |R| = [32m1.330405e+02[39m
     24 Linear |R| = [32m9.153255e+01[39m
     25 Linear |R| = [32m6.002160e+01[39m
     26 Linear |R| = [32m3.986223e+01[39m
     27 Linear |R| = [32m2.864284e+01[39m
     28 Linear |R| = [32m2.154380e+01[39m
     29 Linear |R| = [32m1.731010e+01[39m
     30 Linear |R| = [31m3.226626e+01[39m
     31 Linear |R| = [32m1.811869e+01[39m
     32 Linear |R| = [32m1.418579e+01[39m
     33 Linear |R| = [32m1.216870e+01[39m
     34 Linear |R| = [32m9.937921e+00[39m
     35 Linear |R| = [32m8.149618e+00[39m
     36 Linear |R| = [32m6.823627e+00[39m
     37 Linear |R| = [32m5.562790e+00[39m
     38 Linear |R| = [32m4.767787e+00[39m
     39 Linear |R| = [32m4.336111e+00[39m
     40 Linear |R| = [33m4.122977e+00[39m
     41 Linear |R| = [33m4.039624e+00[39m
     42 Linear |R| = [33m3.943825e+00[39m
     43 Linear |R| = [33m3.883530e+00[39m
     44 Linear |R| = [33m3.843101e+00[39m
     45 Linear |R| = [33m3.792007e+00[39m
     46 Linear |R| = [33m3.760287e+00[39m
     47 Linear |R| = [33m3.727334e+00[39m
     48 Linear |R| = [33m3.655383e+00[39m
     49 Linear |R| = [32m3.461653e+00[39m
     50 Linear |R| = [32m3.139729e+00[39m
     51 Linear |R| = [32m2.797606e+00[39m
     52 Linear |R| = [32m2.306595e+00[39m
     53 Linear |R| = [32m1.721468e+00[39m
     54 Linear |R| = [32m1.093216e+00[39m
     55 Linear |R| = [32m6.090396e-01[39m
     56 Linear |R| = [32m3.439914e-01[39m
     57 Linear |R| = [32m1.971936e-01[39m
     58 Linear |R| = [32m1.100837e-01[39m
 8 Nonlinear |R| = [33m1.678551e+04[39m
      0 Linear |R| = [32m1.678551e+04[39m
      1 Linear |R| = [32m1.579149e+04[39m
      2 Linear |R| = [32m1.360983e+04[39m
      3 Linear |R| = [33m1.296422e+04[39m
      4 Linear |R| = [33m1.260109e+04[39m
      5 Linear |R| = [33m1.239329e+04[39m
      6 Linear |R| = [33m1.237166e+04[39m
      7 Linear |R| = [33m1.237101e+04[39m
      8 Linear |R| = [33m1.236093e+04[39m
      9 Linear |R| = [33m1.235198e+04[39m
     10 Linear |R| = [33m1.234822e+04[39m
     11 Linear |R| = [33m1.234780e+04[39m
     12 Linear |R| = [33m1.230942e+04[39m
     13 Linear |R| = [33m1.230116e+04[39m
     14 Linear |R| = [33m1.229989e+04[39m
     15 Linear |R| = [33m1.222880e+04[39m
     16 Linear |R| = [33m1.211347e+04[39m
     17 Linear |R| = [33m1.172895e+04[39m
     18 Linear |R| = [32m1.105733e+04[39m
     19 Linear |R| = [32m9.919290e+03[39m
     20 Linear |R| = [32m8.561542e+03[39m
     21 Linear |R| = [32m6.954694e+03[39m
     22 Linear |R| = [32m5.271168e+03[39m
     23 Linear |R| = [32m3.791629e+03[39m
     24 Linear |R| = [32m2.552763e+03[39m
     25 Linear |R| = [32m1.679533e+03[39m
     26 Linear |R| = [32m1.023084e+03[39m
     27 Linear |R| = [32m6.146581e+02[39m
     28 Linear |R| = [32m3.769930e+02[39m
     29 Linear |R| = [32m2.404985e+02[39m
     30 Linear |R| = [31m6.777525e+02[39m
     31 Linear |R| = [32m2.805924e+02[39m
     32 Linear |R| = [32m2.169535e+02[39m
     33 Linear |R| = [32m1.715542e+02[39m
     34 Linear |R| = [32m1.326965e+02[39m
     35 Linear |R| = [32m1.168107e+02[39m
     36 Linear |R| = [32m1.060633e+02[39m
     37 Linear |R| = [32m9.337466e+01[39m
     38 Linear |R| = [32m8.309328e+01[39m
     39 Linear |R| = [32m7.786109e+01[39m
     40 Linear |R| = [33m7.538347e+01[39m
     41 Linear |R| = [33m7.474148e+01[39m
     42 Linear |R| = [33m7.420726e+01[39m
     43 Linear |R| = [33m7.402189e+01[39m
     44 Linear |R| = [33m7.368473e+01[39m
     45 Linear |R| = [33m7.348157e+01[39m
     46 Linear |R| = [33m7.347586e+01[39m
     47 Linear |R| = [33m7.347480e+01[39m
     48 Linear |R| = [33m7.347447e+01[39m
     49 Linear |R| = [33m7.347369e+01[39m
     50 Linear |R| = [33m7.345760e+01[39m
     51 Linear |R| = [33m7.344165e+01[39m
     52 Linear |R| = [33m7.324844e+01[39m
     53 Linear |R| = [33m7.269912e+01[39m
     54 Linear |R| = [33m7.118421e+01[39m
     55 Linear |R| = [32m6.583971e+01[39m
     56 Linear |R| = [32m5.630997e+01[39m
     57 Linear |R| = [32m4.328547e+01[39m
     58 Linear |R| = [32m3.104046e+01[39m
     59 Linear |R| = [32m2.173884e+01[39m
    Linear solve did not converge due to DIVERGED_BREAKDOWN iterations 60
 9 Nonlinear |R| = [33m1.678538e+04[39m
      0 Linear |R| = [32m1.678538e+04[39m
      1 Linear |R| = [32m1.580213e+04[39m
      2 Linear |R| = [32m1.360457e+04[39m
      3 Linear |R| = [33m1.297117e+04[39m
      4 Linear |R| = [33m1.260885e+04[39m
      5 Linear |R| = [33m1.239109e+04[39m
