time,damage_max,temp_mid,tip_disp_z
0,0,0,0
1,0.49994462725162,98.291798263979,-0.00056280736112305
