time,load_level,tip_disp_z
0,0,0
0.25,-3826.8343236509,-3.58373432544e-06
0.5,-7071.0678118655,-6.6218775864788e-06
0.75,-9238.7953251129,-8.6519000124705e-06
