
[33m
*** Deprecation Warning ***
/home/kevin/gt/demo/polecats/chrome/demo/inputs/aac_wall_tests/w03_pseudo_static.i:74.3: The 'Kernels/TensorMechanics' syntax is deprecated. Please use 'Physics/SolidMechanics/QuasiStatic' instead.[39m
Stack frames: 14
0: libMesh::print_trace(std::ostream&)
1: void moose::internal::mooseDeprecatedStream<libMesh::BasicOStreamProxy<char, std::char_traits<char> >, std::__cxx11::basic_string<char, std::char_traits<char>, std::allocator<char> > >(libMesh::BasicOStreamProxy<char, std::char_traits<char> >&, bool, bool, bool, std::__cxx11::basic_string<char, std::char_traits<char>, std::allocator<char> >&&)
2: Moose::Builder::walkRaw(std::__cxx11::basic_string<char, std::char_traits<char>, std::allocator<char> >, std::__cxx11::basic_string<char, std::char_traits<char>, std::allocator<char> >, hit::Node*)
3: Moose::Builder::walk(std::__cxx11::basic_string<char, std::char_traits<char>, std::allocator<char> > const&, std::__cxx11::basic_string<char, std::char_traits<char>, std::allocator<char> > const&, hit::Node*)
4: hit::Node::walk(hit::Walker*, hit::NodeType, hit::TraversalOrder)
5: hit::Node::walk(hit::Walker*, hit::NodeType, hit::TraversalOrder)
6: hit::Node::walk(hit::Walker*, hit::NodeType, hit::TraversalOrder)
7: Moose::Builder::build()
8: MooseApp::setupOptions()
9: MooseApp::run()
10: /home/kevin/gt/demo/mayor/rig/build/moose/modules/solid_mechanics/solid_mechanics-opt(+0x50f2) [0x560b1f6450f2]
11: /lib/libc.so.6(+0x27741) [0x7f0fede27741]
12: __libc_start_main
13: /home/kevin/gt/demo/mayor/rig/build/moose/modules/solid_mechanics/solid_mechanics-opt(+0x5365) [0x560b1f645365]


[36m
*** Info ***
/home/kevin/gt/demo/polecats/chrome/demo/inputs/aac_wall_tests/w03_pseudo_static.i:74.3:
The following occurred in the Action 'TensorMechanics' of type LegacyTensorMechanicsAction.

SolidMechanics Action: selecting 'total small strain' formulation. Use `incremental = true` to select 'incremental small strain' instead.[39m
sh: line 1: mpicxx: command not found
JIT compile failed.
sh: line 1: mpicxx: command not found
JIT compile failed.
sh: line 1: mpicxx: command not found
JIT compile failed.
Framework Information:
MOOSE Version:           git commit dd5a8961 on 2026-05-01
LibMesh Version:         
PETSc Version:           3.24.6
SLEPc Version:           3.24.0
Current Time:            Tue May 19 17:36:46 2026
Executable Timestamp:    Wed May 13 15:08:44 2026

Input File(s):
  /home/kevin/gt/demo/polecats/chrome/demo/inputs/aac_wall_tests/w03_pseudo_static.i

Checkpoint:
  Wall Time Interval:      Every 3600 s
  User Checkpoint:         Disabled
  # Checkpoints Kept:      2
  Execute On:              TIMESTEP_END 

Parallelism:
  Num Processors:          1
  Num Threads:             1

Mesh: 
  Parallel Type:           replicated
  Mesh Dimension:          2
  Spatial Dimension:       2
  Nodes:                   5329
  Elems:                   5184
  Num Subdomains:          1

Nonlinear System:
  Num DOFs:                10658
  Num Local DOFs:          10658
  Variables:               { "disp_x" "disp_y" } 
  Finite Element Types:    "LAGRANGE" 
  Approximation Orders:    "FIRST" 

Auxiliary System:
  Num DOFs:                41472
  Num Local DOFs:          41472
  Variables:               { "vonmises" "max_princ" "min_princ" "damage_t" "damage_c" "damage_total" 
                             "acc_plastic_strain" "stress_xy" } 
  Finite Element Types:    "MONOMIAL" 
  Approximation Orders:    "CONSTANT" 

Execution Information:
  Executioner:             Transient
  TimeStepper:             ConstantDT
  TimeIntegrator(s):       ImplicitEuler
  Solver Mode:             Preconditioned JFNK 
  PETSc Preconditioner:    hypre boomeramg 


Time Step 0, time = 0

Postprocessor Values:
+----------------+----------------+----------------+----------------+------------------+----------------+----------------+----------------+
| time           | base_shear_x   | damage_c_max   | damage_t_max   | damage_total_max | mid_vonmises   | top_disp_x     | top_disp_y     |
+----------------+----------------+----------------+----------------+------------------+----------------+----------------+----------------+
|   0.000000e+00 |   0.000000e+00 |   0.000000e+00 |   0.000000e+00 |     0.000000e+00 |   0.000000e+00 |   0.000000e+00 |   0.000000e+00 |
+----------------+----------------+----------------+----------------+------------------+----------------+----------------+----------------+


Time Step 1, time = 4, dt = 4
 0 Nonlinear |R| = [32m8.336138e+05[39m
      0 Linear |R| = [32m8.336138e+05[39m
      1 Linear |R| = [33m8.203744e+05[39m
      2 Linear |R| = [32m7.680605e+05[39m
      3 Linear |R| = [33m7.672721e+05[39m
      4 Linear |R| = [33m7.504595e+05[39m
      5 Linear |R| = [33m7.245007e+05[39m
      6 Linear |R| = [32m6.824944e+05[39m
      7 Linear |R| = [32m6.052682e+05[39m
      8 Linear |R| = [32m4.706592e+05[39m
      9 Linear |R| = [32m3.272760e+05[39m
     10 Linear |R| = [32m2.106127e+05[39m
     11 Linear |R| = [32m1.398479e+05[39m
     12 Linear |R| = [32m1.149874e+05[39m
     13 Linear |R| = [32m9.697452e+04[39m
     14 Linear |R| = [32m8.666944e+04[39m
     15 Linear |R| = [32m7.069918e+04[39m
     16 Linear |R| = [32m5.121272e+04[39m
     17 Linear |R| = [32m3.752224e+04[39m
     18 Linear |R| = [32m2.379419e+04[39m
     19 Linear |R| = [32m1.516425e+04[39m
     20 Linear |R| = [32m1.088883e+04[39m
     21 Linear |R| = [32m7.421015e+03[39m
     22 Linear |R| = [32m5.118845e+03[39m
     23 Linear |R| = [32m3.960646e+03[39m
     24 Linear |R| = [32m2.870369e+03[39m
     25 Linear |R| = [32m1.717205e+03[39m
     26 Linear |R| = [32m9.367524e+02[39m
     27 Linear |R| = [32m5.340217e+02[39m
     28 Linear |R| = [32m3.006821e+02[39m
     29 Linear |R| = [32m1.572913e+02[39m
     30 Linear |R| = [32m9.314179e+01[39m
     31 Linear |R| = [32m7.332610e+01[39m
     32 Linear |R| = [32m5.101576e+01[39m
     33 Linear |R| = [32m3.420720e+01[39m
     34 Linear |R| = [32m2.074234e+01[39m
     35 Linear |R| = [32m1.194495e+01[39m
     36 Linear |R| = [32m7.548152e+00[39m
 1 Nonlinear |R| = [33m8.222862e+05[39m
      0 Linear |R| = [32m8.222862e+05[39m
      1 Linear |R| = [33m8.090780e+05[39m
      2 Linear |R| = [32m7.577157e+05[39m
      3 Linear |R| = [33m7.569399e+05[39m
      4 Linear |R| = [33m7.400202e+05[39m
      5 Linear |R| = [33m7.140932e+05[39m
      6 Linear |R| = [32m6.728153e+05[39m
      7 Linear |R| = [32m5.961838e+05[39m
      8 Linear |R| = [32m4.636762e+05[39m
      9 Linear |R| = [32m3.217400e+05[39m
     10 Linear |R| = [32m2.059242e+05[39m
     11 Linear |R| = [32m1.371748e+05[39m
     12 Linear |R| = [32m1.132952e+05[39m
     13 Linear |R| = [32m9.556860e+04[39m
     14 Linear |R| = [32m8.525515e+04[39m
     15 Linear |R| = [32m6.943172e+04[39m
     16 Linear |R| = [32m5.045136e+04[39m
     17 Linear |R| = [32m3.681551e+04[39m
     18 Linear |R| = [32m2.326018e+04[39m
     19 Linear |R| = [32m1.497912e+04[39m
     20 Linear |R| = [32m1.072770e+04[39m
     21 Linear |R| = [32m7.236472e+03[39m
     22 Linear |R| = [32m5.047643e+03[39m
     23 Linear |R| = [32m3.923247e+03[39m
     24 Linear |R| = [32m2.818474e+03[39m
     25 Linear |R| = [32m1.676697e+03[39m
     26 Linear |R| = [32m9.185668e+02[39m
     27 Linear |R| = [32m5.230143e+02[39m
     28 Linear |R| = [32m2.901795e+02[39m
     29 Linear |R| = [32m1.507258e+02[39m
     30 Linear |R| = [32m9.027617e+01[39m
     31 Linear |R| = [32m7.110245e+01[39m
     32 Linear |R| = [32m4.921992e+01[39m
     33 Linear |R| = [32m3.302706e+01[39m
     34 Linear |R| = [32m2.016869e+01[39m
     35 Linear |R| = [32m1.160366e+01[39m
     36 Linear |R| = [32m7.332875e+00[39m
 2 Nonlinear |R| = [33m8.121750e+05[39m
      0 Linear |R| = [32m8.121750e+05[39m
      1 Linear |R| = [33m7.989377e+05[39m
      2 Linear |R| = [32m7.485153e+05[39m
      3 Linear |R| = [33m7.477504e+05[39m
      4 Linear |R| = [33m7.305985e+05[39m
      5 Linear |R| = [33m7.045856e+05[39m
      6 Linear |R| = [32m6.640141e+05[39m
      7 Linear |R| = [32m5.877424e+05[39m
      8 Linear |R| = [32m4.572122e+05[39m
      9 Linear |R| = [32m3.162388e+05[39m
     10 Linear |R| = [32m2.010370e+05[39m
     11 Linear |R| = [32m1.345749e+05[39m
     12 Linear |R| = [32m1.117639e+05[39m
     13 Linear |R| = [32m9.427596e+04[39m
     14 Linear |R| = [32m8.389164e+04[39m
     15 Linear |R| = [32m6.819907e+04[39m
     16 Linear |R| = [32m4.974112e+04[39m
     17 Linear |R| = [32m3.608540e+04[39m
     18 Linear |R| = [32m2.273994e+04[39m
     19 Linear |R| = [32m1.483769e+04[39m
     20 Linear |R| = [32m1.056818e+04[39m
     21 Linear |R| = [32m7.050802e+03[39m
     22 Linear |R| = [32m4.995028e+03[39m
     23 Linear |R| = [32m3.897028e+03[39m
     24 Linear |R| = [32m2.766835e+03[39m
     25 Linear |R| = [32m1.634886e+03[39m
     26 Linear |R| = [32m9.002070e+02[39m
     27 Linear |R| = [32m5.109287e+02[39m
     28 Linear |R| = [32m2.778341e+02[39m
     29 Linear |R| = [32m1.433614e+02[39m
     30 Linear |R| = [32m8.749072e+01[39m
     31 Linear |R| = [32m6.864292e+01[39m
     32 Linear |R| = [32m4.729267e+01[39m
     33 Linear |R| = [32m3.171162e+01[39m
     34 Linear |R| = [32m1.956994e+01[39m
     35 Linear |R| = [32m1.118133e+01[39m
     36 Linear |R| = [32m7.026858e+00[39m
 3 Nonlinear |R| = [33m8.030021e+05[39m
      0 Linear |R| = [32m8.030021e+05[39m
      1 Linear |R| = [33m7.896537e+05[39m
      2 Linear |R| = [32m7.402173e+05[39m
      3 Linear |R| = [33m7.394606e+05[39m
      4 Linear |R| = [33m7.218884e+05[39m
      5 Linear |R| = [33m6.956331e+05[39m
      6 Linear |R| = [32m6.557824e+05[39m
      7 Linear |R| = [32m5.795870e+05[39m
      8 Linear |R| = [32m4.509780e+05[39m
      9 Linear |R| = [32m3.102928e+05[39m
     10 Linear |R| = [32m1.955844e+05[39m
     11 Linear |R| = [32m1.319641e+05[39m
     12 Linear |R| = [32m1.103624e+05[39m
     13 Linear |R| = [32m9.303979e+04[39m
     14 Linear |R| = [32m8.249826e+04[39m
     15 Linear |R| = [32m6.694530e+04[39m
     16 Linear |R| = [32m4.903787e+04[39m
     17 Linear |R| = [32m3.526435e+04[39m
     18 Linear |R| = [32m2.223648e+04[39m
     19 Linear |R| = [32m1.474647e+04[39m
     20 Linear |R| = [32m1.039097e+04[39m
     21 Linear |R| = [32m6.865011e+03[39m
     22 Linear |R| = [32m4.969738e+03[39m
     23 Linear |R| = [32m3.883420e+03[39m
     24 Linear |R| = [32m2.711743e+03[39m
     25 Linear |R| = [32m1.588612e+03[39m
     26 Linear |R| = [32m8.802432e+02[39m
     27 Linear |R| = [32m4.957225e+02[39m
     28 Linear |R| = [32m2.619683e+02[39m
     29 Linear |R| = [32m1.346427e+02[39m
     30 Linear |R| = [32m8.384086e+01[39m
     31 Linear |R| = [32m6.558829e+01[39m
     32 Linear |R| = [32m4.498086e+01[39m
     33 Linear |R| = [32m2.982705e+01[39m
     34 Linear |R| = [32m1.864798e+01[39m
     35 Linear |R| = [32m1.060009e+01[39m
     36 Linear |R| = [32m6.544972e+00[39m
 4 Nonlinear |R| = [33m7.945832e+05[39m
      0 Linear |R| = [32m7.945832e+05[39m
      1 Linear |R| = [33m7.809944e+05[39m
      2 Linear |R| = [32m7.326783e+05[39m
      3 Linear |R| = [33m7.319242e+05[39m
      4 Linear |R| = [33m7.136052e+05[39m
      5 Linear |R| = [33m6.868677e+05[39m
      6 Linear |R| = [32m6.478028e+05[39m
      7 Linear |R| = [32m5.712771e+05[39m
      8 Linear |R| = [32m4.445460e+05[39m
      9 Linear |R| = [32m3.029789e+05[39m
     10 Linear |R| = [32m1.890122e+05[39m
     11 Linear |R| = [32m1.293028e+05[39m
     12 Linear |R| = [32m1.090876e+05[39m
     13 Linear |R| = [32m9.177747e+04[39m
     14 Linear |R| = [32m8.095486e+04[39m
     15 Linear |R| = [32m6.560365e+04[39m
     16 Linear |R| = [32m4.825433e+04[39m
     17 Linear |R| = [32m3.424573e+04[39m
     18 Linear |R| = [32m2.179175e+04[39m
     19 Linear |R| = [32m1.471082e+04[39m
     20 Linear |R| = [32m1.016097e+04[39m
     21 Linear |R| = [32m6.700063e+03[39m
     22 Linear |R| = [32m4.993587e+03[39m
     23 Linear |R| = [32m3.885372e+03[39m
     24 Linear |R| = [32m2.645841e+03[39m
     25 Linear |R| = [32m1.532460e+03[39m
     26 Linear |R| = [32m8.557281e+02[39m
     27 Linear |R| = [32m4.723348e+02[39m
     28 Linear |R| = [32m2.396514e+02[39m
     29 Linear |R| = [32m1.236884e+02[39m
     30 Linear |R| = [32m7.925887e+01[39m
     31 Linear |R| = [32m6.087302e+01[39m
     32 Linear |R| = [32m4.143297e+01[39m
     33 Linear |R| = [32m2.724393e+01[39m
     34 Linear |R| = [32m1.737457e+01[39m
     35 Linear |R| = [32m9.738139e+00[39m
     36 Linear |R| = [32m5.831500e+00[39m
 5 Nonlinear |R| = [33m7.866059e+05[39m
      0 Linear |R| = [32m7.866059e+05[39m
      1 Linear |R| = [33m7.725185e+05[39m
      2 Linear |R| = [32m7.256772e+05[39m
      3 Linear |R| = [33m7.249085e+05[39m
      4 Linear |R| = [33m7.051124e+05[39m
      5 Linear |R| = [33m6.774307e+05[39m
      6 Linear |R| = [32m6.393426e+05[39m
      7 Linear |R| = [32m5.617291e+05[39m
      8 Linear |R| = [32m4.365242e+05[39m
      9 Linear |R| = [32m2.915720e+05[39m
     10 Linear |R| = [32m1.802307e+05[39m
     11 Linear |R| = [32m1.266664e+05[39m
     12 Linear |R| = [32m1.079371e+05[39m
     13 Linear |R| = [32m9.024697e+04[39m
     14 Linear |R| = [32m7.898820e+04[39m
     15 Linear |R| = [32m6.401928e+04[39m
     16 Linear |R| = [32m4.709627e+04[39m
     17 Linear |R| = [32m3.285180e+04[39m
     18 Linear |R| = [32m2.153446e+04[39m
     19 Linear |R| = [32m1.467196e+04[39m
     20 Linear |R| = [32m9.823381e+03[39m
     21 Linear |R| = [32m6.647065e+03[39m
     22 Linear |R| = [32m5.123571e+03[39m
     23 Linear |R| = [32m3.901733e+03[39m
     24 Linear |R| = [32m2.543585e+03[39m
     25 Linear |R| = [32m1.453690e+03[39m
     26 Linear |R| = [32m8.134098e+02[39m
     27 Linear |R| = [32m4.243021e+02[39m
     28 Linear |R| = [32m2.052293e+02[39m
     29 Linear |R| = [32m1.080537e+02[39m
     30 Linear |R| = [32m7.062096e+01[39m
     31 Linear |R| = [32m5.173280e+01[39m
     32 Linear |R| = [32m3.509694e+01[39m
     33 Linear |R| = [32m2.218184e+01[39m
     34 Linear |R| = [32m1.451713e+01[39m
     35 Linear |R| = [32m8.304667e+00[39m
     36 Linear |R| = [32m4.581404e+00[39m
 6 Nonlinear |R| = [33m7.786500e+05[39m
      0 Linear |R| = [32m7.786500e+05[39m
      1 Linear |R| = [33m7.633231e+05[39m
      2 Linear |R| = [32m7.190525e+05[39m
      3 Linear |R| = [33m7.181734e+05[39m
      4 Linear |R| = [33m6.943196e+05[39m
      5 Linear |R| = [33m6.644817e+05[39m
      6 Linear |R| = [32m6.281045e+05[39m
      7 Linear |R| = [32m5.465349e+05[39m
      8 Linear |R| = [32m4.181587e+05[39m
      9 Linear |R| = [32m2.655917e+05[39m
     10 Linear |R| = [32m1.684082e+05[39m
     11 Linear |R| = [32m1.249217e+05[39m
     12 Linear |R| = [32m1.065126e+05[39m
     13 Linear |R| = [32m8.757907e+04[39m
     14 Linear |R| = [32m7.598376e+04[39m
     15 Linear |R| = [32m6.145259e+04[39m
     16 Linear |R| = [32m4.444354e+04[39m
     17 Linear |R| = [32m3.120455e+04[39m
     18 Linear |R| = [32m2.142406e+04[39m
     19 Linear |R| = [32m1.418111e+04[39m
     20 Linear |R| = [32m9.698872e+03[39m
     21 Linear |R| = [32m7.145728e+03[39m
     22 Linear |R| = [32m5.480811e+03[39m
     23 Linear |R| = [32m3.824017e+03[39m
     24 Linear |R| = [32m2.303395e+03[39m
     25 Linear |R| = [32m1.276009e+03[39m
     26 Linear |R| = [32m6.540228e+02[39m
     27 Linear |R| = [32m3.085659e+02[39m
     28 Linear |R| = [32m1.509931e+02[39m
     29 Linear |R| = [32m7.737885e+01[39m
     30 Linear |R| = [32m4.831551e+01[39m
     31 Linear |R| = [32m2.815390e+01[39m
     32 Linear |R| = [32m1.810901e+01[39m
     33 Linear |R| = [32m1.065187e+01[39m
     34 Linear |R| = [32m6.990001e+00[39m
 7 Nonlinear |R| = [33m7.614859e+05[39m
      0 Linear |R| = [32m7.614859e+05[39m
      1 Linear |R| = [33m7.321714e+05[39m
      2 Linear |R| = [32m6.715713e+05[39m
      3 Linear |R| = [33m6.524525e+05[39m
      4 Linear |R| = [32m5.736479e+05[39m
      5 Linear |R| = [32m4.461257e+05[39m
      6 Linear |R| = [32m3.853378e+05[39m
      7 Linear |R| = [32m2.959461e+05[39m
      8 Linear |R| = [32m2.257017e+05[39m
      9 Linear |R| = [32m1.637778e+05[39m
     10 Linear |R| = [32m1.161283e+05[39m
     11 Linear |R| = [32m7.756033e+04[39m
     12 Linear |R| = [32m5.783805e+04[39m
     13 Linear |R| = [32m4.498387e+04[39m
     14 Linear |R| = [32m3.306002e+04[39m
     15 Linear |R| = [32m2.581156e+04[39m
     16 Linear |R| = [32m1.866767e+04[39m
     17 Linear |R| = [32m1.278087e+04[39m
     18 Linear |R| = [32m7.770401e+03[39m
     19 Linear |R| = [32m4.444222e+03[39m
     20 Linear |R| = [32m2.408709e+03[39m
     21 Linear |R| = [32m1.188739e+03[39m
     22 Linear |R| = [32m6.609242e+02[39m
     23 Linear |R| = [32m3.906797e+02[39m
     24 Linear |R| = [32m2.448427e+02[39m
     25 Linear |R| = [32m1.456466e+02[39m
     26 Linear |R| = [32m8.332630e+01[39m
     27 Linear |R| = [32m4.441241e+01[39m
     28 Linear |R| = [32m2.212561e+01[39m
     29 Linear |R| = [32m1.045139e+01[39m
     30 Linear |R| = [32m5.032024e+00[39m
 8 Nonlinear |R| = [32m7.159887e+05[39m
      0 Linear |R| = [32m7.159887e+05[39m
      1 Linear |R| = [32m6.338549e+05[39m
      2 Linear |R| = [32m5.676556e+05[39m
      3 Linear |R| = [32m4.925302e+05[39m
      4 Linear |R| = [32m3.759705e+05[39m
      5 Linear |R| = [32m2.886409e+05[39m
      6 Linear |R| = [32m2.066348e+05[39m
      7 Linear |R| = [32m1.212066e+05[39m
      8 Linear |R| = [32m7.420374e+04[39m
      9 Linear |R| = [32m4.382149e+04[39m
     10 Linear |R| = [32m2.302796e+04[39m
     11 Linear |R| = [32m1.216679e+04[39m
     12 Linear |R| = [32m6.577871e+03[39m
     13 Linear |R| = [32m3.569149e+03[39m
     14 Linear |R| = [32m2.227795e+03[39m
     15 Linear |R| = [32m1.566301e+03[39m
     16 Linear |R| = [32m1.095539e+03[39m
     17 Linear |R| = [32m7.299800e+02[39m
     18 Linear |R| = [32m4.267782e+02[39m
     19 Linear |R| = [32m2.180531e+02[39m
     20 Linear |R| = [32m1.026844e+02[39m
     21 Linear |R| = [32m4.592878e+01[39m
     22 Linear |R| = [32m2.039098e+01[39m
     23 Linear |R| = [32m9.160590e+00[39m
     24 Linear |R| = [32m4.548563e+00[39m
 9 Nonlinear |R| = [33m6.832443e+05[39m
      0 Linear |R| = [32m6.832443e+05[39m
      1 Linear |R| = [32m5.521818e+05[39m
      2 Linear |R| = [32m4.872816e+05[39m
      3 Linear |R| = [32m3.827768e+05[39m
      4 Linear |R| = [32m2.664561e+05[39m
      5 Linear |R| = [32m1.900128e+05[39m
      6 Linear |R| = [32m1.189904e+05[39m
      7 Linear |R| = [32m6.253044e+04[39m
      8 Linear |R| = [32m3.411308e+04[39m
      9 Linear |R| = [32m1.853549e+04[39m
     10 Linear |R| = [32m8.854055e+03[39m
     11 Linear |R| = [32m4.284435e+03[39m
     12 Linear |R| = [32m2.142012e+03[39m
     13 Linear |R| = [32m1.143835e+03[39m
     14 Linear |R| = [32m7.223415e+02[39m
     15 Linear |R| = [32m5.068542e+02[39m
     16 Linear |R| = [32m3.209586e+02[39m
     17 Linear |R| = [32m1.696657e+02[39m
     18 Linear |R| = [32m8.233504e+01[39m
     19 Linear |R| = [32m3.604720e+01[39m
     20 Linear |R| = [32m1.468172e+01[39m
     21 Linear |R| = [32m6.117991e+00[39m
10 Nonlinear |R| = [32m6.273241e+05[39m
      0 Linear |R| = [32m6.273241e+05[39m
      1 Linear |R| = [32m3.802027e+05[39m
      2 Linear |R| = [32m3.161686e+05[39m
      3 Linear |R| = [32m1.990830e+05[39m
      4 Linear |R| = [32m1.020663e+05[39m
      5 Linear |R| = [32m5.629281e+04[39m
      6 Linear |R| = [32m2.743125e+04[39m
      7 Linear |R| = [32m1.102391e+04[39m
      8 Linear |R| = [32m4.333793e+03[39m
      9 Linear |R| = [32m1.878204e+03[39m
     10 Linear |R| = [32m8.058368e+02[39m
     11 Linear |R| = [32m3.196822e+02[39m
     12 Linear |R| = [32m1.326225e+02[39m
     13 Linear |R| = [32m6.814453e+01[39m
     14 Linear |R| = [32m3.568694e+01[39m
     15 Linear |R| = [32m1.788360e+01[39m
     16 Linear |R| = [32m8.362018e+00[39m
     17 Linear |R| = [32m4.004687e+00[39m
11 Nonlinear |R| = [32m4.771662e+05[39m
      0 Linear |R| = [32m4.771662e+05[39m
      1 Linear |R| = [32m7.807440e+04[39m
      2 Linear |R| = [32m2.928265e+04[39m
      3 Linear |R| = [32m1.146509e+04[39m
      4 Linear |R| = [32m3.352496e+03[39m
      5 Linear |R| = [32m1.205404e+03[39m
      6 Linear |R| = [32m4.453998e+02[39m
      7 Linear |R| = [32m1.587367e+02[39m
      8 Linear |R| = [32m5.379770e+01[39m
      9 Linear |R| = [32m1.722251e+01[39m
     10 Linear |R| = [32m5.531915e+00[39m
     11 Linear |R| = [32m1.815339e+00[39m
12 Nonlinear |R| = [32m1.816241e+00[39m
[32m Solve Converged![39m
Currently Executing
  Finished Solving                                                                       [[33m 26.95 s[39m] [[33m  218 MB[39m]

Postprocessor Values:
+----------------+----------------+----------------+----------------+------------------+----------------+----------------+----------------+
| time           | base_shear_x   | damage_c_max   | damage_t_max   | damage_total_max | mid_vonmises   | top_disp_x     | top_disp_y     |
+----------------+----------------+----------------+----------------+------------------+----------------+----------------+----------------+
|   0.000000e+00 |   0.000000e+00 |   0.000000e+00 |   0.000000e+00 |     0.000000e+00 |   0.000000e+00 |   0.000000e+00 |   0.000000e+00 |
|   4.000000e+00 |  -2.897761e+05 |   0.000000e+00 |   9.784646e-01 |     9.784646e-01 |   8.803188e+05 |  -3.930000e-03 |   9.723754e-04 |
+----------------+----------------+----------------+----------------+------------------+----------------+----------------+----------------+


Time Step 2, time = 8, dt = 4
 0 Nonlinear |R| = [32m9.605292e+05[39m
      0 Linear |R| = [32m9.605292e+05[39m
      1 Linear |R| = [33m9.484809e+05[39m
      2 Linear |R| = [32m8.180922e+05[39m
      3 Linear |R| = [33m8.121723e+05[39m
      4 Linear |R| = [32m7.548284e+05[39m
      5 Linear |R| = [33m7.175277e+05[39m
      6 Linear |R| = [32m6.491864e+05[39m
      7 Linear |R| = [32m5.852888e+05[39m
      8 Linear |R| = [32m4.387629e+05[39m
      9 Linear |R| = [32m3.344251e+05[39m
     10 Linear |R| = [32m2.801518e+05[39m
     11 Linear |R| = [32m2.157456e+05[39m
     12 Linear |R| = [32m1.632349e+05[39m
     13 Linear |R| = [32m1.174512e+05[39m
     14 Linear |R| = [32m8.301281e+04[39m
     15 Linear |R| = [32m6.749158e+04[39m
     16 Linear |R| = [32m5.428643e+04[39m
     17 Linear |R| = [32m4.354573e+04[39m
     18 Linear |R| = [32m3.821859e+04[39m
     19 Linear |R| = [32m2.842492e+04[39m
     20 Linear |R| = [32m1.849101e+04[39m
     21 Linear |R| = [32m1.259301e+04[39m
     22 Linear |R| = [32m7.609979e+03[39m
     23 Linear |R| = [32m3.892836e+03[39m
     24 Linear |R| = [32m2.110912e+03[39m
     25 Linear |R| = [32m1.201266e+03[39m
     26 Linear |R| = [32m6.901689e+02[39m
     27 Linear |R| = [32m3.932639e+02[39m
     28 Linear |R| = [32m2.305180e+02[39m
     29 Linear |R| = [32m1.559777e+02[39m
     30 Linear |R| = [32m1.037945e+02[39m
     31 Linear |R| = [32m7.688105e+01[39m
     32 Linear |R| = [32m5.643871e+01[39m
     33 Linear |R| = [32m3.603495e+01[39m
     34 Linear |R| = [32m1.934836e+01[39m
     35 Linear |R| = [32m1.035204e+01[39m
     36 Linear |R| = [32m5.951164e+00[39m
 1 Nonlinear |R| = [32m8.855095e+05[39m
      0 Linear |R| = [32m8.855095e+05[39m
      1 Linear |R| = [33m8.788340e+05[39m
      2 Linear |R| = [32m7.651746e+05[39m
      3 Linear |R| = [33m7.592195e+05[39m
      4 Linear |R| = [33m7.250744e+05[39m
      5 Linear |R| = [33m7.063528e+05[39m
      6 Linear |R| = [32m6.576740e+05[39m
      7 Linear |R| = [32m6.242945e+05[39m
      8 Linear |R| = [32m5.146268e+05[39m
      9 Linear |R| = [32m3.627850e+05[39m
     10 Linear |R| = [32m2.847186e+05[39m
     11 Linear |R| = [32m2.231124e+05[39m
     12 Linear |R| = [32m1.671174e+05[39m
     13 Linear |R| = [32m1.173492e+05[39m
     14 Linear |R| = [32m7.431623e+04[39m
     15 Linear |R| = [32m5.859685e+04[39m
     16 Linear |R| = [32m4.609624e+04[39m
     17 Linear |R| = [32m3.755910e+04[39m
     18 Linear |R| = [32m3.278519e+04[39m
     19 Linear |R| = [32m2.588607e+04[39m
     20 Linear |R| = [32m1.788017e+04[39m
     21 Linear |R| = [32m1.267749e+04[39m
     22 Linear |R| = [32m8.231891e+03[39m
     23 Linear |R| = [32m4.197061e+03[39m
     24 Linear |R| = [32m2.245740e+03[39m
     25 Linear |R| = [32m1.260057e+03[39m
     26 Linear |R| = [32m6.966751e+02[39m
     27 Linear |R| = [32m3.914163e+02[39m
     28 Linear |R| = [32m2.131364e+02[39m
     29 Linear |R| = [32m1.446922e+02[39m
     30 Linear |R| = [32m9.911688e+01[39m
     31 Linear |R| = [32m7.646551e+01[39m
     32 Linear |R| = [32m5.366998e+01[39m
     33 Linear |R| = [32m3.242729e+01[39m
     34 Linear |R| = [32m1.743681e+01[39m
     35 Linear |R| = [32m9.539727e+00[39m
     36 Linear |R| = [32m5.267485e+00[39m
 2 Nonlinear |R| = [33m8.612213e+05[39m
      0 Linear |R| = [32m8.612213e+05[39m
      1 Linear |R| = [33m8.547426e+05[39m
      2 Linear |R| = [32m7.447874e+05[39m
      3 Linear |R| = [33m7.396963e+05[39m
      4 Linear |R| = [33m7.044115e+05[39m
      5 Linear |R| = [33m6.870629e+05[39m
      6 Linear |R| = [32m6.412200e+05[39m
      7 Linear |R| = [33m6.104040e+05[39m
      8 Linear |R| = [32m4.953241e+05[39m
      9 Linear |R| = [32m3.464180e+05[39m
     10 Linear |R| = [32m2.773278e+05[39m
     11 Linear |R| = [32m2.165780e+05[39m
     12 Linear |R| = [32m1.611193e+05[39m
     13 Linear |R| = [32m1.112053e+05[39m
     14 Linear |R| = [32m7.199049e+04[39m
     15 Linear |R| = [32m5.769072e+04[39m
     16 Linear |R| = [32m4.446848e+04[39m
     17 Linear |R| = [32m3.718277e+04[39m
     18 Linear |R| = [32m3.240733e+04[39m
     19 Linear |R| = [32m2.429797e+04[39m
     20 Linear |R| = [32m1.762911e+04[39m
     21 Linear |R| = [32m1.259182e+04[39m
     22 Linear |R| = [32m7.431524e+03[39m
     23 Linear |R| = [32m3.875263e+03[39m
     24 Linear |R| = [32m2.139325e+03[39m
     25 Linear |R| = [32m1.181659e+03[39m
     26 Linear |R| = [32m6.376030e+02[39m
     27 Linear |R| = [32m3.456371e+02[39m
     28 Linear |R| = [32m1.995029e+02[39m
     29 Linear |R| = [32m1.405970e+02[39m
     30 Linear |R| = [32m9.027494e+01[39m
     31 Linear |R| = [32m6.746613e+01[39m
     32 Linear |R| = [32m4.826486e+01[39m
     33 Linear |R| = [32m2.912193e+01[39m
     34 Linear |R| = [32m1.500804e+01[39m
     35 Linear |R| = [32m8.243045e+00[39m
 3 Nonlinear |R| = [33m8.426558e+05[39m
      0 Linear |R| = [32m8.426558e+05[39m
      1 Linear |R| = [33m8.364704e+05[39m
      2 Linear |R| = [32m7.300036e+05[39m
      3 Linear |R| = [33m7.274176e+05[39m
      4 Linear |R| = [32m6.860777e+05[39m
      5 Linear |R| = [33m6.715873e+05[39m
      6 Linear |R| = [32m6.329663e+05[39m
      7 Linear |R| = [32m5.988878e+05[39m
      8 Linear |R| = [32m4.511238e+05[39m
      9 Linear |R| = [32m3.254904e+05[39m
     10 Linear |R| = [32m2.658427e+05[39m
     11 Linear |R| = [32m2.054721e+05[39m
     12 Linear |R| = [32m1.498768e+05[39m
     13 Linear |R| = [32m1.007364e+05[39m
     14 Linear |R| = [32m7.168664e+04[39m
     15 Linear |R| = [32m5.672451e+04[39m
     16 Linear |R| = [32m4.499898e+04[39m
     17 Linear |R| = [32m3.904538e+04[39m
     18 Linear |R| = [32m3.181168e+04[39m
     19 Linear |R| = [32m2.392266e+04[39m
     20 Linear |R| = [32m1.796875e+04[39m
     21 Linear |R| = [32m1.105881e+04[39m
     22 Linear |R| = [32m6.211325e+03[39m
     23 Linear |R| = [32m3.478245e+03[39m
     24 Linear |R| = [32m1.813405e+03[39m
     25 Linear |R| = [32m9.317832e+02[39m
     26 Linear |R| = [32m4.785099e+02[39m
     27 Linear |R| = [32m2.917118e+02[39m
     28 Linear |R| = [32m1.890582e+02[39m
     29 Linear |R| = [32m1.238670e+02[39m
     30 Linear |R| = [32m7.777675e+01[39m
     31 Linear |R| = [32m5.871576e+01[39m
     32 Linear |R| = [32m4.100121e+01[39m
     33 Linear |R| = [32m2.508478e+01[39m
     34 Linear |R| = [32m1.423428e+01[39m
     35 Linear |R| = [32m8.156501e+00[39m
 4 Nonlinear |R| = [32m4.091611e+05[39m
      0 Linear |R| = [32m4.091611e+05[39m
      1 Linear |R| = [32m1.847164e+05[39m
      2 Linear |R| = [32m1.167145e+05[39m
      3 Linear |R| = [32m6.938600e+04[39m
      4 Linear |R| = [32m3.193798e+04[39m
      5 Linear |R| = [32m1.303187e+04[39m
      6 Linear |R| = [32m6.846363e+03[39m
      7 Linear |R| = [32m3.907623e+03[39m
      8 Linear |R| = [32m1.719090e+03[39m
      9 Linear |R| = [32m5.353023e+02[39m
     10 Linear |R| = [32m1.835909e+02[39m
     11 Linear |R| = [32m5.673062e+01[39m
     12 Linear |R| = [32m1.935658e+01[39m
     13 Linear |R| = [32m5.867526e+00[39m
     14 Linear |R| = [32m1.981450e+00[39m
 5 Nonlinear |R| = [32m3.470614e+05[39m
      0 Linear |R| = [32m3.470614e+05[39m
      1 Linear |R| = [32m2.742872e+05[39m
      2 Linear |R| = [32m1.832832e+05[39m
      3 Linear |R| = [32m1.270602e+05[39m
      4 Linear |R| = [32m7.205599e+04[39m
      5 Linear |R| = [32m4.588062e+04[39m
      6 Linear |R| = [32m2.927287e+04[39m
      7 Linear |R| = [32m1.373676e+04[39m
      8 Linear |R| = [32m6.019289e+03[39m
      9 Linear |R| = [32m2.310280e+03[39m
     10 Linear |R| = [32m8.447523e+02[39m
     11 Linear |R| = [32m2.718164e+02[39m
     12 Linear |R| = [32m9.382252e+01[39m
     13 Linear |R| = [32m2.911311e+01[39m
     14 Linear |R| = [32m9.894250e+00[39m
     15 Linear |R| = [32m3.319327e+00[39m
 6 Nonlinear |R| = [32m2.186025e+05[39m
      0 Linear |R| = [32m2.186025e+05[39m
      1 Linear |R| = [32m1.868365e+05[39m
      2 Linear |R| = [32m1.435750e+05[39m
      3 Linear |R| = [32m7.668879e+04[39m
      4 Linear |R| = [32m3.254836e+04[39m
      5 Linear |R| = [32m1.254503e+04[39m
      6 Linear |R| = [32m3.734512e+03[39m
      7 Linear |R| = [32m1.070722e+03[39m
      8 Linear |R| = [32m3.220980e+02[39m
      9 Linear |R| = [32m1.098633e+02[39m
     10 Linear |R| = [32m3.374260e+01[39m
     11 Linear |R| = [32m9.705330e+00[39m
     12 Linear |R| = [32m2.843554e+00[39m
     13 Linear |R| = [32m9.803303e-01[39m
 7 Nonlinear |R| = [33m2.106771e+05[39m
      0 Linear |R| = [32m2.106771e+05[39m
      1 Linear |R| = [32m1.999084e+05[39m
      2 Linear |R| = [32m1.059254e+05[39m
      3 Linear |R| = [32m4.375768e+04[39m
      4 Linear |R| = [32m1.869048e+04[39m
      5 Linear |R| = [32m5.465578e+03[39m
      6 Linear |R| = [32m1.403555e+03[39m
      7 Linear |R| = [32m4.066568e+02[39m
      8 Linear |R| = [32m1.522810e+02[39m
      9 Linear |R| = [32m4.946705e+01[39m
     10 Linear |R| = [32m1.498373e+01[39m
     11 Linear |R| = [32m4.517676e+00[39m
     12 Linear |R| = [32m1.683138e+00[39m
 8 Nonlinear |R| = [32m1.836227e+05[39m
      0 Linear |R| = [32m1.836227e+05[39m
      1 Linear |R| = [32m1.629991e+05[39m
      2 Linear |R| = [32m9.794963e+04[39m
      3 Linear |R| = [32m3.868228e+04[39m
      4 Linear |R| = [32m1.379919e+04[39m
      5 Linear |R| = [32m4.863427e+03[39m
      6 Linear |R| = [32m1.325333e+03[39m
      7 Linear |R| = [32m3.615780e+02[39m
      8 Linear |R| = [32m1.053204e+02[39m
      9 Linear |R| = [32m3.338059e+01[39m
     10 Linear |R| = [32m1.109330e+01[39m
     11 Linear |R| = [32m3.856090e+00[39m
     12 Linear |R| = [32m1.329494e+00[39m
 9 Nonlinear |R| = [32m1.724631e+05[39m
      0 Linear |R| = [32m1.724631e+05[39m
      1 Linear |R| = [32m1.429045e+05[39m
      2 Linear |R| = [32m7.181727e+04[39m
      3 Linear |R| = [32m2.363830e+04[39m
      4 Linear |R| = [32m8.341802e+03[39m
      5 Linear |R| = [32m2.088584e+03[39m
      6 Linear |R| = [32m7.786994e+02[39m
      7 Linear |R| = [32m2.330023e+02[39m
      8 Linear |R| = [32m7.640084e+01[39m
      9 Linear |R| = [32m2.094444e+01[39m
     10 Linear |R| = [32m7.782103e+00[39m
     11 Linear |R| = [32m2.555269e+00[39m
     12 Linear |R| = [32m8.532779e-01[39m
10 Nonlinear |R| = [32m1.495159e+05[39m
      0 Linear |R| = [32m1.495159e+05[39m
      1 Linear |R| = [32m9.496161e+04[39m
      2 Linear |R| = [32m3.361728e+04[39m
      3 Linear |R| = [32m1.251888e+04[39m
      4 Linear |R| = [32m3.870661e+03[39m
      5 Linear |R| = [32m1.325388e+03[39m
      6 Linear |R| = [32m3.675648e+02[39m
      7 Linear |R| = [32m1.191369e+02[39m
      8 Linear |R| = [32m3.669560e+01[39m
      9 Linear |R| = [32m1.253836e+01[39m
     10 Linear |R| = [32m3.763741e+00[39m
     11 Linear |R| = [32m1.278952e+00[39m
11 Nonlinear |R| = [32m6.376826e+04[39m
      0 Linear |R| = [32m6.376826e+04[39m
      1 Linear |R| = [32m2.083795e+04[39m
      2 Linear |R| = [32m4.640507e+03[39m
      3 Linear |R| = [32m1.642556e+03[39m
      4 Linear |R| = [32m5.354882e+02[39m
      5 Linear |R| = [32m1.622354e+02[39m
      6 Linear |R| = [32m4.845663e+01[39m
      7 Linear |R| = [32m1.574687e+01[39m
      8 Linear |R| = [32m5.162858e+00[39m
      9 Linear |R| = [32m1.564510e+00[39m
     10 Linear |R| = [32m5.046587e-01[39m
12 Nonlinear |R| = [32m5.046599e-01[39m
[32m Solve Converged![39m
  Finished Solving                                                                       [[33m 18.51 s[39m] [[33m  219 MB[39m]

Postprocessor Values:
+----------------+----------------+----------------+----------------+------------------+----------------+----------------+----------------+
| time           | base_shear_x   | damage_c_max   | damage_t_max   | damage_total_max | mid_vonmises   | top_disp_x     | top_disp_y     |
+----------------+----------------+----------------+----------------+------------------+----------------+----------------+----------------+
|   0.000000e+00 |   0.000000e+00 |   0.000000e+00 |   0.000000e+00 |     0.000000e+00 |   0.000000e+00 |   0.000000e+00 |   0.000000e+00 |
|   4.000000e+00 |  -2.897761e+05 |   0.000000e+00 |   9.784646e-01 |     9.784646e-01 |   8.803188e+05 |  -3.930000e-03 |   9.723754e-04 |
|   8.000000e+00 |  -9.659194e+04 |   0.000000e+00 |   8.853573e-01 |     8.853573e-01 |   5.354663e+05 |  -1.310000e-03 |   9.723756e-04 |
+----------------+----------------+----------------+----------------+------------------+----------------+----------------+----------------+


Time Step 3, time = 12, dt = 4
 0 Nonlinear |R| = [32m8.782254e+05[39m
      0 Linear |R| = [32m8.782254e+05[39m
      1 Linear |R| = [33m8.680981e+05[39m
      2 Linear |R| = [32m7.539983e+05[39m
      3 Linear |R| = [33m7.477602e+05[39m
      4 Linear |R| = [32m7.011956e+05[39m
      5 Linear |R| = [33m6.691508e+05[39m
      6 Linear |R| = [32m6.002842e+05[39m
      7 Linear |R| = [32m5.338340e+05[39m
      8 Linear |R| = [32m3.767836e+05[39m
      9 Linear |R| = [32m2.350394e+05[39m
     10 Linear |R| = [32m1.805529e+05[39m
     11 Linear |R| = [32m1.459795e+05[39m
     12 Linear |R| = [32m1.259516e+05[39m
     13 Linear |R| = [32m1.052465e+05[39m
     14 Linear |R| = [32m8.135485e+04[39m
     15 Linear |R| = [32m6.494545e+04[39m
     16 Linear |R| = [32m4.703008e+04[39m
     17 Linear |R| = [32m3.090320e+04[39m
     18 Linear |R| = [32m2.465584e+04[39m
     19 Linear |R| = [32m1.849615e+04[39m
     20 Linear |R| = [32m1.282493e+04[39m
     21 Linear |R| = [32m9.210553e+03[39m
     22 Linear |R| = [32m6.094415e+03[39m
     23 Linear |R| = [32m3.371783e+03[39m
     24 Linear |R| = [32m1.936875e+03[39m
     25 Linear |R| = [32m1.146403e+03[39m
     26 Linear |R| = [32m6.655079e+02[39m
     27 Linear |R| = [32m3.828966e+02[39m
     28 Linear |R| = [32m2.273046e+02[39m
     29 Linear |R| = [32m1.541020e+02[39m
     30 Linear |R| = [32m1.014325e+02[39m
     31 Linear |R| = [32m7.486240e+01[39m
     32 Linear |R| = [32m5.527234e+01[39m
     33 Linear |R| = [32m3.574237e+01[39m
     34 Linear |R| = [32m1.946628e+01[39m
     35 Linear |R| = [32m1.050416e+01[39m
     36 Linear |R| = [32m6.282417e+00[39m
 1 Nonlinear |R| = [33m8.559486e+05[39m
      0 Linear |R| = [32m8.559486e+05[39m
      1 Linear |R| = [33m8.461161e+05[39m
      2 Linear |R| = [32m7.356921e+05[39m
      3 Linear |R| = [33m7.306809e+05[39m
      4 Linear |R| = [32m6.816820e+05[39m
      5 Linear |R| = [33m6.515841e+05[39m
      6 Linear |R| = [32m5.855946e+05[39m
      7 Linear |R| = [32m5.227717e+05[39m
      8 Linear |R| = [32m3.558466e+05[39m
      9 Linear |R| = [32m2.225966e+05[39m
     10 Linear |R| = [32m1.782367e+05[39m
     11 Linear |R| = [32m1.455744e+05[39m
     12 Linear |R| = [32m1.251222e+05[39m
     13 Linear |R| = [32m1.026124e+05[39m
     14 Linear |R| = [32m8.026289e+04[39m
     15 Linear |R| = [32m6.395211e+04[39m
     16 Linear |R| = [32m4.373361e+04[39m
     17 Linear |R| = [32m3.091819e+04[39m
     18 Linear |R| = [32m2.492995e+04[39m
     19 Linear |R| = [32m1.724396e+04[39m
     20 Linear |R| = [32m1.262203e+04[39m
     21 Linear |R| = [32m8.983067e+03[39m
     22 Linear |R| = [32m5.361142e+03[39m
     23 Linear |R| = [32m3.114976e+03[39m
     24 Linear |R| = [32m1.851273e+03[39m
     25 Linear |R| = [32m1.054620e+03[39m
     26 Linear |R| = [32m5.812494e+02[39m
     27 Linear |R| = [32m3.321703e+02[39m
     28 Linear |R| = [32m2.149146e+02[39m
     29 Linear |R| = [32m1.445273e+02[39m
     30 Linear |R| = [32m8.692186e+01[39m
     31 Linear |R| = [32m6.298103e+01[39m
     32 Linear |R| = [32m4.614466e+01[39m
     33 Linear |R| = [32m2.954664e+01[39m
     34 Linear |R| = [32m1.677512e+01[39m
     35 Linear |R| = [32m9.738664e+00[39m
     36 Linear |R| = [32m5.604751e+00[39m
 2 Nonlinear |R| = [33m8.371472e+05[39m
      0 Linear |R| = [32m8.371472e+05[39m
      1 Linear |R| = [33m8.278636e+05[39m
      2 Linear |R| = [32m7.229750e+05[39m
      3 Linear |R| = [33m7.222888e+05[39m
      4 Linear |R| = [32m6.564107e+05[39m
      5 Linear |R| = [33m6.324352e+05[39m
      6 Linear |R| = [32m5.674383e+05[39m
      7 Linear |R| = [32m4.584563e+05[39m
      8 Linear |R| = [32m2.945597e+05[39m
      9 Linear |R| = [32m2.323946e+05[39m
     10 Linear |R| = [32m1.974543e+05[39m
     11 Linear |R| = [32m1.666594e+05[39m
     12 Linear |R| = [32m1.435044e+05[39m
     13 Linear |R| = [32m1.105147e+05[39m
     14 Linear |R| = [32m8.252256e+04[39m
     15 Linear |R| = [32m5.757988e+04[39m
     16 Linear |R| = [32m3.380355e+04[39m
     17 Linear |R| = [32m2.193836e+04[39m
     18 Linear |R| = [32m1.582915e+04[39m
     19 Linear |R| = [32m1.164775e+04[39m
     20 Linear |R| = [32m8.723872e+03[39m
     21 Linear |R| = [32m5.804124e+03[39m
     22 Linear |R| = [32m3.348959e+03[39m
     23 Linear |R| = [32m1.857314e+03[39m
     24 Linear |R| = [32m1.072344e+03[39m
     25 Linear |R| = [32m6.429205e+02[39m
     26 Linear |R| = [32m3.909728e+02[39m
     27 Linear |R| = [32m2.564487e+02[39m
     28 Linear |R| = [32m1.695208e+02[39m
     29 Linear |R| = [32m9.852599e+01[39m
     30 Linear |R| = [32m5.364586e+01[39m
     31 Linear |R| = [32m3.517236e+01[39m
     32 Linear |R| = [32m2.169386e+01[39m
     33 Linear |R| = [32m1.384547e+01[39m
     34 Linear |R| = [32m9.131431e+00[39m
     35 Linear |R| = [32m5.716098e+00[39m
 3 Nonlinear |R| = [32m4.903787e+05[39m
      0 Linear |R| = [32m4.903787e+05[39m
      1 Linear |R| = [32m1.699538e+05[39m
      2 Linear |R| = [32m1.002012e+05[39m
      3 Linear |R| = [32m5.596950e+04[39m
      4 Linear |R| = [32m2.627087e+04[39m
      5 Linear |R| = [32m9.507786e+03[39m
      6 Linear |R| = [32m2.834528e+03[39m
      7 Linear |R| = [32m8.837331e+02[39m
      8 Linear |R| = [32m2.931835e+02[39m
      9 Linear |R| = [32m9.606449e+01[39m
     10 Linear |R| = [32m3.179980e+01[39m
     11 Linear |R| = [32m1.088765e+01[39m
     12 Linear |R| = [32m3.978007e+00[39m
 4 Nonlinear |R| = [32m2.826201e+05[39m
      0 Linear |R| = [32m2.826201e+05[39m
      1 Linear |R| = [32m2.087331e+05[39m
      2 Linear |R| = [32m1.565184e+05[39m
      3 Linear |R| = [32m1.321640e+05[39m
      4 Linear |R| = [32m7.076563e+04[39m
      5 Linear |R| = [32m2.873460e+04[39m
      6 Linear |R| = [32m8.726379e+03[39m
      7 Linear |R| = [32m3.080803e+03[39m
      8 Linear |R| = [32m8.817619e+02[39m
      9 Linear |R| = [32m2.957266e+02[39m
     10 Linear |R| = [32m8.488055e+01[39m
     11 Linear |R| = [32m2.883069e+01[39m
     12 Linear |R| = [32m8.945171e+00[39m
     13 Linear |R| = [32m3.136754e+00[39m
     14 Linear |R| = [32m9.906699e-01[39m
 5 Nonlinear |R| = [32m2.608655e+05[39m
      0 Linear |R| = [32m2.608655e+05[39m
      1 Linear |R| = [32m2.236957e+05[39m
      2 Linear |R| = [32m1.530399e+05[39m
      3 Linear |R| = [32m1.086189e+05[39m
      4 Linear |R| = [32m5.424160e+04[39m
      5 Linear |R| = [32m1.771586e+04[39m
      6 Linear |R| = [32m6.207526e+03[39m
      7 Linear |R| = [32m1.945678e+03[39m
      8 Linear |R| = [32m6.034125e+02[39m
      9 Linear |R| = [32m1.602954e+02[39m
     10 Linear |R| = [32m5.258169e+01[39m
     11 Linear |R| = [32m1.584409e+01[39m
     12 Linear |R| = [32m5.404821e+00[39m
     13 Linear |R| = [32m1.606471e+00[39m
 6 Nonlinear |R| = [32m2.036419e+05[39m
      0 Linear |R| = [32m2.036419e+05[39m
      1 Linear |R| = [33m1.980833e+05[39m
      2 Linear |R| = [32m1.516133e+05[39m
      3 Linear |R| = [32m1.015957e+05[39m
      4 Linear |R| = [32m5.093670e+04[39m
      5 Linear |R| = [32m1.841891e+04[39m
      6 Linear |R| = [32m5.756298e+03[39m
      7 Linear |R| = [32m1.960924e+03[39m
      8 Linear |R| = [32m5.815189e+02[39m
      9 Linear |R| = [32m1.754066e+02[39m
     10 Linear |R| = [32m5.655826e+01[39m
     11 Linear |R| = [32m2.120982e+01[39m
     12 Linear |R| = [32m6.974928e+00[39m
     13 Linear |R| = [32m2.321730e+00[39m
     14 Linear |R| = [32m6.212860e-01[39m
 7 Nonlinear |R| = [32m1.839675e+05[39m
      0 Linear |R| = [32m1.839675e+05[39m
      1 Linear |R| = [32m8.567691e+04[39m
      2 Linear |R| = [32m2.134777e+04[39m
      3 Linear |R| = [32m5.435549e+03[39m
      4 Linear |R| = [32m2.236642e+03[39m
      5 Linear |R| = [32m6.375121e+02[39m
      6 Linear |R| = [32m2.018243e+02[39m
      7 Linear |R| = [32m5.997937e+01[39m
      8 Linear |R| = [32m2.131877e+01[39m
      9 Linear |R| = [32m6.757283e+00[39m
     10 Linear |R| = [32m2.257839e+00[39m
     11 Linear |R| = [32m6.488677e-01[39m
 8 Nonlinear |R| = [32m1.379773e+05[39m
      0 Linear |R| = [32m1.379773e+05[39m
      1 Linear |R| = [32m9.142766e+04[39m
      2 Linear |R| = [32m2.793976e+04[39m
      3 Linear |R| = [32m1.023109e+04[39m
      4 Linear |R| = [32m3.609571e+03[39m
      5 Linear |R| = [32m1.151454e+03[39m
      6 Linear |R| = [32m3.276537e+02[39m
      7 Linear |R| = [32m1.092533e+02[39m
      8 Linear |R| = [32m3.446715e+01[39m
      9 Linear |R| = [32m1.151562e+01[39m
     10 Linear |R| = [32m3.422421e+00[39m
     11 Linear |R| = [32m1.177049e+00[39m
 9 Nonlinear |R| = [32m4.999617e+04[39m
      0 Linear |R| = [32m4.999617e+04[39m
      1 Linear |R| = [32m1.152468e+04[39m
      2 Linear |R| = [32m3.221257e+03[39m
      3 Linear |R| = [32m1.036574e+03[39m
      4 Linear |R| = [32m3.316222e+02[39m
      5 Linear |R| = [32m9.985405e+01[39m
      6 Linear |R| = [32m3.165128e+01[39m
      7 Linear |R| = [32m9.921975e+00[39m
      8 Linear |R| = [32m3.293684e+00[39m
      9 Linear |R| = [32m9.982083e-01[39m
     10 Linear |R| = [32m3.243621e-01[39m
10 Nonlinear |R| = [32m3.243623e-01[39m
  Finished Solving                                                                       [[33m 16.71 s[39m] [[33m  219 MB[39m]
[32m Solve Converged![39m

Postprocessor Values:
+----------------+----------------+----------------+----------------+------------------+----------------+----------------+----------------+
| time           | base_shear_x   | damage_c_max   | damage_t_max   | damage_total_max | mid_vonmises   | top_disp_x     | top_disp_y     |
+----------------+----------------+----------------+----------------+------------------+----------------+----------------+----------------+
|   0.000000e+00 |   0.000000e+00 |   0.000000e+00 |   0.000000e+00 |     0.000000e+00 |   0.000000e+00 |   0.000000e+00 |   0.000000e+00 |
|   4.000000e+00 |  -2.897761e+05 |   0.000000e+00 |   9.784646e-01 |     9.784646e-01 |   8.803188e+05 |  -3.930000e-03 |   9.723754e-04 |
|   8.000000e+00 |  -9.659194e+04 |   0.000000e+00 |   8.853573e-01 |     8.853573e-01 |   5.354663e+05 |  -1.310000e-03 |   9.723756e-04 |
|   1.200000e+01 |   9.659198e+04 |   0.000000e+00 |   8.853573e-01 |     8.853573e-01 |   5.422962e+05 |   1.310000e-03 |   9.723755e-04 |
+----------------+----------------+----------------+----------------+------------------+----------------+----------------+----------------+


Time Step 4, time = 16, dt = 4
 0 Nonlinear |R| = [32m7.975967e+05[39m
      0 Linear |R| = [32m7.975967e+05[39m
      1 Linear |R| = [33m7.888485e+05[39m
      2 Linear |R| = [32m6.885357e+05[39m
      3 Linear |R| = [33m6.822819e+05[39m
      4 Linear |R| = [32m6.466910e+05[39m
      5 Linear |R| = [33m6.237054e+05[39m
      6 Linear |R| = [32m5.695518e+05[39m
      7 Linear |R| = [32m5.250654e+05[39m
      8 Linear |R| = [32m4.016102e+05[39m
      9 Linear |R| = [32m2.536872e+05[39m
     10 Linear |R| = [32m1.947294e+05[39m
     11 Linear |R| = [32m1.598495e+05[39m
     12 Linear |R| = [32m1.362487e+05[39m
     13 Linear |R| = [32m1.092746e+05[39m
     14 Linear |R| = [32m7.979934e+04[39m
     15 Linear |R| = [32m6.369110e+04[39m
     16 Linear |R| = [32m4.991516e+04[39m
     17 Linear |R| = [32m3.811440e+04[39m
     18 Linear |R| = [32m3.158615e+04[39m
     19 Linear |R| = [32m2.324394e+04[39m
     20 Linear |R| = [32m1.536834e+04[39m
     21 Linear |R| = [32m1.107654e+04[39m
     22 Linear |R| = [32m7.070593e+03[39m
     23 Linear |R| = [32m3.646297e+03[39m
     24 Linear |R| = [32m1.978813e+03[39m
     25 Linear |R| = [32m1.130092e+03[39m
     26 Linear |R| = [32m6.457418e+02[39m
     27 Linear |R| = [32m3.719131e+02[39m
     28 Linear |R| = [32m2.241773e+02[39m
     29 Linear |R| = [32m1.534784e+02[39m
     30 Linear |R| = [32m1.002776e+02[39m
     31 Linear |R| = [32m7.370812e+01[39m
     32 Linear |R| = [32m5.360952e+01[39m
     33 Linear |R| = [32m3.411864e+01[39m
     34 Linear |R| = [32m1.831009e+01[39m
     35 Linear |R| = [32m9.915640e+00[39m
     36 Linear |R| = [32m5.749551e+00[39m
 1 Nonlinear |R| = [33m7.889884e+05[39m
      0 Linear |R| = [32m7.889884e+05[39m
      1 Linear |R| = [33m7.802703e+05[39m
      2 Linear |R| = [32m6.813354e+05[39m
      3 Linear |R| = [33m6.753470e+05[39m
      4 Linear |R| = [32m6.394047e+05[39m
      5 Linear |R| = [33m6.169229e+05[39m
      6 Linear |R| = [32m5.637382e+05[39m
      7 Linear |R| = [32m5.204383e+05[39m
      8 Linear |R| = [32m3.954310e+05[39m
      9 Linear |R| = [32m2.485814e+05[39m
     10 Linear |R| = [32m1.927751e+05[39m
     11 Linear |R| = [32m1.588705e+05[39m
     12 Linear |R| = [32m1.351524e+05[39m
     13 Linear |R| = [32m1.076725e+05[39m
     14 Linear |R| = [32m7.895323e+04[39m
     15 Linear |R| = [32m6.324628e+04[39m
     16 Linear |R| = [32m4.913293e+04[39m
     17 Linear |R| = [32m3.791095e+04[39m
     18 Linear |R| = [32m3.141468e+04[39m
     19 Linear |R| = [32m2.261449e+04[39m
     20 Linear |R| = [32m1.526621e+04[39m
     21 Linear |R| = [32m1.110307e+04[39m
     22 Linear |R| = [32m6.834933e+03[39m
     23 Linear |R| = [32m3.528508e+03[39m
     24 Linear |R| = [32m1.948467e+03[39m
     25 Linear |R| = [32m1.105465e+03[39m
     26 Linear |R| = [32m6.241582e+02[39m
     27 Linear |R| = [32m3.584017e+02[39m
     28 Linear |R| = [32m2.207329e+02[39m
     29 Linear |R| = [32m1.520754e+02[39m
     30 Linear |R| = [32m9.661882e+01[39m
     31 Linear |R| = [32m6.995040e+01[39m
     32 Linear |R| = [32m5.126278e+01[39m
     33 Linear |R| = [32m3.266654e+01[39m
     34 Linear |R| = [32m1.747773e+01[39m
     35 Linear |R| = [32m9.614219e+00[39m
     36 Linear |R| = [32m5.569401e+00[39m
 2 Nonlinear |R| = [33m7.809914e+05[39m
      0 Linear |R| = [32m7.809914e+05[39m
      1 Linear |R| = [33m7.722709e+05[39m
      2 Linear |R| = [32m6.747772e+05[39m
      3 Linear |R| = [33m6.691338e+05[39m
      4 Linear |R| = [32m6.324926e+05[39m
      5 Linear |R| = [33m6.106014e+05[39m
      6 Linear |R| = [32m5.586418e+05[39m
      7 Linear |R| = [32m5.166070e+05[39m
      8 Linear |R| = [32m3.881326e+05[39m
      9 Linear |R| = [32m2.431928e+05[39m
     10 Linear |R| = [32m1.914661e+05[39m
     11 Linear |R| = [32m1.584599e+05[39m
     12 Linear |R| = [32m1.343448e+05[39m
     13 Linear |R| = [32m1.060397e+05[39m
     14 Linear |R| = [32m7.834875e+04[39m
     15 Linear |R| = [32m6.290984e+04[39m
     16 Linear |R| = [32m4.834440e+04[39m
     17 Linear |R| = [32m3.792368e+04[39m
     18 Linear |R| = [32m3.124219e+04[39m
     19 Linear |R| = [32m2.191267e+04[39m
     20 Linear |R| = [32m1.532130e+04[39m
     21 Linear |R| = [32m1.110875e+04[39m
     22 Linear |R| = [32m6.496605e+03[39m
     23 Linear |R| = [32m3.415168e+03[39m
     24 Linear |R| = [32m1.912075e+03[39m
     25 Linear |R| = [32m1.068127e+03[39m
     26 Linear |R| = [32m5.943232e+02[39m
     27 Linear |R| = [32m3.425489e+02[39m
     28 Linear |R| = [32m2.184264e+02[39m
     29 Linear |R| = [32m1.498089e+02[39m
     30 Linear |R| = [32m9.139781e+01[39m
     31 Linear |R| = [32m6.543544e+01[39m
     32 Linear |R| = [32m4.793280e+01[39m
     33 Linear |R| = [32m3.042325e+01[39m
     34 Linear |R| = [32m1.655122e+01[39m
     35 Linear |R| = [32m9.438037e+00[39m
     36 Linear |R| = [32m5.455218e+00[39m
 3 Nonlinear |R| = [33m7.729524e+05[39m
      0 Linear |R| = [32m7.729524e+05[39m
      1 Linear |R| = [33m7.641800e+05[39m
      2 Linear |R| = [32m6.684579e+05[39m
      3 Linear |R| = [33m6.633708e+05[39m
      4 Linear |R| = [32m6.252454e+05[39m
      5 Linear |R| = [33m6.041961e+05[39m
      6 Linear |R| = [32m5.542767e+05[39m
      7 Linear |R| = [32m5.133023e+05[39m
      8 Linear |R| = [32m3.767772e+05[39m
      9 Linear |R| = [32m2.374753e+05[39m
     10 Linear |R| = [32m1.916439e+05[39m
     11 Linear |R| = [32m1.591009e+05[39m
     12 Linear |R| = [32m1.339376e+05[39m
     13 Linear |R| = [32m1.043020e+05[39m
     14 Linear |R| = [32m7.821824e+04[39m
     15 Linear |R| = [32m6.258452e+04[39m
     16 Linear |R| = [32m4.767637e+04[39m
     17 Linear |R| = [32m3.836069e+04[39m
     18 Linear |R| = [32m3.083530e+04[39m
     19 Linear |R| = [32m2.127283e+04[39m
     20 Linear |R| = [32m1.567974e+04[39m
     21 Linear |R| = [32m1.085732e+04[39m
     22 Linear |R| = [32m5.988802e+03[39m
     23 Linear |R| = [32m3.309629e+03[39m
     24 Linear |R| = [32m1.834606e+03[39m
     25 Linear |R| = [32m9.950032e+02[39m
     26 Linear |R| = [32m5.454918e+02[39m
     27 Linear |R| = [32m3.249442e+02[39m
     28 Linear |R| = [32m2.175071e+02[39m
     29 Linear |R| = [32m1.432094e+02[39m
     30 Linear |R| = [32m8.485136e+01[39m
     31 Linear |R| = [32m6.114448e+01[39m
     32 Linear |R| = [32m4.334167e+01[39m
     33 Linear |R| = [32m2.738421e+01[39m
     34 Linear |R| = [32m1.581048e+01[39m
     35 Linear |R| = [32m9.435252e+00[39m
     36 Linear |R| = [32m5.277074e+00[39m
 4 Nonlinear |R| = [33m7.645788e+05[39m
      0 Linear |R| = [32m7.645788e+05[39m
      1 Linear |R| = [33m7.556471e+05[39m
      2 Linear |R| = [32m6.626066e+05[39m
      3 Linear |R| = [33m6.587208e+05[39m
      4 Linear |R| = [32m6.166944e+05[39m
      5 Linear |R| = [33m5.972927e+05[39m
      6 Linear |R| = [32m5.517855e+05[39m
      7 Linear |R| = [32m5.072971e+05[39m
      8 Linear |R| = [32m3.525870e+05[39m
      9 Linear |R| = [32m2.357391e+05[39m
     10 Linear |R| = [32m1.969254e+05[39m
     11 Linear |R| = [32m1.623746e+05[39m
     12 Linear |R| = [32m1.346821e+05[39m
     13 Linear |R| = [32m1.034472e+05[39m
     14 Linear |R| = [32m7.901988e+04[39m
     15 Linear |R| = [32m6.209558e+04[39m
     16 Linear |R| = [32m4.845388e+04[39m
     17 Linear |R| = [32m3.925105e+04[39m
     18 Linear |R| = [32m2.969076e+04[39m
     19 Linear |R| = [32m2.163463e+04[39m
     20 Linear |R| = [32m1.593275e+04[39m
     21 Linear |R| = [32m9.574965e+03[39m
     22 Linear |R| = [32m5.402922e+03[39m
     23 Linear |R| = [32m3.068806e+03[39m
     24 Linear |R| = [32m1.560123e+03[39m
     25 Linear |R| = [32m8.309521e+02[39m
     26 Linear |R| = [32m4.813122e+02[39m
     27 Linear |R| = [32m3.146576e+02[39m
     28 Linear |R| = [32m2.067673e+02[39m
     29 Linear |R| = [32m1.293320e+02[39m
     30 Linear |R| = [32m8.036524e+01[39m
     31 Linear |R| = [32m5.720862e+01[39m
     32 Linear |R| = [32m3.735862e+01[39m
     33 Linear |R| = [32m2.428933e+01[39m
     34 Linear |R| = [32m1.493333e+01[39m
     35 Linear |R| = [32m8.977605e+00[39m
     36 Linear |R| = [32m5.039626e+00[39m
 5 Nonlinear |R| = [33m7.535589e+05[39m
      0 Linear |R| = [32m7.535589e+05[39m
      1 Linear |R| = [33m7.446603e+05[39m
      2 Linear |R| = [32m6.517593e+05[39m
      3 Linear |R| = [33m6.516635e+05[39m
      4 Linear |R| = [32m5.972004e+05[39m
      5 Linear |R| = [33m5.838527e+05[39m
      6 Linear |R| = [32m5.063481e+05[39m
      7 Linear |R| = [32m4.338122e+05[39m
      8 Linear |R| = [32m3.248936e+05[39m
      9 Linear |R| = [32m2.564723e+05[39m
     10 Linear |R| = [32m2.111951e+05[39m
     11 Linear |R| = [32m1.749804e+05[39m
     12 Linear |R| = [32m1.373933e+05[39m
     13 Linear |R| = [32m1.020944e+05[39m
     14 Linear |R| = [32m8.101312e+04[39m
     15 Linear |R| = [32m6.178753e+04[39m
     16 Linear |R| = [32m4.928901e+04[39m
     17 Linear |R| = [32m3.732282e+04[39m
     18 Linear |R| = [32m2.558653e+04[39m
     19 Linear |R| = [32m1.667842e+04[39m
     20 Linear |R| = [32m9.794371e+03[39m
     21 Linear |R| = [32m5.396969e+03[39m
     22 Linear |R| = [32m3.011499e+03[39m
     23 Linear |R| = [32m1.669964e+03[39m
     24 Linear |R| = [32m9.658028e+02[39m
     25 Linear |R| = [32m6.205663e+02[39m
     26 Linear |R| = [32m4.048089e+02[39m
     27 Linear |R| = [32m2.567149e+02[39m
     28 Linear |R| = [32m1.397941e+02[39m
     29 Linear |R| = [32m6.787570e+01[39m
     30 Linear |R| = [32m5.135972e+01[39m
     31 Linear |R| = [32m2.106440e+01[39m
     32 Linear |R| = [32m1.389990e+01[39m
     33 Linear |R| = [32m7.783798e+00[39m
     34 Linear |R| = [32m4.776210e+00[39m
 6 Nonlinear |R| = [32m5.065250e+05[39m
      0 Linear |R| = [32m5.065250e+05[39m
      1 Linear |R| = [32m2.336578e+05[39m
      2 Linear |R| = [32m1.638386e+05[39m
      3 Linear |R| = [32m1.017405e+05[39m
      4 Linear |R| = [32m4.415969e+04[39m
      5 Linear |R| = [32m1.839214e+04[39m
      6 Linear |R| = [32m9.486373e+03[39m
      7 Linear |R| = [32m5.075525e+03[39m
      8 Linear |R| = [32m2.227372e+03[39m
      9 Linear |R| = [32m8.141119e+02[39m
     10 Linear |R| = [32m4.027257e+02[39m
     11 Linear |R| = [32m1.945237e+02[39m
     12 Linear |R| = [32m8.483070e+01[39m
     13 Linear |R| = [32m2.932326e+01[39m
     14 Linear |R| = [32m1.002263e+01[39m
     15 Linear |R| = [32m3.204757e+00[39m
 7 Nonlinear |R| = [32m3.878162e+05[39m
      0 Linear |R| = [32m3.878162e+05[39m
      1 Linear |R| = [32m3.352440e+05[39m
      2 Linear |R| = [32m2.481696e+05[39m
      3 Linear |R| = [32m1.884406e+05[39m
      4 Linear |R| = [32m1.336213e+05[39m
      5 Linear |R| = [32m7.988345e+04[39m
      6 Linear |R| = [32m4.752808e+04[39m
      7 Linear |R| = [32m2.872481e+04[39m
      8 Linear |R| = [32m1.829738e+04[39m
      9 Linear |R| = [32m1.038265e+04[39m
     10 Linear |R| = [32m4.581285e+03[39m
     11 Linear |R| = [32m2.094573e+03[39m
     12 Linear |R| = [32m1.039633e+03[39m
     13 Linear |R| = [32m4.430546e+02[39m
     14 Linear |R| = [32m1.736123e+02[39m
     15 Linear |R| = [32m6.395502e+01[39m
     16 Linear |R| = [32m2.675825e+01[39m
     17 Linear |R| = [32m1.034478e+01[39m
     18 Linear |R| = [32m5.132471e+00[39m
     19 Linear |R| = [32m3.360650e+00[39m
 8 Nonlinear |R| = [32m3.386606e+05[39m
      0 Linear |R| = [32m3.386606e+05[39m
      1 Linear |R| = [32m2.252887e+05[39m
      2 Linear |R| = [32m1.555600e+05[39m
      3 Linear |R| = [32m9.895524e+04[39m
      4 Linear |R| = [32m5.098783e+04[39m
      5 Linear |R| = [32m1.846292e+04[39m
      6 Linear |R| = [32m6.304547e+03[39m
      7 Linear |R| = [32m2.363156e+03[39m
      8 Linear |R| = [32m8.892322e+02[39m
      9 Linear |R| = [32m2.641091e+02[39m
     10 Linear |R| = [32m6.984065e+01[39m
     11 Linear |R| = [32m1.809930e+01[39m
     12 Linear |R| = [32m5.339726e+00[39m
     13 Linear |R| = [32m1.617794e+00[39m
 9 Nonlinear |R| = [33m3.293472e+05[39m
      0 Linear |R| = [32m3.293472e+05[39m
      1 Linear |R| = [32m2.740615e+05[39m
      2 Linear |R| = [32m2.151400e+05[39m
      3 Linear |R| = [32m1.691507e+05[39m
      4 Linear |R| = [32m1.241173e+05[39m
      5 Linear |R| = [32m7.907272e+04[39m
      6 Linear |R| = [32m2.825875e+04[39m
      7 Linear |R| = [32m1.137571e+04[39m
      8 Linear |R| = [32m5.252084e+03[39m
      9 Linear |R| = [32m2.367818e+03[39m
     10 Linear |R| = [32m9.969550e+02[39m
     11 Linear |R| = [32m3.797778e+02[39m
     12 Linear |R| = [32m1.285934e+02[39m
     13 Linear |R| = [32m3.821301e+01[39m
     14 Linear |R| = [32m1.357222e+01[39m
     15 Linear |R| = [32m4.596164e+00[39m
     16 Linear |R| = [32m1.609021e+00[39m
10 Nonlinear |R| = [32m2.642521e+05[39m
      0 Linear |R| = [32m2.642521e+05[39m
      1 Linear |R| = [32m1.390279e+05[39m
      2 Linear |R| = [32m3.370961e+04[39m
      3 Linear |R| = [32m1.104954e+04[39m
      4 Linear |R| = [32m4.427149e+03[39m
      5 Linear |R| = [32m1.249349e+03[39m
      6 Linear |R| = [32m3.152905e+02[39m
      7 Linear |R| = [32m1.036508e+02[39m
      8 Linear |R| = [32m3.630303e+01[39m
      9 Linear |R| = [32m1.204122e+01[39m
     10 Linear |R| = [32m3.727954e+00[39m
     11 Linear |R| = [32m1.162520e+00[39m
11 Nonlinear |R| = [32m2.270417e+05[39m
      0 Linear |R| = [32m2.270417e+05[39m
      1 Linear |R| = [32m1.808724e+05[39m
      2 Linear |R| = [32m1.213957e+05[39m
      3 Linear |R| = [32m6.008670e+04[39m
      4 Linear |R| = [32m2.327884e+04[39m
      5 Linear |R| = [32m7.178023e+03[39m
      6 Linear |R| = [32m2.251612e+03[39m
      7 Linear |R| = [32m6.202210e+02[39m
      8 Linear |R| = [32m2.294321e+02[39m
      9 Linear |R| = [32m7.497423e+01[39m
     10 Linear |R| = [32m2.386702e+01[39m
     11 Linear |R| = [32m6.765086e+00[39m
     12 Linear |R| = [32m2.321041e+00[39m
     13 Linear |R| = [32m7.715176e-01[39m
12 Nonlinear |R| = [33m2.161858e+05[39m
      0 Linear |R| = [32m2.161858e+05[39m
      1 Linear |R| = [33m2.100415e+05[39m
      2 Linear |R| = [32m1.348106e+05[39m
      3 Linear |R| = [32m5.724420e+04[39m
      4 Linear |R| = [32m2.202125e+04[39m
      5 Linear |R| = [32m7.653689e+03[39m
      6 Linear |R| = [32m2.420573e+03[39m
      7 Linear |R| = [32m7.395645e+02[39m
      8 Linear |R| = [32m2.385765e+02[39m
      9 Linear |R| = [32m7.701510e+01[39m
     10 Linear |R| = [32m2.331955e+01[39m
     11 Linear |R| = [32m7.322188e+00[39m
     12 Linear |R| = [32m2.151971e+00[39m
13 Nonlinear |R| = [32m2.041793e+05[39m
      0 Linear |R| = [32m2.041793e+05[39m
      1 Linear |R| = [32m1.895300e+05[39m
      2 Linear |R| = [32m1.306440e+05[39m
      3 Linear |R| = [32m7.029776e+04[39m
      4 Linear |R| = [32m2.509147e+04[39m
      5 Linear |R| = [32m7.600229e+03[39m
      6 Linear |R| = [32m2.890413e+03[39m
      7 Linear |R| = [32m1.013151e+03[39m
      8 Linear |R| = [32m3.366944e+02[39m
      9 Linear |R| = [32m1.038139e+02[39m
     10 Linear |R| = [32m3.189377e+01[39m
     11 Linear |R| = [32m1.075434e+01[39m
     12 Linear |R| = [32m3.664070e+00[39m
     13 Linear |R| = [32m1.169123e+00[39m
14 Nonlinear |R| = [32m1.300032e+05[39m
      0 Linear |R| = [32m1.300032e+05[39m
      1 Linear |R| = [32m3.467611e+04[39m
      2 Linear |R| = [32m6.586286e+03[39m
      3 Linear |R| = [32m2.377173e+03[39m
      4 Linear |R| = [32m8.356751e+02[39m
      5 Linear |R| = [32m2.574470e+02[39m
      6 Linear |R| = [32m6.848790e+01[39m
      7 Linear |R| = [32m2.327113e+01[39m
      8 Linear |R| = [32m8.072013e+00[39m
      9 Linear |R| = [32m2.524746e+00[39m
     10 Linear |R| = [32m7.219945e-01[39m
15 Nonlinear |R| = [32m7.219941e-01[39m
[32m Solve Converged![39m
  Finished Solving                                                                       [[33m 27.20 s[39m] [[33m  219 MB[39m]

Postprocessor Values:
+----------------+----------------+----------------+----------------+------------------+----------------+----------------+----------------+
| time           | base_shear_x   | damage_c_max   | damage_t_max   | damage_total_max | mid_vonmises   | top_disp_x     | top_disp_y     |
+----------------+----------------+----------------+----------------+------------------+----------------+----------------+----------------+
|   0.000000e+00 |   0.000000e+00 |   0.000000e+00 |   0.000000e+00 |     0.000000e+00 |   0.000000e+00 |   0.000000e+00 |   0.000000e+00 |
|   4.000000e+00 |  -2.897761e+05 |   0.000000e+00 |   9.784646e-01 |     9.784646e-01 |   8.803188e+05 |  -3.930000e-03 |   9.723754e-04 |
|   8.000000e+00 |  -9.659194e+04 |   0.000000e+00 |   8.853573e-01 |     8.853573e-01 |   5.354663e+05 |  -1.310000e-03 |   9.723756e-04 |
|   1.200000e+01 |   9.659198e+04 |   0.000000e+00 |   8.853573e-01 |     8.853573e-01 |   5.422962e+05 |   1.310000e-03 |   9.723755e-04 |
|   1.600000e+01 |   2.897762e+05 |   0.000000e+00 |   9.784647e-01 |     9.784647e-01 |   8.927722e+05 |   3.930000e-03 |   9.723755e-04 |
+----------------+----------------+----------------+----------------+------------------+----------------+----------------+----------------+


Time Step 5, time = 20, dt = 4
 0 Nonlinear |R| = [32m7.192076e+05[39m
      0 Linear |R| = [32m7.192076e+05[39m
      1 Linear |R| = [33m7.112795e+05[39m
      2 Linear |R| = [32m6.219523e+05[39m
      3 Linear |R| = [33m6.162671e+05[39m
      4 Linear |R| = [33m5.896430e+05[39m
      5 Linear |R| = [33m5.763695e+05[39m
      6 Linear |R| = [32m5.441356e+05[39m
      7 Linear |R| = [33m5.257247e+05[39m
      8 Linear |R| = [32m4.526524e+05[39m
      9 Linear |R| = [32m3.426756e+05[39m
     10 Linear |R| = [32m2.813374e+05[39m
     11 Linear |R| = [32m2.198742e+05[39m
     12 Linear |R| = [32m1.627815e+05[39m
     13 Linear |R| = [32m1.129848e+05[39m
     14 Linear |R| = [32m7.796150e+04[39m
     15 Linear |R| = [32m6.343455e+04[39m
     16 Linear |R| = [32m5.243137e+04[39m
     17 Linear |R| = [32m4.347022e+04[39m
     18 Linear |R| = [32m3.752227e+04[39m
     19 Linear |R| = [32m2.687216e+04[39m
     20 Linear |R| = [32m1.699832e+04[39m
     21 Linear |R| = [32m1.167320e+04[39m
     22 Linear |R| = [32m7.017329e+03[39m
     23 Linear |R| = [32m3.498512e+03[39m
     24 Linear |R| = [32m1.911890e+03[39m
     25 Linear |R| = [32m1.104864e+03[39m
     26 Linear |R| = [32m6.297999e+02[39m
     27 Linear |R| = [32m3.647255e+02[39m
     28 Linear |R| = [32m2.222256e+02[39m
     29 Linear |R| = [32m1.523122e+02[39m
     30 Linear |R| = [32m9.853990e+01[39m
     31 Linear |R| = [32m7.173353e+01[39m
     32 Linear |R| = [32m5.219214e+01[39m
     33 Linear |R| = [32m3.344242e+01[39m
     34 Linear |R| = [32m1.804319e+01[39m
     35 Linear |R| = [32m9.835135e+00[39m
     36 Linear |R| = [32m5.760574e+00[39m
 1 Nonlinear |R| = [33m7.119703e+05[39m
      0 Linear |R| = [32m7.119703e+05[39m
      1 Linear |R| = [33m7.040601e+05[39m
      2 Linear |R| = [32m6.159265e+05[39m
      3 Linear |R| = [33m6.104291e+05[39m
      4 Linear |R| = [33m5.837483e+05[39m
      5 Linear |R| = [33m5.708039e+05[39m
      6 Linear |R| = [32m5.393634e+05[39m
      7 Linear |R| = [33m5.215671e+05[39m
      8 Linear |R| = [32m4.479663e+05[39m
      9 Linear |R| = [32m3.391127e+05[39m
     10 Linear |R| = [32m2.797179e+05[39m
     11 Linear |R| = [32m2.181140e+05[39m
     12 Linear |R| = [32m1.608705e+05[39m
     13 Linear |R| = [32m1.113691e+05[39m
     14 Linear |R| = [32m7.740287e+04[39m
     15 Linear |R| = [32m6.313661e+04[39m
     16 Linear |R| = [32m5.199235e+04[39m
     17 Linear |R| = [32m4.339772e+04[39m
     18 Linear |R| = [32m3.737315e+04[39m
     19 Linear |R| = [32m2.628727e+04[39m
     20 Linear |R| = [32m1.695424e+04[39m
     21 Linear |R| = [32m1.170135e+04[39m
     22 Linear |R| = [32m6.810658e+03[39m
     23 Linear |R| = [32m3.408845e+03[39m
     24 Linear |R| = [32m1.894071e+03[39m
     25 Linear |R| = [32m1.087649e+03[39m
     26 Linear |R| = [32m6.136881e+02[39m
     27 Linear |R| = [32m3.555155e+02[39m
     28 Linear |R| = [32m2.202543e+02[39m
     29 Linear |R| = [32m1.515100e+02[39m
     30 Linear |R| = [32m9.592340e+01[39m
     31 Linear |R| = [32m6.897976e+01[39m
     32 Linear |R| = [32m5.051260e+01[39m
     33 Linear |R| = [32m3.240114e+01[39m
     34 Linear |R| = [32m1.743295e+01[39m
     35 Linear |R| = [32m9.645241e+00[39m
     36 Linear |R| = [32m5.660395e+00[39m
 2 Nonlinear |R| = [33m7.047678e+05[39m
      0 Linear |R| = [32m7.047678e+05[39m
      1 Linear |R| = [33m6.968520e+05[39m
      2 Linear |R| = [32m6.099411e+05[39m
      3 Linear |R| = [33m6.046734e+05[39m
      4 Linear |R| = [33m5.776584e+05[39m
      5 Linear |R| = [33m5.650629e+05[39m
      6 Linear |R| = [32m5.344841e+05[39m
      7 Linear |R| = [33m5.172868e+05[39m
      8 Linear |R| = [32m4.421423e+05[39m
      9 Linear |R| = [32m3.346967e+05[39m
     10 Linear |R| = [32m2.777772e+05[39m
     11 Linear |R| = [32m2.156416e+05[39m
     12 Linear |R| = [32m1.581767e+05[39m
     13 Linear |R| = [32m1.091167e+05[39m
     14 Linear |R| = [32m7.669474e+04[39m
     15 Linear |R| = [32m6.272097e+04[39m
     16 Linear |R| = [32m5.142151e+04[39m
     17 Linear |R| = [32m4.335600e+04[39m
     18 Linear |R| = [32m3.709735e+04[39m
     19 Linear |R| = [32m2.552518e+04[39m
     20 Linear |R| = [32m1.697965e+04[39m
     21 Linear |R| = [32m1.167270e+04[39m
     22 Linear |R| = [32m6.501707e+03[39m
     23 Linear |R| = [32m3.311103e+03[39m
     24 Linear |R| = [32m1.868940e+03[39m
     25 Linear |R| = [32m1.058809e+03[39m
     26 Linear |R| = [32m5.901978e+02[39m
     27 Linear |R| = [32m3.433255e+02[39m
     28 Linear |R| = [32m2.185521e+02[39m
     29 Linear |R| = [32m1.498622e+02[39m
     30 Linear |R| = [32m9.170986e+01[39m
     31 Linear |R| = [32m6.518187e+01[39m
     32 Linear |R| = [32m4.778832e+01[39m
     33 Linear |R| = [32m3.058683e+01[39m
     34 Linear |R| = [32m1.665280e+01[39m
     35 Linear |R| = [32m9.528836e+00[39m
     36 Linear |R| = [32m5.568914e+00[39m
 3 Nonlinear |R| = [33m6.975672e+05[39m
      0 Linear |R| = [32m6.975672e+05[39m
      1 Linear |R| = [33m6.896063e+05[39m
      2 Linear |R| = [32m6.041700e+05[39m
      3 Linear |R| = [33m5.992303e+05[39m
      4 Linear |R| = [33m5.716181e+05[39m
      5 Linear |R| = [33m5.595369e+05[39m
      6 Linear |R| = [32m5.303184e+05[39m
      7 Linear |R| = [33m5.138301e+05[39m
      8 Linear |R| = [32m4.356713e+05[39m
      9 Linear |R| = [32m3.311012e+05[39m
     10 Linear |R| = [32m2.770745e+05[39m
     11 Linear |R| = [32m2.130811e+05[39m
     12 Linear |R| = [32m1.551257e+05[39m
     13 Linear |R| = [32m1.067722e+05[39m
     14 Linear |R| = [32m7.646069e+04[39m
     15 Linear |R| = [32m6.255346e+04[39m
     16 Linear |R| = [32m5.118331e+04[39m
     17 Linear |R| = [32m4.375950e+04[39m
     18 Linear |R| = [32m3.677220e+04[39m
     19 Linear |R| = [32m2.490115e+04[39m
     20 Linear |R| = [32m1.730239e+04[39m
     21 Linear |R| = [32m1.150195e+04[39m
     22 Linear |R| = [32m6.135895e+03[39m
     23 Linear |R| = [32m3.265226e+03[39m
     24 Linear |R| = [32m1.832816e+03[39m
     25 Linear |R| = [32m1.014966e+03[39m
     26 Linear |R| = [32m5.621097e+02[39m
     27 Linear |R| = [32m3.321316e+02[39m
     28 Linear |R| = [32m2.190987e+02[39m
     29 Linear |R| = [32m1.468977e+02[39m
     30 Linear |R| = [32m8.675394e+01[39m
     31 Linear |R| = [32m6.162049e+01[39m
     32 Linear |R| = [32m4.441664e+01[39m
     33 Linear |R| = [32m2.820512e+01[39m
     34 Linear |R| = [32m1.592470e+01[39m
     35 Linear |R| = [32m9.532263e+00[39m
     36 Linear |R| = [32m5.463177e+00[39m
 4 Nonlinear |R| = [33m6.902577e+05[39m
      0 Linear |R| = [32m6.902577e+05[39m
      1 Linear |R| = [33m6.821691e+05[39m
      2 Linear |R| = [32m5.987294e+05[39m
      3 Linear |R| = [33m5.943266e+05[39m
      4 Linear |R| = [33m5.653732e+05[39m
      5 Linear |R| = [33m5.540668e+05[39m
      6 Linear |R| = [33m5.272111e+05[39m
      7 Linear |R| = [33m5.109743e+05[39m
      8 Linear |R| = [32m4.264336e+05[39m
      9 Linear |R| = [32m3.293332e+05[39m
     10 Linear |R| = [32m2.775028e+05[39m
     11 Linear |R| = [32m2.089388e+05[39m
     12 Linear |R| = [32m1.509010e+05[39m
     13 Linear |R| = [32m1.042052e+05[39m
     14 Linear |R| = [32m7.693540e+04[39m
     15 Linear |R| = [32m6.266996e+04[39m
     16 Linear |R| = [32m5.182066e+04[39m
     17 Linear |R| = [32m4.478949e+04[39m
     18 Linear |R| = [32m3.595641e+04[39m
     19 Linear |R| = [32m2.474154e+04[39m
     20 Linear |R| = [32m1.784357e+04[39m
     21 Linear |R| = [32m1.074244e+04[39m
     22 Linear |R| = [32m5.625503e+03[39m
     23 Linear |R| = [32m3.186877e+03[39m
     24 Linear |R| = [32m1.730085e+03[39m
     25 Linear |R| = [32m9.219354e+02[39m
     26 Linear |R| = [32m5.130294e+02[39m
     27 Linear |R| = [32m3.269994e+02[39m
     28 Linear |R| = [32m2.207718e+02[39m
     29 Linear |R| = [32m1.375013e+02[39m
     30 Linear |R| = [32m8.381365e+01[39m
     31 Linear |R| = [32m6.078352e+01[39m
     32 Linear |R| = [32m4.047199e+01[39m
     33 Linear |R| = [32m2.603420e+01[39m
     34 Linear |R| = [32m1.584256e+01[39m
     35 Linear |R| = [32m9.463089e+00[39m
     36 Linear |R| = [32m5.241648e+00[39m
 5 Nonlinear |R| = [33m6.822829e+05[39m
      0 Linear |R| = [32m6.822829e+05[39m
      1 Linear |R| = [33m6.738812e+05[39m
      2 Linear |R| = [32m5.936823e+05[39m
      3 Linear |R| = [33m5.908575e+05[39m
      4 Linear |R| = [32m5.571822e+05[39m
      5 Linear |R| = [33m5.478055e+05[39m
      6 Linear |R| = [33m5.246519e+05[39m
      7 Linear |R| = [33m5.020458e+05[39m
      8 Linear |R| = [32m4.087287e+05[39m
      9 Linear |R| = [32m3.306175e+05[39m
     10 Linear |R| = [32m2.698359e+05[39m
     11 Linear |R| = [32m1.963244e+05[39m
     12 Linear |R| = [32m1.434202e+05[39m
     13 Linear |R| = [32m1.017954e+05[39m
     14 Linear |R| = [32m7.785889e+04[39m
     15 Linear |R| = [32m6.471741e+04[39m
     16 Linear |R| = [32m5.469327e+04[39m
     17 Linear |R| = [32m4.541613e+04[39m
     18 Linear |R| = [32m3.510933e+04[39m
     19 Linear |R| = [32m2.478030e+04[39m
     20 Linear |R| = [32m1.607175e+04[39m
     21 Linear |R| = [32m9.013566e+03[39m
     22 Linear |R| = [32m5.044171e+03[39m
     23 Linear |R| = [32m2.600455e+03[39m
     24 Linear |R| = [32m1.329651e+03[39m
     25 Linear |R| = [32m7.952778e+02[39m
     26 Linear |R| = [32m4.930813e+02[39m
     27 Linear |R| = [32m3.218764e+02[39m
     28 Linear |R| = [32m2.070874e+02[39m
     29 Linear |R| = [32m1.286027e+02[39m
     30 Linear |R| = [32m7.158932e+01[39m
     31 Linear |R| = [32m4.561474e+01[39m
     32 Linear |R| = [32m2.918565e+01[39m
     33 Linear |R| = [32m1.867146e+01[39m
     34 Linear |R| = [32m1.195829e+01[39m
     35 Linear |R| = [32m7.728755e+00[39m
     36 Linear |R| = [32m5.168579e+00[39m
 6 Nonlinear |R| = [32m6.083548e+05[39m
      0 Linear |R| = [32m6.083548e+05[39m
      1 Linear |R| = [32m5.494809e+05[39m
      2 Linear |R| = [32m4.771999e+05[39m
      3 Linear |R| = [32m3.855015e+05[39m
      4 Linear |R| = [32m3.229629e+05[39m
      5 Linear |R| = [32m2.521068e+05[39m
      6 Linear |R| = [32m1.676999e+05[39m
      7 Linear |R| = [32m1.073693e+05[39m
      8 Linear |R| = [32m6.216556e+04[39m
      9 Linear |R| = [32m3.360173e+04[39m
     10 Linear |R| = [32m1.830318e+04[39m
     11 Linear |R| = [32m9.922388e+03[39m
     12 Linear |R| = [32m4.866337e+03[39m
     13 Linear |R| = [32m2.924733e+03[39m
     14 Linear |R| = [32m1.904589e+03[39m
     15 Linear |R| = [32m1.348597e+03[39m
     16 Linear |R| = [32m1.004293e+03[39m
     17 Linear |R| = [32m6.187920e+02[39m
     18 Linear |R| = [32m3.347821e+02[39m
     19 Linear |R| = [32m1.633682e+02[39m
     20 Linear |R| = [32m6.954229e+01[39m
     21 Linear |R| = [32m3.057019e+01[39m
     22 Linear |R| = [32m1.369304e+01[39m
     23 Linear |R| = [32m6.376657e+00[39m
     24 Linear |R| = [32m3.196169e+00[39m
 7 Nonlinear |R| = [33m5.958202e+05[39m
      0 Linear |R| = [32m5.958202e+05[39m
      1 Linear |R| = [32m5.124629e+05[39m
      2 Linear |R| = [32m4.437652e+05[39m
      3 Linear |R| = [32m3.363154e+05[39m
      4 Linear |R| = [32m2.749751e+05[39m
      5 Linear |R| = [32m2.022410e+05[39m
      6 Linear |R| = [32m1.244309e+05[39m
      7 Linear |R| = [32m7.714874e+04[39m
      8 Linear |R| = [32m4.173248e+04[39m
      9 Linear |R| = [32m2.100195e+04[39m
     10 Linear |R| = [32m1.152202e+04[39m
     11 Linear |R| = [32m5.733132e+03[39m
     12 Linear |R| = [32m2.737471e+03[39m
     13 Linear |R| = [32m1.662426e+03[39m
     14 Linear |R| = [32m1.045957e+03[39m
     15 Linear |R| = [32m7.428827e+02[39m
     16 Linear |R| = [32m5.221210e+02[39m
     17 Linear |R| = [32m2.943582e+02[39m
     18 Linear |R| = [32m1.473888e+02[39m
     19 Linear |R| = [32m6.349719e+01[39m
     20 Linear |R| = [32m2.713095e+01[39m
     21 Linear |R| = [32m1.164737e+01[39m
     22 Linear |R| = [32m5.196009e+00[39m
 8 Nonlinear |R| = [33m5.829482e+05[39m
      0 Linear |R| = [32m5.829482e+05[39m
      1 Linear |R| = [32m4.706225e+05[39m
      2 Linear |R| = [32m4.054717e+05[39m
      3 Linear |R| = [32m2.874408e+05[39m
      4 Linear |R| = [32m2.245122e+05[39m
      5 Linear |R| = [32m1.558256e+05[39m
      6 Linear |R| = [32m8.836927e+04[39m
      7 Linear |R| = [32m5.134073e+04[39m
      8 Linear |R| = [32m2.696970e+04[39m
      9 Linear |R| = [32m1.248954e+04[39m
     10 Linear |R| = [32m6.573722e+03[39m
     11 Linear |R| = [32m3.151092e+03[39m
     12 Linear |R| = [32m1.390522e+03[39m
     13 Linear |R| = [32m8.217192e+02[39m
     14 Linear |R| = [32m5.244872e+02[39m
     15 Linear |R| = [32m3.590362e+02[39m
     16 Linear |R| = [32m2.343854e+02[39m
     17 Linear |R| = [32m1.228243e+02[39m
     18 Linear |R| = [32m5.524459e+01[39m
     19 Linear |R| = [32m2.316039e+01[39m
     20 Linear |R| = [32m9.363854e+00[39m
     21 Linear |R| = [32m3.696281e+00[39m
 9 Nonlinear |R| = [33m5.680666e+05[39m
      0 Linear |R| = [32m5.680666e+05[39m
      1 Linear |R| = [32m4.161724e+05[39m
      2 Linear |R| = [32m3.539426e+05[39m
      3 Linear |R| = [32m2.272763e+05[39m
      4 Linear |R| = [32m1.645870e+05[39m
      5 Linear |R| = [32m1.061820e+05[39m
      6 Linear |R| = [32m5.345599e+04[39m
      7 Linear |R| = [32m2.796421e+04[39m
      8 Linear |R| = [32m1.436769e+04[39m
      9 Linear |R| = [32m5.911218e+03[39m
     10 Linear |R| = [32m2.836203e+03[39m
     11 Linear |R| = [32m1.308295e+03[39m
     12 Linear |R| = [32m5.544204e+02[39m
     13 Linear |R| = [32m3.093390e+02[39m
     14 Linear |R| = [32m2.021962e+02[39m
     15 Linear |R| = [32m1.290425e+02[39m
     16 Linear |R| = [32m7.221719e+01[39m
     17 Linear |R| = [32m3.409096e+01[39m
     18 Linear |R| = [32m1.350313e+01[39m
     19 Linear |R| = [32m5.552804e+00[39m
10 Nonlinear |R| = [33m5.472505e+05[39m
      0 Linear |R| = [32m5.472505e+05[39m
      1 Linear |R| = [32m3.197887e+05[39m
      2 Linear |R| = [32m2.621212e+05[39m
      3 Linear |R| = [32m1.372236e+05[39m
      4 Linear |R| = [32m7.893196e+04[39m
      5 Linear |R| = [32m4.607737e+04[39m
      6 Linear |R| = [32m1.913857e+04[39m
      7 Linear |R| = [32m7.132446e+03[39m
      8 Linear |R| = [32m3.496620e+03[39m
      9 Linear |R| = [32m1.344452e+03[39m
     10 Linear |R| = [32m4.963167e+02[39m
     11 Linear |R| = [32m1.930119e+02[39m
     12 Linear |R| = [32m9.353151e+01[39m
     13 Linear |R| = [32m4.570573e+01[39m
     14 Linear |R| = [32m2.475099e+01[39m
     15 Linear |R| = [32m1.309874e+01[39m
     16 Linear |R| = [32m5.931438e+00[39m
     17 Linear |R| = [32m2.906205e+00[39m
11 Nonlinear |R| = [32m4.383636e+05[39m
      0 Linear |R| = [32m4.383636e+05[39m
      1 Linear |R| = [32m4.569905e+04[39m
      2 Linear |R| = [32m1.437729e+04[39m
      3 Linear |R| = [32m5.942071e+03[39m
      4 Linear |R| = [32m2.281035e+03[39m
      5 Linear |R| = [32m1.061852e+03[39m
      6 Linear |R| = [32m4.925678e+02[39m
      7 Linear |R| = [32m2.064730e+02[39m
      8 Linear |R| = [32m6.570426e+01[39m
      9 Linear |R| = [32m2.425989e+01[39m
     10 Linear |R| = [32m9.464771e+00[39m
     11 Linear |R| = [32m4.295319e+00[39m
12 Nonlinear |R| = [32m1.826792e+03[39m
      0 Linear |R| = [32m1.826792e+03[39m
      1 Linear |R| = [32m5.758863e+02[39m
      2 Linear |R| = [32m2.544618e+02[39m
      3 Linear |R| = [32m1.157024e+02[39m
      4 Linear |R| = [32m4.816710e+01[39m
      5 Linear |R| = [32m2.058373e+01[39m
      6 Linear |R| = [32m7.880265e+00[39m
      7 Linear |R| = [32m2.282005e+00[39m
      8 Linear |R| = [32m7.288745e-01[39m
      9 Linear |R| = [32m3.270911e-01[39m
     10 Linear |R| = [32m1.587659e-01[39m
     11 Linear |R| = [32m6.684962e-02[39m
     12 Linear |R| = [32m2.714647e-02[39m
     13 Linear |R| = [32m1.234144e-02[39m
13 Nonlinear |R| = [32m2.035106e+00[39m
  Finished Solving                                                                       [[33m 27.20 s[39m] [[33m  222 MB[39m]
[32m Solve Converged![39m

Postprocessor Values:
+----------------+----------------+----------------+----------------+------------------+----------------+----------------+----------------+
| time           | base_shear_x   | damage_c_max   | damage_t_max   | damage_total_max | mid_vonmises   | top_disp_x     | top_disp_y     |
+----------------+----------------+----------------+----------------+------------------+----------------+----------------+----------------+
|   0.000000e+00 |   0.000000e+00 |   0.000000e+00 |   0.000000e+00 |     0.000000e+00 |   0.000000e+00 |   0.000000e+00 |   0.000000e+00 |
|   4.000000e+00 |  -2.897761e+05 |   0.000000e+00 |   9.784646e-01 |     9.784646e-01 |   8.803188e+05 |  -3.930000e-03 |   9.723754e-04 |
|   8.000000e+00 |  -9.659194e+04 |   0.000000e+00 |   8.853573e-01 |     8.853573e-01 |   5.354663e+05 |  -1.310000e-03 |   9.723756e-04 |
|   1.200000e+01 |   9.659198e+04 |   0.000000e+00 |   8.853573e-01 |     8.853573e-01 |   5.422962e+05 |   1.310000e-03 |   9.723755e-04 |
|   1.600000e+01 |   2.897762e+05 |   0.000000e+00 |   9.784647e-01 |     9.784647e-01 |   8.927722e+05 |   3.930000e-03 |   9.723755e-04 |
|   2.000000e+01 |   4.819641e+05 |   1.640384e-01 |   9.902510e-01 |     9.902510e-01 |   1.338793e+06 |   6.550000e-03 |   9.745685e-04 |
+----------------+----------------+----------------+----------------+------------------+----------------+----------------+----------------+


Time Step 6, time = 24, dt = 4
 0 Nonlinear |R| = [32m1.043679e+06[39m
      0 Linear |R| = [32m1.043679e+06[39m
      1 Linear |R| = [33m1.029091e+06[39m
      2 Linear |R| = [32m8.808713e+05[39m
      3 Linear |R| = [33m8.751616e+05[39m
      4 Linear |R| = [32m8.082350e+05[39m
      5 Linear |R| = [33m7.698717e+05[39m
      6 Linear |R| = [32m7.093626e+05[39m
      7 Linear |R| = [32m6.575462e+05[39m
      8 Linear |R| = [32m5.269620e+05[39m
      9 Linear |R| = [32m4.376064e+05[39m
     10 Linear |R| = [32m3.694957e+05[39m
     11 Linear |R| = [32m2.680747e+05[39m
     12 Linear |R| = [32m1.802221e+05[39m
     13 Linear |R| = [32m1.182320e+05[39m
     14 Linear |R| = [32m7.607715e+04[39m
     15 Linear |R| = [32m6.130363e+04[39m
     16 Linear |R| = [32m4.900351e+04[39m
     17 Linear |R| = [32m4.067496e+04[39m
     18 Linear |R| = [32m3.556534e+04[39m
     19 Linear |R| = [32m2.778492e+04[39m
     20 Linear |R| = [32m1.948379e+04[39m
     21 Linear |R| = [32m1.294183e+04[39m
     22 Linear |R| = [32m8.239347e+03[39m
     23 Linear |R| = [32m4.625517e+03[39m
     24 Linear |R| = [32m2.262293e+03[39m
     25 Linear |R| = [32m1.251471e+03[39m
     26 Linear |R| = [32m7.437101e+02[39m
     27 Linear |R| = [32m3.934534e+02[39m
     28 Linear |R| = [32m2.128834e+02[39m
     29 Linear |R| = [32m1.456640e+02[39m
    Linear solve did not converge due to DIVERGED_BREAKDOWN iterations 30
 1 Nonlinear |R| = [32m8.237904e+05[39m
      0 Linear |R| = [32m8.237904e+05[39m
      1 Linear |R| = [33m8.150730e+05[39m
      2 Linear |R| = [32m7.189458e+05[39m
      3 Linear |R| = [33m7.157479e+05[39m
      4 Linear |R| = [33m6.894057e+05[39m
      5 Linear |R| = [33m6.751154e+05[39m
      6 Linear |R| = [33m6.470611e+05[39m
      7 Linear |R| = [33m6.237916e+05[39m
      8 Linear |R| = [32m5.568944e+05[39m
      9 Linear |R| = [32m4.399602e+05[39m
     10 Linear |R| = [32m3.604280e+05[39m
     11 Linear |R| = [32m2.774119e+05[39m
     12 Linear |R| = [32m1.952909e+05[39m
     13 Linear |R| = [32m1.288395e+05[39m
     14 Linear |R| = [32m8.314617e+04[39m
     15 Linear |R| = [32m6.423616e+04[39m
     16 Linear |R| = [32m5.277444e+04[39m
     17 Linear |R| = [32m4.340696e+04[39m
     18 Linear |R| = [32m3.779154e+04[39m
     19 Linear |R| = [32m3.047450e+04[39m
     20 Linear |R| = [32m1.964753e+04[39m
     21 Linear |R| = [32m1.324962e+04[39m
     22 Linear |R| = [32m8.691421e+03[39m
     23 Linear |R| = [32m4.432295e+03[39m
     24 Linear |R| = [32m2.321358e+03[39m
     25 Linear |R| = [32m1.334020e+03[39m
     26 Linear |R| = [32m7.682235e+02[39m
     27 Linear |R| = [32m4.450450e+02[39m
     28 Linear |R| = [32m2.585282e+02[39m
     29 Linear |R| = [32m1.724571e+02[39m
     30 Linear |R| = [32m1.169931e+02[39m
     31 Linear |R| = [32m8.890740e+01[39m
     32 Linear |R| = [32m6.242826e+01[39m
     33 Linear |R| = [32m3.923791e+01[39m
     34 Linear |R| = [32m2.149429e+01[39m
     35 Linear |R| = [32m1.155823e+01[39m
     36 Linear |R| = [32m6.769935e+00[39m
 2 Nonlinear |R| = [33m8.130886e+05[39m
      0 Linear |R| = [32m8.130886e+05[39m
      1 Linear |R| = [33m8.044471e+05[39m
      2 Linear |R| = [32m7.097301e+05[39m
      3 Linear |R| = [33m7.066331e+05[39m
      4 Linear |R| = [33m6.803386e+05[39m
      5 Linear |R| = [33m6.663385e+05[39m
      6 Linear |R| = [33m6.387350e+05[39m
      7 Linear |R| = [33m6.160161e+05[39m
      8 Linear |R| = [32m5.494273e+05[39m
      9 Linear |R| = [32m4.331586e+05[39m
     10 Linear |R| = [32m3.559434e+05[39m
     11 Linear |R| = [32m2.736921e+05[39m
     12 Linear |R| = [32m1.920103e+05[39m
     13 Linear |R| = [32m1.265166e+05[39m
     14 Linear |R| = [32m8.185008e+04[39m
     15 Linear |R| = [32m6.349815e+04[39m
     16 Linear |R| = [32m5.203337e+04[39m
     17 Linear |R| = [32m4.289684e+04[39m
     18 Linear |R| = [32m3.743819e+04[39m
     19 Linear |R| = [32m2.988020e+04[39m
     20 Linear |R| = [32m1.929318e+04[39m
     21 Linear |R| = [32m1.319573e+04[39m
     22 Linear |R| = [32m8.517140e+03[39m
     23 Linear |R| = [32m4.289975e+03[39m
     24 Linear |R| = [32m2.282901e+03[39m
     25 Linear |R| = [32m1.315082e+03[39m
     26 Linear |R| = [32m7.514534e+02[39m
     27 Linear |R| = [32m4.339098e+02[39m
     28 Linear |R| = [32m2.533015e+02[39m
     29 Linear |R| = [32m1.705693e+02[39m
     30 Linear |R| = [32m1.148652e+02[39m
     31 Linear |R| = [32m8.661127e+01[39m
     32 Linear |R| = [32m6.133760e+01[39m
     33 Linear |R| = [32m3.864544e+01[39m
     34 Linear |R| = [32m2.101185e+01[39m
     35 Linear |R| = [32m1.126591e+01[39m
     36 Linear |R| = [32m6.584429e+00[39m
 3 Nonlinear |R| = [33m8.035030e+05[39m
      0 Linear |R| = [32m8.035030e+05[39m
      1 Linear |R| = [33m7.949158e+05[39m
      2 Linear |R| = [32m7.015227e+05[39m
      3 Linear |R| = [33m6.985397e+05[39m
      4 Linear |R| = [33m6.721769e+05[39m
      5 Linear |R| = [33m6.584745e+05[39m
      6 Linear |R| = [33m6.313214e+05[39m
      7 Linear |R| = [33m6.091760e+05[39m
      8 Linear |R| = [32m5.425516e+05[39m
      9 Linear |R| = [32m4.267443e+05[39m
     10 Linear |R| = [32m3.520429e+05[39m
     11 Linear |R| = [32m2.701745e+05[39m
     12 Linear |R| = [32m1.887909e+05[39m
     13 Linear |R| = [32m1.242213e+05[39m
     14 Linear |R| = [32m8.064330e+04[39m
     15 Linear |R| = [32m6.288093e+04[39m
     16 Linear |R| = [32m5.134983e+04[39m
     17 Linear |R| = [32m4.248967e+04[39m
     18 Linear |R| = [32m3.716806e+04[39m
     19 Linear |R| = [32m2.925476e+04[39m
     20 Linear |R| = [32m1.898747e+04[39m
     21 Linear |R| = [32m1.317983e+04[39m
     22 Linear |R| = [32m8.309089e+03[39m
     23 Linear |R| = [32m4.143390e+03[39m
     24 Linear |R| = [32m2.249412e+03[39m
     25 Linear |R| = [32m1.295097e+03[39m
     26 Linear |R| = [32m7.332766e+02[39m
     27 Linear |R| = [32m4.219852e+02[39m
     28 Linear |R| = [32m2.482872e+02[39m
     29 Linear |R| = [32m1.690832e+02[39m
     30 Linear |R| = [32m1.123364e+02[39m
     31 Linear |R| = [32m8.383420e+01[39m
     32 Linear |R| = [32m5.991525e+01[39m
     33 Linear |R| = [32m3.779755e+01[39m
     34 Linear |R| = [32m2.043315e+01[39m
     35 Linear |R| = [32m1.096854e+01[39m
     36 Linear |R| = [32m6.373808e+00[39m
 4 Nonlinear |R| = [33m7.947649e+05[39m
      0 Linear |R| = [32m7.947649e+05[39m
      1 Linear |R| = [33m7.862084e+05[39m
      2 Linear |R| = [32m6.941095e+05[39m
      3 Linear |R| = [33m6.912668e+05[39m
      4 Linear |R| = [33m6.646780e+05[39m
      5 Linear |R| = [33m6.513014e+05[39m
      6 Linear |R| = [33m6.246379e+05[39m
      7 Linear |R| = [33m6.031164e+05[39m
      8 Linear |R| = [32m5.359299e+05[39m
      9 Linear |R| = [32m4.204960e+05[39m
     10 Linear |R| = [32m3.486539e+05[39m
     11 Linear |R| = [32m2.665899e+05[39m
     12 Linear |R| = [32m1.854595e+05[39m
     13 Linear |R| = [32m1.218227e+05[39m
     14 Linear |R| = [32m7.949722e+04[39m
     15 Linear |R| = [32m6.238181e+04[39m
     16 Linear |R| = [32m5.070080e+04[39m
     17 Linear |R| = [32m4.220839e+04[39m
     18 Linear |R| = [32m3.697811e+04[39m
     19 Linear |R| = [32m2.854863e+04[39m
     20 Linear |R| = [32m1.875560e+04[39m
     21 Linear |R| = [32m1.319124e+04[39m
     22 Linear |R| = [32m8.031280e+03[39m
     23 Linear |R| = [32m3.993850e+03[39m
     24 Linear |R| = [32m2.220076e+03[39m
     25 Linear |R| = [32m1.270600e+03[39m
     26 Linear |R| = [32m7.120942e+02[39m
     27 Linear |R| = [32m4.082584e+02[39m
     28 Linear |R| = [32m2.435919e+02[39m
     29 Linear |R| = [32m1.679643e+02[39m
     30 Linear |R| = [32m1.090795e+02[39m
     31 Linear |R| = [32m8.027946e+01[39m
     32 Linear |R| = [32m5.786813e+01[39m
     33 Linear |R| = [32m3.653973e+01[39m
     34 Linear |R| = [32m1.967081e+01[39m
     35 Linear |R| = [32m1.065394e+01[39m
     36 Linear |R| = [32m6.175441e+00[39m
 5 Nonlinear |R| = [33m7.866964e+05[39m
      0 Linear |R| = [32m7.866964e+05[39m
      1 Linear |R| = [33m7.781394e+05[39m
      2 Linear |R| = [32m6.873708e+05[39m
      3 Linear |R| = [33m6.847189e+05[39m
      4 Linear |R| = [33m6.576571e+05[39m
      5 Linear |R| = [33m6.446665e+05[39m
      6 Linear |R| = [33m6.186042e+05[39m
      7 Linear |R| = [33m5.977737e+05[39m
      8 Linear |R| = [32m5.290742e+05[39m
      9 Linear |R| = [32m4.142360e+05[39m
     10 Linear |R| = [32m3.457328e+05[39m
     11 Linear |R| = [32m2.624657e+05[39m
     12 Linear |R| = [32m1.817936e+05[39m
     13 Linear |R| = [32m1.191186e+05[39m
     14 Linear |R| = [32m7.840881e+04[39m
     15 Linear |R| = [32m6.201224e+04[39m
     16 Linear |R| = [32m5.007481e+04[39m
     17 Linear |R| = [32m4.212125e+04[39m
     18 Linear |R| = [32m3.685603e+04[39m
     19 Linear |R| = [32m2.771036e+04[39m
     20 Linear |R| = [32m1.866183e+04[39m
     21 Linear |R| = [32m1.318080e+04[39m
     22 Linear |R| = [32m7.631657e+03[39m
     23 Linear |R| = [32m3.853061e+03[39m
     24 Linear |R| = [32m2.190322e+03[39m
     25 Linear |R| = [32m1.235731e+03[39m
     26 Linear |R| = [32m6.851968e+02[39m
     27 Linear |R| = [32m3.912177e+02[39m
     28 Linear |R| = [32m2.399331e+02[39m
     29 Linear |R| = [32m1.669290e+02[39m
     30 Linear |R| = [32m1.045134e+02[39m
     31 Linear |R| = [32m7.572775e+01[39m
     32 Linear |R| = [32m5.466194e+01[39m
     33 Linear |R| = [32m3.446167e+01[39m
     34 Linear |R| = [32m1.874026e+01[39m
     35 Linear |R| = [32m1.045013e+01[39m
     36 Linear |R| = [32m6.076994e+00[39m
 6 Nonlinear |R| = [33m7.785832e+05[39m
      0 Linear |R| = [32m7.785832e+05[39m
      1 Linear |R| = [33m7.699827e+05[39m
      2 Linear |R| = [32m6.807963e+05[39m
      3 Linear |R| = [33m6.784725e+05[39m
      4 Linear |R| = [33m6.503932e+05[39m
      5 Linear |R| = [33m6.379596e+05[39m
      6 Linear |R| = [33m6.128685e+05[39m
      7 Linear |R| = [33m5.927704e+05[39m
      8 Linear |R| = [32m5.201418e+05[39m
      9 Linear |R| = [32m4.073549e+05[39m
     10 Linear |R| = [32m3.428285e+05[39m
     11 Linear |R| = [32m2.562035e+05[39m
     12 Linear |R| = [32m1.770433e+05[39m
     13 Linear |R| = [32m1.153549e+05[39m
     14 Linear |R| = [32m7.737788e+04[39m
     15 Linear |R| = [32m6.175224e+04[39m
     16 Linear |R| = [32m4.948575e+04[39m
     17 Linear |R| = [32m4.242865e+04[39m
     18 Linear |R| = [32m3.668318e+04[39m
     19 Linear |R| = [32m2.671324e+04[39m
     20 Linear |R| = [32m1.884319e+04[39m
     21 Linear |R| = [32m1.291318e+04[39m
     22 Linear |R| = [32m7.039294e+03[39m
     23 Linear |R| = [32m3.738814e+03[39m
     24 Linear |R| = [32m2.133459e+03[39m
     25 Linear |R| = [32m1.178306e+03[39m
     26 Linear |R| = [32m6.414274e+02[39m
     27 Linear |R| = [32m3.686792e+02[39m
     28 Linear |R| = [32m2.394333e+02[39m
     29 Linear |R| = [32m1.639708e+02[39m
     30 Linear |R| = [32m9.863612e+01[39m
     31 Linear |R| = [32m7.107301e+01[39m
     32 Linear |R| = [32m4.987960e+01[39m
     33 Linear |R| = [32m3.161932e+01[39m
     34 Linear |R| = [32m1.799808e+01[39m
     35 Linear |R| = [32m1.056172e+01[39m
     36 Linear |R| = [32m6.111208e+00[39m
 7 Nonlinear |R| = [33m7.701008e+05[39m
      0 Linear |R| = [32m7.701008e+05[39m
      1 Linear |R| = [33m7.613807e+05[39m
      2 Linear |R| = [32m6.743262e+05[39m
      3 Linear |R| = [33m6.727373e+05[39m
      4 Linear |R| = [33m6.421141e+05[39m
      5 Linear |R| = [33m6.306868e+05[39m
      6 Linear |R| = [33m6.077751e+05[39m
      7 Linear |R| = [33m5.871582e+05[39m
      8 Linear |R| = [32m5.031945e+05[39m
      9 Linear |R| = [32m3.993103e+05[39m
     10 Linear |R| = [32m3.366125e+05[39m
     11 Linear |R| = [32m2.439362e+05[39m
     12 Linear |R| = [32m1.690405e+05[39m
     13 Linear |R| = [32m1.087529e+05[39m
     14 Linear |R| = [32m7.680459e+04[39m
     15 Linear |R| = [32m6.123208e+04[39m
     16 Linear |R| = [32m4.973737e+04[39m
     17 Linear |R| = [32m4.356288e+04[39m
     18 Linear |R| = [32m3.583883e+04[39m
     19 Linear |R| = [32m2.634758e+04[39m
     20 Linear |R| = [32m1.906356e+04[39m
     21 Linear |R| = [32m1.181675e+04[39m
     22 Linear |R| = [32m6.442672e+03[39m
     23 Linear |R| = [32m3.571240e+03[39m
     24 Linear |R| = [32m1.983374e+03[39m
     25 Linear |R| = [32m1.045129e+03[39m
     26 Linear |R| = [32m5.633758e+02[39m
     27 Linear |R| = [32m3.567696e+02[39m
     28 Linear |R| = [32m2.391534e+02[39m
     29 Linear |R| = [32m1.551094e+02[39m
     30 Linear |R| = [32m9.283301e+01[39m
     31 Linear |R| = [32m6.705023e+01[39m
     32 Linear |R| = [32m4.570673e+01[39m
     33 Linear |R| = [32m2.863196e+01[39m
     34 Linear |R| = [32m1.755241e+01[39m
     35 Linear |R| = [32m1.051880e+01[39m
     36 Linear |R| = [32m5.720973e+00[39m
 8 Nonlinear |R| = [33m7.587620e+05[39m
      0 Linear |R| = [32m7.587620e+05[39m
      1 Linear |R| = [33m7.500243e+05[39m
      2 Linear |R| = [32m6.639350e+05[39m
      3 Linear |R| = [33m6.638944e+05[39m
      4 Linear |R| = [32m6.234277e+05[39m
      5 Linear |R| = [33m6.147530e+05[39m
      6 Linear |R| = [33m5.931339e+05[39m
      7 Linear |R| = [32m5.371142e+05[39m
      8 Linear |R| = [32m4.368788e+05[39m
      9 Linear |R| = [32m3.556735e+05[39m
     10 Linear |R| = [32m2.846356e+05[39m
     11 Linear |R| = [32m1.975470e+05[39m
     12 Linear |R| = [32m1.377754e+05[39m
     13 Linear |R| = [32m9.423419e+04[39m
     14 Linear |R| = [32m7.152004e+04[39m
     15 Linear |R| = [32m6.011937e+04[39m
     16 Linear |R| = [32m5.075284e+04[39m
     17 Linear |R| = [32m4.196272e+04[39m
     18 Linear |R| = [32m3.321807e+04[39m
     19 Linear |R| = [32m2.313803e+04[39m
     20 Linear |R| = [32m1.487574e+04[39m
     21 Linear |R| = [32m8.517050e+03[39m
     22 Linear |R| = [32m4.517763e+03[39m
     23 Linear |R| = [32m2.292555e+03[39m
     24 Linear |R| = [32m1.226116e+03[39m
     25 Linear |R| = [32m7.272930e+02[39m
     26 Linear |R| = [32m4.487640e+02[39m
     27 Linear |R| = [32m3.001500e+02[39m
     28 Linear |R| = [32m1.949378e+02[39m
     29 Linear |R| = [32m1.115501e+02[39m
     30 Linear |R| = [32m5.755869e+01[39m
     31 Linear |R| = [32m3.619377e+01[39m
     32 Linear |R| = [32m2.172277e+01[39m
     33 Linear |R| = [32m1.320588e+01[39m
     34 Linear |R| = [32m8.700914e+00[39m
     35 Linear |R| = [32m5.537582e+00[39m
 9 Nonlinear |R| = [32m5.376425e+05[39m
      0 Linear |R| = [32m5.376425e+05[39m
      1 Linear |R| = [32m3.876884e+04[39m
      2 Linear |R| = [32m1.214966e+04[39m
      3 Linear |R| = [32m4.433587e+03[39m
      4 Linear |R| = [32m1.209905e+03[39m
      5 Linear |R| = [32m4.863199e+02[39m
      6 Linear |R| = [32m1.756499e+02[39m
      7 Linear |R| = [32m5.351108e+01[39m
      8 Linear |R| = [32m1.746610e+01[39m
      9 Linear |R| = [32m5.513596e+00[39m
     10 Linear |R| = [32m2.203831e+00[39m
10 Nonlinear |R| = [32m2.203910e+00[39m
  Finished Solving                                                                       [[33m 27.58 s[39m] [[33m  219 MB[39m]
[32m Solve Converged![39m

Postprocessor Values:
+----------------+----------------+----------------+----------------+------------------+----------------+----------------+----------------+
| time           | base_shear_x   | damage_c_max   | damage_t_max   | damage_total_max | mid_vonmises   | top_disp_x     | top_disp_y     |
+----------------+----------------+----------------+----------------+------------------+----------------+----------------+----------------+
|   0.000000e+00 |   0.000000e+00 |   0.000000e+00 |   0.000000e+00 |     0.000000e+00 |   0.000000e+00 |   0.000000e+00 |   0.000000e+00 |
|   4.000000e+00 |  -2.897761e+05 |   0.000000e+00 |   9.784646e-01 |     9.784646e-01 |   8.803188e+05 |  -3.930000e-03 |   9.723754e-04 |
|   8.000000e+00 |  -9.659194e+04 |   0.000000e+00 |   8.853573e-01 |     8.853573e-01 |   5.354663e+05 |  -1.310000e-03 |   9.723756e-04 |
|   1.200000e+01 |   9.659198e+04 |   0.000000e+00 |   8.853573e-01 |     8.853573e-01 |   5.422962e+05 |   1.310000e-03 |   9.723755e-04 |
|   1.600000e+01 |   2.897762e+05 |   0.000000e+00 |   9.784647e-01 |     9.784647e-01 |   8.927722e+05 |   3.930000e-03 |   9.723755e-04 |
|   2.000000e+01 |   4.819641e+05 |   1.640384e-01 |   9.902510e-01 |     9.902510e-01 |   1.338793e+06 |   6.550000e-03 |   9.745685e-04 |
|   2.400000e+01 |   2.887813e+05 |   0.000000e+00 |   9.623377e-01 |     9.623377e-01 |   8.920756e+05 |   3.930000e-03 |   9.745688e-04 |
+----------------+----------------+----------------+----------------+------------------+----------------+----------------+----------------+


Time Step 7, time = 28, dt = 4
 0 Nonlinear |R| = [32m9.601009e+05[39m
      0 Linear |R| = [32m9.601009e+05[39m
      1 Linear |R| = [33m9.479689e+05[39m
      2 Linear |R| = [32m8.179566e+05[39m
      3 Linear |R| = [33m8.118990e+05[39m
      4 Linear |R| = [32m7.537211e+05[39m
      5 Linear |R| = [33m7.170641e+05[39m
      6 Linear |R| = [32m6.480059e+05[39m
      7 Linear |R| = [32m5.834012e+05[39m
      8 Linear |R| = [32m4.344010e+05[39m
      9 Linear |R| = [32m3.297660e+05[39m
     10 Linear |R| = [32m2.734110e+05[39m
     11 Linear |R| = [32m2.095337e+05[39m
     12 Linear |R| = [32m1.534721e+05[39m
     13 Linear |R| = [32m1.090071e+05[39m
     14 Linear |R| = [32m7.358096e+04[39m
     15 Linear |R| = [32m6.045080e+04[39m
     16 Linear |R| = [32m4.770752e+04[39m
     17 Linear |R| = [32m3.870272e+04[39m
     18 Linear |R| = [32m3.398672e+04[39m
     19 Linear |R| = [32m2.610404e+04[39m
     20 Linear |R| = [32m1.772917e+04[39m
     21 Linear |R| = [32m1.218452e+04[39m
     22 Linear |R| = [32m7.539806e+03[39m
     23 Linear |R| = [32m3.867436e+03[39m
     24 Linear |R| = [32m2.098643e+03[39m
     25 Linear |R| = [32m1.173238e+03[39m
     26 Linear |R| = [32m6.532034e+02[39m
     27 Linear |R| = [32m3.660996e+02[39m
     28 Linear |R| = [32m2.031187e+02[39m
     29 Linear |R| = [32m1.392214e+02[39m
     30 Linear |R| = [32m9.422257e+01[39m
     31 Linear |R| = [32m7.201964e+01[39m
     32 Linear |R| = [32m5.134684e+01[39m
     33 Linear |R| = [32m3.125849e+01[39m
     34 Linear |R| = [32m1.657297e+01[39m
     35 Linear |R| = [32m9.157928e+00[39m
 1 Nonlinear |R| = [32m8.858710e+05[39m
      0 Linear |R| = [32m8.858710e+05[39m
      1 Linear |R| = [33m8.792549e+05[39m
      2 Linear |R| = [32m7.653710e+05[39m
      3 Linear |R| = [33m7.595492e+05[39m
      4 Linear |R| = [33m7.259074e+05[39m
      5 Linear |R| = [33m7.067308e+05[39m
      6 Linear |R| = [32m6.583977e+05[39m
      7 Linear |R| = [32m6.248471e+05[39m
      8 Linear |R| = [32m5.163296e+05[39m
      9 Linear |R| = [32m3.654540e+05[39m
     10 Linear |R| = [32m2.895569e+05[39m
     11 Linear |R| = [32m2.274332e+05[39m
     12 Linear |R| = [32m1.743973e+05[39m
     13 Linear |R| = [32m1.233796e+05[39m
     14 Linear |R| = [32m8.174191e+04[39m
     15 Linear |R| = [32m6.440627e+04[39m
     16 Linear |R| = [32m5.220818e+04[39m
     17 Linear |R| = [32m4.243578e+04[39m
     18 Linear |R| = [32m3.703877e+04[39m
     19 Linear |R| = [32m2.853683e+04[39m
     20 Linear |R| = [32m1.882469e+04[39m
     21 Linear |R| = [32m1.319439e+04[39m
     22 Linear |R| = [32m8.337390e+03[39m
     23 Linear |R| = [32m4.246500e+03[39m
     24 Linear |R| = [32m2.273100e+03[39m
     25 Linear |R| = [32m1.296332e+03[39m
     26 Linear |R| = [32m7.428444e+02[39m
     27 Linear |R| = [32m4.249909e+02[39m
     28 Linear |R| = [32m2.470512e+02[39m
     29 Linear |R| = [32m1.675103e+02[39m
     30 Linear |R| = [32m1.125789e+02[39m
     31 Linear |R| = [32m8.417888e+01[39m
     32 Linear |R| = [32m6.068443e+01[39m
     33 Linear |R| = [32m3.828082e+01[39m
     34 Linear |R| = [32m2.060729e+01[39m
     35 Linear |R| = [32m1.105142e+01[39m
     36 Linear |R| = [32m6.385791e+00[39m
 2 Nonlinear |R| = [33m8.614412e+05[39m
      0 Linear |R| = [32m8.614412e+05[39m
      1 Linear |R| = [33m8.550224e+05[39m
      2 Linear |R| = [32m7.448808e+05[39m
      3 Linear |R| = [33m7.399177e+05[39m
      4 Linear |R| = [33m7.051090e+05[39m
      5 Linear |R| = [33m6.873324e+05[39m
      6 Linear |R| = [32m6.418860e+05[39m
      7 Linear |R| = [33m6.109356e+05[39m
      8 Linear |R| = [32m4.968058e+05[39m
      9 Linear |R| = [32m3.490808e+05[39m
     10 Linear |R| = [32m2.820107e+05[39m
     11 Linear |R| = [32m2.208712e+05[39m
     12 Linear |R| = [32m1.684030e+05[39m
     13 Linear |R| = [32m1.170044e+05[39m
     14 Linear |R| = [32m7.911428e+04[39m
     15 Linear |R| = [32m6.327390e+04[39m
     16 Linear |R| = [32m5.036978e+04[39m
     17 Linear |R| = [32m4.201138e+04[39m
     18 Linear |R| = [32m3.650995e+04[39m
     19 Linear |R| = [32m2.654537e+04[39m
     20 Linear |R| = [32m1.852381e+04[39m
     21 Linear |R| = [32m1.309790e+04[39m
     22 Linear |R| = [32m7.482708e+03[39m
     23 Linear |R| = [32m3.900844e+03[39m
     24 Linear |R| = [32m2.173566e+03[39m
     25 Linear |R| = [32m1.219428e+03[39m
     26 Linear |R| = [32m6.808527e+02[39m
     27 Linear |R| = [32m3.801083e+02[39m
     28 Linear |R| = [32m2.344105e+02[39m
     29 Linear |R| = [32m1.629848e+02[39m
     30 Linear |R| = [32m1.018547e+02[39m
     31 Linear |R| = [32m7.353296e+01[39m
     32 Linear |R| = [32m5.331483e+01[39m
     33 Linear |R| = [32m3.357986e+01[39m
     34 Linear |R| = [32m1.823823e+01[39m
     35 Linear |R| = [32m1.018053e+01[39m
     36 Linear |R| = [32m5.905791e+00[39m
 3 Nonlinear |R| = [33m8.427639e+05[39m
      0 Linear |R| = [32m8.427639e+05[39m
      1 Linear |R| = [33m8.366461e+05[39m
      2 Linear |R| = [32m7.300309e+05[39m
      3 Linear |R| = [33m7.276007e+05[39m
      4 Linear |R| = [32m6.865491e+05[39m
      5 Linear |R| = [33m6.717326e+05[39m
      6 Linear |R| = [32m6.337544e+05[39m
      7 Linear |R| = [32m5.990365e+05[39m
      8 Linear |R| = [32m4.513768e+05[39m
      9 Linear |R| = [32m3.280423e+05[39m
     10 Linear |R| = [32m2.703823e+05[39m
     11 Linear |R| = [32m2.101925e+05[39m
     12 Linear |R| = [32m1.570636e+05[39m
     13 Linear |R| = [32m1.061611e+05[39m
     14 Linear |R| = [32m7.847036e+04[39m
     15 Linear |R| = [32m6.192088e+04[39m
     16 Linear |R| = [32m5.067727e+04[39m
     17 Linear |R| = [32m4.351695e+04[39m
     18 Linear |R| = [32m3.501982e+04[39m
     19 Linear |R| = [32m2.562706e+04[39m
     20 Linear |R| = [32m1.861480e+04[39m
     21 Linear |R| = [32m1.130157e+04[39m
     22 Linear |R| = [32m6.212852e+03[39m
     23 Linear |R| = [32m3.516342e+03[39m
     24 Linear |R| = [32m1.840267e+03[39m
     25 Linear |R| = [32m9.621899e+02[39m
     26 Linear |R| = [32m5.281900e+02[39m
     27 Linear |R| = [32m3.343333e+02[39m
     28 Linear |R| = [32m2.243543e+02[39m
     29 Linear |R| = [32m1.422147e+02[39m
     30 Linear |R| = [32m8.720913e+01[39m
     31 Linear |R| = [32m6.348156e+01[39m
     32 Linear |R| = [32m4.373983e+01[39m
     33 Linear |R| = [32m2.758747e+01[39m
     34 Linear |R| = [32m1.640796e+01[39m
     35 Linear |R| = [32m9.707297e+00[39m
     36 Linear |R| = [32m5.294041e+00[39m
 4 Nonlinear |R| = [32m4.051225e+05[39m
      0 Linear |R| = [32m4.051225e+05[39m
      1 Linear |R| = [32m1.497365e+05[39m
      2 Linear |R| = [32m1.004474e+05[39m
      3 Linear |R| = [32m5.800965e+04[39m
      4 Linear |R| = [32m2.414502e+04[39m
      5 Linear |R| = [32m9.257752e+03[39m
      6 Linear |R| = [32m2.954873e+03[39m
      7 Linear |R| = [32m9.034138e+02[39m
      8 Linear |R| = [32m2.318107e+02[39m
      9 Linear |R| = [32m8.074456e+01[39m
     10 Linear |R| = [32m2.673380e+01[39m
     11 Linear |R| = [32m9.313676e+00[39m
     12 Linear |R| = [32m2.979802e+00[39m
 5 Nonlinear |R| = [32m2.544735e+05[39m
      0 Linear |R| = [32m2.544735e+05[39m
      1 Linear |R| = [32m2.133492e+05[39m
      2 Linear |R| = [32m1.476304e+05[39m
      3 Linear |R| = [32m9.791401e+04[39m
      4 Linear |R| = [32m4.035079e+04[39m
      5 Linear |R| = [32m1.335697e+04[39m
      6 Linear |R| = [32m3.528403e+03[39m
      7 Linear |R| = [32m9.824021e+02[39m
      8 Linear |R| = [32m2.734557e+02[39m
      9 Linear |R| = [32m7.947254e+01[39m
     10 Linear |R| = [32m2.458368e+01[39m
     11 Linear |R| = [32m7.851057e+00[39m
     12 Linear |R| = [32m2.452389e+00[39m
 6 Nonlinear |R| = [32m2.326991e+05[39m
      0 Linear |R| = [32m2.326991e+05[39m
      1 Linear |R| = [32m1.721965e+05[39m
      2 Linear |R| = [32m1.281618e+05[39m
      3 Linear |R| = [32m6.451833e+04[39m
      4 Linear |R| = [32m2.448446e+04[39m
      5 Linear |R| = [32m7.761690e+03[39m
      6 Linear |R| = [32m2.608126e+03[39m
      7 Linear |R| = [32m8.400724e+02[39m
      8 Linear |R| = [32m2.650445e+02[39m
      9 Linear |R| = [32m8.229867e+01[39m
     10 Linear |R| = [32m2.876803e+01[39m
     11 Linear |R| = [32m9.136666e+00[39m
     12 Linear |R| = [32m2.873135e+00[39m
     13 Linear |R| = [32m8.515148e-01[39m
 7 Nonlinear |R| = [32m2.109777e+05[39m
      0 Linear |R| = [32m2.109777e+05[39m
      1 Linear |R| = [33m2.089406e+05[39m
      2 Linear |R| = [32m1.497006e+05[39m
      3 Linear |R| = [32m7.246232e+04[39m
      4 Linear |R| = [32m2.726080e+04[39m
      5 Linear |R| = [32m9.548712e+03[39m
      6 Linear |R| = [32m3.431673e+03[39m
      7 Linear |R| = [32m1.132833e+03[39m
      8 Linear |R| = [32m4.153903e+02[39m
      9 Linear |R| = [32m1.296856e+02[39m
     10 Linear |R| = [32m4.156362e+01[39m
     11 Linear |R| = [32m1.374178e+01[39m
     12 Linear |R| = [32m4.360563e+00[39m
     13 Linear |R| = [32m1.381852e+00[39m
 8 Nonlinear |R| = [33m2.063501e+05[39m
      0 Linear |R| = [32m2.063501e+05[39m
      1 Linear |R| = [32m1.823325e+05[39m
      2 Linear |R| = [32m1.303852e+05[39m
      3 Linear |R| = [32m7.129159e+04[39m
      4 Linear |R| = [32m2.179566e+04[39m
      5 Linear |R| = [32m6.066174e+03[39m
      6 Linear |R| = [32m2.322591e+03[39m
      7 Linear |R| = [32m8.423765e+02[39m
      8 Linear |R| = [32m2.787928e+02[39m
      9 Linear |R| = [32m8.373620e+01[39m
     10 Linear |R| = [32m2.569500e+01[39m
     11 Linear |R| = [32m8.539203e+00[39m
     12 Linear |R| = [32m2.982835e+00[39m
     13 Linear |R| = [32m9.303211e-01[39m
 9 Nonlinear |R| = [32m5.845550e+04[39m
      0 Linear |R| = [32m5.845550e+04[39m
      1 Linear |R| = [32m1.167067e+04[39m
      2 Linear |R| = [32m3.344663e+03[39m
      3 Linear |R| = [32m1.267381e+03[39m
      4 Linear |R| = [32m3.419326e+02[39m
      5 Linear |R| = [32m1.032712e+02[39m
      6 Linear |R| = [32m3.157974e+01[39m
      7 Linear |R| = [32m1.023514e+01[39m
      8 Linear |R| = [32m3.222244e+00[39m
      9 Linear |R| = [32m1.019089e+00[39m
     10 Linear |R| = [32m3.056662e-01[39m
10 Nonlinear |R| = [32m3.056665e-01[39m
[32m Solve Converged![39m
  Finished Solving                                                                       [[33m 17.43 s[39m] [[33m  219 MB[39m]

Postprocessor Values:
+----------------+----------------+----------------+----------------+------------------+----------------+----------------+----------------+
| time           | base_shear_x   | damage_c_max   | damage_t_max   | damage_total_max | mid_vonmises   | top_disp_x     | top_disp_y     |
+----------------+----------------+----------------+----------------+------------------+----------------+----------------+----------------+
|   0.000000e+00 |   0.000000e+00 |   0.000000e+00 |   0.000000e+00 |     0.000000e+00 |   0.000000e+00 |   0.000000e+00 |   0.000000e+00 |
|   4.000000e+00 |  -2.897761e+05 |   0.000000e+00 |   9.784646e-01 |     9.784646e-01 |   8.803188e+05 |  -3.930000e-03 |   9.723754e-04 |
|   8.000000e+00 |  -9.659194e+04 |   0.000000e+00 |   8.853573e-01 |     8.853573e-01 |   5.354663e+05 |  -1.310000e-03 |   9.723756e-04 |
|   1.200000e+01 |   9.659198e+04 |   0.000000e+00 |   8.853573e-01 |     8.853573e-01 |   5.422962e+05 |   1.310000e-03 |   9.723755e-04 |
|   1.600000e+01 |   2.897762e+05 |   0.000000e+00 |   9.784647e-01 |     9.784647e-01 |   8.927722e+05 |   3.930000e-03 |   9.723755e-04 |
|   2.000000e+01 |   4.819641e+05 |   1.640384e-01 |   9.902510e-01 |     9.902510e-01 |   1.338793e+06 |   6.550000e-03 |   9.745685e-04 |
|   2.400000e+01 |   2.887813e+05 |   0.000000e+00 |   9.623377e-01 |     9.623377e-01 |   8.920756e+05 |   3.930000e-03 |   9.745688e-04 |
|   2.800000e+01 |   9.559615e+04 |   0.000000e+00 |   8.436778e-01 |     8.436778e-01 |   5.429736e+05 |   1.310000e-03 |   9.745685e-04 |
+----------------+----------------+----------------+----------------+------------------+----------------+----------------+----------------+


Time Step 8, time = 32, dt = 4
 0 Nonlinear |R| = [32m8.778049e+05[39m
      0 Linear |R| = [32m8.778049e+05[39m
      1 Linear |R| = [33m8.675988e+05[39m
      2 Linear |R| = [32m7.537782e+05[39m
      3 Linear |R| = [33m7.473880e+05[39m
      4 Linear |R| = [32m7.001176e+05[39m
      5 Linear |R| = [33m6.687181e+05[39m
      6 Linear |R| = [32m5.991357e+05[39m
      7 Linear |R| = [32m5.318020e+05[39m
      8 Linear |R| = [32m3.712260e+05[39m
      9 Linear |R| = [32m2.267139e+05[39m
     10 Linear |R| = [32m1.682355e+05[39m
     11 Linear |R| = [32m1.338749e+05[39m
     12 Linear |R| = [32m1.117345e+05[39m
     13 Linear |R| = [32m9.415857e+04[39m
     14 Linear |R| = [32m7.219123e+04[39m
     15 Linear |R| = [32m5.974362e+04[39m
     16 Linear |R| = [32m4.357305e+04[39m
     17 Linear |R| = [32m2.945740e+04[39m
     18 Linear |R| = [32m2.347986e+04[39m
     19 Linear |R| = [32m1.785050e+04[39m
     20 Linear |R| = [32m1.257361e+04[39m
     21 Linear |R| = [32m9.040233e+03[39m
     22 Linear |R| = [32m6.039438e+03[39m
     23 Linear |R| = [32m3.343203e+03[39m
     24 Linear |R| = [32m1.923411e+03[39m
     25 Linear |R| = [32m1.119789e+03[39m
     26 Linear |R| = [32m6.286780e+02[39m
     27 Linear |R| = [32m3.551301e+02[39m
     28 Linear |R| = [32m1.993739e+02[39m
     29 Linear |R| = [32m1.370780e+02[39m
     30 Linear |R| = [32m9.196584e+01[39m
     31 Linear |R| = [32m6.998221e+01[39m
     32 Linear |R| = [32m5.034206e+01[39m
     33 Linear |R| = [32m3.097408e+01[39m
     34 Linear |R| = [32m1.648652e+01[39m
     35 Linear |R| = [32m9.077812e+00[39m
     36 Linear |R| = [32m5.127524e+00[39m
 1 Nonlinear |R| = [33m8.556669e+05[39m
      0 Linear |R| = [32m8.556669e+05[39m
      1 Linear |R| = [33m8.457552e+05[39m
      2 Linear |R| = [32m7.355594e+05[39m
      3 Linear |R| = [33m7.304085e+05[39m
      4 Linear |R| = [32m6.807450e+05[39m
      5 Linear |R| = [33m6.512608e+05[39m
      6 Linear |R| = [32m5.844899e+05[39m
      7 Linear |R| = [32m5.207052e+05[39m
      8 Linear |R| = [32m3.503241e+05[39m
      9 Linear |R| = [32m2.138834e+05[39m
     10 Linear |R| = [32m1.659278e+05[39m
     11 Linear |R| = [32m1.335236e+05[39m
     12 Linear |R| = [32m1.111415e+05[39m
     13 Linear |R| = [32m9.226040e+04[39m
     14 Linear |R| = [32m7.176500e+04[39m
     15 Linear |R| = [32m5.933320e+04[39m
     16 Linear |R| = [32m4.085867e+04[39m
     17 Linear |R| = [32m2.953385e+04[39m
     18 Linear |R| = [32m2.379418e+04[39m
     19 Linear |R| = [32m1.673043e+04[39m
     20 Linear |R| = [32m1.239012e+04[39m
     21 Linear |R| = [32m8.807824e+03[39m
     22 Linear |R| = [32m5.345919e+03[39m
     23 Linear |R| = [32m3.104600e+03[39m
     24 Linear |R| = [32m1.828258e+03[39m
     25 Linear |R| = [32m1.027074e+03[39m
     26 Linear |R| = [32m5.451288e+02[39m
     27 Linear |R| = [32m3.010427e+02[39m
     28 Linear |R| = [32m1.857121e+02[39m
     29 Linear |R| = [32m1.282810e+02[39m
     30 Linear |R| = [32m7.860850e+01[39m
     31 Linear |R| = [32m5.867490e+01[39m
     32 Linear |R| = [32m4.264691e+01[39m
     33 Linear |R| = [32m2.622684e+01[39m
     34 Linear |R| = [32m1.393196e+01[39m
     35 Linear |R| = [32m7.985285e+00[39m
 2 Nonlinear |R| = [33m8.370354e+05[39m
      0 Linear |R| = [32m8.370354e+05[39m
      1 Linear |R| = [33m8.276573e+05[39m
      2 Linear |R| = [32m7.228732e+05[39m
      3 Linear |R| = [33m7.220114e+05[39m
      4 Linear |R| = [32m6.561095e+05[39m
      5 Linear |R| = [33m6.324345e+05[39m
      6 Linear |R| = [32m5.677681e+05[39m
      7 Linear |R| = [32m4.574760e+05[39m
      8 Linear |R| = [32m2.856223e+05[39m
      9 Linear |R| = [32m2.211794e+05[39m
     10 Linear |R| = [32m1.839110e+05[39m
     11 Linear |R| = [32m1.546103e+05[39m
     12 Linear |R| = [32m1.314776e+05[39m
     13 Linear |R| = [32m1.047205e+05[39m
     14 Linear |R| = [32m7.826861e+04[39m
     15 Linear |R| = [32m5.706053e+04[39m
     16 Linear |R| = [32m3.386057e+04[39m
     17 Linear |R| = [32m2.228892e+04[39m
     18 Linear |R| = [32m1.600818e+04[39m
     19 Linear |R| = [32m1.188768e+04[39m
     20 Linear |R| = [32m8.914398e+03[39m
     21 Linear |R| = [32m5.951730e+03[39m
     22 Linear |R| = [32m3.471205e+03[39m
     23 Linear |R| = [32m1.874250e+03[39m
     24 Linear |R| = [32m1.047930e+03[39m
     25 Linear |R| = [32m6.048699e+02[39m
     26 Linear |R| = [32m3.440977e+02[39m
     27 Linear |R| = [32m2.234705e+02[39m
     28 Linear |R| = [32m1.488382e+02[39m
     29 Linear |R| = [32m9.372212e+01[39m
     30 Linear |R| = [32m5.257018e+01[39m
     31 Linear |R| = [32m3.569332e+01[39m
     32 Linear |R| = [32m2.250720e+01[39m
     33 Linear |R| = [32m1.449230e+01[39m
     34 Linear |R| = [32m9.397355e+00[39m
     35 Linear |R| = [32m5.809470e+00[39m
 3 Nonlinear |R| = [32m4.959395e+05[39m
      0 Linear |R| = [32m4.959395e+05[39m
      1 Linear |R| = [32m1.597516e+05[39m
      2 Linear |R| = [32m1.020783e+05[39m
      3 Linear |R| = [32m5.376517e+04[39m
      4 Linear |R| = [32m2.023880e+04[39m
      5 Linear |R| = [32m7.438839e+03[39m
      6 Linear |R| = [32m2.445926e+03[39m
      7 Linear |R| = [32m7.474410e+02[39m
      8 Linear |R| = [32m2.036234e+02[39m
      9 Linear |R| = [32m7.166292e+01[39m
     10 Linear |R| = [32m2.473158e+01[39m
     11 Linear |R| = [32m8.509685e+00[39m
     12 Linear |R| = [32m2.848906e+00[39m
 4 Nonlinear |R| = [32m2.485704e+05[39m
      0 Linear |R| = [32m2.485704e+05[39m
      1 Linear |R| = [32m1.985290e+05[39m
      2 Linear |R| = [32m1.458359e+05[39m
      3 Linear |R| = [32m1.232872e+05[39m
      4 Linear |R| = [32m5.315421e+04[39m
      5 Linear |R| = [32m1.970312e+04[39m
      6 Linear |R| = [32m5.141718e+03[39m
      7 Linear |R| = [32m1.855712e+03[39m
      8 Linear |R| = [32m5.193972e+02[39m
      9 Linear |R| = [32m1.711929e+02[39m
     10 Linear |R| = [32m4.145796e+01[39m
     11 Linear |R| = [32m1.395594e+01[39m
     12 Linear |R| = [32m4.332737e+00[39m
     13 Linear |R| = [32m1.662993e+00[39m
 5 Nonlinear |R| = [32m2.318713e+05[39m
      0 Linear |R| = [32m2.318713e+05[39m
      1 Linear |R| = [32m1.388492e+05[39m
      2 Linear |R| = [32m6.872587e+04[39m
      3 Linear |R| = [32m3.320756e+04[39m
      4 Linear |R| = [32m8.960972e+03[39m
      5 Linear |R| = [32m2.888595e+03[39m
      6 Linear |R| = [32m8.509459e+02[39m
      7 Linear |R| = [32m2.617849e+02[39m
      8 Linear |R| = [32m7.538744e+01[39m
      9 Linear |R| = [32m2.405715e+01[39m
     10 Linear |R| = [32m7.735585e+00[39m
     11 Linear |R| = [32m2.584286e+00[39m
     12 Linear |R| = [32m7.812694e-01[39m
 6 Nonlinear |R| = [32m1.630966e+05[39m
      0 Linear |R| = [32m1.630966e+05[39m
      1 Linear |R| = [32m1.346489e+05[39m
      2 Linear |R| = [32m6.794481e+04[39m
      3 Linear |R| = [32m2.126287e+04[39m
      4 Linear |R| = [32m7.588644e+03[39m
      5 Linear |R| = [32m1.919381e+03[39m
      6 Linear |R| = [32m7.051904e+02[39m
      7 Linear |R| = [32m2.138448e+02[39m
      8 Linear |R| = [32m6.993387e+01[39m
      9 Linear |R| = [32m2.053807e+01[39m
     10 Linear |R| = [32m7.238501e+00[39m
     11 Linear |R| = [32m2.282982e+00[39m
     12 Linear |R| = [32m8.007145e-01[39m
 7 Nonlinear |R| = [32m1.435883e+05[39m
      0 Linear |R| = [32m1.435883e+05[39m
      1 Linear |R| = [32m9.267279e+04[39m
      2 Linear |R| = [32m3.121256e+04[39m
      3 Linear |R| = [32m1.235388e+04[39m
      4 Linear |R| = [32m3.943671e+03[39m
      5 Linear |R| = [32m1.328822e+03[39m
      6 Linear |R| = [32m3.708038e+02[39m
      7 Linear |R| = [32m1.181343e+02[39m
      8 Linear |R| = [32m3.681166e+01[39m
      9 Linear |R| = [32m1.225310e+01[39m
     10 Linear |R| = [32m3.735857e+00[39m
     11 Linear |R| = [32m1.279888e+00[39m
 8 Nonlinear |R| = [32m6.137288e+04[39m
      0 Linear |R| = [32m6.137288e+04[39m
      1 Linear |R| = [32m2.048241e+04[39m
      2 Linear |R| = [32m5.083820e+03[39m
      3 Linear |R| = [32m1.775643e+03[39m
      4 Linear |R| = [32m5.644079e+02[39m
      5 Linear |R| = [32m1.660102e+02[39m
      6 Linear |R| = [32m5.155684e+01[39m
      7 Linear |R| = [32m1.629032e+01[39m
      8 Linear |R| = [32m5.339261e+00[39m
      9 Linear |R| = [32m1.587197e+00[39m
     10 Linear |R| = [32m5.174271e-01[39m
 9 Nonlinear |R| = [32m5.174281e-01[39m
[32m Solve Converged![39m
  Finished Solving                                                                       [[33m 14.08 s[39m] [[33m  222 MB[39m]

Postprocessor Values:
+----------------+----------------+----------------+----------------+------------------+----------------+----------------+----------------+
| time           | base_shear_x   | damage_c_max   | damage_t_max   | damage_total_max | mid_vonmises   | top_disp_x     | top_disp_y     |
+----------------+----------------+----------------+----------------+------------------+----------------+----------------+----------------+
|   0.000000e+00 |   0.000000e+00 |   0.000000e+00 |   0.000000e+00 |     0.000000e+00 |   0.000000e+00 |   0.000000e+00 |   0.000000e+00 |
|   4.000000e+00 |  -2.897761e+05 |   0.000000e+00 |   9.784646e-01 |     9.784646e-01 |   8.803188e+05 |  -3.930000e-03 |   9.723754e-04 |
|   8.000000e+00 |  -9.659194e+04 |   0.000000e+00 |   8.853573e-01 |     8.853573e-01 |   5.354663e+05 |  -1.310000e-03 |   9.723756e-04 |
|   1.200000e+01 |   9.659198e+04 |   0.000000e+00 |   8.853573e-01 |     8.853573e-01 |   5.422962e+05 |   1.310000e-03 |   9.723755e-04 |
|   1.600000e+01 |   2.897762e+05 |   0.000000e+00 |   9.784647e-01 |     9.784647e-01 |   8.927722e+05 |   3.930000e-03 |   9.723755e-04 |
|   2.000000e+01 |   4.819641e+05 |   1.640384e-01 |   9.902510e-01 |     9.902510e-01 |   1.338793e+06 |   6.550000e-03 |   9.745685e-04 |
|   2.400000e+01 |   2.887813e+05 |   0.000000e+00 |   9.623377e-01 |     9.623377e-01 |   8.920756e+05 |   3.930000e-03 |   9.745688e-04 |
|   2.800000e+01 |   9.559615e+04 |   0.000000e+00 |   8.436778e-01 |     8.436778e-01 |   5.429736e+05 |   1.310000e-03 |   9.745685e-04 |
|   3.200000e+01 |  -9.758785e+04 |   0.000000e+00 |   8.879563e-01 |     8.879563e-01 |   5.379984e+05 |  -1.310000e-03 |   9.745686e-04 |
+----------------+----------------+----------------+----------------+------------------+----------------+----------------+----------------+


Time Step 9, time = 36, dt = 4
 0 Nonlinear |R| = [32m7.971864e+05[39m
      0 Linear |R| = [32m7.971864e+05[39m
      1 Linear |R| = [33m7.883627e+05[39m
      2 Linear |R| = [32m6.882442e+05[39m
      3 Linear |R| = [33m6.818316e+05[39m
      4 Linear |R| = [32m6.456730e+05[39m
      5 Linear |R| = [33m6.232865e+05[39m
      6 Linear |R| = [32m5.686246e+05[39m
      7 Linear |R| = [32m5.239128e+05[39m
      8 Linear |R| = [32m3.981809e+05[39m
      9 Linear |R| = [32m2.478976e+05[39m
     10 Linear |R| = [32m1.855862e+05[39m
     11 Linear |R| = [32m1.512047e+05[39m
     12 Linear |R| = [32m1.255790e+05[39m
     13 Linear |R| = [32m1.013469e+05[39m
     14 Linear |R| = [32m7.251531e+04[39m
     15 Linear |R| = [32m5.902952e+04[39m
     16 Linear |R| = [32m4.575433e+04[39m
     17 Linear |R| = [32m3.561606e+04[39m
     18 Linear |R| = [32m2.960757e+04[39m
     19 Linear |R| = [32m2.208197e+04[39m
     20 Linear |R| = [32m1.498406e+04[39m
     21 Linear |R| = [32m1.083030e+04[39m
     22 Linear |R| = [32m7.027671e+03[39m
     23 Linear |R| = [32m3.621026e+03[39m
     24 Linear |R| = [32m1.955601e+03[39m
     25 Linear |R| = [32m1.097466e+03[39m
     26 Linear |R| = [32m6.052423e+02[39m
     27 Linear |R| = [32m3.425001e+02[39m
     28 Linear |R| = [32m1.951938e+02[39m
     29 Linear |R| = [32m1.355436e+02[39m
     30 Linear |R| = [32m9.049990e+01[39m
     31 Linear |R| = [32m6.887905e+01[39m
     32 Linear |R| = [32m4.912199e+01[39m
     33 Linear |R| = [32m2.997332e+01[39m
     34 Linear |R| = [32m1.571958e+01[39m
     35 Linear |R| = [32m8.653580e+00[39m
     36 Linear |R| = [32m4.905706e+00[39m
 1 Nonlinear |R| = [33m7.886194e+05[39m
      0 Linear |R| = [32m7.886194e+05[39m
      1 Linear |R| = [33m7.798267e+05[39m
      2 Linear |R| = [32m6.810731e+05[39m
      3 Linear |R| = [33m6.749308e+05[39m
      4 Linear |R| = [32m6.384268e+05[39m
      5 Linear |R| = [33m6.165366e+05[39m
      6 Linear |R| = [32m5.628336e+05[39m
      7 Linear |R| = [32m5.192956e+05[39m
      8 Linear |R| = [32m3.920465e+05[39m
      9 Linear |R| = [32m2.427453e+05[39m
     10 Linear |R| = [32m1.836986e+05[39m
     11 Linear |R| = [32m1.502876e+05[39m
     12 Linear |R| = [32m1.245645e+05[39m
     13 Linear |R| = [32m9.990343e+04[39m
     14 Linear |R| = [32m7.181398e+04[39m
     15 Linear |R| = [32m5.867690e+04[39m
     16 Linear |R| = [32m4.507777e+04[39m
     17 Linear |R| = [32m3.543169e+04[39m
     18 Linear |R| = [32m2.945524e+04[39m
     19 Linear |R| = [32m2.152177e+04[39m
     20 Linear |R| = [32m1.489871e+04[39m
     21 Linear |R| = [32m1.085486e+04[39m
     22 Linear |R| = [32m6.801228e+03[39m
     23 Linear |R| = [32m3.509198e+03[39m
     24 Linear |R| = [32m1.922139e+03[39m
     25 Linear |R| = [32m1.072064e+03[39m
     26 Linear |R| = [32m5.845845e+02[39m
     27 Linear |R| = [32m3.284310e+02[39m
     28 Linear |R| = [32m1.913975e+02[39m
     29 Linear |R| = [32m1.342939e+02[39m
     30 Linear |R| = [32m8.738599e+01[39m
     31 Linear |R| = [32m6.556505e+01[39m
     32 Linear |R| = [32m4.733645e+01[39m
     33 Linear |R| = [32m2.898083e+01[39m
     34 Linear |R| = [32m1.487740e+01[39m
     35 Linear |R| = [32m8.234387e+00[39m
     36 Linear |R| = [32m4.693257e+00[39m
 2 Nonlinear |R| = [33m7.806265e+05[39m
      0 Linear |R| = [32m7.806265e+05[39m
      1 Linear |R| = [33m7.718327e+05[39m
      2 Linear |R| = [32m6.745101e+05[39m
      3 Linear |R| = [33m6.687206e+05[39m
      4 Linear |R| = [32m6.315229e+05[39m
      5 Linear |R| = [33m6.102178e+05[39m
      6 Linear |R| = [32m5.577299e+05[39m
      7 Linear |R| = [32m5.154461e+05[39m
      8 Linear |R| = [32m3.847456e+05[39m
      9 Linear |R| = [32m2.372310e+05[39m
     10 Linear |R| = [32m1.824214e+05[39m
     11 Linear |R| = [32m1.499110e+05[39m
     12 Linear |R| = [32m1.238184e+05[39m
     13 Linear |R| = [32m9.846082e+04[39m
     14 Linear |R| = [32m7.137223e+04[39m
     15 Linear |R| = [32m5.846564e+04[39m
     16 Linear |R| = [32m4.442047e+04[39m
     17 Linear |R| = [32m3.546001e+04[39m
     18 Linear |R| = [32m2.932166e+04[39m
     19 Linear |R| = [32m2.091097e+04[39m
     20 Linear |R| = [32m1.496758e+04[39m
     21 Linear |R| = [32m1.085919e+04[39m
     22 Linear |R| = [32m6.475689e+03[39m
     23 Linear |R| = [32m3.398958e+03[39m
     24 Linear |R| = [32m1.880499e+03[39m
     25 Linear |R| = [32m1.034638e+03[39m
     26 Linear |R| = [32m5.552230e+02[39m
     27 Linear |R| = [32m3.110808e+02[39m
     28 Linear |R| = [32m1.884580e+02[39m
     29 Linear |R| = [32m1.324136e+02[39m
     30 Linear |R| = [32m8.278446e+01[39m
     31 Linear |R| = [32m6.138507e+01[39m
     32 Linear |R| = [32m4.460163e+01[39m
     33 Linear |R| = [32m2.728997e+01[39m
     34 Linear |R| = [32m1.399068e+01[39m
     35 Linear |R| = [32m7.899601e+00[39m
     36 Linear |R| = [32m4.544005e+00[39m
 3 Nonlinear |R| = [33m7.725925e+05[39m
      0 Linear |R| = [32m7.725925e+05[39m
      1 Linear |R| = [33m7.637487e+05[39m
      2 Linear |R| = [32m6.681800e+05[39m
      3 Linear |R| = [33m6.629583e+05[39m
      4 Linear |R| = [32m6.242851e+05[39m
      5 Linear |R| = [33m6.038141e+05[39m
      6 Linear |R| = [32m5.533528e+05[39m
      7 Linear |R| = [32m5.121083e+05[39m
      8 Linear |R| = [32m3.733200e+05[39m
      9 Linear |R| = [32m2.312727e+05[39m
     10 Linear |R| = [32m1.825805e+05[39m
     11 Linear |R| = [32m1.505533e+05[39m
     12 Linear |R| = [32m1.234824e+05[39m
     13 Linear |R| = [32m9.702510e+04[39m
     14 Linear |R| = [32m7.147572e+04[39m
     15 Linear |R| = [32m5.837631e+04[39m
     16 Linear |R| = [32m4.394515e+04[39m
     17 Linear |R| = [32m3.593170e+04[39m
     18 Linear |R| = [32m2.903877e+04[39m
     19 Linear |R| = [32m2.039602e+04[39m
     20 Linear |R| = [32m1.533959e+04[39m
     21 Linear |R| = [32m1.062143e+04[39m
     22 Linear |R| = [32m5.982664e+03[39m
     23 Linear |R| = [32m3.288066e+03[39m
     24 Linear |R| = [32m1.796642e+03[39m
     25 Linear |R| = [32m9.628500e+02[39m
     26 Linear |R| = [32m5.045137e+02[39m
     27 Linear |R| = [32m2.901525e+02[39m
     28 Linear |R| = [32m1.867623e+02[39m
     29 Linear |R| = [32m1.270070e+02[39m
     30 Linear |R| = [32m7.692189e+01[39m
     31 Linear |R| = [32m5.730688e+01[39m
     32 Linear |R| = [32m4.074957e+01[39m
     33 Linear |R| = [32m2.500875e+01[39m
     34 Linear |R| = [32m1.368140e+01[39m
     35 Linear |R| = [32m8.033368e+00[39m
     36 Linear |R| = [32m4.484256e+00[39m
 4 Nonlinear |R| = [33m7.642282e+05[39m
      0 Linear |R| = [32m7.642282e+05[39m
      1 Linear |R| = [33m7.552289e+05[39m
      2 Linear |R| = [32m6.623008e+05[39m
      3 Linear |R| = [33m6.582992e+05[39m
      4 Linear |R| = [32m6.157578e+05[39m
      5 Linear |R| = [33m5.969105e+05[39m
      6 Linear |R| = [32m5.508615e+05[39m
      7 Linear |R| = [32m5.060149e+05[39m
      8 Linear |R| = [32m3.487181e+05[39m
      9 Linear |R| = [32m2.290701e+05[39m
     10 Linear |R| = [32m1.876929e+05[39m
     11 Linear |R| = [32m1.538448e+05[39m
     12 Linear |R| = [32m1.245351e+05[39m
     13 Linear |R| = [32m9.682459e+04[39m
     14 Linear |R| = [32m7.279781e+04[39m
     15 Linear |R| = [32m5.843958e+04[39m
     16 Linear |R| = [32m4.503709e+04[39m
     17 Linear |R| = [32m3.708588e+04[39m
     18 Linear |R| = [32m2.830387e+04[39m
     19 Linear |R| = [32m2.091511e+04[39m
     20 Linear |R| = [32m1.567918e+04[39m
     21 Linear |R| = [32m9.412369e+03[39m
     22 Linear |R| = [32m5.386049e+03[39m
     23 Linear |R| = [32m3.032620e+03[39m
     24 Linear |R| = [32m1.521157e+03[39m
     25 Linear |R| = [32m7.925163e+02[39m
     26 Linear |R| = [32m4.305792e+02[39m
     27 Linear |R| = [32m2.757039e+02[39m
     28 Linear |R| = [32m1.777012e+02[39m
     29 Linear |R| = [32m1.153448e+02[39m
     30 Linear |R| = [32m7.377210e+01[39m
     31 Linear |R| = [32m5.447584e+01[39m
     32 Linear |R| = [32m3.616283e+01[39m
     33 Linear |R| = [32m2.328682e+01[39m
     34 Linear |R| = [32m1.372935e+01[39m
     35 Linear |R| = [32m8.001424e+00[39m
     36 Linear |R| = [32m4.311583e+00[39m
 5 Nonlinear |R| = [33m7.532689e+05[39m
      0 Linear |R| = [32m7.532689e+05[39m
      1 Linear |R| = [33m7.442810e+05[39m
      2 Linear |R| = [32m6.516960e+05[39m
      3 Linear |R| = [33m6.516355e+05[39m
      4 Linear |R| = [32m5.966179e+05[39m
      5 Linear |R| = [33m5.838573e+05[39m
      6 Linear |R| = [32m5.066365e+05[39m
      7 Linear |R| = [32m4.300380e+05[39m
      8 Linear |R| = [32m3.202345e+05[39m
      9 Linear |R| = [32m2.511130e+05[39m
     10 Linear |R| = [32m2.041319e+05[39m
     11 Linear |R| = [32m1.693414e+05[39m
     12 Linear |R| = [32m1.307870e+05[39m
     13 Linear |R| = [32m9.880128e+04[39m
     14 Linear |R| = [32m7.755599e+04[39m
     15 Linear |R| = [32m6.068069e+04[39m
     16 Linear |R| = [32m4.794985e+04[39m
     17 Linear |R| = [32m3.687028e+04[39m
     18 Linear |R| = [32m2.528836e+04[39m
     19 Linear |R| = [32m1.655710e+04[39m
     20 Linear |R| = [32m9.837832e+03[39m
     21 Linear |R| = [32m5.327923e+03[39m
     22 Linear |R| = [32m2.959635e+03[39m
     23 Linear |R| = [32m1.617511e+03[39m
     24 Linear |R| = [32m9.069020e+02[39m
     25 Linear |R| = [32m5.744110e+02[39m
     26 Linear |R| = [32m3.702628e+02[39m
     27 Linear |R| = [32m2.452878e+02[39m
     28 Linear |R| = [32m1.368781e+02[39m
     29 Linear |R| = [32m6.884458e+01[39m
     30 Linear |R| = [32m5.062734e+01[39m
     31 Linear |R| = [32m2.144631e+01[39m
     32 Linear |R| = [32m1.412605e+01[39m
     33 Linear |R| = [32m7.803943e+00[39m
     34 Linear |R| = [32m4.712700e+00[39m
 6 Nonlinear |R| = [32m5.062226e+05[39m
      0 Linear |R| = [32m5.062226e+05[39m
      1 Linear |R| = [32m2.375481e+05[39m
      2 Linear |R| = [32m1.624477e+05[39m
      3 Linear |R| = [32m1.035718e+05[39m
      4 Linear |R| = [32m4.573119e+04[39m
      5 Linear |R| = [32m1.786477e+04[39m
      6 Linear |R| = [32m9.451141e+03[39m
      7 Linear |R| = [32m5.014011e+03[39m
      8 Linear |R| = [32m2.092578e+03[39m
      9 Linear |R| = [32m7.943677e+02[39m
     10 Linear |R| = [32m3.940675e+02[39m
     11 Linear |R| = [32m1.919271e+02[39m
     12 Linear |R| = [32m8.047820e+01[39m
     13 Linear |R| = [32m2.760418e+01[39m
     14 Linear |R| = [32m9.319447e+00[39m
     15 Linear |R| = [32m2.973599e+00[39m
 7 Nonlinear |R| = [32m4.004568e+05[39m
      0 Linear |R| = [32m4.004568e+05[39m
      1 Linear |R| = [32m3.383636e+05[39m
      2 Linear |R| = [32m2.688048e+05[39m
      3 Linear |R| = [32m1.964455e+05[39m
      4 Linear |R| = [32m1.403961e+05[39m
      5 Linear |R| = [32m8.679403e+04[39m
      6 Linear |R| = [32m5.023883e+04[39m
      7 Linear |R| = [32m3.083210e+04[39m
      8 Linear |R| = [32m1.929384e+04[39m
      9 Linear |R| = [32m1.129086e+04[39m
     10 Linear |R| = [32m4.974460e+03[39m
     11 Linear |R| = [32m2.255005e+03[39m
     12 Linear |R| = [32m1.118183e+03[39m
     13 Linear |R| = [32m4.845060e+02[39m
     14 Linear |R| = [32m1.906021e+02[39m
     15 Linear |R| = [32m6.904219e+01[39m
     16 Linear |R| = [32m2.873744e+01[39m
     17 Linear |R| = [32m1.106125e+01[39m
     18 Linear |R| = [32m5.282422e+00[39m
     19 Linear |R| = [32m3.440528e+00[39m
 8 Nonlinear |R| = [32m3.589195e+05[39m
      0 Linear |R| = [32m3.589195e+05[39m
      1 Linear |R| = [32m2.469623e+05[39m
      2 Linear |R| = [32m1.774589e+05[39m
      3 Linear |R| = [32m1.134022e+05[39m
      4 Linear |R| = [32m6.969875e+04[39m
      5 Linear |R| = [32m3.738235e+04[39m
      6 Linear |R| = [32m1.441555e+04[39m
      7 Linear |R| = [32m4.573165e+03[39m
      8 Linear |R| = [32m1.689528e+03[39m
      9 Linear |R| = [32m5.640547e+02[39m
     10 Linear |R| = [32m1.655366e+02[39m
     11 Linear |R| = [32m4.555004e+01[39m
     12 Linear |R| = [32m1.329530e+01[39m
     13 Linear |R| = [32m3.919637e+00[39m
     14 Linear |R| = [32m1.285287e+00[39m
 9 Nonlinear |R| = [32m2.712111e+05[39m
      0 Linear |R| = [32m2.712111e+05[39m
      1 Linear |R| = [32m1.866613e+05[39m
      2 Linear |R| = [32m1.731055e+05[39m
      3 Linear |R| = [32m1.182533e+05[39m
      4 Linear |R| = [32m6.104783e+04[39m
      5 Linear |R| = [32m2.459549e+04[39m
      6 Linear |R| = [32m8.202728e+03[39m
      7 Linear |R| = [32m2.831916e+03[39m
      8 Linear |R| = [32m8.647796e+02[39m
      9 Linear |R| = [32m2.479549e+02[39m
     10 Linear |R| = [32m6.897851e+01[39m
     11 Linear |R| = [32m2.362344e+01[39m
     12 Linear |R| = [32m8.111267e+00[39m
     13 Linear |R| = [32m2.801107e+00[39m
     14 Linear |R| = [32m7.914617e-01[39m
10 Nonlinear |R| = [32m2.466959e+05[39m
      0 Linear |R| = [32m2.466959e+05[39m
      1 Linear |R| = [32m2.294628e+05[39m
      2 Linear |R| = [32m1.617089e+05[39m
      3 Linear |R| = [32m9.710166e+04[39m
      4 Linear |R| = [32m3.820131e+04[39m
      5 Linear |R| = [32m1.258821e+04[39m
      6 Linear |R| = [32m4.625578e+03[39m
      7 Linear |R| = [32m1.662930e+03[39m
      8 Linear |R| = [32m6.122056e+02[39m
      9 Linear |R| = [32m1.782839e+02[39m
     10 Linear |R| = [32m6.137240e+01[39m
     11 Linear |R| = [32m2.090421e+01[39m
     12 Linear |R| = [32m7.996701e+00[39m
     13 Linear |R| = [32m2.533253e+00[39m
     14 Linear |R| = [32m7.858256e-01[39m
11 Nonlinear |R| = [32m2.147088e+05[39m
      0 Linear |R| = [32m2.147088e+05[39m
      1 Linear |R| = [32m1.904769e+05[39m
      2 Linear |R| = [32m1.518450e+05[39m
      3 Linear |R| = [32m8.160341e+04[39m
      4 Linear |R| = [32m3.238177e+04[39m
      5 Linear |R| = [32m1.220462e+04[39m
      6 Linear |R| = [32m4.459930e+03[39m
      7 Linear |R| = [32m1.622326e+03[39m
      8 Linear |R| = [32m4.602371e+02[39m
      9 Linear |R| = [32m1.434367e+02[39m
     10 Linear |R| = [32m3.951593e+01[39m
     11 Linear |R| = [32m1.334364e+01[39m
     12 Linear |R| = [32m4.173381e+00[39m
     13 Linear |R| = [32m1.517970e+00[39m
12 Nonlinear |R| = [33m2.116345e+05[39m
      0 Linear |R| = [32m2.116345e+05[39m
      1 Linear |R| = [33m2.064549e+05[39m
      2 Linear |R| = [32m1.376299e+05[39m
      3 Linear |R| = [32m7.235946e+04[39m
      4 Linear |R| = [32m2.652657e+04[39m
      5 Linear |R| = [32m8.374577e+03[39m
      6 Linear |R| = [32m2.661894e+03[39m
      7 Linear |R| = [32m7.675782e+02[39m
      8 Linear |R| = [32m2.633431e+02[39m
      9 Linear |R| = [32m8.260157e+01[39m
     10 Linear |R| = [32m2.702228e+01[39m
     11 Linear |R| = [32m7.648714e+00[39m
     12 Linear |R| = [32m2.590733e+00[39m
     13 Linear |R| = [32m8.633563e-01[39m
13 Nonlinear |R| = [33m2.055335e+05[39m
      0 Linear |R| = [32m2.055335e+05[39m
      1 Linear |R| = [32m1.890416e+05[39m
      2 Linear |R| = [32m1.386168e+05[39m
      3 Linear |R| = [32m7.756818e+04[39m
      4 Linear |R| = [32m2.777044e+04[39m
      5 Linear |R| = [32m1.016161e+04[39m
      6 Linear |R| = [32m3.633929e+03[39m
      7 Linear |R| = [32m1.336193e+03[39m
      8 Linear |R| = [32m3.775357e+02[39m
      9 Linear |R| = [32m1.175008e+02[39m
     10 Linear |R| = [32m3.158862e+01[39m
     11 Linear |R| = [32m1.055255e+01[39m
     12 Linear |R| = [32m3.273147e+00[39m
     13 Linear |R| = [32m1.173715e+00[39m
14 Nonlinear |R| = [33m2.049419e+05[39m
      0 Linear |R| = [32m2.049419e+05[39m
      1 Linear |R| = [32m1.895708e+05[39m
      2 Linear |R| = [32m1.116216e+05[39m
      3 Linear |R| = [32m4.731725e+04[39m
      4 Linear |R| = [32m1.700552e+04[39m
      5 Linear |R| = [32m5.382998e+03[39m
      6 Linear |R| = [32m1.544221e+03[39m
      7 Linear |R| = [32m4.446792e+02[39m
      8 Linear |R| = [32m1.594968e+02[39m
      9 Linear |R| = [32m5.111149e+01[39m
     10 Linear |R| = [32m1.523474e+01[39m
     11 Linear |R| = [32m4.622887e+00[39m
     12 Linear |R| = [32m1.682286e+00[39m
15 Nonlinear |R| = [32m1.874844e+05[39m
      0 Linear |R| = [32m1.874844e+05[39m
      1 Linear |R| = [32m1.690955e+05[39m
      2 Linear |R| = [32m9.868607e+04[39m
      3 Linear |R| = [32m4.664705e+04[39m
      4 Linear |R| = [32m1.770020e+04[39m
      5 Linear |R| = [32m5.965518e+03[39m
      6 Linear |R| = [32m1.586984e+03[39m
      7 Linear |R| = [32m4.125637e+02[39m
      8 Linear |R| = [32m1.124499e+02[39m
      9 Linear |R| = [32m3.322067e+01[39m
     10 Linear |R| = [32m9.885169e+00[39m
     11 Linear |R| = [32m3.301091e+00[39m
     12 Linear |R| = [32m1.091539e+00[39m
16 Nonlinear |R| = [32m1.690606e+05[39m
      0 Linear |R| = [32m1.690606e+05[39m
      1 Linear |R| = [32m1.105696e+05[39m
      2 Linear |R| = [32m4.250492e+04[39m
      3 Linear |R| = [32m1.218571e+04[39m
      4 Linear |R| = [32m4.458611e+03[39m
      5 Linear |R| = [32m1.210621e+03[39m
      6 Linear |R| = [32m4.332145e+02[39m
      7 Linear |R| = [32m1.283647e+02[39m
      8 Linear |R| = [32m4.293973e+01[39m
      9 Linear |R| = [32m1.271749e+01[39m
     10 Linear |R| = [32m4.520016e+00[39m
     11 Linear |R| = [32m1.435793e+00[39m
17 Nonlinear |R| = [32m1.191348e+05[39m
      0 Linear |R| = [32m1.191348e+05[39m
      1 Linear |R| = [32m4.218197e+04[39m
      2 Linear |R| = [32m9.191585e+03[39m
      3 Linear |R| = [32m2.936873e+03[39m
      4 Linear |R| = [32m9.650390e+02[39m
      5 Linear |R| = [32m3.267119e+02[39m
      6 Linear |R| = [32m9.472990e+01[39m
      7 Linear |R| = [32m3.025592e+01[39m
      8 Linear |R| = [32m9.466848e+00[39m
      9 Linear |R| = [32m3.108864e+00[39m
     10 Linear |R| = [32m9.677255e-01[39m
18 Nonlinear |R| = [32m5.581669e+04[39m
      0 Linear |R| = [32m5.581669e+04[39m
      1 Linear |R| = [32m1.473655e+04[39m
      2 Linear |R| = [32m3.165483e+03[39m
      3 Linear |R| = [32m1.083534e+03[39m
      4 Linear |R| = [32m3.575085e+02[39m
      5 Linear |R| = [32m1.133142e+02[39m
      6 Linear |R| = [32m3.315694e+01[39m
      7 Linear |R| = [32m1.081385e+01[39m
      8 Linear |R| = [32m3.474409e+00[39m
      9 Linear |R| = [32m1.105853e+00[39m
     10 Linear |R| = [32m3.440952e-01[39m
19 Nonlinear |R| = [32m3.440951e-01[39m
  Finished Solving                                                                       [[33m 33.22 s[39m] [[33m  223 MB[39m]
[32m Solve Converged![39m

Postprocessor Values:
+----------------+----------------+----------------+----------------+------------------+----------------+----------------+----------------+
| time           | base_shear_x   | damage_c_max   | damage_t_max   | damage_total_max | mid_vonmises   | top_disp_x     | top_disp_y     |
+----------------+----------------+----------------+----------------+------------------+----------------+----------------+----------------+
|   0.000000e+00 |   0.000000e+00 |   0.000000e+00 |   0.000000e+00 |     0.000000e+00 |   0.000000e+00 |   0.000000e+00 |   0.000000e+00 |
|   4.000000e+00 |  -2.897761e+05 |   0.000000e+00 |   9.784646e-01 |     9.784646e-01 |   8.803188e+05 |  -3.930000e-03 |   9.723754e-04 |
|   8.000000e+00 |  -9.659194e+04 |   0.000000e+00 |   8.853573e-01 |     8.853573e-01 |   5.354663e+05 |  -1.310000e-03 |   9.723756e-04 |
|   1.200000e+01 |   9.659198e+04 |   0.000000e+00 |   8.853573e-01 |     8.853573e-01 |   5.422962e+05 |   1.310000e-03 |   9.723755e-04 |
|   1.600000e+01 |   2.897762e+05 |   0.000000e+00 |   9.784647e-01 |     9.784647e-01 |   8.927722e+05 |   3.930000e-03 |   9.723755e-04 |
|   2.000000e+01 |   4.819641e+05 |   1.640384e-01 |   9.902510e-01 |     9.902510e-01 |   1.338793e+06 |   6.550000e-03 |   9.745685e-04 |
|   2.400000e+01 |   2.887813e+05 |   0.000000e+00 |   9.623377e-01 |     9.623377e-01 |   8.920756e+05 |   3.930000e-03 |   9.745688e-04 |
|   2.800000e+01 |   9.559615e+04 |   0.000000e+00 |   8.436778e-01 |     8.436778e-01 |   5.429736e+05 |   1.310000e-03 |   9.745685e-04 |
|   3.200000e+01 |  -9.758785e+04 |   0.000000e+00 |   8.879563e-01 |     8.879563e-01 |   5.379984e+05 |  -1.310000e-03 |   9.745686e-04 |
|   3.600000e+01 |  -2.907627e+05 |   0.000000e+00 |   9.787931e-01 |     9.787931e-01 |   8.829603e+05 |  -3.930000e-03 |   9.745534e-04 |
+----------------+----------------+----------------+----------------+------------------+----------------+----------------+----------------+


Time Step 10, time = 40, dt = 4
 0 Nonlinear |R| = [32m6.856670e+05[39m
      0 Linear |R| = [32m6.856670e+05[39m
      1 Linear |R| = [33m6.767053e+05[39m
      2 Linear |R| = [32m5.920409e+05[39m
      3 Linear |R| = [33m5.857778e+05[39m
      4 Linear |R| = [33m5.610850e+05[39m
      5 Linear |R| = [33m5.488528e+05[39m
      6 Linear |R| = [32m5.183138e+05[39m
      7 Linear |R| = [33m5.014654e+05[39m
      8 Linear |R| = [32m4.367463e+05[39m
      9 Linear |R| = [32m3.357667e+05[39m
     10 Linear |R| = [32m2.714610e+05[39m
     11 Linear |R| = [32m2.125830e+05[39m
     12 Linear |R| = [32m1.547845e+05[39m
     13 Linear |R| = [32m1.079204e+05[39m
     14 Linear |R| = [32m7.114538e+04[39m
     15 Linear |R| = [32m5.808184e+04[39m
     16 Linear |R| = [32m4.782922e+04[39m
     17 Linear |R| = [32m3.954522e+04[39m
     18 Linear |R| = [32m3.407032e+04[39m
     19 Linear |R| = [32m2.579416e+04[39m
     20 Linear |R| = [32m1.619746e+04[39m
     21 Linear |R| = [32m1.064054e+04[39m
     22 Linear |R| = [32m6.957713e+03[39m
     23 Linear |R| = [32m3.547855e+03[39m
     24 Linear |R| = [32m1.839499e+03[39m
     25 Linear |R| = [32m1.049266e+03[39m
     26 Linear |R| = [32m5.948475e+02[39m
     27 Linear |R| = [32m3.475986e+02[39m
     28 Linear |R| = [32m1.975473e+02[39m
     29 Linear |R| = [32m1.336091e+02[39m
    Linear solve did not converge due to DIVERGED_BREAKDOWN iterations 30
 1 Nonlinear |R| = [32m6.182143e+05[39m
      0 Linear |R| = [32m6.182143e+05[39m
      1 Linear |R| = [33m6.090695e+05[39m
      2 Linear |R| = [32m5.377721e+05[39m
      3 Linear |R| = [33m5.333255e+05[39m
      4 Linear |R| = [33m5.120769e+05[39m
      5 Linear |R| = [33m5.023806e+05[39m
      6 Linear |R| = [33m4.818010e+05[39m
      7 Linear |R| = [33m4.698769e+05[39m
      8 Linear |R| = [32m4.024339e+05[39m
      9 Linear |R| = [32m3.244423e+05[39m
     10 Linear |R| = [32m2.791806e+05[39m
     11 Linear |R| = [32m2.136103e+05[39m
     12 Linear |R| = [32m1.522474e+05[39m
     13 Linear |R| = [32m1.040299e+05[39m
     14 Linear |R| = [32m7.233272e+04[39m
     15 Linear |R| = [32m5.903989e+04[39m
     16 Linear |R| = [32m4.861348e+04[39m
     17 Linear |R| = [32m4.197178e+04[39m
     18 Linear |R| = [32m3.375747e+04[39m
     19 Linear |R| = [32m2.484599e+04[39m
     20 Linear |R| = [32m1.838205e+04[39m
     21 Linear |R| = [32m1.113225e+04[39m
     22 Linear |R| = [32m6.235650e+03[39m
     23 Linear |R| = [32m3.539285e+03[39m
     24 Linear |R| = [32m1.834268e+03[39m
     25 Linear |R| = [32m9.390166e+02[39m
     26 Linear |R| = [32m4.998810e+02[39m
     27 Linear |R| = [32m3.024799e+02[39m
     28 Linear |R| = [32m1.865222e+02[39m
     29 Linear |R| = [32m1.205536e+02[39m
     30 Linear |R| = [32m7.823023e+01[39m
     31 Linear |R| = [32m5.951318e+01[39m
     32 Linear |R| = [32m4.149383e+01[39m
     33 Linear |R| = [32m2.531740e+01[39m
     34 Linear |R| = [32m1.402269e+01[39m
     35 Linear |R| = [32m8.161641e+00[39m
     36 Linear |R| = [32m4.369472e+00[39m
 2 Nonlinear |R| = [33m6.112344e+05[39m
      0 Linear |R| = [32m6.112344e+05[39m
      1 Linear |R| = [33m6.018544e+05[39m
      2 Linear |R| = [32m5.338609e+05[39m
      3 Linear |R| = [33m5.305221e+05[39m
      4 Linear |R| = [33m5.055037e+05[39m
      5 Linear |R| = [33m4.970754e+05[39m
      6 Linear |R| = [33m4.783559e+05[39m
      7 Linear |R| = [33m4.629746e+05[39m
      8 Linear |R| = [32m3.931469e+05[39m
      9 Linear |R| = [32m3.261942e+05[39m
     10 Linear |R| = [32m2.723170e+05[39m
     11 Linear |R| = [32m2.063644e+05[39m
     12 Linear |R| = [32m1.492618e+05[39m
     13 Linear |R| = [32m1.073415e+05[39m
     14 Linear |R| = [32m7.742698e+04[39m
     15 Linear |R| = [32m6.278828e+04[39m
     16 Linear |R| = [32m5.183184e+04[39m
     17 Linear |R| = [32m4.443702e+04[39m
     18 Linear |R| = [32m3.557000e+04[39m
     19 Linear |R| = [32m2.483477e+04[39m
     20 Linear |R| = [32m1.632320e+04[39m
     21 Linear |R| = [32m9.273796e+03[39m
     22 Linear |R| = [32m5.285975e+03[39m
     23 Linear |R| = [32m2.819755e+03[39m
     24 Linear |R| = [32m1.437265e+03[39m
     25 Linear |R| = [32m8.453421e+02[39m
     26 Linear |R| = [32m5.119458e+02[39m
     27 Linear |R| = [32m3.250395e+02[39m
     28 Linear |R| = [32m1.938379e+02[39m
     29 Linear |R| = [32m1.199345e+02[39m
     30 Linear |R| = [32m7.320758e+01[39m
     31 Linear |R| = [32m5.082268e+01[39m
     32 Linear |R| = [32m3.340627e+01[39m
     33 Linear |R| = [32m2.169647e+01[39m
     34 Linear |R| = [32m1.293375e+01[39m
     35 Linear |R| = [32m7.790841e+00[39m
     36 Linear |R| = [32m4.694766e+00[39m
 3 Nonlinear |R| = [32m5.740767e+05[39m
      0 Linear |R| = [32m5.740767e+05[39m
      1 Linear |R| = [32m5.322988e+05[39m
      2 Linear |R| = [32m4.721624e+05[39m
      3 Linear |R| = [32m4.256352e+05[39m
      4 Linear |R| = [32m3.703446e+05[39m
      5 Linear |R| = [32m3.096112e+05[39m
      6 Linear |R| = [32m2.371397e+05[39m
      7 Linear |R| = [32m1.690416e+05[39m
      8 Linear |R| = [32m1.091424e+05[39m
      9 Linear |R| = [32m6.645703e+04[39m
     10 Linear |R| = [32m3.857211e+04[39m
     11 Linear |R| = [32m2.301469e+04[39m
     12 Linear |R| = [32m1.322657e+04[39m
     13 Linear |R| = [32m8.156225e+03[39m
     14 Linear |R| = [32m5.699397e+03[39m
     15 Linear |R| = [32m4.270073e+03[39m
     16 Linear |R| = [32m3.253713e+03[39m
     17 Linear |R| = [32m2.207897e+03[39m
     18 Linear |R| = [32m1.347970e+03[39m
     19 Linear |R| = [32m7.758816e+02[39m
     20 Linear |R| = [32m4.423582e+02[39m
     21 Linear |R| = [32m2.717348e+02[39m
     22 Linear |R| = [32m1.629502e+02[39m
     23 Linear |R| = [32m9.712100e+01[39m
     24 Linear |R| = [32m5.589101e+01[39m
     25 Linear |R| = [32m2.901811e+01[39m
     26 Linear |R| = [32m1.401707e+01[39m
     27 Linear |R| = [32m6.786008e+00[39m
     28 Linear |R| = [32m3.479360e+00[39m
 4 Nonlinear |R| = [33m5.663796e+05[39m
      0 Linear |R| = [32m5.663796e+05[39m
      1 Linear |R| = [32m5.166010e+05[39m
      2 Linear |R| = [32m4.575093e+05[39m
      3 Linear |R| = [32m4.010145e+05[39m
      4 Linear |R| = [32m3.480105e+05[39m
      5 Linear |R| = [32m2.878340e+05[39m
      6 Linear |R| = [32m2.130519e+05[39m
      7 Linear |R| = [32m1.464188e+05[39m
      8 Linear |R| = [32m9.311545e+04[39m
      9 Linear |R| = [32m5.481163e+04[39m
     10 Linear |R| = [32m3.069940e+04[39m
     11 Linear |R| = [32m1.784414e+04[39m
     12 Linear |R| = [32m9.757789e+03[39m
     13 Linear |R| = [32m5.633145e+03[39m
     14 Linear |R| = [32m3.682461e+03[39m
     15 Linear |R| = [32m2.655060e+03[39m
     16 Linear |R| = [32m2.037110e+03[39m
     17 Linear |R| = [32m1.426018e+03[39m
     18 Linear |R| = [32m8.650514e+02[39m
     19 Linear |R| = [32m4.668080e+02[39m
     20 Linear |R| = [32m2.355922e+02[39m
     21 Linear |R| = [32m1.345636e+02[39m
     22 Linear |R| = [32m8.230483e+01[39m
     23 Linear |R| = [32m5.175717e+01[39m
     24 Linear |R| = [32m3.175258e+01[39m
     25 Linear |R| = [32m1.746449e+01[39m
     26 Linear |R| = [32m8.746057e+00[39m
     27 Linear |R| = [32m4.210301e+00[39m
 5 Nonlinear |R| = [33m5.543200e+05[39m
      0 Linear |R| = [32m5.543200e+05[39m
      1 Linear |R| = [32m4.897668e+05[39m
      2 Linear |R| = [32m4.347049e+05[39m
      3 Linear |R| = [32m3.709679e+05[39m
      4 Linear |R| = [32m3.123268e+05[39m
      5 Linear |R| = [32m2.530186e+05[39m
      6 Linear |R| = [32m1.794724e+05[39m
      7 Linear |R| = [32m1.169757e+05[39m
      8 Linear |R| = [32m7.257248e+04[39m
      9 Linear |R| = [32m4.148639e+04[39m
     10 Linear |R| = [32m2.234533e+04[39m
     11 Linear |R| = [32m1.264474e+04[39m
     12 Linear |R| = [32m6.625659e+03[39m
     13 Linear |R| = [32m3.779139e+03[39m
     14 Linear |R| = [32m2.351753e+03[39m
     15 Linear |R| = [32m1.621398e+03[39m
     16 Linear |R| = [32m1.218405e+03[39m
     17 Linear |R| = [32m8.341172e+02[39m
     18 Linear |R| = [32m5.072402e+02[39m
     19 Linear |R| = [32m2.676690e+02[39m
     20 Linear |R| = [32m1.272237e+02[39m
     21 Linear |R| = [32m6.660386e+01[39m
     22 Linear |R| = [32m3.770945e+01[39m
     23 Linear |R| = [32m2.218843e+01[39m
     24 Linear |R| = [32m1.302793e+01[39m
     25 Linear |R| = [32m7.347717e+00[39m
     26 Linear |R| = [32m3.928334e+00[39m
 6 Nonlinear |R| = [32m4.942552e+05[39m
      0 Linear |R| = [32m4.942552e+05[39m
      1 Linear |R| = [32m3.934102e+05[39m
      2 Linear |R| = [32m3.425435e+05[39m
      3 Linear |R| = [32m2.484671e+05[39m
      4 Linear |R| = [32m1.892972e+05[39m
      5 Linear |R| = [32m1.333074e+05[39m
      6 Linear |R| = [32m7.699540e+04[39m
      7 Linear |R| = [32m4.394038e+04[39m
      8 Linear |R| = [32m2.419138e+04[39m
      9 Linear |R| = [32m1.237807e+04[39m
     10 Linear |R| = [32m6.760320e+03[39m
     11 Linear |R| = [32m3.899172e+03[39m
     12 Linear |R| = [32m2.384637e+03[39m
     13 Linear |R| = [32m1.579475e+03[39m
     14 Linear |R| = [32m9.201571e+02[39m
     15 Linear |R| = [32m5.018491e+02[39m
     16 Linear |R| = [32m2.504392e+02[39m
     17 Linear |R| = [32m1.128399e+02[39m
     18 Linear |R| = [32m5.603316e+01[39m
     19 Linear |R| = [32m2.918914e+01[39m
     20 Linear |R| = [32m1.815691e+01[39m
     21 Linear |R| = [32m1.145616e+01[39m
     22 Linear |R| = [32m6.614862e+00[39m
     23 Linear |R| = [32m3.584716e+00[39m
 7 Nonlinear |R| = [32m3.390061e+05[39m
      0 Linear |R| = [32m3.390061e+05[39m
      1 Linear |R| = [32m7.188074e+04[39m
      2 Linear |R| = [32m3.316671e+04[39m
      3 Linear |R| = [32m2.173214e+04[39m
      4 Linear |R| = [32m1.348303e+04[39m
      5 Linear |R| = [32m8.546438e+03[39m
      6 Linear |R| = [32m5.403211e+03[39m
      7 Linear |R| = [32m3.419014e+03[39m
      8 Linear |R| = [32m2.162813e+03[39m
      9 Linear |R| = [32m1.167663e+03[39m
     10 Linear |R| = [32m7.142815e+02[39m
     11 Linear |R| = [32m4.059683e+02[39m
     12 Linear |R| = [32m2.078279e+02[39m
     13 Linear |R| = [32m1.103999e+02[39m
     14 Linear |R| = [32m5.716320e+01[39m
     15 Linear |R| = [32m3.024296e+01[39m
     16 Linear |R| = [32m1.748300e+01[39m
     17 Linear |R| = [32m1.153599e+01[39m
     18 Linear |R| = [32m7.666064e+00[39m
     19 Linear |R| = [32m4.532400e+00[39m
     20 Linear |R| = [32m2.441061e+00[39m
 8 Nonlinear |R| = [32m2.468324e+04[39m
      0 Linear |R| = [32m2.468324e+04[39m
      1 Linear |R| = [32m6.246919e+03[39m
      2 Linear |R| = [32m3.436412e+03[39m
      3 Linear |R| = [32m2.103018e+03[39m
      4 Linear |R| = [32m1.326231e+03[39m
      5 Linear |R| = [32m9.423373e+02[39m
      6 Linear |R| = [32m5.768242e+02[39m
      7 Linear |R| = [32m3.545615e+02[39m
      8 Linear |R| = [32m2.217572e+02[39m
      9 Linear |R| = [32m1.242659e+02[39m
     10 Linear |R| = [32m6.851317e+01[39m
     11 Linear |R| = [32m3.511669e+01[39m
     12 Linear |R| = [32m1.828646e+01[39m
     13 Linear |R| = [32m1.023840e+01[39m
     14 Linear |R| = [32m5.857504e+00[39m
     15 Linear |R| = [32m3.520405e+00[39m
     16 Linear |R| = [32m2.288406e+00[39m
     17 Linear |R| = [32m1.396983e+00[39m
     18 Linear |R| = [32m7.375642e-01[39m
     19 Linear |R| = [32m4.075062e-01[39m
     20 Linear |R| = [32m2.187488e-01[39m
 9 Nonlinear |R| = [32m3.804904e+02[39m
      0 Linear |R| = [32m3.804904e+02[39m
      1 Linear |R| = [32m1.313684e+02[39m
      2 Linear |R| = [32m7.114300e+01[39m
      3 Linear |R| = [32m3.874007e+01[39m
      4 Linear |R| = [32m2.504038e+01[39m
      5 Linear |R| = [32m1.642040e+01[39m
      6 Linear |R| = [32m1.072983e+01[39m
      7 Linear |R| = [32m6.746570e+00[39m
      8 Linear |R| = [32m3.779404e+00[39m
      9 Linear |R| = [32m2.142690e+00[39m
     10 Linear |R| = [32m1.110465e+00[39m
     11 Linear |R| = [32m6.270477e-01[39m
     12 Linear |R| = [32m3.737732e-01[39m
     13 Linear |R| = [32m2.254281e-01[39m
     14 Linear |R| = [32m1.472423e-01[39m
     15 Linear |R| = [32m8.927476e-02[39m
     16 Linear |R| = [32m4.807172e-02[39m
     17 Linear |R| = [32m2.441080e-02[39m
     18 Linear |R| = [32m1.322832e-02[39m
     19 Linear |R| = [32m7.791242e-03[39m
     20 Linear |R| = [32m4.437914e-03[39m
     21 Linear |R| = [32m2.485986e-03[39m
10 Nonlinear |R| = [32m1.071062e+01[39m
      0 Linear |R| = [32m1.071062e+01[39m
      1 Linear |R| = [32m3.683338e+00[39m
      2 Linear |R| = [32m1.704396e+00[39m
      3 Linear |R| = [32m9.347262e-01[39m
      4 Linear |R| = [32m4.935954e-01[39m
      5 Linear |R| = [32m3.111688e-01[39m
      6 Linear |R| = [32m1.914072e-01[39m
      7 Linear |R| = [32m1.235425e-01[39m
      8 Linear |R| = [32m7.298338e-02[39m
      9 Linear |R| = [32m4.292509e-02[39m
     10 Linear |R| = [32m2.476344e-02[39m
     11 Linear |R| = [32m1.228143e-02[39m
     12 Linear |R| = [32m6.591432e-03[39m
     13 Linear |R| = [32m3.536802e-03[39m
     14 Linear |R| = [32m1.818269e-03[39m
     15 Linear |R| = [32m1.060020e-03[39m
     16 Linear |R| = [32m6.686351e-04[39m
     17 Linear |R| = [32m3.726327e-04[39m
     18 Linear |R| = [32m1.905963e-04[39m
     19 Linear |R| = [32m1.092209e-04[39m
     20 Linear |R| = [32m6.594691e-05[39m
11 Nonlinear |R| = [32m2.875362e-04[39m
[32m Solve Converged![39m
  Finished Solving                                                                       [[33m 22.70 s[39m] [[33m  228 MB[39m]

Postprocessor Values:
+----------------+----------------+----------------+----------------+------------------+----------------+----------------+----------------+
| time           | base_shear_x   | damage_c_max   | damage_t_max   | damage_total_max | mid_vonmises   | top_disp_x     | top_disp_y     |
+----------------+----------------+----------------+----------------+------------------+----------------+----------------+----------------+
|   0.000000e+00 |   0.000000e+00 |   0.000000e+00 |   0.000000e+00 |     0.000000e+00 |   0.000000e+00 |   0.000000e+00 |   0.000000e+00 |
|   4.000000e+00 |  -2.897761e+05 |   0.000000e+00 |   9.784646e-01 |     9.784646e-01 |   8.803188e+05 |  -3.930000e-03 |   9.723754e-04 |
|   8.000000e+00 |  -9.659194e+04 |   0.000000e+00 |   8.853573e-01 |     8.853573e-01 |   5.354663e+05 |  -1.310000e-03 |   9.723756e-04 |
|   1.200000e+01 |   9.659198e+04 |   0.000000e+00 |   8.853573e-01 |     8.853573e-01 |   5.422962e+05 |   1.310000e-03 |   9.723755e-04 |
|   1.600000e+01 |   2.897762e+05 |   0.000000e+00 |   9.784647e-01 |     9.784647e-01 |   8.927722e+05 |   3.930000e-03 |   9.723755e-04 |
|   2.000000e+01 |   4.819641e+05 |   1.640384e-01 |   9.902510e-01 |     9.902510e-01 |   1.338793e+06 |   6.550000e-03 |   9.745685e-04 |
|   2.400000e+01 |   2.887813e+05 |   0.000000e+00 |   9.623377e-01 |     9.623377e-01 |   8.920756e+05 |   3.930000e-03 |   9.745688e-04 |
|   2.800000e+01 |   9.559615e+04 |   0.000000e+00 |   8.436778e-01 |     8.436778e-01 |   5.429736e+05 |   1.310000e-03 |   9.745685e-04 |
|   3.200000e+01 |  -9.758785e+04 |   0.000000e+00 |   8.879563e-01 |     8.879563e-01 |   5.379984e+05 |  -1.310000e-03 |   9.745686e-04 |
|   3.600000e+01 |  -2.907627e+05 |   0.000000e+00 |   9.787931e-01 |     9.787931e-01 |   8.829603e+05 |  -3.930000e-03 |   9.745534e-04 |
|   4.000000e+01 |  -6.532429e+05 |   4.249912e-01 |   9.928028e-01 |     9.928028e-01 |   1.755380e+06 |  -9.000000e-03 |   9.916791e-04 |
+----------------+----------------+----------------+----------------+------------------+----------------+----------------+----------------+

Finished Executing                                                                       [[33m233.96 s[39m] [[33m  223 MB[39m]

╔══════════════════════════════════════════════════════════════╗
║                                                              ║
║   _   _                       _                               ║
║  | | | | ___  _ __   __ _ ___| |__  _   _  __ _ _ __   ___  ║
║  | |_| |/ _ \| '_ \ / _` / __| '_ \| | | |/ _` | '_ \ / _ \ ║
║  |  _  | (_) | | | | (_| \__ \ | | | |_| | (_| | | | |  __/ ║
║  |_| |_|\___/|_| |_|\__, |___/_| |_|\__,_|\__,_|_| |_|\___| ║
║                     |___/                                     ║
║                                                              ║
║    红创科技多物理场仿真引擎 (核心模块) V1.0                     ║
║    基于 MOOSE 多物理场面向对象仿真环境                         ║
║    © 2026 红创科技 (Hongchuang Tech)                          ║
║                                                              ║
╚══════════════════════════════════════════════════════════════╝


[33m
*** Deprecation Warning ***
/home/kevin/gt/demo/mayor/rig/inputs/aac_wall_tests/w03_pseudo_static.i:38.3: The 'Kernels/TensorMechanics' syntax is deprecated. Please use 'Physics/SolidMechanics/QuasiStatic' instead.[39m
Stack frames: 14
0: libMesh::print_trace(std::ostream&)
1: void moose::internal::mooseDeprecatedStream<libMesh::BasicOStreamProxy<char, std::char_traits<char> >, std::__cxx11::basic_string<char, std::char_traits<char>, std::allocator<char> > >(libMesh::BasicOStreamProxy<char, std::char_traits<char> >&, bool, bool, bool, std::__cxx11::basic_string<char, std::char_traits<char>, std::allocator<char> >&&)
2: Moose::Builder::walkRaw(std::__cxx11::basic_string<char, std::char_traits<char>, std::allocator<char> >, std::__cxx11::basic_string<char, std::char_traits<char>, std::allocator<char> >, hit::Node*)
3: Moose::Builder::walk(std::__cxx11::basic_string<char, std::char_traits<char>, std::allocator<char> > const&, std::__cxx11::basic_string<char, std::char_traits<char>, std::allocator<char> > const&, hit::Node*)
4: hit::Node::walk(hit::Walker*, hit::NodeType, hit::TraversalOrder)
5: hit::Node::walk(hit::Walker*, hit::NodeType, hit::TraversalOrder)
6: hit::Node::walk(hit::Walker*, hit::NodeType, hit::TraversalOrder)
7: Moose::Builder::build()
8: MooseApp::setupOptions()
9: MooseApp::run()
10: /home/kevin/gt/demo/mayor/rig/build/moose/modules/solid_mechanics/solid_mechanics-opt(+0x50f2) [0x563ea48fc0f2]
11: /lib/libc.so.6(+0x27741) [0x7f4a4f027741]
12: __libc_start_main
13: /home/kevin/gt/demo/mayor/rig/build/moose/modules/solid_mechanics/solid_mechanics-opt(+0x5365) [0x563ea48fc365]


[36m
*** Info ***
/home/kevin/gt/demo/mayor/rig/inputs/aac_wall_tests/w03_pseudo_static.i:38.3:
The following occurred in the Action 'TensorMechanics' of type LegacyTensorMechanicsAction.

SolidMechanics Action: selecting 'total small strain' formulation. Use `incremental = true` to select 'incremental small strain' instead.[39m
Framework Information:
MOOSE Version:           git commit dd5a8961 on 2026-05-01
LibMesh Version:         
PETSc Version:           3.24.6
SLEPc Version:           3.24.0
Current Time:            Tue May 19 19:14:23 2026
Executable Timestamp:    Wed May 13 15:08:44 2026

Input File(s):
  /home/kevin/gt/demo/mayor/rig/inputs/aac_wall_tests/w03_pseudo_static.i

Checkpoint:
  Wall Time Interval:      Every 3600 s
  User Checkpoint:         Disabled
  # Checkpoints Kept:      2
  Execute On:              TIMESTEP_END 

Parallelism:
  Num Processors:          1
  Num Threads:             1

Mesh: 
  Parallel Type:           replicated
  Mesh Dimension:          2
  Spatial Dimension:       2
  Nodes:                   625
  Elems:                   576
  Num Subdomains:          1

Nonlinear System:
  Num DOFs:                1250
  Num Local DOFs:          1250
  Variables:               { "disp_x" "disp_y" } 
  Finite Element Types:    "LAGRANGE" 
  Approximation Orders:    "FIRST" 

Auxiliary System:
  Num DOFs:                1152
  Num Local DOFs:          1152
  Variables:               { "vonmises" "stress_xy" } 
  Finite Element Types:    "MONOMIAL" 
  Approximation Orders:    "CONSTANT" 

Execution Information:
  Executioner:             Transient
  TimeStepper:             ConstantDT
  TimeIntegrator(s):       ImplicitEuler
  Solver Mode:             Preconditioned JFNK 
  PETSc Preconditioner:    hypre boomeramg 


Time Step 0, time = 0

Postprocessor Values:
+----------------+----------------+----------------+----------------+
| time           | base_shear_x   | top_disp_x     | vonmises_max   |
+----------------+----------------+----------------+----------------+
|   0.000000e+00 |   0.000000e+00 |   0.000000e+00 |   0.000000e+00 |
+----------------+----------------+----------------+----------------+


Time Step 1, time = 5, dt = 5
 0 Nonlinear |R| = [32m1.543737e+06[39m
      0 Linear |R| = [32m1.543737e+06[39m
      1 Linear |R| = [33m1.530501e+06[39m
      2 Linear |R| = [32m1.290872e+06[39m
      3 Linear |R| = [33m1.279019e+06[39m
      4 Linear |R| = [32m1.043894e+06[39m
      5 Linear |R| = [32m8.442359e+05[39m
      6 Linear |R| = [32m6.198051e+05[39m
      7 Linear |R| = [32m3.948646e+05[39m
      8 Linear |R| = [32m2.392515e+05[39m
      9 Linear |R| = [32m1.428769e+05[39m
     10 Linear |R| = [32m7.595384e+04[39m
     11 Linear |R| = [32m4.434559e+04[39m
     12 Linear |R| = [32m2.974613e+04[39m
     13 Linear |R| = [32m2.047984e+04[39m
     14 Linear |R| = [32m1.394499e+04[39m
     15 Linear |R| = [32m9.030723e+03[39m
     16 Linear |R| = [32m6.046358e+03[39m
     17 Linear |R| = [32m3.618321e+03[39m
     18 Linear |R| = [32m1.827688e+03[39m
     19 Linear |R| = [32m9.936580e+02[39m
     20 Linear |R| = [32m5.726600e+02[39m
     21 Linear |R| = [32m2.802466e+02[39m
     22 Linear |R| = [32m1.265086e+02[39m
     23 Linear |R| = [32m6.562577e+01[39m
     24 Linear |R| = [32m3.591286e+01[39m
     25 Linear |R| = [32m1.796818e+01[39m
     26 Linear |R| = [32m8.445550e+00[39m
 1 Nonlinear |R| = [32m1.250840e+06[39m
      0 Linear |R| = [32m1.250840e+06[39m
      1 Linear |R| = [32m9.051903e+05[39m
      2 Linear |R| = [32m5.885239e+05[39m
      3 Linear |R| = [32m3.491625e+05[39m
      4 Linear |R| = [32m1.653590e+05[39m
      5 Linear |R| = [32m8.263792e+04[39m
      6 Linear |R| = [32m4.930723e+04[39m
      7 Linear |R| = [32m2.470131e+04[39m
      8 Linear |R| = [32m1.182471e+04[39m
      9 Linear |R| = [32m6.496303e+03[39m
     10 Linear |R| = [32m4.254802e+03[39m
     11 Linear |R| = [32m2.430258e+03[39m
     12 Linear |R| = [32m1.076168e+03[39m
     13 Linear |R| = [32m4.594061e+02[39m
     14 Linear |R| = [32m2.224555e+02[39m
     15 Linear |R| = [32m1.117196e+02[39m
     16 Linear |R| = [32m4.820422e+01[39m
     17 Linear |R| = [32m1.830464e+01[39m
     18 Linear |R| = [32m9.173770e+00[39m
 2 Nonlinear |R| = [32m1.126725e+06[39m
      0 Linear |R| = [32m1.126725e+06[39m
      1 Linear |R| = [32m7.933821e+05[39m
      2 Linear |R| = [32m5.156780e+05[39m
      3 Linear |R| = [32m2.652017e+05[39m
      4 Linear |R| = [32m1.124100e+05[39m
      5 Linear |R| = [32m6.484939e+04[39m
      6 Linear |R| = [32m4.023799e+04[39m
      7 Linear |R| = [32m1.732996e+04[39m
      8 Linear |R| = [32m7.349405e+03[39m
      9 Linear |R| = [32m4.798115e+03[39m
     10 Linear |R| = [32m3.118532e+03[39m
     11 Linear |R| = [32m1.365739e+03[39m
     12 Linear |R| = [32m5.206317e+02[39m
     13 Linear |R| = [32m2.283177e+02[39m
     14 Linear |R| = [32m1.134878e+02[39m
     15 Linear |R| = [32m4.920192e+01[39m
     16 Linear |R| = [32m1.986299e+01[39m
     17 Linear |R| = [32m7.563964e+00[39m
 3 Nonlinear |R| = [32m8.410031e+05[39m
      0 Linear |R| = [32m8.410031e+05[39m
      1 Linear |R| = [32m5.583439e+05[39m
      2 Linear |R| = [32m3.194953e+05[39m
      3 Linear |R| = [32m1.638967e+05[39m
      4 Linear |R| = [32m9.568475e+04[39m
      5 Linear |R| = [32m4.721222e+04[39m
      6 Linear |R| = [32m2.433522e+04[39m
      7 Linear |R| = [32m9.011251e+03[39m
      8 Linear |R| = [32m3.102664e+03[39m
      9 Linear |R| = [32m9.152078e+02[39m
     10 Linear |R| = [32m3.038104e+02[39m
     11 Linear |R| = [32m9.117224e+01[39m
     12 Linear |R| = [32m3.144369e+01[39m
     13 Linear |R| = [32m1.014794e+01[39m
     14 Linear |R| = [32m3.609405e+00[39m
 4 Nonlinear |R| = [32m7.190379e+05[39m
      0 Linear |R| = [32m7.190379e+05[39m
      1 Linear |R| = [32m4.179028e+05[39m
      2 Linear |R| = [32m2.925133e+05[39m
      3 Linear |R| = [32m1.263434e+05[39m
      4 Linear |R| = [32m4.437720e+04[39m
      5 Linear |R| = [32m1.492159e+04[39m
      6 Linear |R| = [32m4.549265e+03[39m
      7 Linear |R| = [32m1.500051e+03[39m
      8 Linear |R| = [32m4.650489e+02[39m
      9 Linear |R| = [32m1.546707e+02[39m
     10 Linear |R| = [32m4.858298e+01[39m
     11 Linear |R| = [32m1.545655e+01[39m
     12 Linear |R| = [32m5.056244e+00[39m
 5 Nonlinear |R| = [32m4.931188e+05[39m
      0 Linear |R| = [32m4.931188e+05[39m
      1 Linear |R| = [32m4.246719e+05[39m
      2 Linear |R| = [32m2.408745e+05[39m
      3 Linear |R| = [32m8.672742e+04[39m
      4 Linear |R| = [32m3.622282e+04[39m
      5 Linear |R| = [32m1.102382e+04[39m
      6 Linear |R| = [32m3.254456e+03[39m
      7 Linear |R| = [32m9.540993e+02[39m
      8 Linear |R| = [32m3.172813e+02[39m
      9 Linear |R| = [32m1.064384e+02[39m
     10 Linear |R| = [32m3.618476e+01[39m
     11 Linear |R| = [32m1.172104e+01[39m
     12 Linear |R| = [32m4.060879e+00[39m
 6 Nonlinear |R| = [32m2.392658e+05[39m
      0 Linear |R| = [32m2.392658e+05[39m
      1 Linear |R| = [32m5.975175e+04[39m
      2 Linear |R| = [32m1.449746e+04[39m
      3 Linear |R| = [32m5.755659e+03[39m
      4 Linear |R| = [32m1.795668e+03[39m
      5 Linear |R| = [32m5.222912e+02[39m
      6 Linear |R| = [32m1.593432e+02[39m
      7 Linear |R| = [32m5.629180e+01[39m
      8 Linear |R| = [32m1.848984e+01[39m
      9 Linear |R| = [32m5.791526e+00[39m
     10 Linear |R| = [32m1.912282e+00[39m
 7 Nonlinear |R| = [32m1.912291e+00[39m
[32m Solve Converged![39m

Postprocessor Values:
+----------------+----------------+----------------+----------------+
| time           | base_shear_x   | top_disp_x     | vonmises_max   |
+----------------+----------------+----------------+----------------+
|   0.000000e+00 |   0.000000e+00 |   0.000000e+00 |   0.000000e+00 |
|   5.000000e+00 |  -3.421612e+05 |  -4.631549e-03 |   2.747116e+06 |
+----------------+----------------+----------------+----------------+


Time Step 2, time = 10, dt = 5
 0 Nonlinear |R| = [32m1.770903e+06[39m
      0 Linear |R| = [32m1.770903e+06[39m
      1 Linear |R| = [33m1.763881e+06[39m
      2 Linear |R| = [32m1.304670e+06[39m
      3 Linear |R| = [33m1.276126e+06[39m
      4 Linear |R| = [32m1.033568e+06[39m
      5 Linear |R| = [32m8.138303e+05[39m
      6 Linear |R| = [32m4.990589e+05[39m
      7 Linear |R| = [32m3.053784e+05[39m
      8 Linear |R| = [32m1.763840e+05[39m
      9 Linear |R| = [32m9.546633e+04[39m
     10 Linear |R| = [32m6.018606e+04[39m
     11 Linear |R| = [32m3.918129e+04[39m
     12 Linear |R| = [32m2.878422e+04[39m
     13 Linear |R| = [32m1.971253e+04[39m
     14 Linear |R| = [32m1.135429e+04[39m
     15 Linear |R| = [32m7.421245e+03[39m
     16 Linear |R| = [32m4.643775e+03[39m
     17 Linear |R| = [32m2.343378e+03[39m
     18 Linear |R| = [32m1.263109e+03[39m
     19 Linear |R| = [32m7.663487e+02[39m
     20 Linear |R| = [32m3.880998e+02[39m
     21 Linear |R| = [32m1.914953e+02[39m
     22 Linear |R| = [32m1.083350e+02[39m
     23 Linear |R| = [32m5.718185e+01[39m
     24 Linear |R| = [32m2.998921e+01[39m
     25 Linear |R| = [32m1.429832e+01[39m
 1 Nonlinear |R| = [32m1.653395e+06[39m
      0 Linear |R| = [32m1.653395e+06[39m
      1 Linear |R| = [33m1.651529e+06[39m
      2 Linear |R| = [32m1.262744e+06[39m
      3 Linear |R| = [33m1.222675e+06[39m
      4 Linear |R| = [32m1.011132e+06[39m
      5 Linear |R| = [32m8.653468e+05[39m
      6 Linear |R| = [32m6.087749e+05[39m
      7 Linear |R| = [32m4.156573e+05[39m
      8 Linear |R| = [32m2.172526e+05[39m
      9 Linear |R| = [32m1.042928e+05[39m
     10 Linear |R| = [32m6.004349e+04[39m
     11 Linear |R| = [32m3.417152e+04[39m
     12 Linear |R| = [32m2.283306e+04[39m
     13 Linear |R| = [32m1.519787e+04[39m
     14 Linear |R| = [32m1.019314e+04[39m
     15 Linear |R| = [32m7.371182e+03[39m
     16 Linear |R| = [32m4.361616e+03[39m
     17 Linear |R| = [32m2.401359e+03[39m
     18 Linear |R| = [32m1.353850e+03[39m
     19 Linear |R| = [32m7.006690e+02[39m
     20 Linear |R| = [32m3.330305e+02[39m
     21 Linear |R| = [32m1.702600e+02[39m
     22 Linear |R| = [32m9.060547e+01[39m
     23 Linear |R| = [32m4.394158e+01[39m
     24 Linear |R| = [32m2.190172e+01[39m
     25 Linear |R| = [32m1.062720e+01[39m
 2 Nonlinear |R| = [32m7.991289e+05[39m
      0 Linear |R| = [32m7.991289e+05[39m
      1 Linear |R| = [32m4.660658e+05[39m
      2 Linear |R| = [32m2.827693e+05[39m
      3 Linear |R| = [32m1.594562e+05[39m
      4 Linear |R| = [32m8.003696e+04[39m
      5 Linear |R| = [32m2.715630e+04[39m
      6 Linear |R| = [32m8.599902e+03[39m
      7 Linear |R| = [32m2.500938e+03[39m
      8 Linear |R| = [32m8.683553e+02[39m
      9 Linear |R| = [32m2.783847e+02[39m
     10 Linear |R| = [32m9.563933e+01[39m
     11 Linear |R| = [32m2.868667e+01[39m
     12 Linear |R| = [32m9.856414e+00[39m
     13 Linear |R| = [32m3.053361e+00[39m
 3 Nonlinear |R| = [32m6.561415e+05[39m
      0 Linear |R| = [32m6.561415e+05[39m
      1 Linear |R| = [32m4.180303e+05[39m
      2 Linear |R| = [32m2.652609e+05[39m
      3 Linear |R| = [32m8.448831e+04[39m
      4 Linear |R| = [32m2.805048e+04[39m
      5 Linear |R| = [32m9.297668e+03[39m
      6 Linear |R| = [32m3.004376e+03[39m
      7 Linear |R| = [32m9.309189e+02[39m
      8 Linear |R| = [32m3.000816e+02[39m
      9 Linear |R| = [32m9.510938e+01[39m
     10 Linear |R| = [32m3.455632e+01[39m
     11 Linear |R| = [32m1.114248e+01[39m
     12 Linear |R| = [32m3.786548e+00[39m
 4 Nonlinear |R| = [32m4.626092e+05[39m
      0 Linear |R| = [32m4.626092e+05[39m
      1 Linear |R| = [32m4.034098e+05[39m
      2 Linear |R| = [32m2.304819e+05[39m
      3 Linear |R| = [32m7.954492e+04[39m
      4 Linear |R| = [32m3.430212e+04[39m
      5 Linear |R| = [32m1.059145e+04[39m
      6 Linear |R| = [32m3.195248e+03[39m
      7 Linear |R| = [32m9.000137e+02[39m
      8 Linear |R| = [32m2.928838e+02[39m
      9 Linear |R| = [32m9.766456e+01[39m
     10 Linear |R| = [32m3.344023e+01[39m
     11 Linear |R| = [32m1.072805e+01[39m
     12 Linear |R| = [32m3.608239e+00[39m
 5 Nonlinear |R| = [32m2.324582e+05[39m
      0 Linear |R| = [32m2.324582e+05[39m
      1 Linear |R| = [32m5.849484e+04[39m
      2 Linear |R| = [32m1.477410e+04[39m
      3 Linear |R| = [32m5.989573e+03[39m
      4 Linear |R| = [32m1.791358e+03[39m
      5 Linear |R| = [32m5.334579e+02[39m
      6 Linear |R| = [32m1.579759e+02[39m
      7 Linear |R| = [32m5.385579e+01[39m
      8 Linear |R| = [32m1.746655e+01[39m
      9 Linear |R| = [32m5.369870e+00[39m
     10 Linear |R| = [32m1.769659e+00[39m
 6 Nonlinear |R| = [32m1.769656e+00[39m
[32m Solve Converged![39m

Postprocessor Values:
+----------------+----------------+----------------+----------------+
| time           | base_shear_x   | top_disp_x     | vonmises_max   |
+----------------+----------------+----------------+----------------+
|   0.000000e+00 |   0.000000e+00 |   0.000000e+00 |   0.000000e+00 |
|   5.000000e+00 |  -3.421612e+05 |  -4.631549e-03 |   2.747116e+06 |
|   1.000000e+01 |   3.819247e-01 |  -4.010718e-19 |   5.529947e+05 |
+----------------+----------------+----------------+----------------+


Time Step 3, time = 15, dt = 5
 0 Nonlinear |R| = [32m1.519986e+06[39m
      0 Linear |R| = [32m1.519986e+06[39m
      1 Linear |R| = [33m1.514905e+06[39m
      2 Linear |R| = [32m1.145725e+06[39m
      3 Linear |R| = [33m1.120674e+06[39m
      4 Linear |R| = [32m9.073278e+05[39m
      5 Linear |R| = [32m7.412995e+05[39m
      6 Linear |R| = [32m4.972968e+05[39m
      7 Linear |R| = [32m3.375905e+05[39m
      8 Linear |R| = [32m1.953713e+05[39m
      9 Linear |R| = [32m9.933583e+04[39m
     10 Linear |R| = [32m5.953708e+04[39m
     11 Linear |R| = [32m3.749800e+04[39m
     12 Linear |R| = [32m2.665949e+04[39m
     13 Linear |R| = [32m1.821896e+04[39m
     14 Linear |R| = [32m1.144434e+04[39m
     15 Linear |R| = [32m7.982996e+03[39m
     16 Linear |R| = [32m4.942856e+03[39m
     17 Linear |R| = [32m2.430411e+03[39m
     18 Linear |R| = [32m1.300883e+03[39m
     19 Linear |R| = [32m7.639042e+02[39m
     20 Linear |R| = [32m3.630297e+02[39m
     21 Linear |R| = [32m1.696754e+02[39m
     22 Linear |R| = [32m9.318250e+01[39m
     23 Linear |R| = [32m4.786838e+01[39m
     24 Linear |R| = [32m2.486548e+01[39m
     25 Linear |R| = [32m1.180076e+01[39m
 1 Nonlinear |R| = [32m9.878233e+05[39m
      0 Linear |R| = [32m9.878233e+05[39m
      1 Linear |R| = [32m6.951129e+05[39m
      2 Linear |R| = [32m4.493595e+05[39m
      3 Linear |R| = [32m2.062455e+05[39m
      4 Linear |R| = [32m9.234052e+04[39m
      5 Linear |R| = [32m4.295828e+04[39m
      6 Linear |R| = [32m2.537755e+04[39m
      7 Linear |R| = [32m1.312727e+04[39m
      8 Linear |R| = [32m5.883976e+03[39m
      9 Linear |R| = [32m2.534952e+03[39m
     10 Linear |R| = [32m1.463934e+03[39m
     11 Linear |R| = [32m8.758985e+02[39m
     12 Linear |R| = [32m3.759396e+02[39m
     13 Linear |R| = [32m1.248269e+02[39m
     14 Linear |R| = [32m4.009969e+01[39m
     15 Linear |R| = [32m1.516475e+01[39m
     16 Linear |R| = [32m4.758158e+00[39m
 2 Nonlinear |R| = [32m9.281515e+05[39m
      0 Linear |R| = [32m9.281515e+05[39m
      1 Linear |R| = [32m5.418892e+05[39m
      2 Linear |R| = [32m3.346986e+05[39m
      3 Linear |R| = [32m1.405511e+05[39m
      4 Linear |R| = [32m7.731755e+04[39m
      5 Linear |R| = [32m4.561485e+04[39m
      6 Linear |R| = [32m1.969352e+04[39m
      7 Linear |R| = [32m6.593016e+03[39m
      8 Linear |R| = [32m2.206058e+03[39m
      9 Linear |R| = [32m6.343382e+02[39m
     10 Linear |R| = [32m2.103091e+02[39m
     11 Linear |R| = [32m6.852677e+01[39m
     12 Linear |R| = [32m2.525950e+01[39m
     13 Linear |R| = [32m8.332586e+00[39m
 3 Nonlinear |R| = [33m9.117210e+05[39m
      0 Linear |R| = [32m9.117210e+05[39m
      1 Linear |R| = [32m7.630852e+05[39m
      2 Linear |R| = [32m5.207206e+05[39m
      3 Linear |R| = [32m4.161787e+05[39m
      4 Linear |R| = [32m2.568464e+05[39m
      5 Linear |R| = [32m1.919240e+05[39m
      6 Linear |R| = [32m1.310595e+05[39m
      7 Linear |R| = [32m6.566169e+04[39m
      8 Linear |R| = [32m2.335165e+04[39m
      9 Linear |R| = [32m7.820649e+03[39m
     10 Linear |R| = [32m2.672989e+03[39m
     11 Linear |R| = [32m7.846389e+02[39m
     12 Linear |R| = [32m2.403082e+02[39m
     13 Linear |R| = [32m7.008656e+01[39m
     14 Linear |R| = [32m2.384235e+01[39m
     15 Linear |R| = [32m7.656454e+00[39m
 4 Nonlinear |R| = [32m8.637484e+05[39m
      0 Linear |R| = [32m8.637484e+05[39m
      1 Linear |R| = [32m6.808764e+05[39m
      2 Linear |R| = [32m4.854304e+05[39m
      3 Linear |R| = [32m3.279351e+05[39m
      4 Linear |R| = [32m1.674429e+05[39m
      5 Linear |R| = [32m5.593338e+04[39m
      6 Linear |R| = [32m1.867425e+04[39m
      7 Linear |R| = [32m5.479546e+03[39m
      8 Linear |R| = [32m1.804425e+03[39m
      9 Linear |R| = [32m5.673302e+02[39m
     10 Linear |R| = [32m1.808971e+02[39m
     11 Linear |R| = [32m4.804534e+01[39m
     12 Linear |R| = [32m1.507137e+01[39m
     13 Linear |R| = [32m4.702861e+00[39m
 5 Nonlinear |R| = [32m6.535824e+05[39m
      0 Linear |R| = [32m6.535824e+05[39m
      1 Linear |R| = [33m6.247121e+05[39m
      2 Linear |R| = [32m5.188246e+05[39m
      3 Linear |R| = [32m3.768707e+05[39m
      4 Linear |R| = [32m2.213199e+05[39m
      5 Linear |R| = [32m8.021133e+04[39m
      6 Linear |R| = [32m2.959366e+04[39m
      7 Linear |R| = [32m9.834237e+03[39m
      8 Linear |R| = [32m2.986215e+03[39m
      9 Linear |R| = [32m9.247596e+02[39m
     10 Linear |R| = [32m3.301662e+02[39m
     11 Linear |R| = [32m1.267922e+02[39m
     12 Linear |R| = [32m4.065467e+01[39m
     13 Linear |R| = [32m1.224887e+01[39m
     14 Linear |R| = [32m3.300196e+00[39m
 6 Nonlinear |R| = [32m5.841309e+05[39m
      0 Linear |R| = [32m5.841309e+05[39m
      1 Linear |R| = [32m5.453304e+05[39m
      2 Linear |R| = [32m4.360941e+05[39m
      3 Linear |R| = [32m2.834609e+05[39m
      4 Linear |R| = [32m1.373658e+05[39m
      5 Linear |R| = [32m4.652545e+04[39m
      6 Linear |R| = [32m1.518110e+04[39m
      7 Linear |R| = [32m4.547756e+03[39m
      8 Linear |R| = [32m1.308798e+03[39m
      9 Linear |R| = [32m3.849713e+02[39m
     10 Linear |R| = [32m1.221241e+02[39m
     11 Linear |R| = [32m3.927472e+01[39m
     12 Linear |R| = [32m1.228036e+01[39m
     13 Linear |R| = [32m4.014348e+00[39m
 7 Nonlinear |R| = [32m4.979244e+05[39m
      0 Linear |R| = [32m4.979244e+05[39m
      1 Linear |R| = [32m3.981183e+05[39m
      2 Linear |R| = [32m2.005806e+05[39m
      3 Linear |R| = [32m6.573776e+04[39m
      4 Linear |R| = [32m2.570213e+04[39m
      5 Linear |R| = [32m7.842433e+03[39m
      6 Linear |R| = [32m2.407040e+03[39m
      7 Linear |R| = [32m6.863273e+02[39m
      8 Linear |R| = [32m2.422147e+02[39m
      9 Linear |R| = [32m8.081662e+01[39m
     10 Linear |R| = [32m2.756964e+01[39m
     11 Linear |R| = [32m9.003188e+00[39m
     12 Linear |R| = [32m3.015738e+00[39m
 8 Nonlinear |R| = [32m3.146693e+05[39m
      0 Linear |R| = [32m3.146693e+05[39m
      1 Linear |R| = [32m7.309237e+04[39m
      2 Linear |R| = [32m1.567485e+04[39m
      3 Linear |R| = [32m4.816329e+03[39m
      4 Linear |R| = [32m1.767746e+03[39m
      5 Linear |R| = [32m5.610123e+02[39m
      6 Linear |R| = [32m1.629421e+02[39m
      7 Linear |R| = [32m5.281400e+01[39m
      8 Linear |R| = [32m1.832007e+01[39m
      9 Linear |R| = [32m6.221951e+00[39m
     10 Linear |R| = [32m2.001935e+00[39m
 9 Nonlinear |R| = [32m2.001940e+00[39m
[32m Solve Converged![39m

Postprocessor Values:
+----------------+----------------+----------------+----------------+
| time           | base_shear_x   | top_disp_x     | vonmises_max   |
+----------------+----------------+----------------+----------------+
|   0.000000e+00 |   0.000000e+00 |   0.000000e+00 |   0.000000e+00 |
|   5.000000e+00 |  -3.421612e+05 |  -4.631549e-03 |   2.747116e+06 |
|   1.000000e+01 |   3.819247e-01 |  -4.010718e-19 |   5.529947e+05 |
|   1.500000e+01 |   3.421613e+05 |   4.631549e-03 |   2.747117e+06 |
+----------------+----------------+----------------+----------------+


Time Step 4, time = 20, dt = 5
 0 Nonlinear |R| = [32m1.273682e+06[39m
      0 Linear |R| = [32m1.273682e+06[39m
      1 Linear |R| = [33m1.269453e+06[39m
      2 Linear |R| = [32m9.903900e+05[39m
      3 Linear |R| = [33m9.675322e+05[39m
      4 Linear |R| = [32m8.031785e+05[39m
      5 Linear |R| = [32m7.023761e+05[39m
      6 Linear |R| = [32m5.074984e+05[39m
      7 Linear |R| = [32m3.425741e+05[39m
      8 Linear |R| = [32m1.701608e+05[39m
      9 Linear |R| = [32m8.605900e+04[39m
     10 Linear |R| = [32m5.439254e+04[39m
     11 Linear |R| = [32m3.351623e+04[39m
     12 Linear |R| = [32m2.378888e+04[39m
     13 Linear |R| = [32m1.615950e+04[39m
     14 Linear |R| = [32m1.079038e+04[39m
     15 Linear |R| = [32m6.841182e+03[39m
     16 Linear |R| = [32m3.497175e+03[39m
     17 Linear |R| = [32m1.906480e+03[39m
     18 Linear |R| = [32m9.795999e+02[39m
     19 Linear |R| = [32m4.689691e+02[39m
     20 Linear |R| = [32m2.294678e+02[39m
     21 Linear |R| = [32m1.179194e+02[39m
     22 Linear |R| = [32m6.029664e+01[39m
     23 Linear |R| = [32m2.712987e+01[39m
     24 Linear |R| = [32m1.341110e+01[39m
     25 Linear |R| = [32m6.819080e+00[39m
 1 Nonlinear |R| = [33m1.257477e+06[39m
      0 Linear |R| = [32m1.257477e+06[39m
      1 Linear |R| = [33m1.252945e+06[39m
      2 Linear |R| = [32m9.806670e+05[39m
      3 Linear |R| = [33m9.575864e+05[39m
      4 Linear |R| = [32m7.916283e+05[39m
      5 Linear |R| = [32m6.926160e+05[39m
      6 Linear |R| = [32m5.002754e+05[39m
      7 Linear |R| = [32m3.308129e+05[39m
      8 Linear |R| = [32m1.607129e+05[39m
      9 Linear |R| = [32m8.492129e+04[39m
     10 Linear |R| = [32m5.387675e+04[39m
     11 Linear |R| = [32m3.313434e+04[39m
     12 Linear |R| = [32m2.357308e+04[39m
     13 Linear |R| = [32m1.596358e+04[39m
     14 Linear |R| = [32m1.056579e+04[39m
     15 Linear |R| = [32m6.463831e+03[39m
     16 Linear |R| = [32m3.392074e+03[39m
     17 Linear |R| = [32m1.846257e+03[39m
     18 Linear |R| = [32m8.997064e+02[39m
     19 Linear |R| = [32m4.377498e+02[39m
     20 Linear |R| = [32m2.177172e+02[39m
     21 Linear |R| = [32m1.096205e+02[39m
     22 Linear |R| = [32m5.390170e+01[39m
     23 Linear |R| = [32m2.370642e+01[39m
     24 Linear |R| = [32m1.213381e+01[39m
 2 Nonlinear |R| = [33m1.242016e+06[39m
      0 Linear |R| = [32m1.242016e+06[39m
      1 Linear |R| = [33m1.237038e+06[39m
      2 Linear |R| = [32m9.721618e+05[39m
      3 Linear |R| = [33m9.481456e+05[39m
      4 Linear |R| = [32m7.797706e+05[39m
      5 Linear |R| = [32m6.832819e+05[39m
      6 Linear |R| = [32m4.922991e+05[39m
      7 Linear |R| = [32m3.142295e+05[39m
      8 Linear |R| = [32m1.511844e+05[39m
      9 Linear |R| = [32m8.457929e+04[39m
     10 Linear |R| = [32m5.305817e+04[39m
     11 Linear |R| = [32m3.284653e+04[39m
     12 Linear |R| = [32m2.343608e+04[39m
     13 Linear |R| = [32m1.581193e+04[39m
     14 Linear |R| = [32m1.018611e+04[39m
     15 Linear |R| = [32m6.077662e+03[39m
     16 Linear |R| = [32m3.295014e+03[39m
     17 Linear |R| = [32m1.707343e+03[39m
     18 Linear |R| = [32m8.083312e+02[39m
     19 Linear |R| = [32m4.047423e+02[39m
     20 Linear |R| = [32m1.995172e+02[39m
     21 Linear |R| = [32m9.666346e+01[39m
     22 Linear |R| = [32m4.512751e+01[39m
     23 Linear |R| = [32m2.037254e+01[39m
     24 Linear |R| = [32m1.064765e+01[39m
 3 Nonlinear |R| = [33m1.227383e+06[39m
      0 Linear |R| = [32m1.227383e+06[39m
      1 Linear |R| = [33m1.221731e+06[39m
      2 Linear |R| = [32m9.647925e+05[39m
      3 Linear |R| = [33m9.382501e+05[39m
      4 Linear |R| = [32m7.673337e+05[39m
      5 Linear |R| = [32m6.746187e+05[39m
      6 Linear |R| = [32m4.809255e+05[39m
      7 Linear |R| = [32m2.905026e+05[39m
      8 Linear |R| = [32m1.432855e+05[39m
      9 Linear |R| = [32m8.470113e+04[39m
     10 Linear |R| = [32m5.157357e+04[39m
     11 Linear |R| = [32m3.277172e+04[39m
     12 Linear |R| = [32m2.340650e+04[39m
     13 Linear |R| = [32m1.559975e+04[39m
     14 Linear |R| = [32m9.611233e+03[39m
     15 Linear |R| = [32m5.768716e+03[39m
     16 Linear |R| = [32m3.065208e+03[39m
     17 Linear |R| = [32m1.469357e+03[39m
     18 Linear |R| = [32m7.174144e+02[39m
     19 Linear |R| = [32m3.592480e+02[39m
     20 Linear |R| = [32m1.692867e+02[39m
     21 Linear |R| = [32m7.686630e+01[39m
     22 Linear |R| = [32m3.553280e+01[39m
     23 Linear |R| = [32m1.697912e+01[39m
     24 Linear |R| = [32m8.501481e+00[39m
 4 Nonlinear |R| = [33m1.213747e+06[39m
      0 Linear |R| = [32m1.213747e+06[39m
      1 Linear |R| = [33m1.207111e+06[39m
      2 Linear |R| = [32m9.586280e+05[39m
      3 Linear |R| = [33m9.261049e+05[39m
      4 Linear |R| = [32m7.574450e+05[39m
      5 Linear |R| = [32m6.702758e+05[39m
      6 Linear |R| = [32m4.631495e+05[39m
      7 Linear |R| = [32m2.630611e+05[39m
      8 Linear |R| = [32m1.404571e+05[39m
      9 Linear |R| = [32m8.459689e+04[39m
     10 Linear |R| = [32m5.007683e+04[39m
     11 Linear |R| = [32m3.327204e+04[39m
     12 Linear |R| = [32m2.367120e+04[39m
     13 Linear |R| = [32m1.521260e+04[39m
     14 Linear |R| = [32m9.127735e+03[39m
     15 Linear |R| = [32m5.454598e+03[39m
     16 Linear |R| = [32m2.575061e+03[39m
     17 Linear |R| = [32m1.223954e+03[39m
     18 Linear |R| = [32m6.219659e+02[39m
     19 Linear |R| = [32m2.896562e+02[39m
     20 Linear |R| = [32m1.257505e+02[39m
     21 Linear |R| = [32m5.598377e+01[39m
     22 Linear |R| = [32m2.715872e+01[39m
     23 Linear |R| = [32m1.253602e+01[39m
     24 Linear |R| = [32m5.930048e+00[39m
 5 Nonlinear |R| = [33m1.200730e+06[39m
      0 Linear |R| = [32m1.200730e+06[39m
      1 Linear |R| = [33m1.192606e+06[39m
      2 Linear |R| = [32m9.473995e+05[39m
      3 Linear |R| = [33m9.030363e+05[39m
      4 Linear |R| = [32m7.452556e+05[39m
      5 Linear |R| = [32m6.605933e+05[39m
      6 Linear |R| = [32m4.180418e+05[39m
      7 Linear |R| = [32m2.369195e+05[39m
      8 Linear |R| = [32m1.390068e+05[39m
      9 Linear |R| = [32m7.985236e+04[39m
     10 Linear |R| = [32m4.828150e+04[39m
     11 Linear |R| = [32m3.371043e+04[39m
     12 Linear |R| = [32m2.355935e+04[39m
     13 Linear |R| = [32m1.406488e+04[39m
     14 Linear |R| = [32m8.535540e+03[39m
     15 Linear |R| = [32m4.528040e+03[39m
     16 Linear |R| = [32m2.023784e+03[39m
     17 Linear |R| = [32m9.876710e+02[39m
     18 Linear |R| = [32m4.550786e+02[39m
     19 Linear |R| = [32m1.977104e+02[39m
     20 Linear |R| = [32m8.522794e+01[39m
     21 Linear |R| = [32m3.842513e+01[39m
     22 Linear |R| = [32m1.779248e+01[39m
     23 Linear |R| = [32m7.721563e+00[39m
 6 Nonlinear |R| = [33m1.152682e+06[39m
      0 Linear |R| = [32m1.152682e+06[39m
      1 Linear |R| = [32m1.061351e+06[39m
      2 Linear |R| = [32m8.521329e+05[39m
      3 Linear |R| = [32m5.899629e+05[39m
      4 Linear |R| = [32m4.270398e+05[39m
      5 Linear |R| = [32m2.485914e+05[39m
      6 Linear |R| = [32m1.246295e+05[39m
      7 Linear |R| = [32m6.143255e+04[39m
      8 Linear |R| = [32m2.723693e+04[39m
      9 Linear |R| = [32m1.150655e+04[39m
     10 Linear |R| = [32m5.567916e+03[39m
     11 Linear |R| = [32m3.203728e+03[39m
     12 Linear |R| = [32m2.046737e+03[39m
     13 Linear |R| = [32m1.107438e+03[39m
     14 Linear |R| = [32m5.521533e+02[39m
     15 Linear |R| = [32m2.524937e+02[39m
     16 Linear |R| = [32m1.038174e+02[39m
     17 Linear |R| = [32m4.542378e+01[39m
     18 Linear |R| = [32m2.140128e+01[39m
     19 Linear |R| = [32m1.008059e+01[39m
 7 Nonlinear |R| = [32m9.783328e+05[39m
      0 Linear |R| = [32m9.783328e+05[39m
      1 Linear |R| = [32m5.682599e+05[39m
      2 Linear |R| = [32m3.995352e+05[39m
      3 Linear |R| = [32m1.680806e+05[39m
      4 Linear |R| = [32m5.407596e+04[39m
      5 Linear |R| = [32m2.195883e+04[39m
      6 Linear |R| = [32m8.699304e+03[39m
      7 Linear |R| = [32m3.455337e+03[39m
      8 Linear |R| = [32m1.593893e+03[39m
      9 Linear |R| = [32m8.020722e+02[39m
     10 Linear |R| = [32m3.567710e+02[39m
     11 Linear |R| = [32m1.232453e+02[39m
     12 Linear |R| = [32m4.738442e+01[39m
     13 Linear |R| = [32m1.661310e+01[39m
     14 Linear |R| = [32m6.018024e+00[39m
 8 Nonlinear |R| = [32m6.832423e+05[39m
      0 Linear |R| = [32m6.832423e+05[39m
      1 Linear |R| = [32m1.591047e+05[39m
      2 Linear |R| = [32m4.421238e+04[39m
      3 Linear |R| = [32m1.425125e+04[39m
      4 Linear |R| = [32m4.555439e+03[39m
      5 Linear |R| = [32m1.548633e+03[39m
      6 Linear |R| = [32m4.495496e+02[39m
      7 Linear |R| = [32m1.435149e+02[39m
      8 Linear |R| = [32m4.158107e+01[39m
      9 Linear |R| = [32m1.388544e+01[39m
     10 Linear |R| = [32m4.131730e+00[39m
 9 Nonlinear |R| = [32m4.936994e+00[39m
[32m Solve Converged![39m

Postprocessor Values:
+----------------+----------------+----------------+----------------+
| time           | base_shear_x   | top_disp_x     | vonmises_max   |
+----------------+----------------+----------------+----------------+
|   0.000000e+00 |   0.000000e+00 |   0.000000e+00 |   0.000000e+00 |
|   5.000000e+00 |  -3.421612e+05 |  -4.631549e-03 |   2.747116e+06 |
|   1.000000e+01 |   3.819247e-01 |  -4.010718e-19 |   5.529947e+05 |
|   1.500000e+01 |   3.421613e+05 |   4.631549e-03 |   2.747117e+06 |
|   2.000000e+01 |   4.833129e+05 |   6.550000e-03 |   3.438352e+06 |
+----------------+----------------+----------------+----------------+


Time Step 5, time = 25, dt = 5
 0 Nonlinear |R| = [32m1.871683e+06[39m
      0 Linear |R| = [32m1.871683e+06[39m
      1 Linear |R| = [33m1.863999e+06[39m
      2 Linear |R| = [32m1.378840e+06[39m
      3 Linear |R| = [33m1.345904e+06[39m
      4 Linear |R| = [32m1.074986e+06[39m
      5 Linear |R| = [32m8.144089e+05[39m
      6 Linear |R| = [32m4.918396e+05[39m
      7 Linear |R| = [32m2.871392e+05[39m
      8 Linear |R| = [32m1.462979e+05[39m
      9 Linear |R| = [32m8.392291e+04[39m
     10 Linear |R| = [32m5.744863e+04[39m
     11 Linear |R| = [32m3.884800e+04[39m
     12 Linear |R| = [32m2.844818e+04[39m
     13 Linear |R| = [32m1.744726e+04[39m
     14 Linear |R| = [32m1.016527e+04[39m
     15 Linear |R| = [32m5.891240e+03[39m
     16 Linear |R| = [32m2.876225e+03[39m
     17 Linear |R| = [32m1.531335e+03[39m
     18 Linear |R| = [32m8.408384e+02[39m
     19 Linear |R| = [32m4.479068e+02[39m
     20 Linear |R| = [32m2.460227e+02[39m
     21 Linear |R| = [32m1.411849e+02[39m
     22 Linear |R| = [32m7.858288e+01[39m
     23 Linear |R| = [32m3.960008e+01[39m
     24 Linear |R| = [32m2.060776e+01[39m
     25 Linear |R| = [32m1.028943e+01[39m
 1 Nonlinear |R| = [32m1.634165e+06[39m
      0 Linear |R| = [32m1.634165e+06[39m
      1 Linear |R| = [33m1.611484e+06[39m
      2 Linear |R| = [32m1.255287e+06[39m
      3 Linear |R| = [33m1.238480e+06[39m
      4 Linear |R| = [32m1.010974e+06[39m
      5 Linear |R| = [32m8.698826e+05[39m
      6 Linear |R| = [32m6.336131e+05[39m
      7 Linear |R| = [32m4.384826e+05[39m
      8 Linear |R| = [32m2.517623e+05[39m
      9 Linear |R| = [32m1.216624e+05[39m
     10 Linear |R| = [32m6.916515e+04[39m
     11 Linear |R| = [32m4.164244e+04[39m
     12 Linear |R| = [32m2.908464e+04[39m
     13 Linear |R| = [32m2.108144e+04[39m
     14 Linear |R| = [32m1.351189e+04[39m
     15 Linear |R| = [32m9.121611e+03[39m
     16 Linear |R| = [32m5.776135e+03[39m
     17 Linear |R| = [32m2.772189e+03[39m
     18 Linear |R| = [32m1.282296e+03[39m
     19 Linear |R| = [32m7.731319e+02[39m
     20 Linear |R| = [32m4.035879e+02[39m
     21 Linear |R| = [32m1.786255e+02[39m
     22 Linear |R| = [32m9.218310e+01[39m
     23 Linear |R| = [32m4.812943e+01[39m
     24 Linear |R| = [32m2.612319e+01[39m
     25 Linear |R| = [32m1.285290e+01[39m
 2 Nonlinear |R| = [32m7.897037e+05[39m
      0 Linear |R| = [32m7.897037e+05[39m
      1 Linear |R| = [32m1.311589e+05[39m
      2 Linear |R| = [32m4.110997e+04[39m
      3 Linear |R| = [32m1.600734e+04[39m
      4 Linear |R| = [32m4.612190e+03[39m
      5 Linear |R| = [32m1.659729e+03[39m
      6 Linear |R| = [32m5.044674e+02[39m
      7 Linear |R| = [32m1.755121e+02[39m
      8 Linear |R| = [32m6.564775e+01[39m
      9 Linear |R| = [32m2.066123e+01[39m
     10 Linear |R| = [32m7.131648e+00[39m
 3 Nonlinear |R| = [32m7.131671e+00[39m
[32m Solve Converged![39m

Postprocessor Values:
+----------------+----------------+----------------+----------------+
| time           | base_shear_x   | top_disp_x     | vonmises_max   |
+----------------+----------------+----------------+----------------+
|   0.000000e+00 |   0.000000e+00 |   0.000000e+00 |   0.000000e+00 |
|   5.000000e+00 |  -3.421612e+05 |  -4.631549e-03 |   2.747116e+06 |
|   1.000000e+01 |   3.819247e-01 |  -4.010718e-19 |   5.529947e+05 |
|   1.500000e+01 |   3.421613e+05 |   4.631549e-03 |   2.747117e+06 |
|   2.000000e+01 |   4.833129e+05 |   6.550000e-03 |   3.438352e+06 |
|   2.500000e+01 |   3.415832e+05 |   4.631549e-03 |   2.529579e+06 |
+----------------+----------------+----------------+----------------+


Time Step 6, time = 30, dt = 5
 0 Nonlinear |R| = [32m1.770475e+06[39m
      0 Linear |R| = [32m1.770475e+06[39m
      1 Linear |R| = [33m1.763400e+06[39m
      2 Linear |R| = [32m1.305868e+06[39m
      3 Linear |R| = [33m1.277225e+06[39m
      4 Linear |R| = [32m1.032118e+06[39m
      5 Linear |R| = [32m8.128268e+05[39m
      6 Linear |R| = [32m4.954086e+05[39m
      7 Linear |R| = [32m3.019026e+05[39m
      8 Linear |R| = [32m1.726667e+05[39m
      9 Linear |R| = [32m9.169684e+04[39m
     10 Linear |R| = [32m5.642095e+04[39m
     11 Linear |R| = [32m3.592162e+04[39m
     12 Linear |R| = [32m2.619469e+04[39m
     13 Linear |R| = [32m1.827556e+04[39m
     14 Linear |R| = [32m1.075452e+04[39m
     15 Linear |R| = [32m7.096031e+03[39m
     16 Linear |R| = [32m4.523801e+03[39m
     17 Linear |R| = [32m2.318878e+03[39m
     18 Linear |R| = [32m1.258366e+03[39m
     19 Linear |R| = [32m7.625985e+02[39m
     20 Linear |R| = [32m3.865944e+02[39m
     21 Linear |R| = [32m1.915041e+02[39m
     22 Linear |R| = [32m1.085384e+02[39m
     23 Linear |R| = [32m5.750362e+01[39m
     24 Linear |R| = [32m3.021012e+01[39m
     25 Linear |R| = [32m1.438013e+01[39m
 1 Nonlinear |R| = [32m1.653252e+06[39m
      0 Linear |R| = [32m1.653252e+06[39m
      1 Linear |R| = [33m1.651410e+06[39m
      2 Linear |R| = [32m1.261549e+06[39m
      3 Linear |R| = [33m1.221640e+06[39m
      4 Linear |R| = [32m1.011874e+06[39m
      5 Linear |R| = [32m8.655947e+05[39m
      6 Linear |R| = [32m6.107348e+05[39m
      7 Linear |R| = [32m4.166487e+05[39m
      8 Linear |R| = [32m2.186278e+05[39m
      9 Linear |R| = [32m1.059449e+05[39m
     10 Linear |R| = [32m6.204439e+04[39m
     11 Linear |R| = [32m3.616635e+04[39m
     12 Linear |R| = [32m2.489091e+04[39m
     13 Linear |R| = [32m1.672246e+04[39m
     14 Linear |R| = [32m1.124718e+04[39m
     15 Linear |R| = [32m7.985961e+03[39m
     16 Linear |R| = [32m4.547196e+03[39m
     17 Linear |R| = [32m2.446874e+03[39m
     18 Linear |R| = [32m1.364149e+03[39m
     19 Linear |R| = [32m7.027675e+02[39m
     20 Linear |R| = [32m3.325274e+02[39m
     21 Linear |R| = [32m1.695728e+02[39m
     22 Linear |R| = [32m9.029514e+01[39m
     23 Linear |R| = [32m4.366892e+01[39m
     24 Linear |R| = [32m2.177593e+01[39m
     25 Linear |R| = [32m1.058210e+01[39m
 2 Nonlinear |R| = [32m7.850806e+05[39m
      0 Linear |R| = [32m7.850806e+05[39m
      1 Linear |R| = [32m4.628819e+05[39m
      2 Linear |R| = [32m2.820541e+05[39m
      3 Linear |R| = [32m1.581677e+05[39m
      4 Linear |R| = [32m7.948291e+04[39m
      5 Linear |R| = [32m2.696673e+04[39m
      6 Linear |R| = [32m8.604476e+03[39m
      7 Linear |R| = [32m2.520954e+03[39m
      8 Linear |R| = [32m8.678625e+02[39m
      9 Linear |R| = [32m2.777213e+02[39m
     10 Linear |R| = [32m9.328232e+01[39m
     11 Linear |R| = [32m2.808506e+01[39m
     12 Linear |R| = [32m9.628916e+00[39m
     13 Linear |R| = [32m3.017966e+00[39m
 3 Nonlinear |R| = [32m6.510488e+05[39m
      0 Linear |R| = [32m6.510488e+05[39m
      1 Linear |R| = [32m4.155484e+05[39m
      2 Linear |R| = [32m2.640019e+05[39m
      3 Linear |R| = [32m8.492860e+04[39m
      4 Linear |R| = [32m2.842224e+04[39m
      5 Linear |R| = [32m9.401938e+03[39m
      6 Linear |R| = [32m3.050653e+03[39m
      7 Linear |R| = [32m9.719214e+02[39m
      8 Linear |R| = [32m3.179640e+02[39m
      9 Linear |R| = [32m9.997120e+01[39m
     10 Linear |R| = [32m3.599060e+01[39m
     11 Linear |R| = [32m1.179106e+01[39m
     12 Linear |R| = [32m3.960915e+00[39m
 4 Nonlinear |R| = [32m4.620381e+05[39m
      0 Linear |R| = [32m4.620381e+05[39m
      1 Linear |R| = [32m4.029784e+05[39m
      2 Linear |R| = [32m2.297088e+05[39m
      3 Linear |R| = [32m7.940114e+04[39m
      4 Linear |R| = [32m3.436220e+04[39m
      5 Linear |R| = [32m1.080598e+04[39m
      6 Linear |R| = [32m3.297339e+03[39m
      7 Linear |R| = [32m9.479949e+02[39m
      8 Linear |R| = [32m3.070186e+02[39m
      9 Linear |R| = [32m1.049699e+02[39m
     10 Linear |R| = [32m3.519883e+01[39m
     11 Linear |R| = [32m1.127310e+01[39m
     12 Linear |R| = [32m3.763879e+00[39m
 5 Nonlinear |R| = [32m2.322079e+05[39m
      0 Linear |R| = [32m2.322079e+05[39m
      1 Linear |R| = [32m5.852484e+04[39m
      2 Linear |R| = [32m1.471926e+04[39m
      3 Linear |R| = [32m5.976738e+03[39m
      4 Linear |R| = [32m1.808660e+03[39m
      5 Linear |R| = [32m5.447586e+02[39m
      6 Linear |R| = [32m1.591983e+02[39m
      7 Linear |R| = [32m5.483391e+01[39m
      8 Linear |R| = [32m1.760078e+01[39m
      9 Linear |R| = [32m5.496463e+00[39m
     10 Linear |R| = [32m1.779134e+00[39m
 6 Nonlinear |R| = [32m1.779137e+00[39m
[32m Solve Converged![39m

Postprocessor Values:
+----------------+----------------+----------------+----------------+
| time           | base_shear_x   | top_disp_x     | vonmises_max   |
+----------------+----------------+----------------+----------------+
|   0.000000e+00 |   0.000000e+00 |   0.000000e+00 |   0.000000e+00 |
|   5.000000e+00 |  -3.421612e+05 |  -4.631549e-03 |   2.747116e+06 |
|   1.000000e+01 |   3.819247e-01 |  -4.010718e-19 |   5.529947e+05 |
|   1.500000e+01 |   3.421613e+05 |   4.631549e-03 |   2.747117e+06 |
|   2.000000e+01 |   4.833129e+05 |   6.550000e-03 |   3.438352e+06 |
|   2.500000e+01 |   3.415832e+05 |   4.631549e-03 |   2.529579e+06 |
|   3.000000e+01 |  -5.768099e+02 |   1.203215e-18 |   5.525124e+05 |
+----------------+----------------+----------------+----------------+


Time Step 7, time = 35, dt = 5
 0 Nonlinear |R| = [32m1.519571e+06[39m
      0 Linear |R| = [32m1.519571e+06[39m
      1 Linear |R| = [33m1.514441e+06[39m
      2 Linear |R| = [32m1.146598e+06[39m
      3 Linear |R| = [33m1.121484e+06[39m
      4 Linear |R| = [32m9.059311e+05[39m
      5 Linear |R| = [32m7.405162e+05[39m
      6 Linear |R| = [32m4.945541e+05[39m
      7 Linear |R| = [32m3.355574e+05[39m
      8 Linear |R| = [32m1.930644e+05[39m
      9 Linear |R| = [32m9.706154e+04[39m
     10 Linear |R| = [32m5.705874e+04[39m
     11 Linear |R| = [32m3.532783e+04[39m
     12 Linear |R| = [32m2.474181e+04[39m
     13 Linear |R| = [32m1.696871e+04[39m
     14 Linear |R| = [32m1.072406e+04[39m
     15 Linear |R| = [32m7.555919e+03[39m
     16 Linear |R| = [32m4.793553e+03[39m
     17 Linear |R| = [32m2.403024e+03[39m
     18 Linear |R| = [32m1.296015e+03[39m
     19 Linear |R| = [32m7.610782e+02[39m
     20 Linear |R| = [32m3.622015e+02[39m
     21 Linear |R| = [32m1.700735e+02[39m
     22 Linear |R| = [32m9.351275e+01[39m
     23 Linear |R| = [32m4.813038e+01[39m
     24 Linear |R| = [32m2.503353e+01[39m
     25 Linear |R| = [32m1.187082e+01[39m
 1 Nonlinear |R| = [32m9.752393e+05[39m
      0 Linear |R| = [32m9.752393e+05[39m
      1 Linear |R| = [32m6.666847e+05[39m
      2 Linear |R| = [32m4.243031e+05[39m
      3 Linear |R| = [32m2.203146e+05[39m
      4 Linear |R| = [32m1.145896e+05[39m
      5 Linear |R| = [32m5.006554e+04[39m
      6 Linear |R| = [32m2.114809e+04[39m
      7 Linear |R| = [32m8.896322e+03[39m
      8 Linear |R| = [32m5.559801e+03[39m
      9 Linear |R| = [32m3.342779e+03[39m
     10 Linear |R| = [32m1.566313e+03[39m
     11 Linear |R| = [32m5.900168e+02[39m
     12 Linear |R| = [32m1.886240e+02[39m
     13 Linear |R| = [32m5.259358e+01[39m
     14 Linear |R| = [32m1.597789e+01[39m
     15 Linear |R| = [32m5.613134e+00[39m
 2 Nonlinear |R| = [32m8.535515e+05[39m
      0 Linear |R| = [32m8.535515e+05[39m
      1 Linear |R| = [32m5.598007e+05[39m
      2 Linear |R| = [32m3.618621e+05[39m
      3 Linear |R| = [32m1.094049e+05[39m
      4 Linear |R| = [32m3.135084e+04[39m
      5 Linear |R| = [32m1.094673e+04[39m
      6 Linear |R| = [32m4.189232e+03[39m
      7 Linear |R| = [32m2.216260e+03[39m
      8 Linear |R| = [32m1.432357e+03[39m
      9 Linear |R| = [32m8.331459e+02[39m
     10 Linear |R| = [32m3.610328e+02[39m
     11 Linear |R| = [32m1.246357e+02[39m
     12 Linear |R| = [32m4.502849e+01[39m
     13 Linear |R| = [32m1.489801e+01[39m
     14 Linear |R| = [32m4.838859e+00[39m
 3 Nonlinear |R| = [32m6.840993e+05[39m
      0 Linear |R| = [32m6.840993e+05[39m
      1 Linear |R| = [32m5.786181e+05[39m
      2 Linear |R| = [32m3.141164e+05[39m
      3 Linear |R| = [32m1.098185e+05[39m
      4 Linear |R| = [32m4.370148e+04[39m
      5 Linear |R| = [32m1.380957e+04[39m
      6 Linear |R| = [32m4.347863e+03[39m
      7 Linear |R| = [32m1.384300e+03[39m
      8 Linear |R| = [32m6.913608e+02[39m
      9 Linear |R| = [32m4.414546e+02[39m
     10 Linear |R| = [32m2.749084e+02[39m
     11 Linear |R| = [32m1.237433e+02[39m
     12 Linear |R| = [32m4.939579e+01[39m
     13 Linear |R| = [32m1.620335e+01[39m
     14 Linear |R| = [32m5.176660e+00[39m
 4 Nonlinear |R| = [32m5.564210e+05[39m
      0 Linear |R| = [32m5.564210e+05[39m
      1 Linear |R| = [32m1.793812e+05[39m
      2 Linear |R| = [32m4.790612e+04[39m
      3 Linear |R| = [32m1.504749e+04[39m
      4 Linear |R| = [32m5.396652e+03[39m
      5 Linear |R| = [32m1.578486e+03[39m
      6 Linear |R| = [32m4.712715e+02[39m
      7 Linear |R| = [32m1.523684e+02[39m
      8 Linear |R| = [32m5.235758e+01[39m
      9 Linear |R| = [32m1.714687e+01[39m
     10 Linear |R| = [32m5.752787e+00[39m
     11 Linear |R| = [32m1.984813e+00[39m
 5 Nonlinear |R| = [32m1.628186e+05[39m
      0 Linear |R| = [32m1.628186e+05[39m
      1 Linear |R| = [32m4.139126e+04[39m
      2 Linear |R| = [32m8.732788e+03[39m
      3 Linear |R| = [32m2.939290e+03[39m
      4 Linear |R| = [32m9.988041e+02[39m
      5 Linear |R| = [32m3.184541e+02[39m
      6 Linear |R| = [32m9.294717e+01[39m
      7 Linear |R| = [32m3.083757e+01[39m
      8 Linear |R| = [32m1.020008e+01[39m
      9 Linear |R| = [32m3.369357e+00[39m
     10 Linear |R| = [32m1.075628e+00[39m
 6 Nonlinear |R| = [32m1.075625e+00[39m
[32m Solve Converged![39m

Postprocessor Values:
+----------------+----------------+----------------+----------------+
| time           | base_shear_x   | top_disp_x     | vonmises_max   |
+----------------+----------------+----------------+----------------+
|   0.000000e+00 |   0.000000e+00 |   0.000000e+00 |   0.000000e+00 |
|   5.000000e+00 |  -3.421612e+05 |  -4.631549e-03 |   2.747116e+06 |
|   1.000000e+01 |   3.819247e-01 |  -4.010718e-19 |   5.529947e+05 |
|   1.500000e+01 |   3.421613e+05 |   4.631549e-03 |   2.747117e+06 |
|   2.000000e+01 |   4.833129e+05 |   6.550000e-03 |   3.438352e+06 |
|   2.500000e+01 |   3.415832e+05 |   4.631549e-03 |   2.529579e+06 |
|   3.000000e+01 |  -5.768099e+02 |   1.203215e-18 |   5.525124e+05 |
|   3.500000e+01 |  -3.427369e+05 |  -4.631549e-03 |   2.746626e+06 |
+----------------+----------------+----------------+----------------+


Time Step 8, time = 40, dt = 5
 0 Nonlinear |R| = [32m1.279045e+06[39m
      0 Linear |R| = [32m1.279045e+06[39m
      1 Linear |R| = [33m1.273897e+06[39m
      2 Linear |R| = [32m9.876314e+05[39m
      3 Linear |R| = [33m9.681944e+05[39m
      4 Linear |R| = [32m8.084120e+05[39m
      5 Linear |R| = [32m7.069346e+05[39m
      6 Linear |R| = [32m5.121586e+05[39m
      7 Linear |R| = [32m3.561083e+05[39m
      8 Linear |R| = [32m1.963611e+05[39m
      9 Linear |R| = [32m9.284553e+04[39m
     10 Linear |R| = [32m5.318716e+04[39m
     11 Linear |R| = [32m3.256647e+04[39m
     12 Linear |R| = [32m2.271623e+04[39m
     13 Linear |R| = [32m1.598833e+04[39m
     14 Linear |R| = [32m1.045399e+04[39m
     15 Linear |R| = [32m7.245430e+03[39m
     16 Linear |R| = [32m4.254514e+03[39m
     17 Linear |R| = [32m2.008395e+03[39m
     18 Linear |R| = [32m1.027373e+03[39m
     19 Linear |R| = [32m5.963705e+02[39m
     20 Linear |R| = [32m2.833134e+02[39m
     21 Linear |R| = [32m1.306765e+02[39m
     22 Linear |R| = [32m7.056758e+01[39m
     23 Linear |R| = [32m3.617476e+01[39m
     24 Linear |R| = [32m1.887407e+01[39m
     25 Linear |R| = [32m8.879142e+00[39m
 1 Nonlinear |R| = [32m1.108348e+06[39m
      0 Linear |R| = [32m1.108348e+06[39m
      1 Linear |R| = [33m1.103228e+06[39m
      2 Linear |R| = [32m8.769561e+05[39m
      3 Linear |R| = [33m8.571665e+05[39m
      4 Linear |R| = [32m7.100300e+05[39m
      5 Linear |R| = [32m6.201311e+05[39m
      6 Linear |R| = [32m4.374199e+05[39m
      7 Linear |R| = [32m2.732338e+05[39m
      8 Linear |R| = [32m1.351612e+05[39m
      9 Linear |R| = [32m7.768829e+04[39m
     10 Linear |R| = [32m4.688727e+04[39m
     11 Linear |R| = [32m2.808206e+04[39m
     12 Linear |R| = [32m1.974363e+04[39m
     13 Linear |R| = [32m1.353842e+04[39m
     14 Linear |R| = [32m8.758615e+03[39m
     15 Linear |R| = [32m5.333710e+03[39m
     16 Linear |R| = [32m2.843203e+03[39m
     17 Linear |R| = [32m1.456067e+03[39m
     18 Linear |R| = [32m6.846634e+02[39m
     19 Linear |R| = [32m3.359028e+02[39m
     20 Linear |R| = [32m1.649461e+02[39m
     21 Linear |R| = [32m7.758163e+01[39m
     22 Linear |R| = [32m3.595226e+01[39m
     23 Linear |R| = [32m1.620404e+01[39m
     24 Linear |R| = [32m8.316029e+00[39m
 2 Nonlinear |R| = [33m1.097029e+06[39m
      0 Linear |R| = [32m1.097029e+06[39m
      1 Linear |R| = [33m1.091374e+06[39m
      2 Linear |R| = [32m8.727741e+05[39m
      3 Linear |R| = [33m8.504425e+05[39m
      4 Linear |R| = [32m7.020186e+05[39m
      5 Linear |R| = [32m6.137053e+05[39m
      6 Linear |R| = [32m4.215825e+05[39m
      7 Linear |R| = [32m2.549433e+05[39m
      8 Linear |R| = [32m1.316308e+05[39m
      9 Linear |R| = [32m7.813321e+04[39m
     10 Linear |R| = [32m4.520463e+04[39m
     11 Linear |R| = [32m2.779840e+04[39m
     12 Linear |R| = [32m1.982025e+04[39m
     13 Linear |R| = [32m1.341670e+04[39m
     14 Linear |R| = [32m8.379461e+03[39m
     15 Linear |R| = [32m5.061136e+03[39m
     16 Linear |R| = [32m2.553796e+03[39m
     17 Linear |R| = [32m1.227110e+03[39m
     18 Linear |R| = [32m5.928725e+02[39m
     19 Linear |R| = [32m2.940761e+02[39m
     20 Linear |R| = [32m1.368745e+02[39m
     21 Linear |R| = [32m6.127946e+01[39m
     22 Linear |R| = [32m2.877571e+01[39m
     23 Linear |R| = [32m1.354189e+01[39m
     24 Linear |R| = [32m6.796124e+00[39m
 3 Nonlinear |R| = [33m1.085687e+06[39m
      0 Linear |R| = [32m1.085687e+06[39m
      1 Linear |R| = [33m1.079327e+06[39m
      2 Linear |R| = [32m8.666317e+05[39m
      3 Linear |R| = [33m8.375900e+05[39m
      4 Linear |R| = [32m6.950268e+05[39m
      5 Linear |R| = [32m6.055485e+05[39m
      6 Linear |R| = [32m3.961482e+05[39m
      7 Linear |R| = [32m2.366508e+05[39m
      8 Linear |R| = [32m1.308560e+05[39m
      9 Linear |R| = [32m7.642989e+04[39m
     10 Linear |R| = [32m4.270347e+04[39m
     11 Linear |R| = [32m2.759275e+04[39m
     12 Linear |R| = [32m2.013814e+04[39m
     13 Linear |R| = [32m1.295005e+04[39m
     14 Linear |R| = [32m7.926120e+03[39m
     15 Linear |R| = [32m4.558716e+03[39m
     16 Linear |R| = [32m2.118540e+03[39m
     17 Linear |R| = [32m9.863958e+02[39m
     18 Linear |R| = [32m4.778182e+02[39m
     19 Linear |R| = [32m2.362221e+02[39m
     20 Linear |R| = [32m1.028558e+02[39m
     21 Linear |R| = [32m4.500938e+01[39m
     22 Linear |R| = [32m2.131543e+01[39m
     23 Linear |R| = [32m1.034278e+01[39m
 4 Nonlinear |R| = [33m1.073399e+06[39m
      0 Linear |R| = [32m1.073399e+06[39m
      1 Linear |R| = [33m1.043374e+06[39m
      2 Linear |R| = [32m8.015751e+05[39m
      3 Linear |R| = [33m7.720426e+05[39m
      4 Linear |R| = [32m5.975717e+05[39m
      5 Linear |R| = [32m3.992679e+05[39m
      6 Linear |R| = [32m2.459363e+05[39m
      7 Linear |R| = [32m1.572387e+05[39m
      8 Linear |R| = [32m6.746183e+04[39m
      9 Linear |R| = [32m3.615963e+04[39m
     10 Linear |R| = [32m2.193310e+04[39m
     11 Linear |R| = [32m1.393556e+04[39m
     12 Linear |R| = [32m9.421953e+03[39m
     13 Linear |R| = [32m5.808601e+03[39m
     14 Linear |R| = [32m3.101714e+03[39m
     15 Linear |R| = [32m1.316148e+03[39m
     16 Linear |R| = [32m5.968311e+02[39m
     17 Linear |R| = [32m3.014000e+02[39m
     18 Linear |R| = [32m1.364388e+02[39m
     19 Linear |R| = [32m6.224624e+01[39m
     20 Linear |R| = [32m2.994372e+01[39m
     21 Linear |R| = [32m1.404740e+01[39m
     22 Linear |R| = [32m5.885760e+00[39m
 5 Nonlinear |R| = [33m1.049914e+06[39m
      0 Linear |R| = [32m1.049914e+06[39m
      1 Linear |R| = [32m9.923523e+05[39m
      2 Linear |R| = [32m8.092308e+05[39m
      3 Linear |R| = [32m6.088762e+05[39m
      4 Linear |R| = [32m4.487783e+05[39m
      5 Linear |R| = [32m3.058798e+05[39m
      6 Linear |R| = [32m1.765076e+05[39m
      7 Linear |R| = [32m9.109067e+04[39m
      8 Linear |R| = [32m4.320703e+04[39m
      9 Linear |R| = [32m2.334471e+04[39m
     10 Linear |R| = [32m1.350376e+04[39m
     11 Linear |R| = [32m8.054677e+03[39m
     12 Linear |R| = [32m5.535824e+03[39m
     13 Linear |R| = [32m3.082041e+03[39m
     14 Linear |R| = [32m1.347058e+03[39m
     15 Linear |R| = [32m5.795443e+02[39m
     16 Linear |R| = [32m2.729906e+02[39m
     17 Linear |R| = [32m1.261641e+02[39m
     18 Linear |R| = [32m5.841340e+01[39m
     19 Linear |R| = [32m2.843254e+01[39m
     20 Linear |R| = [32m1.234142e+01[39m
     21 Linear |R| = [32m5.745067e+00[39m
 6 Nonlinear |R| = [32m9.349773e+05[39m
      0 Linear |R| = [32m9.349773e+05[39m
      1 Linear |R| = [32m2.060748e+05[39m
      2 Linear |R| = [32m5.588267e+04[39m
      3 Linear |R| = [32m2.517950e+04[39m
      4 Linear |R| = [32m9.587329e+03[39m
      5 Linear |R| = [32m4.750560e+03[39m
      6 Linear |R| = [32m2.197369e+03[39m
      7 Linear |R| = [32m9.244105e+02[39m
      8 Linear |R| = [32m3.323241e+02[39m
      9 Linear |R| = [32m1.499404e+02[39m
     10 Linear |R| = [32m6.700515e+01[39m
     11 Linear |R| = [32m2.693663e+01[39m
     12 Linear |R| = [32m1.068190e+01[39m
     13 Linear |R| = [32m3.775125e+00[39m
 7 Nonlinear |R| = [32m4.463440e+03[39m
      0 Linear |R| = [32m4.463440e+03[39m
      1 Linear |R| = [32m9.125649e+02[39m
      2 Linear |R| = [32m3.927224e+02[39m
      3 Linear |R| = [32m1.891966e+02[39m
      4 Linear |R| = [32m9.352735e+01[39m
      5 Linear |R| = [32m3.523682e+01[39m
      6 Linear |R| = [32m1.130574e+01[39m
      7 Linear |R| = [32m3.700030e+00[39m
      8 Linear |R| = [32m1.422191e+00[39m
      9 Linear |R| = [32m5.643718e-01[39m
     10 Linear |R| = [32m1.900852e-01[39m
     11 Linear |R| = [32m6.844462e-02[39m
     12 Linear |R| = [32m2.302991e-02[39m
 8 Nonlinear |R| = [32m1.406837e+00[39m
[32m Solve Converged![39m

Postprocessor Values:
+----------------+----------------+----------------+----------------+
| time           | base_shear_x   | top_disp_x     | vonmises_max   |
+----------------+----------------+----------------+----------------+
|   0.000000e+00 |   0.000000e+00 |   0.000000e+00 |   0.000000e+00 |
|   5.000000e+00 |  -3.421612e+05 |  -4.631549e-03 |   2.747116e+06 |
|   1.000000e+01 |   3.819247e-01 |  -4.010718e-19 |   5.529947e+05 |
|   1.500000e+01 |   3.421613e+05 |   4.631549e-03 |   2.747117e+06 |
|   2.000000e+01 |   4.833129e+05 |   6.550000e-03 |   3.438352e+06 |
|   2.500000e+01 |   3.415832e+05 |   4.631549e-03 |   2.529579e+06 |
|   3.000000e+01 |  -5.768099e+02 |   1.203215e-18 |   5.525124e+05 |
|   3.500000e+01 |  -3.427369e+05 |  -4.631549e-03 |   2.746626e+06 |
|   4.000000e+01 |  -6.565482e+05 |  -9.000000e-03 |   3.500000e+06 |
+----------------+----------------+----------------+----------------+


Time Step 9, time = 45, dt = 5
 0 Nonlinear |R| = [32m2.004906e+06[39m
      0 Linear |R| = [32m2.004906e+06[39m
      1 Linear |R| = [33m1.995044e+06[39m
      2 Linear |R| = [32m1.462142e+06[39m
      3 Linear |R| = [33m1.433664e+06[39m
      4 Linear |R| = [32m1.181368e+06[39m
      5 Linear |R| = [32m9.078390e+05[39m
      6 Linear |R| = [32m5.377669e+05[39m
      7 Linear |R| = [32m3.060613e+05[39m
      8 Linear |R| = [32m1.656972e+05[39m
      9 Linear |R| = [32m9.601515e+04[39m
     10 Linear |R| = [32m6.570748e+04[39m
     11 Linear |R| = [32m4.394679e+04[39m
     12 Linear |R| = [32m3.246226e+04[39m
     13 Linear |R| = [32m2.101223e+04[39m
     14 Linear |R| = [32m1.164803e+04[39m
     15 Linear |R| = [32m6.691933e+03[39m
     16 Linear |R| = [32m3.293261e+03[39m
     17 Linear |R| = [32m1.506721e+03[39m
     18 Linear |R| = [32m7.257119e+02[39m
     19 Linear |R| = [32m4.024196e+02[39m
     20 Linear |R| = [32m1.957977e+02[39m
     21 Linear |R| = [32m9.456038e+01[39m
     22 Linear |R| = [32m5.043196e+01[39m
     23 Linear |R| = [32m2.535698e+01[39m
     24 Linear |R| = [32m1.352328e+01[39m
 1 Nonlinear |R| = [32m1.646064e+06[39m
      0 Linear |R| = [32m1.646064e+06[39m
      1 Linear |R| = [33m1.591440e+06[39m
      2 Linear |R| = [32m1.321484e+06[39m
      3 Linear |R| = [33m1.273379e+06[39m
      4 Linear |R| = [32m1.068279e+06[39m
      5 Linear |R| = [32m9.219370e+05[39m
      6 Linear |R| = [32m7.200698e+05[39m
      7 Linear |R| = [32m4.637139e+05[39m
      8 Linear |R| = [32m2.734156e+05[39m
      9 Linear |R| = [32m1.425226e+05[39m
     10 Linear |R| = [32m7.294748e+04[39m
     11 Linear |R| = [32m3.999426e+04[39m
     12 Linear |R| = [32m2.643407e+04[39m
     13 Linear |R| = [32m1.872775e+04[39m
     14 Linear |R| = [32m1.280447e+04[39m
     15 Linear |R| = [32m8.647747e+03[39m
     16 Linear |R| = [32m5.713147e+03[39m
     17 Linear |R| = [32m3.145932e+03[39m
     18 Linear |R| = [32m1.376554e+03[39m
     19 Linear |R| = [32m7.850403e+02[39m
     20 Linear |R| = [32m4.558463e+02[39m
     21 Linear |R| = [32m2.087143e+02[39m
     22 Linear |R| = [32m9.844236e+01[39m
     23 Linear |R| = [32m5.255918e+01[39m
     24 Linear |R| = [32m2.790351e+01[39m
     25 Linear |R| = [32m1.387424e+01[39m
 2 Nonlinear |R| = [32m1.308283e+06[39m
      0 Linear |R| = [32m1.308283e+06[39m
      1 Linear |R| = [33m1.265228e+06[39m
      2 Linear |R| = [32m1.061865e+06[39m
      3 Linear |R| = [33m1.014684e+06[39m
      4 Linear |R| = [32m8.382419e+05[39m
      5 Linear |R| = [32m7.254621e+05[39m
      6 Linear |R| = [32m5.429622e+05[39m
      7 Linear |R| = [32m3.360902e+05[39m
      8 Linear |R| = [32m1.701037e+05[39m
      9 Linear |R| = [32m8.739319e+04[39m
     10 Linear |R| = [32m5.258961e+04[39m
     11 Linear |R| = [32m2.998673e+04[39m
     12 Linear |R| = [32m2.011977e+04[39m
     13 Linear |R| = [32m1.403109e+04[39m
     14 Linear |R| = [32m9.526750e+03[39m
     15 Linear |R| = [32m6.186437e+03[39m
     16 Linear |R| = [32m3.552831e+03[39m
     17 Linear |R| = [32m1.939371e+03[39m
     18 Linear |R| = [32m9.468895e+02[39m
     19 Linear |R| = [32m4.796734e+02[39m
     20 Linear |R| = [32m2.339608e+02[39m
     21 Linear |R| = [32m1.177085e+02[39m
     22 Linear |R| = [32m5.714966e+01[39m
     23 Linear |R| = [32m2.524095e+01[39m
     24 Linear |R| = [32m1.252346e+01[39m
 3 Nonlinear |R| = [33m1.291059e+06[39m
      0 Linear |R| = [32m1.291059e+06[39m
      1 Linear |R| = [33m1.247391e+06[39m
      2 Linear |R| = [32m1.050452e+06[39m
      3 Linear |R| = [33m1.000836e+06[39m
      4 Linear |R| = [32m8.239867e+05[39m
      5 Linear |R| = [32m7.141276e+05[39m
      6 Linear |R| = [32m5.298371e+05[39m
      7 Linear |R| = [32m3.136425e+05[39m
      8 Linear |R| = [32m1.568061e+05[39m
      9 Linear |R| = [32m8.623019e+04[39m
     10 Linear |R| = [32m5.133572e+04[39m
     11 Linear |R| = [32m2.955954e+04[39m
     12 Linear |R| = [32m2.030516e+04[39m
     13 Linear |R| = [32m1.416759e+04[39m
     14 Linear |R| = [32m9.350399e+03[39m
     15 Linear |R| = [32m5.941361e+03[39m
     16 Linear |R| = [32m3.428931e+03[39m
     17 Linear |R| = [32m1.713689e+03[39m
     18 Linear |R| = [32m8.198160e+02[39m
     19 Linear |R| = [32m4.234125e+02[39m
     20 Linear |R| = [32m2.015390e+02[39m
     21 Linear |R| = [32m9.565791e+01[39m
     22 Linear |R| = [32m4.379589e+01[39m
     23 Linear |R| = [32m2.053750e+01[39m
     24 Linear |R| = [32m1.012666e+01[39m
 4 Nonlinear |R| = [33m1.275048e+06[39m
      0 Linear |R| = [32m1.275048e+06[39m
      1 Linear |R| = [33m1.230341e+06[39m
      2 Linear |R| = [32m1.040094e+06[39m
      3 Linear |R| = [32m9.841273e+05[39m
      4 Linear |R| = [32m8.091674e+05[39m
      5 Linear |R| = [32m7.036958e+05[39m
      6 Linear |R| = [32m5.089246e+05[39m
      7 Linear |R| = [32m2.808013e+05[39m
      8 Linear |R| = [32m1.475084e+05[39m
      9 Linear |R| = [32m8.521949e+04[39m
     10 Linear |R| = [32m4.906446e+04[39m
     11 Linear |R| = [32m2.958925e+04[39m
     12 Linear |R| = [32m2.077218e+04[39m
     13 Linear |R| = [32m1.432507e+04[39m
     14 Linear |R| = [32m9.070724e+03[39m
     15 Linear |R| = [32m5.765889e+03[39m
     16 Linear |R| = [32m2.976247e+03[39m
     17 Linear |R| = [32m1.372192e+03[39m
     18 Linear |R| = [32m6.846838e+02[39m
     19 Linear |R| = [32m3.423510e+02[39m
     20 Linear |R| = [32m1.498354e+02[39m
     21 Linear |R| = [32m6.514013e+01[39m
     22 Linear |R| = [32m3.147351e+01[39m
     23 Linear |R| = [32m1.502220e+01[39m
     24 Linear |R| = [32m6.755596e+00[39m
 5 Nonlinear |R| = [33m1.260594e+06[39m
      0 Linear |R| = [32m1.260594e+06[39m
      1 Linear |R| = [33m1.214631e+06[39m
      2 Linear |R| = [32m1.028319e+06[39m
      3 Linear |R| = [32m9.597352e+05[39m
      4 Linear |R| = [32m7.958463e+05[39m
      5 Linear |R| = [32m6.934556e+05[39m
      6 Linear |R| = [32m4.657384e+05[39m
      7 Linear |R| = [32m2.489248e+05[39m
      8 Linear |R| = [32m1.438888e+05[39m
      9 Linear |R| = [32m8.179663e+04[39m
     10 Linear |R| = [32m4.693693e+04[39m
     11 Linear |R| = [32m3.008038e+04[39m
     12 Linear |R| = [32m2.166728e+04[39m
     13 Linear |R| = [32m1.408522e+04[39m
     14 Linear |R| = [32m8.839402e+03[39m
     15 Linear |R| = [32m5.080150e+03[39m
     16 Linear |R| = [32m2.314955e+03[39m
     17 Linear |R| = [32m1.073040e+03[39m
     18 Linear |R| = [32m5.133197e+02[39m
     19 Linear |R| = [32m2.384399e+02[39m
     20 Linear |R| = [32m9.597436e+01[39m
     21 Linear |R| = [32m4.336900e+01[39m
     22 Linear |R| = [32m2.053974e+01[39m
     23 Linear |R| = [32m9.105666e+00[39m
 6 Nonlinear |R| = [33m1.219098e+06[39m
      0 Linear |R| = [32m1.219098e+06[39m
      1 Linear |R| = [32m1.089511e+06[39m
      2 Linear |R| = [32m9.040737e+05[39m
      3 Linear |R| = [32m6.483982e+05[39m
      4 Linear |R| = [32m4.548553e+05[39m
      5 Linear |R| = [32m2.892134e+05[39m
      6 Linear |R| = [32m1.662895e+05[39m
      7 Linear |R| = [32m7.955330e+04[39m
      8 Linear |R| = [32m3.997178e+04[39m
      9 Linear |R| = [32m2.291564e+04[39m
     10 Linear |R| = [32m1.466137e+04[39m
     11 Linear |R| = [32m8.776414e+03[39m
     12 Linear |R| = [32m4.460579e+03[39m
     13 Linear |R| = [32m2.292424e+03[39m
     14 Linear |R| = [32m8.991034e+02[39m
     15 Linear |R| = [32m3.691965e+02[39m
     16 Linear |R| = [32m1.661748e+02[39m
     17 Linear |R| = [32m7.992223e+01[39m
     18 Linear |R| = [32m3.501086e+01[39m
     19 Linear |R| = [32m1.466250e+01[39m
     20 Linear |R| = [32m6.427808e+00[39m
 7 Nonlinear |R| = [33m1.171043e+06[39m
      0 Linear |R| = [32m1.171043e+06[39m
      1 Linear |R| = [32m8.745223e+05[39m
      2 Linear |R| = [32m6.808068e+05[39m
      3 Linear |R| = [32m4.016037e+05[39m
      4 Linear |R| = [32m2.056038e+05[39m
      5 Linear |R| = [32m1.060689e+05[39m
      6 Linear |R| = [32m4.732096e+04[39m
      7 Linear |R| = [32m1.768111e+04[39m
      8 Linear |R| = [32m7.154028e+03[39m
      9 Linear |R| = [32m2.643561e+03[39m
     10 Linear |R| = [32m1.145788e+03[39m
     11 Linear |R| = [32m5.334792e+02[39m
     12 Linear |R| = [32m2.593311e+02[39m
     13 Linear |R| = [32m1.221837e+02[39m
     14 Linear |R| = [32m5.487999e+01[39m
     15 Linear |R| = [32m2.548022e+01[39m
     16 Linear |R| = [32m1.070610e+01[39m
 8 Nonlinear |R| = [32m1.069258e+06[39m
      0 Linear |R| = [32m1.069258e+06[39m
      1 Linear |R| = [32m2.448845e+05[39m
      2 Linear |R| = [32m6.917784e+04[39m
      3 Linear |R| = [32m2.265283e+04[39m
      4 Linear |R| = [32m7.524607e+03[39m
      5 Linear |R| = [32m2.505261e+03[39m
      6 Linear |R| = [32m7.975321e+02[39m
      7 Linear |R| = [32m2.826309e+02[39m
      8 Linear |R| = [32m8.887021e+01[39m
      9 Linear |R| = [32m3.325781e+01[39m
     10 Linear |R| = [32m1.033832e+01[39m
 9 Nonlinear |R| = [32m1.033840e+01[39m
[32m Solve Converged![39m

Postprocessor Values:
+----------------+----------------+----------------+----------------+
| time           | base_shear_x   | top_disp_x     | vonmises_max   |
+----------------+----------------+----------------+----------------+
|   0.000000e+00 |   0.000000e+00 |   0.000000e+00 |   0.000000e+00 |
|   5.000000e+00 |  -3.421612e+05 |  -4.631549e-03 |   2.747116e+06 |
|   1.000000e+01 |   3.819247e-01 |  -4.010718e-19 |   5.529947e+05 |
|   1.500000e+01 |   3.421613e+05 |   4.631549e-03 |   2.747117e+06 |
|   2.000000e+01 |   4.833129e+05 |   6.550000e-03 |   3.438352e+06 |
|   2.500000e+01 |   3.415832e+05 |   4.631549e-03 |   2.529579e+06 |
|   3.000000e+01 |  -5.768099e+02 |   1.203215e-18 |   5.525124e+05 |
|   3.500000e+01 |  -3.427369e+05 |  -4.631549e-03 |   2.746626e+06 |
|   4.000000e+01 |  -6.565482e+05 |  -9.000000e-03 |   3.500000e+06 |
|   4.500000e+01 |  -4.618102e+05 |  -6.363961e-03 |   2.598789e+06 |
+----------------+----------------+----------------+----------------+


Time Step 10, time = 50, dt = 5
 0 Nonlinear |R| = [32m1.861314e+06[39m
      0 Linear |R| = [32m1.861314e+06[39m
      1 Linear |R| = [33m1.853010e+06[39m
      2 Linear |R| = [32m1.360043e+06[39m
      3 Linear |R| = [33m1.331681e+06[39m
      4 Linear |R| = [32m1.089167e+06[39m
      5 Linear |R| = [32m8.595493e+05[39m
      6 Linear |R| = [32m5.177691e+05[39m
      7 Linear |R| = [32m3.011859e+05[39m
      8 Linear |R| = [32m1.743096e+05[39m
      9 Linear |R| = [32m9.724336e+04[39m
     10 Linear |R| = [32m6.160758e+04[39m
     11 Linear |R| = [32m3.961669e+04[39m
     12 Linear |R| = [32m2.918718e+04[39m
     13 Linear |R| = [32m2.081139e+04[39m
     14 Linear |R| = [32m1.175243e+04[39m
     15 Linear |R| = [32m7.125628e+03[39m
     16 Linear |R| = [32m4.518369e+03[39m
     17 Linear |R| = [32m2.287298e+03[39m
     18 Linear |R| = [32m1.111521e+03[39m
     19 Linear |R| = [32m6.873793e+02[39m
     20 Linear |R| = [32m3.891286e+02[39m
     21 Linear |R| = [32m1.925946e+02[39m
     22 Linear |R| = [32m1.086125e+02[39m
     23 Linear |R| = [32m6.061042e+01[39m
     24 Linear |R| = [32m3.327704e+01[39m
     25 Linear |R| = [32m1.640068e+01[39m
 1 Nonlinear |R| = [32m1.610583e+06[39m
      0 Linear |R| = [32m1.610583e+06[39m
      1 Linear |R| = [33m1.609761e+06[39m
      2 Linear |R| = [32m1.236035e+06[39m
      3 Linear |R| = [33m1.190091e+06[39m
      4 Linear |R| = [32m9.913861e+05[39m
      5 Linear |R| = [32m8.595482e+05[39m
      6 Linear |R| = [32m6.120633e+05[39m
      7 Linear |R| = [32m4.048073e+05[39m
      8 Linear |R| = [32m1.995899e+05[39m
      9 Linear |R| = [32m9.913748e+04[39m
     10 Linear |R| = [32m5.729565e+04[39m
     11 Linear |R| = [32m3.243599e+04[39m
     12 Linear |R| = [32m2.169229e+04[39m
     13 Linear |R| = [32m1.450692e+04[39m
     14 Linear |R| = [32m1.011502e+04[39m
     15 Linear |R| = [32m6.958364e+03[39m
     16 Linear |R| = [32m4.047546e+03[39m
     17 Linear |R| = [32m2.274666e+03[39m
     18 Linear |R| = [32m1.189131e+03[39m
     19 Linear |R| = [32m6.037098e+02[39m
     20 Linear |R| = [32m2.961814e+02[39m
     21 Linear |R| = [32m1.525478e+02[39m
     22 Linear |R| = [32m7.693127e+01[39m
     23 Linear |R| = [32m3.514581e+01[39m
     24 Linear |R| = [32m1.833759e+01[39m
     25 Linear |R| = [32m9.037840e+00[39m
 2 Nonlinear |R| = [32m7.685316e+05[39m
      0 Linear |R| = [32m7.685316e+05[39m
      1 Linear |R| = [32m4.587524e+05[39m
      2 Linear |R| = [32m2.772152e+05[39m
      3 Linear |R| = [32m1.647458e+05[39m
      4 Linear |R| = [32m7.873920e+04[39m
      5 Linear |R| = [32m2.829793e+04[39m
      6 Linear |R| = [32m8.829508e+03[39m
      7 Linear |R| = [32m2.863033e+03[39m
      8 Linear |R| = [32m9.904830e+02[39m
      9 Linear |R| = [32m3.083317e+02[39m
     10 Linear |R| = [32m1.056523e+02[39m
     11 Linear |R| = [32m3.036805e+01[39m
     12 Linear |R| = [32m1.043125e+01[39m
     13 Linear |R| = [32m3.319866e+00[39m
 3 Nonlinear |R| = [32m6.311360e+05[39m
      0 Linear |R| = [32m6.311360e+05[39m
      1 Linear |R| = [32m4.171335e+05[39m
      2 Linear |R| = [32m2.474832e+05[39m
      3 Linear |R| = [32m8.549397e+04[39m
      4 Linear |R| = [32m2.907190e+04[39m
      5 Linear |R| = [32m9.633186e+03[39m
      6 Linear |R| = [32m3.111482e+03[39m
      7 Linear |R| = [32m9.986339e+02[39m
      8 Linear |R| = [32m3.415616e+02[39m
      9 Linear |R| = [32m1.100361e+02[39m
     10 Linear |R| = [32m4.046801e+01[39m
     11 Linear |R| = [32m1.333628e+01[39m
     12 Linear |R| = [32m4.382840e+00[39m
 4 Nonlinear |R| = [32m4.605212e+05[39m
      0 Linear |R| = [32m4.605212e+05[39m
      1 Linear |R| = [32m3.970459e+05[39m
      2 Linear |R| = [32m2.228200e+05[39m
      3 Linear |R| = [32m7.911031e+04[39m
      4 Linear |R| = [32m3.085284e+04[39m
      5 Linear |R| = [32m1.023011e+04[39m
      6 Linear |R| = [32m2.943342e+03[39m
      7 Linear |R| = [32m8.320108e+02[39m
      8 Linear |R| = [32m2.542545e+02[39m
      9 Linear |R| = [32m8.265646e+01[39m
     10 Linear |R| = [32m2.741506e+01[39m
     11 Linear |R| = [32m8.745723e+00[39m
     12 Linear |R| = [32m2.676055e+00[39m
 5 Nonlinear |R| = [32m2.474928e+05[39m
      0 Linear |R| = [32m2.474928e+05[39m
      1 Linear |R| = [32m6.135738e+04[39m
      2 Linear |R| = [32m1.532536e+04[39m
      3 Linear |R| = [32m5.463176e+03[39m
      4 Linear |R| = [32m1.824030e+03[39m
      5 Linear |R| = [32m5.380015e+02[39m
      6 Linear |R| = [32m1.590152e+02[39m
      7 Linear |R| = [32m5.000236e+01[39m
      8 Linear |R| = [32m1.670058e+01[39m
      9 Linear |R| = [32m5.539606e+00[39m
     10 Linear |R| = [32m1.793932e+00[39m
 6 Nonlinear |R| = [32m1.793934e+00[39m
[32m Solve Converged![39m

Postprocessor Values:
+----------------+----------------+----------------+----------------+
| time           | base_shear_x   | top_disp_x     | vonmises_max   |
+----------------+----------------+----------------+----------------+
|   0.000000e+00 |   0.000000e+00 |   0.000000e+00 |   0.000000e+00 |
|   5.000000e+00 |  -3.421612e+05 |  -4.631549e-03 |   2.747116e+06 |
|   1.000000e+01 |   3.819247e-01 |  -4.010718e-19 |   5.529947e+05 |
|   1.500000e+01 |   3.421613e+05 |   4.631549e-03 |   2.747117e+06 |
|   2.000000e+01 |   4.833129e+05 |   6.550000e-03 |   3.438352e+06 |
|   2.500000e+01 |   3.415832e+05 |   4.631549e-03 |   2.529579e+06 |
|   3.000000e+01 |  -5.768099e+02 |   1.203215e-18 |   5.525124e+05 |
|   3.500000e+01 |  -3.427369e+05 |  -4.631549e-03 |   2.746626e+06 |
|   4.000000e+01 |  -6.565482e+05 |  -9.000000e-03 |   3.500000e+06 |
|   4.500000e+01 |  -4.618102e+05 |  -6.363961e-03 |   2.598789e+06 |
|   5.000000e+01 |   8.336008e+03 |  -2.755455e-18 |   8.800030e+05 |
+----------------+----------------+----------------+----------------+


Time Step 11, time = 55, dt = 5
 0 Nonlinear |R| = [32m1.515087e+06[39m
      0 Linear |R| = [32m1.515087e+06[39m
      1 Linear |R| = [33m1.509839e+06[39m
      2 Linear |R| = [32m1.141119e+06[39m
      3 Linear |R| = [33m1.116949e+06[39m
      4 Linear |R| = [32m9.075253e+05[39m
      5 Linear |R| = [32m7.435172e+05[39m
      6 Linear |R| = [32m5.008277e+05[39m
      7 Linear |R| = [32m3.394097e+05[39m
      8 Linear |R| = [32m2.000848e+05[39m
      9 Linear |R| = [32m1.029737e+05[39m
     10 Linear |R| = [32m6.049007e+04[39m
     11 Linear |R| = [32m3.754741e+04[39m
     12 Linear |R| = [32m2.667954e+04[39m
     13 Linear |R| = [32m1.859296e+04[39m
     14 Linear |R| = [32m1.159963e+04[39m
     15 Linear |R| = [32m7.978643e+03[39m
     16 Linear |R| = [32m5.165815e+03[39m
     17 Linear |R| = [32m2.554587e+03[39m
     18 Linear |R| = [32m1.282521e+03[39m
     19 Linear |R| = [32m7.811630e+02[39m
     20 Linear |R| = [32m3.979880e+02[39m
     21 Linear |R| = [32m1.769689e+02[39m
     22 Linear |R| = [32m9.432294e+01[39m
     23 Linear |R| = [32m4.983560e+01[39m
     24 Linear |R| = [32m2.646811e+01[39m
     25 Linear |R| = [32m1.283587e+01[39m
 1 Nonlinear |R| = [32m1.250515e+06[39m
      0 Linear |R| = [32m1.250515e+06[39m
      1 Linear |R| = [33m1.245812e+06[39m
      2 Linear |R| = [32m9.593533e+05[39m
      3 Linear |R| = [33m9.358683e+05[39m
      4 Linear |R| = [32m7.391335e+05[39m
      5 Linear |R| = [32m5.984274e+05[39m
      6 Linear |R| = [32m3.994349e+05[39m
      7 Linear |R| = [32m2.504659e+05[39m
      8 Linear |R| = [32m1.275683e+05[39m
      9 Linear |R| = [32m7.500702e+04[39m
     10 Linear |R| = [32m5.033676e+04[39m
     11 Linear |R| = [32m3.167926e+04[39m
     12 Linear |R| = [32m2.187545e+04[39m
     13 Linear |R| = [32m1.423541e+04[39m
     14 Linear |R| = [32m9.063195e+03[39m
     15 Linear |R| = [32m5.477452e+03[39m
     16 Linear |R| = [32m2.941142e+03[39m
     17 Linear |R| = [32m1.572931e+03[39m
     18 Linear |R| = [32m7.681923e+02[39m
     19 Linear |R| = [32m3.686692e+02[39m
     20 Linear |R| = [32m1.863077e+02[39m
     21 Linear |R| = [32m9.084909e+01[39m
     22 Linear |R| = [32m4.232322e+01[39m
     23 Linear |R| = [32m1.923211e+01[39m
     24 Linear |R| = [32m9.919089e+00[39m
 2 Nonlinear |R| = [33m1.236419e+06[39m
      0 Linear |R| = [32m1.236419e+06[39m
      1 Linear |R| = [33m1.231293e+06[39m
      2 Linear |R| = [32m9.561128e+05[39m
      3 Linear |R| = [33m9.306685e+05[39m
      4 Linear |R| = [32m7.271091e+05[39m
      5 Linear |R| = [32m5.904265e+05[39m
      6 Linear |R| = [32m3.861647e+05[39m
      7 Linear |R| = [32m2.326089e+05[39m
      8 Linear |R| = [32m1.217871e+05[39m
      9 Linear |R| = [32m7.630172e+04[39m
     10 Linear |R| = [32m4.997901e+04[39m
     11 Linear |R| = [32m3.135712e+04[39m
     12 Linear |R| = [32m2.174769e+04[39m
     13 Linear |R| = [32m1.392571e+04[39m
     14 Linear |R| = [32m8.487798e+03[39m
     15 Linear |R| = [32m5.018136e+03[39m
     16 Linear |R| = [32m2.649315e+03[39m
     17 Linear |R| = [32m1.331957e+03[39m
     18 Linear |R| = [32m6.447911e+02[39m
     19 Linear |R| = [32m3.162595e+02[39m
     20 Linear |R| = [32m1.557132e+02[39m
     21 Linear |R| = [32m7.163056e+01[39m
     22 Linear |R| = [32m3.296393e+01[39m
     23 Linear |R| = [32m1.552960e+01[39m
     24 Linear |R| = [32m8.033591e+00[39m
 3 Nonlinear |R| = [33m1.223431e+06[39m
      0 Linear |R| = [32m1.223431e+06[39m
      1 Linear |R| = [33m1.217744e+06[39m
      2 Linear |R| = [32m9.522063e+05[39m
      3 Linear |R| = [33m9.188904e+05[39m
      4 Linear |R| = [32m7.153964e+05[39m
      5 Linear |R| = [32m5.802889e+05[39m
      6 Linear |R| = [32m3.616792e+05[39m
      7 Linear |R| = [32m2.117406e+05[39m
      8 Linear |R| = [32m1.194428e+05[39m
      9 Linear |R| = [32m7.716156e+04[39m
     10 Linear |R| = [32m4.822595e+04[39m
     11 Linear |R| = [32m3.082014e+04[39m
     12 Linear |R| = [32m2.157972e+04[39m
     13 Linear |R| = [32m1.317070e+04[39m
     14 Linear |R| = [32m7.703205e+03[39m
     15 Linear |R| = [32m4.480762e+03[39m
     16 Linear |R| = [32m2.183708e+03[39m
     17 Linear |R| = [32m1.065935e+03[39m
     18 Linear |R| = [32m5.169167e+02[39m
     19 Linear |R| = [32m2.518687e+02[39m
     20 Linear |R| = [32m1.172230e+02[39m
     21 Linear |R| = [32m5.179122e+01[39m
     22 Linear |R| = [32m2.452761e+01[39m
     23 Linear |R| = [32m1.163238e+01[39m
 4 Nonlinear |R| = [33m1.210831e+06[39m
      0 Linear |R| = [32m1.210831e+06[39m
      1 Linear |R| = [33m1.204555e+06[39m
      2 Linear |R| = [32m9.363728e+05[39m
      3 Linear |R| = [32m8.892373e+05[39m
      4 Linear |R| = [32m7.056685e+05[39m
      5 Linear |R| = [32m5.622190e+05[39m
      6 Linear |R| = [32m3.191891e+05[39m
      7 Linear |R| = [32m1.962242e+05[39m
      8 Linear |R| = [32m1.191922e+05[39m
      9 Linear |R| = [32m7.388062e+04[39m
     10 Linear |R| = [32m4.622641e+04[39m
     11 Linear |R| = [32m3.050806e+04[39m
     12 Linear |R| = [32m2.111014e+04[39m
     13 Linear |R| = [32m1.141305e+04[39m
     14 Linear |R| = [32m6.947686e+03[39m
     15 Linear |R| = [32m3.743807e+03[39m
     16 Linear |R| = [32m1.720886e+03[39m
     17 Linear |R| = [32m7.891962e+02[39m
     18 Linear |R| = [32m3.794029e+02[39m
     19 Linear |R| = [32m1.783772e+02[39m
     20 Linear |R| = [32m7.847065e+01[39m
     21 Linear |R| = [32m3.525978e+01[39m
     22 Linear |R| = [32m1.652129e+01[39m
     23 Linear |R| = [32m7.521528e+00[39m
 5 Nonlinear |R| = [33m1.164345e+06[39m
      0 Linear |R| = [32m1.164345e+06[39m
      1 Linear |R| = [33m1.131772e+06[39m
      2 Linear |R| = [32m8.751630e+05[39m
      3 Linear |R| = [32m6.230762e+05[39m
      4 Linear |R| = [32m3.822246e+05[39m
      5 Linear |R| = [32m2.194200e+05[39m
      6 Linear |R| = [32m1.317307e+05[39m
      7 Linear |R| = [32m7.718126e+04[39m
      8 Linear |R| = [32m3.863168e+04[39m
      9 Linear |R| = [32m2.255423e+04[39m
     10 Linear |R| = [32m1.407104e+04[39m
     11 Linear |R| = [32m8.371718e+03[39m
     12 Linear |R| = [32m5.332362e+03[39m
     13 Linear |R| = [32m2.804065e+03[39m
     14 Linear |R| = [32m1.156167e+03[39m
     15 Linear |R| = [32m5.232631e+02[39m
     16 Linear |R| = [32m2.294623e+02[39m
     17 Linear |R| = [32m1.013408e+02[39m
     18 Linear |R| = [32m4.427750e+01[39m
     19 Linear |R| = [32m2.171849e+01[39m
     20 Linear |R| = [32m1.002633e+01[39m
 6 Nonlinear |R| = [33m1.163171e+06[39m
      0 Linear |R| = [32m1.163171e+06[39m
      1 Linear |R| = [32m4.026660e+05[39m
      2 Linear |R| = [32m1.457778e+05[39m
      3 Linear |R| = [32m4.569336e+04[39m
      4 Linear |R| = [32m1.297931e+04[39m
      5 Linear |R| = [32m4.155244e+03[39m
      6 Linear |R| = [32m1.264486e+03[39m
      7 Linear |R| = [32m3.418736e+02[39m
      8 Linear |R| = [32m1.103466e+02[39m
      9 Linear |R| = [32m3.406548e+01[39m
     10 Linear |R| = [32m9.736000e+00[39m
 7 Nonlinear |R| = [32m5.849803e+05[39m
      0 Linear |R| = [32m5.849803e+05[39m
      1 Linear |R| = [32m2.498747e+05[39m
      2 Linear |R| = [32m6.326773e+04[39m
      3 Linear |R| = [32m2.247671e+04[39m
      4 Linear |R| = [32m6.854058e+03[39m
      5 Linear |R| = [32m2.007876e+03[39m
      6 Linear |R| = [32m5.693470e+02[39m
      7 Linear |R| = [32m1.935481e+02[39m
      8 Linear |R| = [32m5.959386e+01[39m
      9 Linear |R| = [32m2.206187e+01[39m
     10 Linear |R| = [32m6.896208e+00[39m
     11 Linear |R| = [32m2.510930e+00[39m
 8 Nonlinear |R| = [32m5.226009e+05[39m
      0 Linear |R| = [32m5.226009e+05[39m
      1 Linear |R| = [32m1.279627e+05[39m
      2 Linear |R| = [32m2.912045e+04[39m
      3 Linear |R| = [32m1.005378e+04[39m
      4 Linear |R| = [32m3.073423e+03[39m
      5 Linear |R| = [32m9.012539e+02[39m
      6 Linear |R| = [32m2.538011e+02[39m
      7 Linear |R| = [32m8.718812e+01[39m
      8 Linear |R| = [32m2.683722e+01[39m
      9 Linear |R| = [32m9.956515e+00[39m
     10 Linear |R| = [32m3.169345e+00[39m
 9 Nonlinear |R| = [32m3.173831e+00[39m
[32m Solve Converged![39m

Postprocessor Values:
+----------------+----------------+----------------+----------------+
| time           | base_shear_x   | top_disp_x     | vonmises_max   |
+----------------+----------------+----------------+----------------+
|   0.000000e+00 |   0.000000e+00 |   0.000000e+00 |   0.000000e+00 |
|   5.000000e+00 |  -3.421612e+05 |  -4.631549e-03 |   2.747116e+06 |
|   1.000000e+01 |   3.819247e-01 |  -4.010718e-19 |   5.529947e+05 |
|   1.500000e+01 |   3.421613e+05 |   4.631549e-03 |   2.747117e+06 |
|   2.000000e+01 |   4.833129e+05 |   6.550000e-03 |   3.438352e+06 |
|   2.500000e+01 |   3.415832e+05 |   4.631549e-03 |   2.529579e+06 |
|   3.000000e+01 |  -5.768099e+02 |   1.203215e-18 |   5.525124e+05 |
|   3.500000e+01 |  -3.427369e+05 |  -4.631549e-03 |   2.746626e+06 |
|   4.000000e+01 |  -6.565482e+05 |  -9.000000e-03 |   3.500000e+06 |
|   4.500000e+01 |  -4.618102e+05 |  -6.363961e-03 |   2.598789e+06 |
|   5.000000e+01 |   8.336008e+03 |  -2.755455e-18 |   8.800030e+05 |
|   5.500000e+01 |   4.761500e+05 |   6.363961e-03 |   3.388286e+06 |
+----------------+----------------+----------------+----------------+


Time Step 12, time = 60, dt = 5
 0 Nonlinear |R| = [32m1.186424e+06[39m
      0 Linear |R| = [32m1.186424e+06[39m
      1 Linear |R| = [33m1.181082e+06[39m
      2 Linear |R| = [32m9.266093e+05[39m
      3 Linear |R| = [33m9.074213e+05[39m
      4 Linear |R| = [32m7.729204e+05[39m
      5 Linear |R| = [32m6.940752e+05[39m
      6 Linear |R| = [32m5.115860e+05[39m
      7 Linear |R| = [32m3.506870e+05[39m
      8 Linear |R| = [32m1.815398e+05[39m
      9 Linear |R| = [32m8.576078e+04[39m
     10 Linear |R| = [32m5.251058e+04[39m
     11 Linear |R| = [32m3.278212e+04[39m
     12 Linear |R| = [32m2.344364e+04[39m
     13 Linear |R| = [32m1.630289e+04[39m
     14 Linear |R| = [32m1.070744e+04[39m
     15 Linear |R| = [32m6.995375e+03[39m
     16 Linear |R| = [32m3.540930e+03[39m
     17 Linear |R| = [32m1.754669e+03[39m
     18 Linear |R| = [32m9.461834e+02[39m
     19 Linear |R| = [32m4.794415e+02[39m
     20 Linear |R| = [32m2.189936e+02[39m
     21 Linear |R| = [32m1.111885e+02[39m
     22 Linear |R| = [32m5.942507e+01[39m
     23 Linear |R| = [32m2.898980e+01[39m
     24 Linear |R| = [32m1.420915e+01[39m
     25 Linear |R| = [32m6.689827e+00[39m
 1 Nonlinear |R| = [32m7.456901e+05[39m
      0 Linear |R| = [32m7.456901e+05[39m
      1 Linear |R| = [32m5.594010e+05[39m
      2 Linear |R| = [32m3.797924e+05[39m
      3 Linear |R| = [32m1.784081e+05[39m
      4 Linear |R| = [32m7.129669e+04[39m
      5 Linear |R| = [32m3.239513e+04[39m
      6 Linear |R| = [32m1.380215e+04[39m
      7 Linear |R| = [32m4.878129e+03[39m
      8 Linear |R| = [32m2.044247e+03[39m
      9 Linear |R| = [32m9.233372e+02[39m
     10 Linear |R| = [32m4.059627e+02[39m
     11 Linear |R| = [32m1.516935e+02[39m
     12 Linear |R| = [32m6.306544e+01[39m
     13 Linear |R| = [32m2.403727e+01[39m
     14 Linear |R| = [32m8.961923e+00[39m
     15 Linear |R| = [32m4.053950e+00[39m
 2 Nonlinear |R| = [32m4.798478e+05[39m
      0 Linear |R| = [32m4.798478e+05[39m
      1 Linear |R| = [32m1.201088e+05[39m
      2 Linear |R| = [32m5.431830e+04[39m
      3 Linear |R| = [32m2.638013e+04[39m
      4 Linear |R| = [32m1.091069e+04[39m
      5 Linear |R| = [32m4.015412e+03[39m
      6 Linear |R| = [32m1.413683e+03[39m
      7 Linear |R| = [32m5.630285e+02[39m
      8 Linear |R| = [32m2.147968e+02[39m
      9 Linear |R| = [32m8.677869e+01[39m
     10 Linear |R| = [32m3.916482e+01[39m
     11 Linear |R| = [32m1.610136e+01[39m
     12 Linear |R| = [32m6.492916e+00[39m
     13 Linear |R| = [32m3.013189e+00[39m
 3 Nonlinear |R| = [32m1.337891e+04[39m
      0 Linear |R| = [32m1.337891e+04[39m
      1 Linear |R| = [32m4.257341e+03[39m
      2 Linear |R| = [32m2.086745e+03[39m
      3 Linear |R| = [32m1.024202e+03[39m
      4 Linear |R| = [32m4.481667e+02[39m
      5 Linear |R| = [32m1.780693e+02[39m
      6 Linear |R| = [32m6.020782e+01[39m
      7 Linear |R| = [32m2.431899e+01[39m
      8 Linear |R| = [32m8.759853e+00[39m
      9 Linear |R| = [32m3.248066e+00[39m
     10 Linear |R| = [32m1.241123e+00[39m
     11 Linear |R| = [32m5.118035e-01[39m
     12 Linear |R| = [32m2.189280e-01[39m
     13 Linear |R| = [32m1.004984e-01[39m
 4 Nonlinear |R| = [32m6.070169e+01[39m
      0 Linear |R| = [32m6.070169e+01[39m
      1 Linear |R| = [32m2.323306e+01[39m
      2 Linear |R| = [32m1.159553e+01[39m
      3 Linear |R| = [32m5.170599e+00[39m
      4 Linear |R| = [32m2.413042e+00[39m
      5 Linear |R| = [32m7.195274e-01[39m
      6 Linear |R| = [32m3.089833e-01[39m
      7 Linear |R| = [32m1.326607e-01[39m
      8 Linear |R| = [32m5.372030e-02[39m
      9 Linear |R| = [32m2.713601e-02[39m
     10 Linear |R| = [32m1.281891e-02[39m
     11 Linear |R| = [32m4.016032e-03[39m
     12 Linear |R| = [32m1.434116e-03[39m
     13 Linear |R| = [32m6.095289e-04[39m
     14 Linear |R| = [32m2.439344e-04[39m
 5 Nonlinear |R| = [32m2.947181e-03[39m
[32m Solve Converged![39m

Postprocessor Values:
+----------------+----------------+----------------+----------------+
| time           | base_shear_x   | top_disp_x     | vonmises_max   |
+----------------+----------------+----------------+----------------+
|   0.000000e+00 |   0.000000e+00 |   0.000000e+00 |   0.000000e+00 |
|   5.000000e+00 |  -3.421612e+05 |  -4.631549e-03 |   2.747116e+06 |
|   1.000000e+01 |   3.819247e-01 |  -4.010718e-19 |   5.529947e+05 |
|   1.500000e+01 |   3.421613e+05 |   4.631549e-03 |   2.747117e+06 |
|   2.000000e+01 |   4.833129e+05 |   6.550000e-03 |   3.438352e+06 |
|   2.500000e+01 |   3.415832e+05 |   4.631549e-03 |   2.529579e+06 |
|   3.000000e+01 |  -5.768099e+02 |   1.203215e-18 |   5.525124e+05 |
|   3.500000e+01 |  -3.427369e+05 |  -4.631549e-03 |   2.746626e+06 |
|   4.000000e+01 |  -6.565482e+05 |  -9.000000e-03 |   3.500000e+06 |
|   4.500000e+01 |  -4.618102e+05 |  -6.363961e-03 |   2.598789e+06 |
|   5.000000e+01 |   8.336008e+03 |  -2.755455e-18 |   8.800030e+05 |
|   5.500000e+01 |   4.761500e+05 |   6.363961e-03 |   3.388286e+06 |
|   6.000000e+01 |   6.594694e+05 |   9.000000e-03 |   3.500000e+06 |
+----------------+----------------+----------------+----------------+


Time Step 13, time = 65, dt = 5
 0 Nonlinear |R| = [32m2.007129e+06[39m
      0 Linear |R| = [32m2.007129e+06[39m
      1 Linear |R| = [33m1.997190e+06[39m
      2 Linear |R| = [32m1.467434e+06[39m
      3 Linear |R| = [33m1.439015e+06[39m
      4 Linear |R| = [32m1.185689e+06[39m
      5 Linear |R| = [32m9.126827e+05[39m
      6 Linear |R| = [32m5.376939e+05[39m
      7 Linear |R| = [32m3.041453e+05[39m
      8 Linear |R| = [32m1.622304e+05[39m
      9 Linear |R| = [32m9.117477e+04[39m
     10 Linear |R| = [32m6.104910e+04[39m
     11 Linear |R| = [32m4.009794e+04[39m
     12 Linear |R| = [32m2.950429e+04[39m
     13 Linear |R| = [32m1.982448e+04[39m
     14 Linear |R| = [32m1.152256e+04[39m
     15 Linear |R| = [32m6.636907e+03[39m
     16 Linear |R| = [32m3.349735e+03[39m
     17 Linear |R| = [32m1.564857e+03[39m
     18 Linear |R| = [32m7.363413e+02[39m
     19 Linear |R| = [32m4.075116e+02[39m
     20 Linear |R| = [32m2.033673e+02[39m
     21 Linear |R| = [32m9.607398e+01[39m
     22 Linear |R| = [32m5.096518e+01[39m
     23 Linear |R| = [32m2.592800e+01[39m
     24 Linear |R| = [32m1.356117e+01[39m
 1 Nonlinear |R| = [32m1.681825e+06[39m
      0 Linear |R| = [32m1.681825e+06[39m
      1 Linear |R| = [33m1.599853e+06[39m
      2 Linear |R| = [32m1.342271e+06[39m
      3 Linear |R| = [33m1.290041e+06[39m
      4 Linear |R| = [32m1.083969e+06[39m
      5 Linear |R| = [32m9.335214e+05[39m
      6 Linear |R| = [32m7.373689e+05[39m
      7 Linear |R| = [32m4.711018e+05[39m
      8 Linear |R| = [32m2.777111e+05[39m
      9 Linear |R| = [32m1.488709e+05[39m
     10 Linear |R| = [32m7.637300e+04[39m
     11 Linear |R| = [32m4.278640e+04[39m
     12 Linear |R| = [32m2.858174e+04[39m
     13 Linear |R| = [32m2.063452e+04[39m
     14 Linear |R| = [32m1.410893e+04[39m
     15 Linear |R| = [32m9.333133e+03[39m
     16 Linear |R| = [32m6.086257e+03[39m
     17 Linear |R| = [32m3.313752e+03[39m
     18 Linear |R| = [32m1.428923e+03[39m
     19 Linear |R| = [32m8.031867e+02[39m
     20 Linear |R| = [32m4.698292e+02[39m
     21 Linear |R| = [32m2.196987e+02[39m
     22 Linear |R| = [32m1.024142e+02[39m
     23 Linear |R| = [32m5.389921e+01[39m
     24 Linear |R| = [32m2.863300e+01[39m
     25 Linear |R| = [32m1.409818e+01[39m
 2 Nonlinear |R| = [32m1.325714e+06[39m
      0 Linear |R| = [32m1.325714e+06[39m
      1 Linear |R| = [33m1.261366e+06[39m
      2 Linear |R| = [32m1.069530e+06[39m
      3 Linear |R| = [33m1.019548e+06[39m
      4 Linear |R| = [32m8.423047e+05[39m
      5 Linear |R| = [32m7.273096e+05[39m
      6 Linear |R| = [32m5.478370e+05[39m
      7 Linear |R| = [32m3.369443e+05[39m
      8 Linear |R| = [32m1.707781e+05[39m
      9 Linear |R| = [32m9.013864e+04[39m
     10 Linear |R| = [32m5.457985e+04[39m
     11 Linear |R| = [32m3.215462e+04[39m
     12 Linear |R| = [32m2.186347e+04[39m
     13 Linear |R| = [32m1.537000e+04[39m
     14 Linear |R| = [32m1.023190e+04[39m
     15 Linear |R| = [32m6.455263e+03[39m
     16 Linear |R| = [32m3.673895e+03[39m
     17 Linear |R| = [32m1.965494e+03[39m
     18 Linear |R| = [32m9.473406e+02[39m
     19 Linear |R| = [32m4.811071e+02[39m
     20 Linear |R| = [32m2.338184e+02[39m
     21 Linear |R| = [32m1.170961e+02[39m
     22 Linear |R| = [32m5.633893e+01[39m
     23 Linear |R| = [32m2.492686e+01[39m
     24 Linear |R| = [32m1.221718e+01[39m
 3 Nonlinear |R| = [33m1.308018e+06[39m
      0 Linear |R| = [32m1.308018e+06[39m
      1 Linear |R| = [33m1.243242e+06[39m
      2 Linear |R| = [32m1.057713e+06[39m
      3 Linear |R| = [33m1.005060e+06[39m
      4 Linear |R| = [32m8.274618e+05[39m
      5 Linear |R| = [32m7.154584e+05[39m
      6 Linear |R| = [32m5.327228e+05[39m
      7 Linear |R| = [32m3.130083e+05[39m
      8 Linear |R| = [32m1.573196e+05[39m
      9 Linear |R| = [32m8.909544e+04[39m
     10 Linear |R| = [32m5.332645e+04[39m
     11 Linear |R| = [32m3.176338e+04[39m
     12 Linear |R| = [32m2.205215e+04[39m
     13 Linear |R| = [32m1.541453e+04[39m
     14 Linear |R| = [32m9.929189e+03[39m
     15 Linear |R| = [32m6.150772e+03[39m
     16 Linear |R| = [32m3.496976e+03[39m
     17 Linear |R| = [32m1.697169e+03[39m
     18 Linear |R| = [32m8.071914e+02[39m
     19 Linear |R| = [32m4.179919e+02[39m
     20 Linear |R| = [32m1.961461e+02[39m
     21 Linear |R| = [32m9.233154e+01[39m
     22 Linear |R| = [32m4.205913e+01[39m
     23 Linear |R| = [32m1.984743e+01[39m
     24 Linear |R| = [32m9.587161e+00[39m
 4 Nonlinear |R| = [33m1.291675e+06[39m
      0 Linear |R| = [32m1.291675e+06[39m
      1 Linear |R| = [32m1.226072e+06[39m
      2 Linear |R| = [32m1.046895e+06[39m
      3 Linear |R| = [32m9.868288e+05[39m
      4 Linear |R| = [32m8.122504e+05[39m
      5 Linear |R| = [32m7.043382e+05[39m
      6 Linear |R| = [32m5.075971e+05[39m
      7 Linear |R| = [32m2.785251e+05[39m
      8 Linear |R| = [32m1.488471e+05[39m
      9 Linear |R| = [32m8.808094e+04[39m
     10 Linear |R| = [32m5.102760e+04[39m
     11 Linear |R| = [32m3.176256e+04[39m
     12 Linear |R| = [32m2.246949e+04[39m
     13 Linear |R| = [32m1.539661e+04[39m
     14 Linear |R| = [32m9.511523e+03[39m
     15 Linear |R| = [32m5.854298e+03[39m
     16 Linear |R| = [32m2.934894e+03[39m
     17 Linear |R| = [32m1.325580e+03[39m
     18 Linear |R| = [32m6.591035e+02[39m
     19 Linear |R| = [32m3.276891e+02[39m
     20 Linear |R| = [32m1.397030e+02[39m
     21 Linear |R| = [32m6.104013e+01[39m
     22 Linear |R| = [32m2.951566e+01[39m
     23 Linear |R| = [32m1.390774e+01[39m
     24 Linear |R| = [32m6.141734e+00[39m
 5 Nonlinear |R| = [33m1.277070e+06[39m
      0 Linear |R| = [32m1.277070e+06[39m
      1 Linear |R| = [32m1.210771e+06[39m
      2 Linear |R| = [32m1.033825e+06[39m
      3 Linear |R| = [32m9.599783e+05[39m
      4 Linear |R| = [32m7.994036e+05[39m
      5 Linear |R| = [32m6.920368e+05[39m
      6 Linear |R| = [32m4.583044e+05[39m
      7 Linear |R| = [32m2.489226e+05[39m
      8 Linear |R| = [32m1.456065e+05[39m
      9 Linear |R| = [32m8.413785e+04[39m
     10 Linear |R| = [32m4.888761e+04[39m
     11 Linear |R| = [32m3.237643e+04[39m
     12 Linear |R| = [32m2.323209e+04[39m
     13 Linear |R| = [32m1.482142e+04[39m
     14 Linear |R| = [32m8.987988e+03[39m
     15 Linear |R| = [32m4.947047e+03[39m
     16 Linear |R| = [32m2.225833e+03[39m
     17 Linear |R| = [32m1.008197e+03[39m
     18 Linear |R| = [32m4.730102e+02[39m
     19 Linear |R| = [32m2.206829e+02[39m
     20 Linear |R| = [32m8.844350e+01[39m
     21 Linear |R| = [32m4.017576e+01[39m
     22 Linear |R| = [32m1.841297e+01[39m
     23 Linear |R| = [32m8.283872e+00[39m
 6 Nonlinear |R| = [32m1.207941e+06[39m
      0 Linear |R| = [32m1.207941e+06[39m
      1 Linear |R| = [32m9.958787e+05[39m
      2 Linear |R| = [32m7.998307e+05[39m
      3 Linear |R| = [32m5.488516e+05[39m
      4 Linear |R| = [32m3.274865e+05[39m
      5 Linear |R| = [32m1.821634e+05[39m
      6 Linear |R| = [32m9.345916e+04[39m
      7 Linear |R| = [32m4.056333e+04[39m
      8 Linear |R| = [32m1.782733e+04[39m
      9 Linear |R| = [32m8.494993e+03[39m
     10 Linear |R| = [32m4.734538e+03[39m
     11 Linear |R| = [32m2.628320e+03[39m
     12 Linear |R| = [32m1.336192e+03[39m
     13 Linear |R| = [32m6.352145e+02[39m
     14 Linear |R| = [32m2.644089e+02[39m
     15 Linear |R| = [32m1.101613e+02[39m
     16 Linear |R| = [32m4.527146e+01[39m
     17 Linear |R| = [32m2.128731e+01[39m
     18 Linear |R| = [32m1.012379e+01[39m
 7 Nonlinear |R| = [32m1.053516e+06[39m
      0 Linear |R| = [32m1.053516e+06[39m
      1 Linear |R| = [32m2.271169e+05[39m
      2 Linear |R| = [32m7.090455e+04[39m
      3 Linear |R| = [32m2.362631e+04[39m
      4 Linear |R| = [32m6.939817e+03[39m
      5 Linear |R| = [32m2.756597e+03[39m
      6 Linear |R| = [32m8.905244e+02[39m
      7 Linear |R| = [32m3.005176e+02[39m
      8 Linear |R| = [32m1.055100e+02[39m
      9 Linear |R| = [32m3.361303e+01[39m
     10 Linear |R| = [32m1.127989e+01[39m
     11 Linear |R| = [32m3.543167e+00[39m
 8 Nonlinear |R| = [32m3.543175e+00[39m
[32m Solve Converged![39m

Postprocessor Values:
+----------------+----------------+----------------+----------------+
| time           | base_shear_x   | top_disp_x     | vonmises_max   |
+----------------+----------------+----------------+----------------+
|   0.000000e+00 |   0.000000e+00 |   0.000000e+00 |   0.000000e+00 |
|   5.000000e+00 |  -3.421612e+05 |  -4.631549e-03 |   2.747116e+06 |
|   1.000000e+01 |   3.819247e-01 |  -4.010718e-19 |   5.529947e+05 |
|   1.500000e+01 |   3.421613e+05 |   4.631549e-03 |   2.747117e+06 |
|   2.000000e+01 |   4.833129e+05 |   6.550000e-03 |   3.438352e+06 |
|   2.500000e+01 |   3.415832e+05 |   4.631549e-03 |   2.529579e+06 |
|   3.000000e+01 |  -5.768099e+02 |   1.203215e-18 |   5.525124e+05 |
|   3.500000e+01 |  -3.427369e+05 |  -4.631549e-03 |   2.746626e+06 |
|   4.000000e+01 |  -6.565482e+05 |  -9.000000e-03 |   3.500000e+06 |
|   4.500000e+01 |  -4.618102e+05 |  -6.363961e-03 |   2.598789e+06 |
|   5.000000e+01 |   8.336008e+03 |  -2.755455e-18 |   8.800030e+05 |
|   5.500000e+01 |   4.761500e+05 |   6.363961e-03 |   3.388286e+06 |
|   6.000000e+01 |   6.594694e+05 |   9.000000e-03 |   3.500000e+06 |
|   6.500000e+01 |   4.647287e+05 |   6.363961e-03 |   2.598805e+06 |
+----------------+----------------+----------------+----------------+


Time Step 14, time = 70, dt = 5
 0 Nonlinear |R| = [32m1.863515e+06[39m
      0 Linear |R| = [32m1.863515e+06[39m
      1 Linear |R| = [33m1.855115e+06[39m
      2 Linear |R| = [32m1.363035e+06[39m
      3 Linear |R| = [33m1.334581e+06[39m
      4 Linear |R| = [32m1.089420e+06[39m
      5 Linear |R| = [32m8.597920e+05[39m
      6 Linear |R| = [32m5.145670e+05[39m
      7 Linear |R| = [32m2.972880e+05[39m
      8 Linear |R| = [32m1.700667e+05[39m
      9 Linear |R| = [32m9.311349e+04[39m
     10 Linear |R| = [32m5.758858e+04[39m
     11 Linear |R| = [32m3.606025e+04[39m
     12 Linear |R| = [32m2.631895e+04[39m
     13 Linear |R| = [32m1.916500e+04[39m
     14 Linear |R| = [32m1.118409e+04[39m
     15 Linear |R| = [32m6.860559e+03[39m
     16 Linear |R| = [32m4.410655e+03[39m
     17 Linear |R| = [32m2.261354e+03[39m
     18 Linear |R| = [32m1.104736e+03[39m
     19 Linear |R| = [32m6.812823e+02[39m
     20 Linear |R| = [32m3.851353e+02[39m
     21 Linear |R| = [32m1.912544e+02[39m
     22 Linear |R| = [32m1.082233e+02[39m
     23 Linear |R| = [32m6.079290e+01[39m
     24 Linear |R| = [32m3.350026e+01[39m
     25 Linear |R| = [32m1.651317e+01[39m
 1 Nonlinear |R| = [32m1.611065e+06[39m
      0 Linear |R| = [32m1.611065e+06[39m
      1 Linear |R| = [33m1.610249e+06[39m
      2 Linear |R| = [32m1.235378e+06[39m
      3 Linear |R| = [33m1.189999e+06[39m
      4 Linear |R| = [32m9.938125e+05[39m
      5 Linear |R| = [32m8.616537e+05[39m
      6 Linear |R| = [32m6.153004e+05[39m
      7 Linear |R| = [32m4.076917e+05[39m
      8 Linear |R| = [32m2.026512e+05[39m
      9 Linear |R| = [32m1.010893e+05[39m
     10 Linear |R| = [32m5.943122e+04[39m
     11 Linear |R| = [32m3.452518e+04[39m
     12 Linear |R| = [32m2.378036e+04[39m
     13 Linear |R| = [32m1.598876e+04[39m
     14 Linear |R| = [32m1.108319e+04[39m
     15 Linear |R| = [32m7.465109e+03[39m
     16 Linear |R| = [32m4.195355e+03[39m
     17 Linear |R| = [32m2.316447e+03[39m
     18 Linear |R| = [32m1.203756e+03[39m
     19 Linear |R| = [32m6.091605e+02[39m
     20 Linear |R| = [32m2.971549e+02[39m
     21 Linear |R| = [32m1.527478e+02[39m
     22 Linear |R| = [32m7.768434e+01[39m
     23 Linear |R| = [32m3.542250e+01[39m
     24 Linear |R| = [32m1.841448e+01[39m
     25 Linear |R| = [32m9.094349e+00[39m
 2 Nonlinear |R| = [32m7.767631e+05[39m
      0 Linear |R| = [32m7.767631e+05[39m
      1 Linear |R| = [32m4.664562e+05[39m
      2 Linear |R| = [32m2.821867e+05[39m
      3 Linear |R| = [32m1.663072e+05[39m
      4 Linear |R| = [32m8.083563e+04[39m
      5 Linear |R| = [32m2.904372e+04[39m
      6 Linear |R| = [32m9.215652e+03[39m
      7 Linear |R| = [32m2.917101e+03[39m
      8 Linear |R| = [32m9.959484e+02[39m
      9 Linear |R| = [32m3.138209e+02[39m
     10 Linear |R| = [32m1.068089e+02[39m
     11 Linear |R| = [32m3.109887e+01[39m
     12 Linear |R| = [32m1.065821e+01[39m
     13 Linear |R| = [32m3.401446e+00[39m
 3 Nonlinear |R| = [32m6.350258e+05[39m
      0 Linear |R| = [32m6.350258e+05[39m
      1 Linear |R| = [32m4.168103e+05[39m
      2 Linear |R| = [32m2.523394e+05[39m
      3 Linear |R| = [32m8.812102e+04[39m
      4 Linear |R| = [32m2.953237e+04[39m
      5 Linear |R| = [32m9.829424e+03[39m
      6 Linear |R| = [32m3.191704e+03[39m
      7 Linear |R| = [32m1.038353e+03[39m
      8 Linear |R| = [32m3.552979e+02[39m
      9 Linear |R| = [32m1.143518e+02[39m
     10 Linear |R| = [32m4.063033e+01[39m
     11 Linear |R| = [32m1.355362e+01[39m
     12 Linear |R| = [32m4.481145e+00[39m
 4 Nonlinear |R| = [32m4.596824e+05[39m
      0 Linear |R| = [32m4.596824e+05[39m
      1 Linear |R| = [32m3.986371e+05[39m
      2 Linear |R| = [32m2.255716e+05[39m
      3 Linear |R| = [32m7.988528e+04[39m
      4 Linear |R| = [32m3.200787e+04[39m
      5 Linear |R| = [32m1.061298e+04[39m
      6 Linear |R| = [32m3.092351e+03[39m
      7 Linear |R| = [32m8.940123e+02[39m
      8 Linear |R| = [32m2.776630e+02[39m
      9 Linear |R| = [32m9.312334e+01[39m
     10 Linear |R| = [32m3.026800e+01[39m
     11 Linear |R| = [32m9.727602e+00[39m
     12 Linear |R| = [32m3.031021e+00[39m
 5 Nonlinear |R| = [32m2.404203e+05[39m
      0 Linear |R| = [32m2.404203e+05[39m
      1 Linear |R| = [32m6.014748e+04[39m
      2 Linear |R| = [32m1.512338e+04[39m
      3 Linear |R| = [32m5.582495e+03[39m
      4 Linear |R| = [32m1.825534e+03[39m
      5 Linear |R| = [32m5.396033e+02[39m
      6 Linear |R| = [32m1.571361e+02[39m
      7 Linear |R| = [32m5.109647e+01[39m
      8 Linear |R| = [32m1.645752e+01[39m
      9 Linear |R| = [32m5.356248e+00[39m
     10 Linear |R| = [32m1.660181e+00[39m
 6 Nonlinear |R| = [32m1.660182e+00[39m
[32m Solve Converged![39m

Postprocessor Values:
+----------------+----------------+----------------+----------------+
| time           | base_shear_x   | top_disp_x     | vonmises_max   |
+----------------+----------------+----------------+----------------+
|   0.000000e+00 |   0.000000e+00 |   0.000000e+00 |   0.000000e+00 |
|   5.000000e+00 |  -3.421612e+05 |  -4.631549e-03 |   2.747116e+06 |
|   1.000000e+01 |   3.819247e-01 |  -4.010718e-19 |   5.529947e+05 |
|   1.500000e+01 |   3.421613e+05 |   4.631549e-03 |   2.747117e+06 |
|   2.000000e+01 |   4.833129e+05 |   6.550000e-03 |   3.438352e+06 |
|   2.500000e+01 |   3.415832e+05 |   4.631549e-03 |   2.529579e+06 |
|   3.000000e+01 |  -5.768099e+02 |   1.203215e-18 |   5.525124e+05 |
|   3.500000e+01 |  -3.427369e+05 |  -4.631549e-03 |   2.746626e+06 |
|   4.000000e+01 |  -6.565482e+05 |  -9.000000e-03 |   3.500000e+06 |
|   4.500000e+01 |  -4.618102e+05 |  -6.363961e-03 |   2.598789e+06 |
|   5.000000e+01 |   8.336008e+03 |  -2.755455e-18 |   8.800030e+05 |
|   5.500000e+01 |   4.761500e+05 |   6.363961e-03 |   3.388286e+06 |
|   6.000000e+01 |   6.594694e+05 |   9.000000e-03 |   3.500000e+06 |
|   6.500000e+01 |   4.647287e+05 |   6.363961e-03 |   2.598805e+06 |
|   7.000000e+01 |  -5.415012e+03 |   3.857637e-18 |   8.852659e+05 |
+----------------+----------------+----------------+----------------+


Time Step 15, time = 75, dt = 5
 0 Nonlinear |R| = [32m1.517195e+06[39m
      0 Linear |R| = [32m1.517195e+06[39m
      1 Linear |R| = [33m1.511885e+06[39m
      2 Linear |R| = [32m1.143635e+06[39m
      3 Linear |R| = [33m1.119374e+06[39m
      4 Linear |R| = [32m9.072854e+05[39m
      5 Linear |R| = [32m7.432510e+05[39m
      6 Linear |R| = [32m4.980293e+05[39m
      7 Linear |R| = [32m3.371049e+05[39m
      8 Linear |R| = [32m1.977071e+05[39m
      9 Linear |R| = [32m1.008488e+05[39m
     10 Linear |R| = [32m5.817082e+04[39m
     11 Linear |R| = [32m3.550756e+04[39m
     12 Linear |R| = [32m2.485018e+04[39m
     13 Linear |R| = [32m1.736751e+04[39m
     14 Linear |R| = [32m1.089591e+04[39m
     15 Linear |R| = [32m7.558541e+03[39m
     16 Linear |R| = [32m5.002122e+03[39m
     17 Linear |R| = [32m2.526535e+03[39m
     18 Linear |R| = [32m1.280705e+03[39m
     19 Linear |R| = [32m7.801305e+02[39m
     20 Linear |R| = [32m3.972276e+02[39m
     21 Linear |R| = [32m1.774001e+02[39m
     22 Linear |R| = [32m9.481357e+01[39m
     23 Linear |R| = [32m5.020523e+01[39m
     24 Linear |R| = [32m2.668752e+01[39m
     25 Linear |R| = [32m1.294746e+01[39m
 1 Nonlinear |R| = [32m1.250874e+06[39m
      0 Linear |R| = [32m1.250874e+06[39m
      1 Linear |R| = [33m1.246108e+06[39m
      2 Linear |R| = [32m9.605515e+05[39m
      3 Linear |R| = [33m9.366598e+05[39m
      4 Linear |R| = [32m7.367921e+05[39m
      5 Linear |R| = [32m5.963632e+05[39m
      6 Linear |R| = [32m3.950194e+05[39m
      7 Linear |R| = [32m2.458895e+05[39m
      8 Linear |R| = [32m1.236412e+05[39m
      9 Linear |R| = [32m7.240136e+04[39m
     10 Linear |R| = [32m4.796185e+04[39m
     11 Linear |R| = [32m2.988430e+04[39m
     12 Linear |R| = [32m2.053854e+04[39m
     13 Linear |R| = [32m1.352415e+04[39m
     14 Linear |R| = [32m8.684990e+03[39m
     15 Linear |R| = [32m5.305118e+03[39m
     16 Linear |R| = [32m2.883598e+03[39m
     17 Linear |R| = [32m1.540470e+03[39m
     18 Linear |R| = [32m7.516478e+02[39m
     19 Linear |R| = [32m3.624820e+02[39m
     20 Linear |R| = [32m1.835332e+02[39m
     21 Linear |R| = [32m8.892652e+01[39m
     22 Linear |R| = [32m4.131117e+01[39m
     23 Linear |R| = [32m1.886676e+01[39m
     24 Linear |R| = [32m9.774173e+00[39m
 2 Nonlinear |R| = [33m1.236836e+06[39m
      0 Linear |R| = [32m1.236836e+06[39m
      1 Linear |R| = [33m1.231636e+06[39m
      2 Linear |R| = [32m9.574970e+05[39m
      3 Linear |R| = [33m9.311813e+05[39m
      4 Linear |R| = [32m7.244374e+05[39m
      5 Linear |R| = [32m5.882505e+05[39m
      6 Linear |R| = [32m3.805880e+05[39m
      7 Linear |R| = [32m2.271182e+05[39m
      8 Linear |R| = [32m1.178997e+05[39m
      9 Linear |R| = [32m7.374060e+04[39m
     10 Linear |R| = [32m4.760035e+04[39m
     11 Linear |R| = [32m2.969826e+04[39m
     12 Linear |R| = [32m2.057418e+04[39m
     13 Linear |R| = [32m1.332718e+04[39m
     14 Linear |R| = [32m8.173915e+03[39m
     15 Linear |R| = [32m4.879052e+03[39m
     16 Linear |R| = [32m2.581706e+03[39m
     17 Linear |R| = [32m1.294146e+03[39m
     18 Linear |R| = [32m6.286982e+02[39m
     19 Linear |R| = [32m3.088026e+02[39m
     20 Linear |R| = [32m1.516440e+02[39m
     21 Linear |R| = [32m6.918870e+01[39m
     22 Linear |R| = [32m3.190674e+01[39m
     23 Linear |R| = [32m1.515274e+01[39m
     24 Linear |R| = [32m7.834954e+00[39m
 3 Nonlinear |R| = [33m1.223930e+06[39m
      0 Linear |R| = [32m1.223930e+06[39m
      1 Linear |R| = [33m1.218163e+06[39m
      2 Linear |R| = [32m9.531073e+05[39m
      3 Linear |R| = [33m9.178727e+05[39m
      4 Linear |R| = [32m7.127348e+05[39m
      5 Linear |R| = [32m5.774944e+05[39m
      6 Linear |R| = [32m3.541653e+05[39m
      7 Linear |R| = [32m2.058319e+05[39m
      8 Linear |R| = [32m1.158308e+05[39m
      9 Linear |R| = [32m7.444814e+04[39m
     10 Linear |R| = [32m4.591551e+04[39m
     11 Linear |R| = [32m2.935129e+04[39m
     12 Linear |R| = [32m2.061271e+04[39m
     13 Linear |R| = [32m1.265117e+04[39m
     14 Linear |R| = [32m7.453895e+03[39m
     15 Linear |R| = [32m4.351962e+03[39m
     16 Linear |R| = [32m2.113508e+03[39m
     17 Linear |R| = [32m1.033071e+03[39m
     18 Linear |R| = [32m4.994207e+02[39m
     19 Linear |R| = [32m2.435029e+02[39m
     20 Linear |R| = [32m1.122181e+02[39m
     21 Linear |R| = [32m4.957554e+01[39m
     22 Linear |R| = [32m2.355536e+01[39m
     23 Linear |R| = [32m1.117965e+01[39m
 4 Nonlinear |R| = [33m1.211310e+06[39m
      0 Linear |R| = [32m1.211310e+06[39m
      1 Linear |R| = [33m1.204997e+06[39m
      2 Linear |R| = [32m9.344187e+05[39m
      3 Linear |R| = [32m8.861429e+05[39m
      4 Linear |R| = [32m7.027052e+05[39m
      5 Linear |R| = [32m5.577884e+05[39m
      6 Linear |R| = [32m3.079957e+05[39m
      7 Linear |R| = [32m1.917278e+05[39m
      8 Linear |R| = [32m1.149945e+05[39m
      9 Linear |R| = [32m7.111498e+04[39m
     10 Linear |R| = [32m4.430396e+04[39m
     11 Linear |R| = [32m2.931735e+04[39m
     12 Linear |R| = [32m2.010169e+04[39m
     13 Linear |R| = [32m1.097113e+04[39m
     14 Linear |R| = [32m6.732869e+03[39m
     15 Linear |R| = [32m3.621785e+03[39m
     16 Linear |R| = [32m1.648442e+03[39m
     17 Linear |R| = [32m7.535295e+02[39m
     18 Linear |R| = [32m3.605850e+02[39m
     19 Linear |R| = [32m1.686870e+02[39m
     20 Linear |R| = [32m7.399715e+01[39m
     21 Linear |R| = [32m3.334926e+01[39m
     22 Linear |R| = [32m1.556162e+01[39m
     23 Linear |R| = [32m7.058305e+00[39m
 5 Nonlinear |R| = [33m1.160578e+06[39m
      0 Linear |R| = [32m1.160578e+06[39m
      1 Linear |R| = [33m1.130720e+06[39m
      2 Linear |R| = [32m8.657903e+05[39m
      3 Linear |R| = [32m6.140048e+05[39m
      4 Linear |R| = [32m3.752417e+05[39m
      5 Linear |R| = [32m2.156351e+05[39m
      6 Linear |R| = [32m1.270366e+05[39m
      7 Linear |R| = [32m7.478006e+04[39m
      8 Linear |R| = [32m3.637584e+04[39m
      9 Linear |R| = [32m2.152259e+04[39m
     10 Linear |R| = [32m1.339193e+04[39m
     11 Linear |R| = [32m7.946094e+03[39m
     12 Linear |R| = [32m5.164894e+03[39m
     13 Linear |R| = [32m2.608499e+03[39m
     14 Linear |R| = [32m1.103053e+03[39m
     15 Linear |R| = [32m4.970677e+02[39m
     16 Linear |R| = [32m2.145334e+02[39m
     17 Linear |R| = [32m9.429034e+01[39m
     18 Linear |R| = [32m4.064341e+01[39m
     19 Linear |R| = [32m1.999145e+01[39m
     20 Linear |R| = [32m9.167880e+00[39m
 6 Nonlinear |R| = [32m9.497624e+05[39m
      0 Linear |R| = [32m9.497624e+05[39m
      1 Linear |R| = [32m7.634480e+05[39m
      2 Linear |R| = [32m5.132256e+05[39m
      3 Linear |R| = [32m2.304488e+05[39m
      4 Linear |R| = [32m9.803201e+04[39m
      5 Linear |R| = [32m4.952972e+04[39m
      6 Linear |R| = [32m1.912154e+04[39m
      7 Linear |R| = [32m6.248958e+03[39m
      8 Linear |R| = [32m2.433640e+03[39m
      9 Linear |R| = [32m9.891310e+02[39m
     10 Linear |R| = [32m4.106429e+02[39m
     11 Linear |R| = [32m1.823159e+02[39m
     12 Linear |R| = [32m9.093231e+01[39m
     13 Linear |R| = [32m3.820424e+01[39m
     14 Linear |R| = [32m1.579036e+01[39m
     15 Linear |R| = [32m6.542391e+00[39m
 7 Nonlinear |R| = [32m4.801605e+05[39m
      0 Linear |R| = [32m4.801605e+05[39m
      1 Linear |R| = [32m9.918346e+04[39m
      2 Linear |R| = [32m2.910580e+04[39m
      3 Linear |R| = [32m8.274554e+03[39m
      4 Linear |R| = [32m2.741338e+03[39m
      5 Linear |R| = [32m1.018578e+03[39m
      6 Linear |R| = [32m2.921240e+02[39m
      7 Linear |R| = [32m8.537516e+01[39m
      8 Linear |R| = [32m2.844105e+01[39m
      9 Linear |R| = [32m1.014521e+01[39m
     10 Linear |R| = [32m3.259962e+00[39m
 8 Nonlinear |R| = [32m1.857080e+01[39m
      0 Linear |R| = [32m1.857080e+01[39m
      1 Linear |R| = [32m3.311979e+00[39m
      2 Linear |R| = [32m1.196199e+00[39m
      3 Linear |R| = [32m3.606219e-01[39m
      4 Linear |R| = [32m1.309617e-01[39m
      5 Linear |R| = [32m4.491690e-02[39m
      6 Linear |R| = [32m1.578280e-02[39m
      7 Linear |R| = [32m4.950326e-03[39m
      8 Linear |R| = [32m1.601123e-03[39m
      9 Linear |R| = [32m4.517377e-04[39m
     10 Linear |R| = [32m1.415325e-04[39m
 9 Nonlinear |R| = [32m1.441453e-04[39m
[32m Solve Converged![39m

Postprocessor Values:
+----------------+----------------+----------------+----------------+
| time           | base_shear_x   | top_disp_x     | vonmises_max   |
+----------------+----------------+----------------+----------------+
:                :                :                :                :
|   5.000000e+00 |  -3.421612e+05 |  -4.631549e-03 |   2.747116e+06 |
|   1.000000e+01 |   3.819247e-01 |  -4.010718e-19 |   5.529947e+05 |
|   1.500000e+01 |   3.421613e+05 |   4.631549e-03 |   2.747117e+06 |
|   2.000000e+01 |   4.833129e+05 |   6.550000e-03 |   3.438352e+06 |
|   2.500000e+01 |   3.415832e+05 |   4.631549e-03 |   2.529579e+06 |
|   3.000000e+01 |  -5.768099e+02 |   1.203215e-18 |   5.525124e+05 |
|   3.500000e+01 |  -3.427369e+05 |  -4.631549e-03 |   2.746626e+06 |
|   4.000000e+01 |  -6.565482e+05 |  -9.000000e-03 |   3.500000e+06 |
|   4.500000e+01 |  -4.618102e+05 |  -6.363961e-03 |   2.598789e+06 |
|   5.000000e+01 |   8.336008e+03 |  -2.755455e-18 |   8.800030e+05 |
|   5.500000e+01 |   4.761500e+05 |   6.363961e-03 |   3.388286e+06 |
|   6.000000e+01 |   6.594694e+05 |   9.000000e-03 |   3.500000e+06 |
|   6.500000e+01 |   4.647287e+05 |   6.363961e-03 |   2.598805e+06 |
|   7.000000e+01 |  -5.415012e+03 |   3.857637e-18 |   8.852659e+05 |
|   7.500000e+01 |  -4.732234e+05 |  -6.363961e-03 |   3.356125e+06 |
+----------------+----------------+----------------+----------------+


Time Step 16, time = 80, dt = 5
 0 Nonlinear |R| = [32m1.193970e+06[39m
      0 Linear |R| = [32m1.193970e+06[39m
      1 Linear |R| = [33m1.187611e+06[39m
      2 Linear |R| = [32m9.263631e+05[39m
      3 Linear |R| = [33m9.095301e+05[39m
      4 Linear |R| = [32m7.757094e+05[39m
      5 Linear |R| = [32m6.967513e+05[39m
      6 Linear |R| = [32m5.210683e+05[39m
      7 Linear |R| = [32m3.589281e+05[39m
      8 Linear |R| = [32m2.034000e+05[39m
      9 Linear |R| = [32m9.752095e+04[39m
     10 Linear |R| = [32m5.315979e+04[39m
     11 Linear |R| = [32m3.206204e+04[39m
     12 Linear |R| = [32m2.270514e+04[39m
     13 Linear |R| = [32m1.649988e+04[39m
     14 Linear |R| = [32m1.073409e+04[39m
     15 Linear |R| = [32m7.117825e+03[39m
     16 Linear |R| = [32m4.407208e+03[39m
     17 Linear |R| = [32m2.105923e+03[39m
     18 Linear |R| = [32m9.040923e+02[39m
     19 Linear |R| = [32m5.290155e+02[39m
     20 Linear |R| = [32m2.911517e+02[39m
     21 Linear |R| = [32m1.273730e+02[39m
     22 Linear |R| = [32m6.180208e+01[39m
     23 Linear |R| = [32m3.226521e+01[39m
     24 Linear |R| = [32m1.756908e+01[39m
     25 Linear |R| = [32m8.771684e+00[39m
 1 Nonlinear |R| = [32m1.060483e+06[39m
      0 Linear |R| = [32m1.060483e+06[39m
      1 Linear |R| = [33m1.053566e+06[39m
      2 Linear |R| = [32m8.301754e+05[39m
      3 Linear |R| = [33m8.170874e+05[39m
      4 Linear |R| = [32m7.076748e+05[39m
      5 Linear |R| = [32m6.353721e+05[39m
      6 Linear |R| = [32m4.847061e+05[39m
      7 Linear |R| = [32m3.374013e+05[39m
      8 Linear |R| = [32m1.874192e+05[39m
      9 Linear |R| = [32m8.858980e+04[39m
     10 Linear |R| = [32m5.040481e+04[39m
     11 Linear |R| = [32m3.062994e+04[39m
     12 Linear |R| = [32m2.142911e+04[39m
     13 Linear |R| = [32m1.543653e+04[39m
     14 Linear |R| = [32m1.014360e+04[39m
     15 Linear |R| = [32m6.757242e+03[39m
     16 Linear |R| = [32m4.024742e+03[39m
     17 Linear |R| = [32m1.931053e+03[39m
     18 Linear |R| = [32m9.180835e+02[39m
     19 Linear |R| = [32m5.189493e+02[39m
     20 Linear |R| = [32m2.649703e+02[39m
     21 Linear |R| = [32m1.269748e+02[39m
     22 Linear |R| = [32m6.631455e+01[39m
     23 Linear |R| = [32m3.154209e+01[39m
     24 Linear |R| = [32m1.672244e+01[39m
     25 Linear |R| = [32m8.623809e+00[39m
 2 Nonlinear |R| = [32m9.580473e+05[39m
      0 Linear |R| = [32m9.580473e+05[39m
      1 Linear |R| = [33m9.518881e+05[39m
      2 Linear |R| = [32m7.642910e+05[39m
      3 Linear |R| = [33m7.568292e+05[39m
      4 Linear |R| = [32m6.767524e+05[39m
      5 Linear |R| = [32m6.190836e+05[39m
      6 Linear |R| = [32m4.872462e+05[39m
      7 Linear |R| = [32m3.518895e+05[39m
      8 Linear |R| = [32m1.933698e+05[39m
      9 Linear |R| = [32m9.196633e+04[39m
     10 Linear |R| = [32m5.475748e+04[39m
     11 Linear |R| = [32m3.316361e+04[39m
     12 Linear |R| = [32m2.233087e+04[39m
     13 Linear |R| = [32m1.522102e+04[39m
     14 Linear |R| = [32m1.019378e+04[39m
     15 Linear |R| = [32m7.128200e+03[39m
     16 Linear |R| = [32m4.119072e+03[39m
     17 Linear |R| = [32m2.114528e+03[39m
     18 Linear |R| = [32m1.178697e+03[39m
     19 Linear |R| = [32m6.378781e+02[39m
     20 Linear |R| = [32m2.907073e+02[39m
     21 Linear |R| = [32m1.392083e+02[39m
     22 Linear |R| = [32m7.523690e+01[39m
     23 Linear |R| = [32m3.731231e+01[39m
     24 Linear |R| = [32m1.816975e+01[39m
     25 Linear |R| = [32m8.184405e+00[39m
 3 Nonlinear |R| = [32m8.637889e+05[39m
      0 Linear |R| = [32m8.637889e+05[39m
      1 Linear |R| = [33m8.544812e+05[39m
      2 Linear |R| = [32m7.039707e+05[39m
      3 Linear |R| = [33m6.928481e+05[39m
      4 Linear |R| = [32m6.168783e+05[39m
      5 Linear |R| = [32m5.662734e+05[39m
      6 Linear |R| = [32m4.331332e+05[39m
      7 Linear |R| = [32m2.883502e+05[39m
      8 Linear |R| = [32m1.592059e+05[39m
      9 Linear |R| = [32m9.096694e+04[39m
     10 Linear |R| = [32m4.883719e+04[39m
     11 Linear |R| = [32m2.687587e+04[39m
     12 Linear |R| = [32m1.832728e+04[39m
     13 Linear |R| = [32m1.256259e+04[39m
     14 Linear |R| = [32m7.719141e+03[39m
     15 Linear |R| = [32m4.916527e+03[39m
     16 Linear |R| = [32m2.897100e+03[39m
     17 Linear |R| = [32m1.712485e+03[39m
     18 Linear |R| = [32m1.043391e+03[39m
     19 Linear |R| = [32m6.308924e+02[39m
     20 Linear |R| = [32m3.607772e+02[39m
     21 Linear |R| = [32m1.930017e+02[39m
     22 Linear |R| = [32m1.098365e+02[39m
     23 Linear |R| = [32m6.006497e+01[39m
     24 Linear |R| = [32m3.261063e+01[39m
     25 Linear |R| = [32m1.726879e+01[39m
     26 Linear |R| = [32m9.171739e+00[39m
     27 Linear |R| = [32m5.033597e+00[39m
 4 Nonlinear |R| = [33m8.548785e+05[39m
      0 Linear |R| = [32m8.548785e+05[39m
      1 Linear |R| = [33m8.454992e+05[39m
      2 Linear |R| = [32m6.891857e+05[39m
      3 Linear |R| = [33m6.737059e+05[39m
      4 Linear |R| = [32m6.057724e+05[39m
      5 Linear |R| = [32m5.560204e+05[39m
      6 Linear |R| = [32m4.107376e+05[39m
      7 Linear |R| = [32m2.775034e+05[39m
      8 Linear |R| = [32m1.569904e+05[39m
      9 Linear |R| = [32m8.565232e+04[39m
     10 Linear |R| = [32m4.766127e+04[39m
     11 Linear |R| = [32m2.721899e+04[39m
     12 Linear |R| = [32m1.902573e+04[39m
     13 Linear |R| = [32m1.159622e+04[39m
     14 Linear |R| = [32m7.369060e+03[39m
     15 Linear |R| = [32m4.550839e+03[39m
     16 Linear |R| = [32m2.630381e+03[39m
     17 Linear |R| = [32m1.592839e+03[39m
     18 Linear |R| = [32m1.042265e+03[39m
     19 Linear |R| = [32m6.355676e+02[39m
     20 Linear |R| = [32m3.458445e+02[39m
     21 Linear |R| = [32m1.813249e+02[39m
     22 Linear |R| = [32m1.029921e+02[39m
     23 Linear |R| = [32m5.729826e+01[39m
     24 Linear |R| = [32m3.218820e+01[39m
     25 Linear |R| = [32m1.804024e+01[39m
     26 Linear |R| = [32m1.008312e+01[39m
     27 Linear |R| = [32m5.577293e+00[39m
 5 Nonlinear |R| = [33m8.228004e+05[39m
      0 Linear |R| = [32m8.228004e+05[39m
      1 Linear |R| = [33m7.844549e+05[39m
      2 Linear |R| = [32m6.379043e+05[39m
      3 Linear |R| = [32m5.460437e+05[39m
      4 Linear |R| = [32m4.589575e+05[39m
      5 Linear |R| = [32m3.499535e+05[39m
      6 Linear |R| = [32m2.194692e+05[39m
      7 Linear |R| = [32m1.227400e+05[39m
      8 Linear |R| = [32m6.427440e+04[39m
      9 Linear |R| = [32m3.679651e+04[39m
     10 Linear |R| = [32m2.247527e+04[39m
     11 Linear |R| = [32m1.305108e+04[39m
     12 Linear |R| = [32m7.963311e+03[39m
     13 Linear |R| = [32m4.430058e+03[39m
     14 Linear |R| = [32m2.059524e+03[39m
     15 Linear |R| = [32m1.074920e+03[39m
     16 Linear |R| = [32m6.011837e+02[39m
     17 Linear |R| = [32m3.509403e+02[39m
     18 Linear |R| = [32m2.025229e+02[39m
     19 Linear |R| = [32m1.232933e+02[39m
     20 Linear |R| = [32m6.731823e+01[39m
     21 Linear |R| = [32m3.531585e+01[39m
     22 Linear |R| = [32m1.827985e+01[39m
     23 Linear |R| = [32m9.827007e+00[39m
     24 Linear |R| = [32m5.368549e+00[39m
 6 Nonlinear |R| = [32m6.725476e+05[39m
      0 Linear |R| = [32m6.725476e+05[39m
      1 Linear |R| = [32m4.357598e+05[39m
      2 Linear |R| = [32m3.210642e+05[39m
      3 Linear |R| = [32m1.625684e+05[39m
      4 Linear |R| = [32m8.197913e+04[39m
      5 Linear |R| = [32m4.525814e+04[39m
      6 Linear |R| = [32m2.397035e+04[39m
      7 Linear |R| = [32m1.385926e+04[39m
      8 Linear |R| = [32m8.676868e+03[39m
      9 Linear |R| = [32m4.843833e+03[39m
     10 Linear |R| = [32m2.694158e+03[39m
     11 Linear |R| = [32m1.607712e+03[39m
     12 Linear |R| = [32m9.386169e+02[39m
     13 Linear |R| = [32m5.575449e+02[39m
     14 Linear |R| = [32m2.792427e+02[39m
     15 Linear |R| = [32m1.506773e+02[39m
     16 Linear |R| = [32m8.556141e+01[39m
     17 Linear |R| = [32m5.060653e+01[39m
     18 Linear |R| = [32m3.066083e+01[39m
     19 Linear |R| = [32m1.768174e+01[39m
     20 Linear |R| = [32m1.056794e+01[39m
     21 Linear |R| = [32m5.765876e+00[39m
 7 Nonlinear |R| = [32m5.842263e+05[39m
      0 Linear |R| = [32m5.842263e+05[39m
      1 Linear |R| = [32m3.438954e+05[39m
      2 Linear |R| = [32m2.405864e+05[39m
      3 Linear |R| = [32m1.129884e+05[39m
      4 Linear |R| = [32m4.870666e+04[39m
      5 Linear |R| = [32m2.776295e+04[39m
      6 Linear |R| = [32m1.645162e+04[39m
      7 Linear |R| = [32m1.062040e+04[39m
      8 Linear |R| = [32m6.829692e+03[39m
      9 Linear |R| = [32m3.647851e+03[39m
     10 Linear |R| = [32m2.102204e+03[39m
     11 Linear |R| = [32m1.253523e+03[39m
     12 Linear |R| = [32m6.941981e+02[39m
     13 Linear |R| = [32m3.889208e+02[39m
     14 Linear |R| = [32m2.141189e+02[39m
     15 Linear |R| = [32m1.347635e+02[39m
     16 Linear |R| = [32m8.378135e+01[39m
     17 Linear |R| = [32m5.026105e+01[39m
     18 Linear |R| = [32m3.005026e+01[39m
     19 Linear |R| = [32m1.604738e+01[39m
     20 Linear |R| = [32m8.096649e+00[39m
     21 Linear |R| = [32m3.725733e+00[39m
 8 Nonlinear |R| = [32m5.065387e+05[39m
      0 Linear |R| = [32m5.065387e+05[39m
      1 Linear |R| = [32m2.338849e+05[39m
      2 Linear |R| = [32m1.450318e+05[39m
      3 Linear |R| = [32m6.931846e+04[39m
      4 Linear |R| = [32m3.133470e+04[39m
      5 Linear |R| = [32m2.091845e+04[39m
      6 Linear |R| = [32m1.450753e+04[39m
      7 Linear |R| = [32m8.640976e+03[39m
      8 Linear |R| = [32m5.279497e+03[39m
      9 Linear |R| = [32m3.096538e+03[39m
     10 Linear |R| = [32m1.783020e+03[39m
     11 Linear |R| = [32m1.003697e+03[39m
     12 Linear |R| = [32m5.267022e+02[39m
     13 Linear |R| = [32m3.166072e+02[39m
     14 Linear |R| = [32m1.939000e+02[39m
     15 Linear |R| = [32m1.196390e+02[39m
     16 Linear |R| = [32m6.795644e+01[39m
     17 Linear |R| = [32m3.507825e+01[39m
     18 Linear |R| = [32m1.969815e+01[39m
     19 Linear |R| = [32m1.136370e+01[39m
     20 Linear |R| = [32m6.401261e+00[39m
     21 Linear |R| = [32m3.385456e+00[39m
 9 Nonlinear |R| = [32m3.323763e+05[39m
      0 Linear |R| = [32m3.323763e+05[39m
      1 Linear |R| = [32m9.393609e+04[39m
      2 Linear |R| = [32m4.977930e+04[39m
      3 Linear |R| = [32m3.315515e+04[39m
      4 Linear |R| = [32m1.983012e+04[39m
      5 Linear |R| = [32m1.379769e+04[39m
      6 Linear |R| = [32m8.901542e+03[39m
      7 Linear |R| = [32m5.530788e+03[39m
      8 Linear |R| = [32m3.586476e+03[39m
      9 Linear |R| = [32m2.044228e+03[39m
     10 Linear |R| = [32m1.154066e+03[39m
     11 Linear |R| = [32m6.238018e+02[39m
     12 Linear |R| = [32m3.650853e+02[39m
     13 Linear |R| = [32m2.261114e+02[39m
     14 Linear |R| = [32m1.239425e+02[39m
     15 Linear |R| = [32m7.348882e+01[39m
     16 Linear |R| = [32m4.082958e+01[39m
     17 Linear |R| = [32m2.186154e+01[39m
     18 Linear |R| = [32m1.278563e+01[39m
     19 Linear |R| = [32m7.240038e+00[39m
     20 Linear |R| = [32m4.200140e+00[39m
     21 Linear |R| = [32m2.356978e+00[39m
10 Nonlinear |R| = [32m8.896325e+03[39m
      0 Linear |R| = [32m8.896325e+03[39m
      1 Linear |R| = [32m2.825642e+03[39m
      2 Linear |R| = [32m1.530394e+03[39m
      3 Linear |R| = [32m9.423790e+02[39m
      4 Linear |R| = [32m6.068979e+02[39m
      5 Linear |R| = [32m4.277339e+02[39m
      6 Linear |R| = [32m2.760206e+02[39m
      7 Linear |R| = [32m1.552438e+02[39m
      8 Linear |R| = [32m9.648724e+01[39m
      9 Linear |R| = [32m5.845580e+01[39m
     10 Linear |R| = [32m3.241692e+01[39m
     11 Linear |R| = [32m1.669321e+01[39m
     12 Linear |R| = [32m8.859668e+00[39m
     13 Linear |R| = [32m4.613290e+00[39m
     14 Linear |R| = [32m2.552588e+00[39m
     15 Linear |R| = [32m1.526685e+00[39m
     16 Linear |R| = [32m9.049162e-01[39m
     17 Linear |R| = [32m5.550893e-01[39m
     18 Linear |R| = [32m3.274962e-01[39m
     19 Linear |R| = [32m1.857436e-01[39m
     20 Linear |R| = [32m1.108308e-01[39m
     21 Linear |R| = [32m6.720228e-02[39m
11 Nonlinear |R| = [32m7.143364e+02[39m
      0 Linear |R| = [32m7.143364e+02[39m
      1 Linear |R| = [32m1.956807e+02[39m
      2 Linear |R| = [32m1.026371e+02[39m
      3 Linear |R| = [32m5.689712e+01[39m
      4 Linear |R| = [32m3.175862e+01[39m
      5 Linear |R| = [32m2.002564e+01[39m
      6 Linear |R| = [32m1.226486e+01[39m
      7 Linear |R| = [32m7.470348e+00[39m
      8 Linear |R| = [32m4.613975e+00[39m
      9 Linear |R| = [32m2.778045e+00[39m
     10 Linear |R| = [32m1.588302e+00[39m
     11 Linear |R| = [32m8.621738e-01[39m
     12 Linear |R| = [32m4.714033e-01[39m
     13 Linear |R| = [32m2.827033e-01[39m
     14 Linear |R| = [32m1.765047e-01[39m
     15 Linear |R| = [32m1.070090e-01[39m
     16 Linear |R| = [32m6.389194e-02[39m
     17 Linear |R| = [32m3.519892e-02[39m
     18 Linear |R| = [32m1.888435e-02[39m
     19 Linear |R| = [32m1.036924e-02[39m
     20 Linear |R| = [32m5.256690e-03[39m
12 Nonlinear |R| = [32m8.631247e-02[39m
[32m Solve Converged![39m

Postprocessor Values:
+----------------+----------------+----------------+----------------+
| time           | base_shear_x   | top_disp_x     | vonmises_max   |
+----------------+----------------+----------------+----------------+
:                :                :                :                :
|   1.000000e+01 |   3.819247e-01 |  -4.010718e-19 |   5.529947e+05 |
|   1.500000e+01 |   3.421613e+05 |   4.631549e-03 |   2.747117e+06 |
|   2.000000e+01 |   4.833129e+05 |   6.550000e-03 |   3.438352e+06 |
|   2.500000e+01 |   3.415832e+05 |   4.631549e-03 |   2.529579e+06 |
|   3.000000e+01 |  -5.768099e+02 |   1.203215e-18 |   5.525124e+05 |
|   3.500000e+01 |  -3.427369e+05 |  -4.631549e-03 |   2.746626e+06 |
|   4.000000e+01 |  -6.565482e+05 |  -9.000000e-03 |   3.500000e+06 |
|   4.500000e+01 |  -4.618102e+05 |  -6.363961e-03 |   2.598789e+06 |
|   5.000000e+01 |   8.336008e+03 |  -2.755455e-18 |   8.800030e+05 |
|   5.500000e+01 |   4.761500e+05 |   6.363961e-03 |   3.388286e+06 |
|   6.000000e+01 |   6.594694e+05 |   9.000000e-03 |   3.500000e+06 |
|   6.500000e+01 |   4.647287e+05 |   6.363961e-03 |   2.598805e+06 |
|   7.000000e+01 |  -5.415012e+03 |   3.857637e-18 |   8.852659e+05 |
|   7.500000e+01 |  -4.732234e+05 |  -6.363961e-03 |   3.356125e+06 |
|   8.000000e+01 |  -9.477584e+05 |  -1.440000e-02 |   3.500000e+06 |
+----------------+----------------+----------------+----------------+


Time Step 17, time = 85, dt = 5
 0 Nonlinear |R| = [32m2.219081e+06[39m
      0 Linear |R| = [32m2.219081e+06[39m
      1 Linear |R| = [33m2.205378e+06[39m
      2 Linear |R| = [32m1.636368e+06[39m
      3 Linear |R| = [33m1.610285e+06[39m
      4 Linear |R| = [32m1.354569e+06[39m
      5 Linear |R| = [32m9.991364e+05[39m
      6 Linear |R| = [32m6.956434e+05[39m
      7 Linear |R| = [32m3.559469e+05[39m
      8 Linear |R| = [32m2.148848e+05[39m
      9 Linear |R| = [32m1.556848e+05[39m
     10 Linear |R| = [32m1.085863e+05[39m
     11 Linear |R| = [32m7.100985e+04[39m
     12 Linear |R| = [32m4.479890e+04[39m
     13 Linear |R| = [32m2.752157e+04[39m
     14 Linear |R| = [32m1.390657e+04[39m
     15 Linear |R| = [32m8.062732e+03[39m
     16 Linear |R| = [32m4.574406e+03[39m
     17 Linear |R| = [32m2.589713e+03[39m
     18 Linear |R| = [32m1.392375e+03[39m
     19 Linear |R| = [32m8.065609e+02[39m
     20 Linear |R| = [32m3.942173e+02[39m
     21 Linear |R| = [32m1.659317e+02[39m
     22 Linear |R| = [32m8.552686e+01[39m
     23 Linear |R| = [32m4.187309e+01[39m
     24 Linear |R| = [32m2.003878e+01[39m
 1 Nonlinear |R| = [32m1.522164e+06[39m
      0 Linear |R| = [32m1.522164e+06[39m
      1 Linear |R| = [32m1.250279e+06[39m
      2 Linear |R| = [32m1.068179e+06[39m
      3 Linear |R| = [33m1.022520e+06[39m
      4 Linear |R| = [32m8.887884e+05[39m
      5 Linear |R| = [32m8.003121e+05[39m
      6 Linear |R| = [32m6.875921e+05[39m
      7 Linear |R| = [32m4.748911e+05[39m
      8 Linear |R| = [32m2.934705e+05[39m
      9 Linear |R| = [32m1.645722e+05[39m
     10 Linear |R| = [32m8.651602e+04[39m
     11 Linear |R| = [32m5.391548e+04[39m
     12 Linear |R| = [32m4.009682e+04[39m
     13 Linear |R| = [32m2.932630e+04[39m
     14 Linear |R| = [32m1.896812e+04[39m
     15 Linear |R| = [32m1.093658e+04[39m
     16 Linear |R| = [32m6.397470e+03[39m
     17 Linear |R| = [32m3.289535e+03[39m
     18 Linear |R| = [32m1.398122e+03[39m
     19 Linear |R| = [32m6.757502e+02[39m
     20 Linear |R| = [32m3.764123e+02[39m
     21 Linear |R| = [32m1.881820e+02[39m
     22 Linear |R| = [32m8.622529e+01[39m
     23 Linear |R| = [32m4.298007e+01[39m
     24 Linear |R| = [32m2.370783e+01[39m
     25 Linear |R| = [32m1.214937e+01[39m
 2 Nonlinear |R| = [32m1.250285e+06[39m
      0 Linear |R| = [32m1.250285e+06[39m
      1 Linear |R| = [32m9.960598e+05[39m
      2 Linear |R| = [32m8.711082e+05[39m
      3 Linear |R| = [32m8.220999e+05[39m
      4 Linear |R| = [32m7.085940e+05[39m
      5 Linear |R| = [32m6.477509e+05[39m
      6 Linear |R| = [32m5.185503e+05[39m
      7 Linear |R| = [32m3.241781e+05[39m
      8 Linear |R| = [32m1.715983e+05[39m
      9 Linear |R| = [32m1.001321e+05[39m
     10 Linear |R| = [32m5.992660e+04[39m
     11 Linear |R| = [32m3.601831e+04[39m
     12 Linear |R| = [32m2.581518e+04[39m
     13 Linear |R| = [32m1.829756e+04[39m
     14 Linear |R| = [32m1.133880e+04[39m
     15 Linear |R| = [32m6.373712e+03[39m
     16 Linear |R| = [32m3.368817e+03[39m
     17 Linear |R| = [32m1.583064e+03[39m
     18 Linear |R| = [32m7.241329e+02[39m
     19 Linear |R| = [32m3.562667e+02[39m
     20 Linear |R| = [32m1.722145e+02[39m
     21 Linear |R| = [32m7.892778e+01[39m
     22 Linear |R| = [32m3.541214e+01[39m
     23 Linear |R| = [32m1.594269e+01[39m
     24 Linear |R| = [32m7.703142e+00[39m
 3 Nonlinear |R| = [33m1.235169e+06[39m
      0 Linear |R| = [32m1.235169e+06[39m
      1 Linear |R| = [32m9.790691e+05[39m
      2 Linear |R| = [32m8.611213e+05[39m
      3 Linear |R| = [32m8.047645e+05[39m
      4 Linear |R| = [32m6.977108e+05[39m
      5 Linear |R| = [32m6.374727e+05[39m
      6 Linear |R| = [32m4.968428e+05[39m
      7 Linear |R| = [32m2.962001e+05[39m
      8 Linear |R| = [32m1.642164e+05[39m
      9 Linear |R| = [32m9.789056e+04[39m
     10 Linear |R| = [32m5.368937e+04[39m
     11 Linear |R| = [32m3.211625e+04[39m
     12 Linear |R| = [32m2.315814e+04[39m
     13 Linear |R| = [32m1.618101e+04[39m
     14 Linear |R| = [32m9.933333e+03[39m
     15 Linear |R| = [32m5.684889e+03[39m
     16 Linear |R| = [32m2.892612e+03[39m
     17 Linear |R| = [32m1.235849e+03[39m
     18 Linear |R| = [32m5.688425e+02[39m
     19 Linear |R| = [32m2.845420e+02[39m
     20 Linear |R| = [32m1.300792e+02[39m
     21 Linear |R| = [32m5.708126e+01[39m
     22 Linear |R| = [32m2.545483e+01[39m
     23 Linear |R| = [32m1.206277e+01[39m
 4 Nonlinear |R| = [33m1.201232e+06[39m
      0 Linear |R| = [32m1.201232e+06[39m
      1 Linear |R| = [32m9.126825e+05[39m
      2 Linear |R| = [32m7.533658e+05[39m
      3 Linear |R| = [32m6.797793e+05[39m
      4 Linear |R| = [32m5.630194e+05[39m
      5 Linear |R| = [32m4.128512e+05[39m
      6 Linear |R| = [32m2.781341e+05[39m
      7 Linear |R| = [32m1.723266e+05[39m
      8 Linear |R| = [32m7.814440e+04[39m
      9 Linear |R| = [32m3.561372e+04[39m
     10 Linear |R| = [32m2.056645e+04[39m
     11 Linear |R| = [32m1.351296e+04[39m
     12 Linear |R| = [32m9.075828e+03[39m
     13 Linear |R| = [32m5.386812e+03[39m
     14 Linear |R| = [32m2.878624e+03[39m
     15 Linear |R| = [32m1.274813e+03[39m
     16 Linear |R| = [32m5.587538e+02[39m
     17 Linear |R| = [32m2.503625e+02[39m
     18 Linear |R| = [32m1.258407e+02[39m
     19 Linear |R| = [32m5.612191e+01[39m
     20 Linear |R| = [32m2.487736e+01[39m
     21 Linear |R| = [32m1.162787e+01[39m
 5 Nonlinear |R| = [33m1.172259e+06[39m
      0 Linear |R| = [32m1.172259e+06[39m
      1 Linear |R| = [32m8.527672e+05[39m
      2 Linear |R| = [32m6.816498e+05[39m
      3 Linear |R| = [32m5.715827e+05[39m
      4 Linear |R| = [32m4.236045e+05[39m
      5 Linear |R| = [32m2.908304e+05[39m
      6 Linear |R| = [32m1.771750e+05[39m
      7 Linear |R| = [32m8.825125e+04[39m
      8 Linear |R| = [32m3.590912e+04[39m
      9 Linear |R| = [32m1.605170e+04[39m
     10 Linear |R| = [32m8.210358e+03[39m
     11 Linear |R| = [32m4.735117e+03[39m
     12 Linear |R| = [32m2.949362e+03[39m
     13 Linear |R| = [32m1.799829e+03[39m
     14 Linear |R| = [32m9.601884e+02[39m
     15 Linear |R| = [32m3.976481e+02[39m
     16 Linear |R| = [32m1.792969e+02[39m
     17 Linear |R| = [32m8.803218e+01[39m
     18 Linear |R| = [32m4.237566e+01[39m
     19 Linear |R| = [32m1.833742e+01[39m
     20 Linear |R| = [32m8.212059e+00[39m
 6 Nonlinear |R| = [32m1.112968e+06[39m
      0 Linear |R| = [32m1.112968e+06[39m
      1 Linear |R| = [32m6.905112e+05[39m
      2 Linear |R| = [32m5.335527e+05[39m
      3 Linear |R| = [32m4.054119e+05[39m
      4 Linear |R| = [32m2.506954e+05[39m
      5 Linear |R| = [32m1.384127e+05[39m
      6 Linear |R| = [32m7.042162e+04[39m
      7 Linear |R| = [32m2.991483e+04[39m
      8 Linear |R| = [32m1.190013e+04[39m
      9 Linear |R| = [32m4.780522e+03[39m
     10 Linear |R| = [32m2.094084e+03[39m
     11 Linear |R| = [32m1.102103e+03[39m
     12 Linear |R| = [32m5.458615e+02[39m
     13 Linear |R| = [32m2.859511e+02[39m
     14 Linear |R| = [32m1.382568e+02[39m
     15 Linear |R| = [32m6.518313e+01[39m
     16 Linear |R| = [32m2.729813e+01[39m
     17 Linear |R| = [32m1.317332e+01[39m
     18 Linear |R| = [32m6.175685e+00[39m
 7 Nonlinear |R| = [32m8.329751e+05[39m
      0 Linear |R| = [32m8.329751e+05[39m
      1 Linear |R| = [32m2.079113e+05[39m
      2 Linear |R| = [32m6.680661e+04[39m
      3 Linear |R| = [32m2.078974e+04[39m
      4 Linear |R| = [32m6.223996e+03[39m
      5 Linear |R| = [32m1.894678e+03[39m
      6 Linear |R| = [32m5.497214e+02[39m
      7 Linear |R| = [32m1.736177e+02[39m
      8 Linear |R| = [32m5.181215e+01[39m
      9 Linear |R| = [32m1.661156e+01[39m
     10 Linear |R| = [32m5.182520e+00[39m
 8 Nonlinear |R| = [32m5.182757e+00[39m
[32m Solve Converged![39m

Postprocessor Values:
+----------------+----------------+----------------+----------------+
| time           | base_shear_x   | top_disp_x     | vonmises_max   |
+----------------+----------------+----------------+----------------+
:                :                :                :                :
|   1.500000e+01 |   3.421613e+05 |   4.631549e-03 |   2.747117e+06 |
|   2.000000e+01 |   4.833129e+05 |   6.550000e-03 |   3.438352e+06 |
|   2.500000e+01 |   3.415832e+05 |   4.631549e-03 |   2.529579e+06 |
|   3.000000e+01 |  -5.768099e+02 |   1.203215e-18 |   5.525124e+05 |
|   3.500000e+01 |  -3.427369e+05 |  -4.631549e-03 |   2.746626e+06 |
|   4.000000e+01 |  -6.565482e+05 |  -9.000000e-03 |   3.500000e+06 |
|   4.500000e+01 |  -4.618102e+05 |  -6.363961e-03 |   2.598789e+06 |
|   5.000000e+01 |   8.336008e+03 |  -2.755455e-18 |   8.800030e+05 |
|   5.500000e+01 |   4.761500e+05 |   6.363961e-03 |   3.388286e+06 |
|   6.000000e+01 |   6.594694e+05 |   9.000000e-03 |   3.500000e+06 |
|   6.500000e+01 |   4.647287e+05 |   6.363961e-03 |   2.598805e+06 |
|   7.000000e+01 |  -5.415012e+03 |   3.857637e-18 |   8.852659e+05 |
|   7.500000e+01 |  -4.732234e+05 |  -6.363961e-03 |   3.356125e+06 |
|   8.000000e+01 |  -9.477584e+05 |  -1.440000e-02 |   3.500000e+06 |
|   8.500000e+01 |  -8.667802e+05 |  -1.330387e-02 |   3.277511e+06 |
+----------------+----------------+----------------+----------------+


Time Step 18, time = 90, dt = 5
 0 Nonlinear |R| = [32m2.166355e+06[39m
      0 Linear |R| = [32m2.166355e+06[39m
      1 Linear |R| = [33m2.153216e+06[39m
      2 Linear |R| = [32m1.557014e+06[39m
      3 Linear |R| = [33m1.528494e+06[39m
      4 Linear |R| = [32m1.278585e+06[39m
      5 Linear |R| = [32m9.873438e+05[39m
      6 Linear |R| = [32m5.719447e+05[39m
      7 Linear |R| = [32m3.136797e+05[39m
      8 Linear |R| = [32m1.727914e+05[39m
      9 Linear |R| = [32m1.058136e+05[39m
     10 Linear |R| = [32m7.257710e+04[39m
     11 Linear |R| = [32m4.611359e+04[39m
     12 Linear |R| = [32m3.385597e+04[39m
     13 Linear |R| = [32m2.251582e+04[39m
     14 Linear |R| = [32m1.269303e+04[39m
     15 Linear |R| = [32m7.653103e+03[39m
     16 Linear |R| = [32m4.002665e+03[39m
     17 Linear |R| = [32m2.042171e+03[39m
     18 Linear |R| = [32m1.281724e+03[39m
     19 Linear |R| = [32m8.140778e+02[39m
     20 Linear |R| = [32m4.206130e+02[39m
     21 Linear |R| = [32m2.212598e+02[39m
     22 Linear |R| = [32m1.208714e+02[39m
     23 Linear |R| = [32m6.194857e+01[39m
     24 Linear |R| = [32m3.201363e+01[39m
     25 Linear |R| = [32m1.542767e+01[39m
 1 Nonlinear |R| = [32m1.514433e+06[39m
      0 Linear |R| = [32m1.514433e+06[39m
      1 Linear |R| = [33m1.505807e+06[39m
      2 Linear |R| = [32m1.174493e+06[39m
      3 Linear |R| = [33m1.152766e+06[39m
      4 Linear |R| = [32m9.783890e+05[39m
      5 Linear |R| = [32m8.791247e+05[39m
      6 Linear |R| = [32m6.570596e+05[39m
      7 Linear |R| = [32m4.476433e+05[39m
      8 Linear |R| = [32m2.510482e+05[39m
      9 Linear |R| = [32m1.186705e+05[39m
     10 Linear |R| = [32m6.271921e+04[39m
     11 Linear |R| = [32m3.559519e+04[39m
     12 Linear |R| = [32m2.408992e+04[39m
     13 Linear |R| = [32m1.751624e+04[39m
     14 Linear |R| = [32m1.161167e+04[39m
     15 Linear |R| = [32m7.883654e+03[39m
     16 Linear |R| = [32m5.109325e+03[39m
     17 Linear |R| = [32m2.557120e+03[39m
     18 Linear |R| = [32m1.098198e+03[39m
     19 Linear |R| = [32m6.420174e+02[39m
     20 Linear |R| = [32m3.560988e+02[39m
     21 Linear |R| = [32m1.562411e+02[39m
     22 Linear |R| = [32m7.613037e+01[39m
     23 Linear |R| = [32m3.919828e+01[39m
     24 Linear |R| = [32m2.132766e+01[39m
     25 Linear |R| = [32m1.074340e+01[39m
 2 Nonlinear |R| = [32m1.233555e+06[39m
      0 Linear |R| = [32m1.233555e+06[39m
      1 Linear |R| = [33m1.226574e+06[39m
      2 Linear |R| = [32m9.617604e+05[39m
      3 Linear |R| = [33m9.420308e+05[39m
      4 Linear |R| = [32m7.966514e+05[39m
      5 Linear |R| = [32m7.158443e+05[39m
      6 Linear |R| = [32m5.253975e+05[39m
      7 Linear |R| = [32m3.584018e+05[39m
      8 Linear |R| = [32m1.862052e+05[39m
      9 Linear |R| = [32m8.455472e+04[39m
     10 Linear |R| = [32m4.848026e+04[39m
     11 Linear |R| = [32m2.827452e+04[39m
     12 Linear |R| = [32m1.917688e+04[39m
     13 Linear |R| = [32m1.348826e+04[39m
     14 Linear |R| = [32m9.023609e+03[39m
     15 Linear |R| = [32m6.316071e+03[39m
     16 Linear |R| = [32m3.516569e+03[39m
     17 Linear |R| = [32m1.743521e+03[39m
     18 Linear |R| = [32m9.407666e+02[39m
     19 Linear |R| = [32m4.992737e+02[39m
     20 Linear |R| = [32m2.276730e+02[39m
     21 Linear |R| = [32m1.134671e+02[39m
     22 Linear |R| = [32m6.103026e+01[39m
     23 Linear |R| = [32m3.020976e+01[39m
     24 Linear |R| = [32m1.522563e+01[39m
     25 Linear |R| = [32m7.105898e+00[39m
 3 Nonlinear |R| = [32m5.832792e+05[39m
      0 Linear |R| = [32m5.832792e+05[39m
      1 Linear |R| = [32m1.261692e+05[39m
      2 Linear |R| = [32m3.179051e+04[39m
      3 Linear |R| = [32m1.218241e+04[39m
      4 Linear |R| = [32m3.892699e+03[39m
      5 Linear |R| = [32m1.313828e+03[39m
      6 Linear |R| = [32m4.165369e+02[39m
      7 Linear |R| = [32m1.487018e+02[39m
      8 Linear |R| = [32m4.508341e+01[39m
      9 Linear |R| = [32m1.659571e+01[39m
     10 Linear |R| = [32m5.474430e+00[39m
 4 Nonlinear |R| = [32m5.474748e+00[39m
[32m Solve Converged![39m

Postprocessor Values:
+----------------+----------------+----------------+----------------+
| time           | base_shear_x   | top_disp_x     | vonmises_max   |
+----------------+----------------+----------------+----------------+
:                :                :                :                :
|   2.000000e+01 |   4.833129e+05 |   6.550000e-03 |   3.438352e+06 |
|   2.500000e+01 |   3.415832e+05 |   4.631549e-03 |   2.529579e+06 |
|   3.000000e+01 |  -5.768099e+02 |   1.203215e-18 |   5.525124e+05 |
|   3.500000e+01 |  -3.427369e+05 |  -4.631549e-03 |   2.746626e+06 |
|   4.000000e+01 |  -6.565482e+05 |  -9.000000e-03 |   3.500000e+06 |
|   4.500000e+01 |  -4.618102e+05 |  -6.363961e-03 |   2.598789e+06 |
|   5.000000e+01 |   8.336008e+03 |  -2.755455e-18 |   8.800030e+05 |
|   5.500000e+01 |   4.761500e+05 |   6.363961e-03 |   3.388286e+06 |
|   6.000000e+01 |   6.594694e+05 |   9.000000e-03 |   3.500000e+06 |
|   6.500000e+01 |   4.647287e+05 |   6.363961e-03 |   2.598805e+06 |
|   7.000000e+01 |  -5.415012e+03 |   3.857637e-18 |   8.852659e+05 |
|   7.500000e+01 |  -4.732234e+05 |  -6.363961e-03 |   3.356125e+06 |
|   8.000000e+01 |  -9.477584e+05 |  -1.440000e-02 |   3.500000e+06 |
|   8.500000e+01 |  -8.667802e+05 |  -1.330387e-02 |   3.277511e+06 |
|   9.000000e+01 |  -6.361736e+05 |  -1.018234e-02 |   2.647664e+06 |
+----------------+----------------+----------------+----------------+


Time Step 19, time = 95, dt = 5
 0 Nonlinear |R| = [32m1.992108e+06[39m
      0 Linear |R| = [32m1.992108e+06[39m
      1 Linear |R| = [33m1.981979e+06[39m
      2 Linear |R| = [32m1.443730e+06[39m
      3 Linear |R| = [33m1.414867e+06[39m
      4 Linear |R| = [32m1.167981e+06[39m
      5 Linear |R| = [32m9.152094e+05[39m
      6 Linear |R| = [32m5.385746e+05[39m
      7 Linear |R| = [32m3.018010e+05[39m
      8 Linear |R| = [32m1.707284e+05[39m
      9 Linear |R| = [32m9.850001e+04[39m
     10 Linear |R| = [32m6.537051e+04[39m
     11 Linear |R| = [32m4.264475e+04[39m
     12 Linear |R| = [32m3.165934e+04[39m
     13 Linear |R| = [32m2.203581e+04[39m
     14 Linear |R| = [32m1.201615e+04[39m
     15 Linear |R| = [32m6.985830e+03[39m
     16 Linear |R| = [32m3.959268e+03[39m
     17 Linear |R| = [32m1.777029e+03[39m
     18 Linear |R| = [32m7.729450e+02[39m
     19 Linear |R| = [32m4.390523e+02[39m
     20 Linear |R| = [32m2.309831e+02[39m
     21 Linear |R| = [32m1.084906e+02[39m
     22 Linear |R| = [32m5.554310e+01[39m
     23 Linear |R| = [32m2.881836e+01[39m
     24 Linear |R| = [32m1.655818e+01[39m
 1 Nonlinear |R| = [32m1.552423e+06[39m
      0 Linear |R| = [32m1.552423e+06[39m
      1 Linear |R| = [33m1.549908e+06[39m
      2 Linear |R| = [32m1.199742e+06[39m
      3 Linear |R| = [33m1.166714e+06[39m
      4 Linear |R| = [32m9.955126e+05[39m
      5 Linear |R| = [32m8.840858e+05[39m
      6 Linear |R| = [32m6.461430e+05[39m
      7 Linear |R| = [32m4.435255e+05[39m
      8 Linear |R| = [32m2.415412e+05[39m
      9 Linear |R| = [32m1.131006e+05[39m
     10 Linear |R| = [32m6.135243e+04[39m
     11 Linear |R| = [32m3.455190e+04[39m
     12 Linear |R| = [32m2.299930e+04[39m
     13 Linear |R| = [32m1.608200e+04[39m
     14 Linear |R| = [32m1.065950e+04[39m
     15 Linear |R| = [32m7.574949e+03[39m
     16 Linear |R| = [32m4.790898e+03[39m
     17 Linear |R| = [32m2.376864e+03[39m
     18 Linear |R| = [32m1.210544e+03[39m
     19 Linear |R| = [32m7.095327e+02[39m
     20 Linear |R| = [32m3.429836e+02[39m
     21 Linear |R| = [32m1.591320e+02[39m
     22 Linear |R| = [32m8.396001e+01[39m
     23 Linear |R| = [32m4.309352e+01[39m
     24 Linear |R| = [32m2.277416e+01[39m
     25 Linear |R| = [32m1.086859e+01[39m
 2 Nonlinear |R| = [33m1.481019e+06[39m
      0 Linear |R| = [32m1.481019e+06[39m
      1 Linear |R| = [33m1.477911e+06[39m
      2 Linear |R| = [32m1.143421e+06[39m
      3 Linear |R| = [33m1.112015e+06[39m
      4 Linear |R| = [32m9.395804e+05[39m
      5 Linear |R| = [32m8.336828e+05[39m
      6 Linear |R| = [32m6.030007e+05[39m
      7 Linear |R| = [32m4.129543e+05[39m
      8 Linear |R| = [32m2.175502e+05[39m
      9 Linear |R| = [32m1.009347e+05[39m
     10 Linear |R| = [32m5.660470e+04[39m
     11 Linear |R| = [32m3.232737e+04[39m
     12 Linear |R| = [32m2.160211e+04[39m
     13 Linear |R| = [32m1.489863e+04[39m
     14 Linear |R| = [32m9.995593e+03[39m
     15 Linear |R| = [32m7.147998e+03[39m
     16 Linear |R| = [32m4.195071e+03[39m
     17 Linear |R| = [32m2.123754e+03[39m
     18 Linear |R| = [32m1.161304e+03[39m
     19 Linear |R| = [32m6.281871e+02[39m
     20 Linear |R| = [32m2.919719e+02[39m
     21 Linear |R| = [32m1.448985e+02[39m
     22 Linear |R| = [32m7.773601e+01[39m
     23 Linear |R| = [32m3.888485e+01[39m
     24 Linear |R| = [32m1.964048e+01[39m
     25 Linear |R| = [32m9.186199e+00[39m
 3 Nonlinear |R| = [33m1.432562e+06[39m
      0 Linear |R| = [32m1.432562e+06[39m
      1 Linear |R| = [33m1.429336e+06[39m
      2 Linear |R| = [32m1.109592e+06[39m
      3 Linear |R| = [33m1.078532e+06[39m
      4 Linear |R| = [32m9.063364e+05[39m
      5 Linear |R| = [32m8.035697e+05[39m
      6 Linear |R| = [32m5.796884e+05[39m
      7 Linear |R| = [32m3.930879e+05[39m
      8 Linear |R| = [32m1.980485e+05[39m
      9 Linear |R| = [32m9.368287e+04[39m
     10 Linear |R| = [32m5.430993e+04[39m
     11 Linear |R| = [32m3.107580e+04[39m
     12 Linear |R| = [32m2.097893e+04[39m
     13 Linear |R| = [32m1.433739e+04[39m
     14 Linear |R| = [32m9.815830e+03[39m
     15 Linear |R| = [32m6.854379e+03[39m
     16 Linear |R| = [32m3.781096e+03[39m
     17 Linear |R| = [32m2.042478e+03[39m
     18 Linear |R| = [32m1.107143e+03[39m
     19 Linear |R| = [32m5.516016e+02[39m
     20 Linear |R| = [32m2.647885e+02[39m
     21 Linear |R| = [32m1.360992e+02[39m
     22 Linear |R| = [32m7.199968e+01[39m
     23 Linear |R| = [32m3.419573e+01[39m
     24 Linear |R| = [32m1.674224e+01[39m
     25 Linear |R| = [32m8.308266e+00[39m
 4 Nonlinear |R| = [33m1.397036e+06[39m
      0 Linear |R| = [32m1.397036e+06[39m
      1 Linear |R| = [33m1.393503e+06[39m
      2 Linear |R| = [32m1.086550e+06[39m
      3 Linear |R| = [33m1.054562e+06[39m
      4 Linear |R| = [32m8.793732e+05[39m
      5 Linear |R| = [32m7.793017e+05[39m
      6 Linear |R| = [32m5.622600e+05[39m
      7 Linear |R| = [32m3.701890e+05[39m
      8 Linear |R| = [32m1.774116e+05[39m
      9 Linear |R| = [32m8.905926e+04[39m
     10 Linear |R| = [32m5.251392e+04[39m
     11 Linear |R| = [32m3.026216e+04[39m
     12 Linear |R| = [32m2.071651e+04[39m
     13 Linear |R| = [32m1.418173e+04[39m
     14 Linear |R| = [32m9.797486e+03[39m
     15 Linear |R| = [32m6.414627e+03[39m
     16 Linear |R| = [32m3.568277e+03[39m
     17 Linear |R| = [32m1.968274e+03[39m
     18 Linear |R| = [32m9.841798e+02[39m
     19 Linear |R| = [32m4.907299e+02[39m
     20 Linear |R| = [32m2.435280e+02[39m
     21 Linear |R| = [32m1.245101e+02[39m
     22 Linear |R| = [32m6.204696e+01[39m
     23 Linear |R| = [32m2.785142e+01[39m
     24 Linear |R| = [32m1.440633e+01[39m
     25 Linear |R| = [32m7.192691e+00[39m
 5 Nonlinear |R| = [33m1.369816e+06[39m
      0 Linear |R| = [32m1.369816e+06[39m
      1 Linear |R| = [33m1.365655e+06[39m
      2 Linear |R| = [32m1.070181e+06[39m
      3 Linear |R| = [33m1.034597e+06[39m
      4 Linear |R| = [32m8.539627e+05[39m
      5 Linear |R| = [32m7.576637e+05[39m
      6 Linear |R| = [32m5.469025e+05[39m
      7 Linear |R| = [32m3.346609e+05[39m
      8 Linear |R| = [32m1.578873e+05[39m
      9 Linear |R| = [32m8.642932e+04[39m
     10 Linear |R| = [32m5.042753e+04[39m
     11 Linear |R| = [32m3.019456e+04[39m
     12 Linear |R| = [32m2.097551e+04[39m
     13 Linear |R| = [32m1.461146e+04[39m
     14 Linear |R| = [32m9.503120e+03[39m
     15 Linear |R| = [32m6.012892e+03[39m
     16 Linear |R| = [32m3.401948e+03[39m
     17 Linear |R| = [32m1.723993e+03[39m
     18 Linear |R| = [32m8.528735e+02[39m
     19 Linear |R| = [32m4.307707e+02[39m
     20 Linear |R| = [32m2.135766e+02[39m
     21 Linear |R| = [32m9.890605e+01[39m
     22 Linear |R| = [32m4.683996e+01[39m
     23 Linear |R| = [32m2.261041e+01[39m
     24 Linear |R| = [32m1.141254e+01[39m
 6 Nonlinear |R| = [33m1.349754e+06[39m
      0 Linear |R| = [32m1.349754e+06[39m
      1 Linear |R| = [33m1.344468e+06[39m
      2 Linear |R| = [32m1.056793e+06[39m
      3 Linear |R| = [33m1.012991e+06[39m
      4 Linear |R| = [32m8.277913e+05[39m
      5 Linear |R| = [32m7.383827e+05[39m
      6 Linear |R| = [32m5.226352e+05[39m
      7 Linear |R| = [32m2.839057e+05[39m
      8 Linear |R| = [32m1.453177e+05[39m
      9 Linear |R| = [32m8.335254e+04[39m
     10 Linear |R| = [32m4.869206e+04[39m
     11 Linear |R| = [32m3.091003e+04[39m
     12 Linear |R| = [32m2.220796e+04[39m
     13 Linear |R| = [32m1.464037e+04[39m
     14 Linear |R| = [32m9.077174e+03[39m
     15 Linear |R| = [32m5.786161e+03[39m
     16 Linear |R| = [32m2.908750e+03[39m
     17 Linear |R| = [32m1.438113e+03[39m
     18 Linear |R| = [32m7.189401e+02[39m
     19 Linear |R| = [32m3.555771e+02[39m
     20 Linear |R| = [32m1.499592e+02[39m
     21 Linear |R| = [32m6.946962e+01[39m
     22 Linear |R| = [32m3.455109e+01[39m
     23 Linear |R| = [32m1.593228e+01[39m
     24 Linear |R| = [32m7.616192e+00[39m
 7 Nonlinear |R| = [33m1.333827e+06[39m
      0 Linear |R| = [32m1.333827e+06[39m
      1 Linear |R| = [33m1.326694e+06[39m
      2 Linear |R| = [32m1.038330e+06[39m
      3 Linear |R| = [32m9.807416e+05[39m
      4 Linear |R| = [32m7.965532e+05[39m
      5 Linear |R| = [32m7.176069e+05[39m
      6 Linear |R| = [32m4.557816e+05[39m
      7 Linear |R| = [32m2.353937e+05[39m
      8 Linear |R| = [32m1.375914e+05[39m
      9 Linear |R| = [32m7.987663e+04[39m
     10 Linear |R| = [32m4.789259e+04[39m
     11 Linear |R| = [32m3.317045e+04[39m
     12 Linear |R| = [32m2.298310e+04[39m
     13 Linear |R| = [32m1.398931e+04[39m
     14 Linear |R| = [32m8.838471e+03[39m
     15 Linear |R| = [32m5.060739e+03[39m
     16 Linear |R| = [32m2.319714e+03[39m
     17 Linear |R| = [32m1.160367e+03[39m
     18 Linear |R| = [32m5.512211e+02[39m
     19 Linear |R| = [32m2.385895e+02[39m
     20 Linear |R| = [32m1.009245e+02[39m
     21 Linear |R| = [32m4.844553e+01[39m
     22 Linear |R| = [32m2.201488e+01[39m
     23 Linear |R| = [32m1.009556e+01[39m
 8 Nonlinear |R| = [32m1.200274e+06[39m
      0 Linear |R| = [32m1.200274e+06[39m
      1 Linear |R| = [32m8.062293e+05[39m
      2 Linear |R| = [32m5.697635e+05[39m
      3 Linear |R| = [32m3.236935e+05[39m
      4 Linear |R| = [32m2.011231e+05[39m
      5 Linear |R| = [32m1.176689e+05[39m
      6 Linear |R| = [32m6.644371e+04[39m
      7 Linear |R| = [32m3.043707e+04[39m
      8 Linear |R| = [32m1.445056e+04[39m
      9 Linear |R| = [32m6.464511e+03[39m
     10 Linear |R| = [32m2.675633e+03[39m
     11 Linear |R| = [32m1.092181e+03[39m
     12 Linear |R| = [32m4.356539e+02[39m
     13 Linear |R| = [32m1.950650e+02[39m
     14 Linear |R| = [32m8.946955e+01[39m
     15 Linear |R| = [32m3.913821e+01[39m
     16 Linear |R| = [32m1.531239e+01[39m
     17 Linear |R| = [32m6.022209e+00[39m
 9 Nonlinear |R| = [32m8.463697e+05[39m
      0 Linear |R| = [32m8.463697e+05[39m
      1 Linear |R| = [32m1.706374e+05[39m
      2 Linear |R| = [32m5.004777e+04[39m
      3 Linear |R| = [32m2.015295e+04[39m
      4 Linear |R| = [32m6.033129e+03[39m
      5 Linear |R| = [32m2.019678e+03[39m
      6 Linear |R| = [32m6.224295e+02[39m
      7 Linear |R| = [32m2.244870e+02[39m
      8 Linear |R| = [32m7.768032e+01[39m
      9 Linear |R| = [32m2.608285e+01[39m
     10 Linear |R| = [32m8.590886e+00[39m
     11 Linear |R| = [32m2.859928e+00[39m
10 Nonlinear |R| = [32m2.860032e+00[39m
[32m Solve Converged![39m

Postprocessor Values:
+----------------+----------------+----------------+----------------+
| time           | base_shear_x   | top_disp_x     | vonmises_max   |
+----------------+----------------+----------------+----------------+
:                :                :                :                :
|   2.500000e+01 |   3.415832e+05 |   4.631549e-03 |   2.529579e+06 |
|   3.000000e+01 |  -5.768099e+02 |   1.203215e-18 |   5.525124e+05 |
|   3.500000e+01 |  -3.427369e+05 |  -4.631549e-03 |   2.746626e+06 |
|   4.000000e+01 |  -6.565482e+05 |  -9.000000e-03 |   3.500000e+06 |
|   4.500000e+01 |  -4.618102e+05 |  -6.363961e-03 |   2.598789e+06 |
|   5.000000e+01 |   8.336008e+03 |  -2.755455e-18 |   8.800030e+05 |
|   5.500000e+01 |   4.761500e+05 |   6.363961e-03 |   3.388286e+06 |
|   6.000000e+01 |   6.594694e+05 |   9.000000e-03 |   3.500000e+06 |
|   6.500000e+01 |   4.647287e+05 |   6.363961e-03 |   2.598805e+06 |
|   7.000000e+01 |  -5.415012e+03 |   3.857637e-18 |   8.852659e+05 |
|   7.500000e+01 |  -4.732234e+05 |  -6.363961e-03 |   3.356125e+06 |
|   8.000000e+01 |  -9.477584e+05 |  -1.440000e-02 |   3.500000e+06 |
|   8.500000e+01 |  -8.667802e+05 |  -1.330387e-02 |   3.277511e+06 |
|   9.000000e+01 |  -6.361736e+05 |  -1.018234e-02 |   2.647664e+06 |
|   9.500000e+01 |  -2.910470e+05 |  -5.510641e-03 |   1.774338e+06 |
+----------------+----------------+----------------+----------------+


Time Step 20, time = 100, dt = 5
 0 Nonlinear |R| = [32m1.733641e+06[39m
      0 Linear |R| = [32m1.733641e+06[39m
      1 Linear |R| = [33m1.726889e+06[39m
      2 Linear |R| = [32m1.280222e+06[39m
      3 Linear |R| = [33m1.252318e+06[39m
      4 Linear |R| = [32m1.014484e+06[39m
      5 Linear |R| = [32m8.038182e+05[39m
      6 Linear |R| = [32m5.001554e+05[39m
      7 Linear |R| = [32m3.115983e+05[39m
      8 Linear |R| = [32m1.834785e+05[39m
      9 Linear |R| = [32m1.001204e+05[39m
     10 Linear |R| = [32m6.279841e+04[39m
     11 Linear |R| = [32m4.079309e+04[39m
     12 Linear |R| = [32m2.979088e+04[39m
     13 Linear |R| = [32m2.044903e+04[39m
     14 Linear |R| = [32m1.180673e+04[39m
     15 Linear |R| = [32m7.731657e+03[39m
     16 Linear |R| = [32m4.964337e+03[39m
     17 Linear |R| = [32m2.510950e+03[39m
     18 Linear |R| = [32m1.316152e+03[39m
     19 Linear |R| = [32m8.072613e+02[39m
     20 Linear |R| = [32m4.146577e+02[39m
     21 Linear |R| = [32m1.959078e+02[39m
     22 Linear |R| = [32m1.086721e+02[39m
     23 Linear |R| = [32m5.786725e+01[39m
     24 Linear |R| = [32m3.057737e+01[39m
     25 Linear |R| = [32m1.471940e+01[39m
 1 Nonlinear |R| = [32m1.636084e+06[39m
      0 Linear |R| = [32m1.636084e+06[39m
      1 Linear |R| = [33m1.634267e+06[39m
      2 Linear |R| = [32m1.250303e+06[39m
      3 Linear |R| = [32m1.183473e+06[39m
      4 Linear |R| = [32m9.307617e+05[39m
      5 Linear |R| = [32m7.881008e+05[39m
      6 Linear |R| = [32m5.491660e+05[39m
      7 Linear |R| = [32m3.129210e+05[39m
      8 Linear |R| = [32m1.612089e+05[39m
      9 Linear |R| = [32m9.315401e+04[39m
     10 Linear |R| = [32m5.706577e+04[39m
     11 Linear |R| = [32m3.525569e+04[39m
     12 Linear |R| = [32m2.530469e+04[39m
     13 Linear |R| = [32m1.677328e+04[39m
     14 Linear |R| = [32m1.036876e+04[39m
     15 Linear |R| = [32m6.728633e+03[39m
     16 Linear |R| = [32m3.795903e+03[39m
     17 Linear |R| = [32m1.898919e+03[39m
     18 Linear |R| = [32m9.633933e+02[39m
     19 Linear |R| = [32m4.814052e+02[39m
     20 Linear |R| = [32m2.175134e+02[39m
     21 Linear |R| = [32m9.773796e+01[39m
     22 Linear |R| = [32m4.912502e+01[39m
     23 Linear |R| = [32m2.334420e+01[39m
     24 Linear |R| = [32m1.110995e+01[39m
 2 Nonlinear |R| = [33m1.631393e+06[39m
      0 Linear |R| = [32m1.631393e+06[39m
      1 Linear |R| = [32m1.547490e+06[39m
      2 Linear |R| = [32m1.218807e+06[39m
      3 Linear |R| = [33m1.202945e+06[39m
      4 Linear |R| = [32m9.056323e+05[39m
      5 Linear |R| = [32m7.084593e+05[39m
      6 Linear |R| = [32m4.706409e+05[39m
      7 Linear |R| = [32m3.129195e+05[39m
      8 Linear |R| = [32m1.616437e+05[39m
      9 Linear |R| = [32m8.507478e+04[39m
     10 Linear |R| = [32m5.749084e+04[39m
     11 Linear |R| = [32m3.741112e+04[39m
     12 Linear |R| = [32m2.616134e+04[39m
     13 Linear |R| = [32m1.674343e+04[39m
     14 Linear |R| = [32m1.097290e+04[39m
     15 Linear |R| = [32m7.163420e+03[39m
     16 Linear |R| = [32m3.945350e+03[39m
     17 Linear |R| = [32m2.228361e+03[39m
     18 Linear |R| = [32m1.187717e+03[39m
     19 Linear |R| = [32m5.815085e+02[39m
     20 Linear |R| = [32m2.925551e+02[39m
     21 Linear |R| = [32m1.481940e+02[39m
     22 Linear |R| = [32m7.446293e+01[39m
     23 Linear |R| = [32m3.400230e+01[39m
     24 Linear |R| = [32m1.690822e+01[39m
     25 Linear |R| = [32m8.686582e+00[39m
 3 Nonlinear |R| = [32m1.518133e+06[39m
      0 Linear |R| = [32m1.518133e+06[39m
      1 Linear |R| = [32m1.336371e+06[39m
      2 Linear |R| = [32m1.050266e+06[39m
      3 Linear |R| = [32m6.936927e+05[39m
      4 Linear |R| = [32m4.271850e+05[39m
      5 Linear |R| = [32m1.975611e+05[39m
      6 Linear |R| = [32m1.112810e+05[39m
      7 Linear |R| = [32m5.799400e+04[39m
      8 Linear |R| = [32m2.796670e+04[39m
      9 Linear |R| = [32m1.469333e+04[39m
     10 Linear |R| = [32m8.644305e+03[39m
     11 Linear |R| = [32m5.023206e+03[39m
     12 Linear |R| = [32m2.383727e+03[39m
     13 Linear |R| = [32m1.144982e+03[39m
     14 Linear |R| = [32m4.722799e+02[39m
     15 Linear |R| = [32m1.879568e+02[39m
     16 Linear |R| = [32m7.345229e+01[39m
     17 Linear |R| = [32m3.271784e+01[39m
     18 Linear |R| = [32m1.565788e+01[39m
     19 Linear |R| = [32m7.037560e+00[39m
 4 Nonlinear |R| = [32m9.432255e+05[39m
      0 Linear |R| = [32m9.432255e+05[39m
      1 Linear |R| = [32m1.818929e+05[39m
      2 Linear |R| = [32m5.070335e+04[39m
      3 Linear |R| = [32m1.945481e+04[39m
      4 Linear |R| = [32m5.403811e+03[39m
      5 Linear |R| = [32m1.970832e+03[39m
      6 Linear |R| = [32m6.477954e+02[39m
      7 Linear |R| = [32m2.301605e+02[39m
      8 Linear |R| = [32m8.175429e+01[39m
      9 Linear |R| = [32m2.623393e+01[39m
     10 Linear |R| = [32m8.740335e+00[39m
 5 Nonlinear |R| = [32m1.684618e+03[39m
      0 Linear |R| = [32m1.684618e+03[39m
      1 Linear |R| = [32m2.828862e+02[39m
      2 Linear |R| = [32m9.649761e+01[39m
      3 Linear |R| = [32m2.368516e+01[39m
      4 Linear |R| = [32m7.251580e+00[39m
      5 Linear |R| = [32m2.297290e+00[39m
      6 Linear |R| = [32m8.487764e-01[39m
      7 Linear |R| = [32m2.837526e-01[39m
      8 Linear |R| = [32m1.034623e-01[39m
      9 Linear |R| = [32m3.510207e-02[39m
     10 Linear |R| = [32m1.127450e-02[39m
 6 Nonlinear |R| = [32m1.555764e-01[39m
[32m Solve Converged![39m

Postprocessor Values:
+----------------+----------------+----------------+----------------+
| time           | base_shear_x   | top_disp_x     | vonmises_max   |
+----------------+----------------+----------------+----------------+
:                :                :                :                :
|   3.000000e+01 |  -5.768099e+02 |   1.203215e-18 |   5.525124e+05 |
|   3.500000e+01 |  -3.427369e+05 |  -4.631549e-03 |   2.746626e+06 |
|   4.000000e+01 |  -6.565482e+05 |  -9.000000e-03 |   3.500000e+06 |
|   4.500000e+01 |  -4.618102e+05 |  -6.363961e-03 |   2.598789e+06 |
|   5.000000e+01 |   8.336008e+03 |  -2.755455e-18 |   8.800030e+05 |
|   5.500000e+01 |   4.761500e+05 |   6.363961e-03 |   3.388286e+06 |
|   6.000000e+01 |   6.594694e+05 |   9.000000e-03 |   3.500000e+06 |
|   6.500000e+01 |   4.647287e+05 |   6.363961e-03 |   2.598805e+06 |
|   7.000000e+01 |  -5.415012e+03 |   3.857637e-18 |   8.852659e+05 |
|   7.500000e+01 |  -4.732234e+05 |  -6.363961e-03 |   3.356125e+06 |
|   8.000000e+01 |  -9.477584e+05 |  -1.440000e-02 |   3.500000e+06 |
|   8.500000e+01 |  -8.667802e+05 |  -1.330387e-02 |   3.277511e+06 |
|   9.000000e+01 |  -6.361736e+05 |  -1.018234e-02 |   2.647664e+06 |
|   9.500000e+01 |  -2.910470e+05 |  -5.510641e-03 |   1.774338e+06 |
|   1.000000e+02 |   1.142977e+05 |  -4.408728e-18 |   3.265649e+06 |
+----------------+----------------+----------------+----------------+


Time Step 21, time = 105, dt = 5
 0 Nonlinear |R| = [32m1.439099e+06[39m
      0 Linear |R| = [32m1.439099e+06[39m
      1 Linear |R| = [33m1.434109e+06[39m
      2 Linear |R| = [32m1.094271e+06[39m
      3 Linear |R| = [33m1.070822e+06[39m
      4 Linear |R| = [32m8.793998e+05[39m
      5 Linear |R| = [32m7.358672e+05[39m
      6 Linear |R| = [32m5.121505e+05[39m
      7 Linear |R| = [32m3.541352e+05[39m
      8 Linear |R| = [32m2.061929e+05[39m
      9 Linear |R| = [32m1.042931e+05[39m
     10 Linear |R| = [32m6.139516e+04[39m
     11 Linear |R| = [32m3.843021e+04[39m
     12 Linear |R| = [32m2.743243e+04[39m
     13 Linear |R| = [32m1.903759e+04[39m
     14 Linear |R| = [32m1.205379e+04[39m
     15 Linear |R| = [32m8.277392e+03[39m
     16 Linear |R| = [32m5.117260e+03[39m
     17 Linear |R| = [32m2.446263e+03[39m
     18 Linear |R| = [32m1.237523e+03[39m
     19 Linear |R| = [32m7.401214e+02[39m
     20 Linear |R| = [32m3.654718e+02[39m
     21 Linear |R| = [32m1.648341e+02[39m
     22 Linear |R| = [32m8.770149e+01[39m
     23 Linear |R| = [32m4.607266e+01[39m
     24 Linear |R| = [32m2.429686e+01[39m
     25 Linear |R| = [32m1.167819e+01[39m
 1 Nonlinear |R| = [32m1.225728e+06[39m
      0 Linear |R| = [32m1.225728e+06[39m
      1 Linear |R| = [33m1.219411e+06[39m
      2 Linear |R| = [32m9.570271e+05[39m
      3 Linear |R| = [33m9.378556e+05[39m
      4 Linear |R| = [32m7.621899e+05[39m
      5 Linear |R| = [32m6.350839e+05[39m
      6 Linear |R| = [32m4.464303e+05[39m
      7 Linear |R| = [32m2.823654e+05[39m
      8 Linear |R| = [32m1.445627e+05[39m
      9 Linear |R| = [32m8.523062e+04[39m
     10 Linear |R| = [32m5.626114e+04[39m
     11 Linear |R| = [32m3.518478e+04[39m
     12 Linear |R| = [32m2.437795e+04[39m
     13 Linear |R| = [32m1.625355e+04[39m
     14 Linear |R| = [32m1.025082e+04[39m
     15 Linear |R| = [32m6.122218e+03[39m
     16 Linear |R| = [32m3.324696e+03[39m
     17 Linear |R| = [32m1.709056e+03[39m
     18 Linear |R| = [32m8.180484e+02[39m
     19 Linear |R| = [32m4.045962e+02[39m
     20 Linear |R| = [32m1.994238e+02[39m
     21 Linear |R| = [32m9.710646e+01[39m
     22 Linear |R| = [32m4.640536e+01[39m
     23 Linear |R| = [32m2.062590e+01[39m
     24 Linear |R| = [32m1.068767e+01[39m
 2 Nonlinear |R| = [33m1.212908e+06[39m
      0 Linear |R| = [32m1.212908e+06[39m
      1 Linear |R| = [33m1.206183e+06[39m
      2 Linear |R| = [32m9.538200e+05[39m
      3 Linear |R| = [33m9.326287e+05[39m
      4 Linear |R| = [32m7.542558e+05[39m
      5 Linear |R| = [32m6.293595e+05[39m
      6 Linear |R| = [32m4.353328e+05[39m
      7 Linear |R| = [32m2.650632e+05[39m
      8 Linear |R| = [32m1.394243e+05[39m
      9 Linear |R| = [32m8.671536e+04[39m
     10 Linear |R| = [32m5.546878e+04[39m
     11 Linear |R| = [32m3.504763e+04[39m
     12 Linear |R| = [32m2.434035e+04[39m
     13 Linear |R| = [32m1.608701e+04[39m
     14 Linear |R| = [32m9.743936e+03[39m
     15 Linear |R| = [32m5.653032e+03[39m
     16 Linear |R| = [32m3.018420e+03[39m
     17 Linear |R| = [32m1.475167e+03[39m
     18 Linear |R| = [32m6.914017e+02[39m
     19 Linear |R| = [32m3.435906e+02[39m
     20 Linear |R| = [32m1.673155e+02[39m
     21 Linear |R| = [32m7.681341e+01[39m
     22 Linear |R| = [32m3.641606e+01[39m
     23 Linear |R| = [32m1.686579e+01[39m
     24 Linear |R| = [32m8.686012e+00[39m
 3 Nonlinear |R| = [33m1.200441e+06[39m
      0 Linear |R| = [32m1.200441e+06[39m
      1 Linear |R| = [33m1.193073e+06[39m
      2 Linear |R| = [32m9.492758e+05[39m
      3 Linear |R| = [33m9.212961e+05[39m
      4 Linear |R| = [32m7.484147e+05[39m
      5 Linear |R| = [32m6.230082e+05[39m
      6 Linear |R| = [32m4.131480e+05[39m
      7 Linear |R| = [32m2.467728e+05[39m
      8 Linear |R| = [32m1.384879e+05[39m
      9 Linear |R| = [32m8.724644e+04[39m
     10 Linear |R| = [32m5.355602e+04[39m
     11 Linear |R| = [32m3.499529e+04[39m
     12 Linear |R| = [32m2.455005e+04[39m
     13 Linear |R| = [32m1.545844e+04[39m
     14 Linear |R| = [32m9.185352e+03[39m
     15 Linear |R| = [32m5.074262e+03[39m
     16 Linear |R| = [32m2.468169e+03[39m
     17 Linear |R| = [32m1.215435e+03[39m
     18 Linear |R| = [32m5.686026e+02[39m
     19 Linear |R| = [32m2.749465e+02[39m
     20 Linear |R| = [32m1.265694e+02[39m
     21 Linear |R| = [32m5.650692e+01[39m
     22 Linear |R| = [32m2.751606e+01[39m
     23 Linear |R| = [32m1.306255e+01[39m
     24 Linear |R| = [32m6.261774e+00[39m
 4 Nonlinear |R| = [33m1.187830e+06[39m
      0 Linear |R| = [32m1.187830e+06[39m
      1 Linear |R| = [33m1.170109e+06[39m
      2 Linear |R| = [32m9.121052e+05[39m
      3 Linear |R| = [33m8.824285e+05[39m
      4 Linear |R| = [32m7.108219e+05[39m
      5 Linear |R| = [32m5.242900e+05[39m
      6 Linear |R| = [32m3.425971e+05[39m
      7 Linear |R| = [32m2.234099e+05[39m
      8 Linear |R| = [32m1.215824e+05[39m
      9 Linear |R| = [32m7.768564e+04[39m
     10 Linear |R| = [32m5.103646e+04[39m
     11 Linear |R| = [32m3.339101e+04[39m
     12 Linear |R| = [32m2.094818e+04[39m
     13 Linear |R| = [32m1.140599e+04[39m
     14 Linear |R| = [32m6.053596e+03[39m
     15 Linear |R| = [32m2.791607e+03[39m
     16 Linear |R| = [32m1.385913e+03[39m
     17 Linear |R| = [32m6.985407e+02[39m
     18 Linear |R| = [32m2.984826e+02[39m
     19 Linear |R| = [32m1.378788e+02[39m
     20 Linear |R| = [32m6.800614e+01[39m
     21 Linear |R| = [32m3.039516e+01[39m
     22 Linear |R| = [32m1.197748e+01[39m
     23 Linear |R| = [32m5.602356e+00[39m
 5 Nonlinear |R| = [33m1.148077e+06[39m
      0 Linear |R| = [32m1.148077e+06[39m
      1 Linear |R| = [33m1.105921e+06[39m
      2 Linear |R| = [32m8.811381e+05[39m
      3 Linear |R| = [32m6.493141e+05[39m
      4 Linear |R| = [32m4.561977e+05[39m
      5 Linear |R| = [32m2.772219e+05[39m
      6 Linear |R| = [32m1.609738e+05[39m
      7 Linear |R| = [32m9.239758e+04[39m
      8 Linear |R| = [32m4.907876e+04[39m
      9 Linear |R| = [32m2.790712e+04[39m
     10 Linear |R| = [32m1.647853e+04[39m
     11 Linear |R| = [32m1.039221e+04[39m
     12 Linear |R| = [32m6.504441e+03[39m
     13 Linear |R| = [32m3.309164e+03[39m
     14 Linear |R| = [32m1.367374e+03[39m
     15 Linear |R| = [32m5.961265e+02[39m
     16 Linear |R| = [32m2.592957e+02[39m
     17 Linear |R| = [32m1.162044e+02[39m
     18 Linear |R| = [32m5.279383e+01[39m
     19 Linear |R| = [32m2.504545e+01[39m
     20 Linear |R| = [32m1.101555e+01[39m
 6 Nonlinear |R| = [32m1.085569e+06[39m
      0 Linear |R| = [32m1.085569e+06[39m
      1 Linear |R| = [32m9.621764e+05[39m
      2 Linear |R| = [32m7.484052e+05[39m
      3 Linear |R| = [32m4.576252e+05[39m
      4 Linear |R| = [32m2.699520e+05[39m
      5 Linear |R| = [32m1.540143e+05[39m
      6 Linear |R| = [32m7.109550e+04[39m
      7 Linear |R| = [32m3.044715e+04[39m
      8 Linear |R| = [32m1.369539e+04[39m
      9 Linear |R| = [32m6.097047e+03[39m
     10 Linear |R| = [32m2.989832e+03[39m
     11 Linear |R| = [32m1.608205e+03[39m
     12 Linear |R| = [32m8.666625e+02[39m
     13 Linear |R| = [32m4.544596e+02[39m
     14 Linear |R| = [32m2.094378e+02[39m
     15 Linear |R| = [32m9.387773e+01[39m
     16 Linear |R| = [32m3.629823e+01[39m
     17 Linear |R| = [32m1.626443e+01[39m
     18 Linear |R| = [32m7.411180e+00[39m
 7 Nonlinear |R| = [32m6.573897e+05[39m
      0 Linear |R| = [32m6.573897e+05[39m
      1 Linear |R| = [32m1.729078e+05[39m
      2 Linear |R| = [32m6.990232e+04[39m
      3 Linear |R| = [32m3.534178e+04[39m
      4 Linear |R| = [32m1.555853e+04[39m
      5 Linear |R| = [32m5.740612e+03[39m
      6 Linear |R| = [32m2.049667e+03[39m
      7 Linear |R| = [32m8.663666e+02[39m
      8 Linear |R| = [32m3.468909e+02[39m
      9 Linear |R| = [32m1.383071e+02[39m
     10 Linear |R| = [32m5.038531e+01[39m
     11 Linear |R| = [32m1.929687e+01[39m
     12 Linear |R| = [32m7.709140e+00[39m
     13 Linear |R| = [32m2.918001e+00[39m
 8 Nonlinear |R| = [32m1.117442e+04[39m
      0 Linear |R| = [32m1.117442e+04[39m
      1 Linear |R| = [32m3.105161e+03[39m
      2 Linear |R| = [32m1.502477e+03[39m
      3 Linear |R| = [32m7.486220e+02[39m
      4 Linear |R| = [32m3.468472e+02[39m
      5 Linear |R| = [32m1.448965e+02[39m
      6 Linear |R| = [32m5.102630e+01[39m
      7 Linear |R| = [32m1.710726e+01[39m
      8 Linear |R| = [32m5.780670e+00[39m
      9 Linear |R| = [32m2.369424e+00[39m
     10 Linear |R| = [32m1.043481e+00[39m
     11 Linear |R| = [32m4.667421e-01[39m
     12 Linear |R| = [32m1.532489e-01[39m
     13 Linear |R| = [32m5.712631e-02[39m
 9 Nonlinear |R| = [32m1.781131e+01[39m
      0 Linear |R| = [32m1.781131e+01[39m
      1 Linear |R| = [32m8.886157e+00[39m
      2 Linear |R| = [32m3.724683e+00[39m
      3 Linear |R| = [32m1.569032e+00[39m
      4 Linear |R| = [32m6.648093e-01[39m
      5 Linear |R| = [32m2.642123e-01[39m
      6 Linear |R| = [32m9.766829e-02[39m
      7 Linear |R| = [32m4.058467e-02[39m
      8 Linear |R| = [32m1.794275e-02[39m
      9 Linear |R| = [32m7.448295e-03[39m
     10 Linear |R| = [32m2.917522e-03[39m
     11 Linear |R| = [32m9.319256e-04[39m
     12 Linear |R| = [32m3.241877e-04[39m
     13 Linear |R| = [32m1.293079e-04[39m
10 Nonlinear |R| = [32m3.027057e-04[39m
[32m Solve Converged![39m

Postprocessor Values:
+----------------+----------------+----------------+----------------+
| time           | base_shear_x   | top_disp_x     | vonmises_max   |
+----------------+----------------+----------------+----------------+
:                :                :                :                :
|   3.500000e+01 |  -3.427369e+05 |  -4.631549e-03 |   2.746626e+06 |
|   4.000000e+01 |  -6.565482e+05 |  -9.000000e-03 |   3.500000e+06 |
|   4.500000e+01 |  -4.618102e+05 |  -6.363961e-03 |   2.598789e+06 |
|   5.000000e+01 |   8.336008e+03 |  -2.755455e-18 |   8.800030e+05 |
|   5.500000e+01 |   4.761500e+05 |   6.363961e-03 |   3.388286e+06 |
|   6.000000e+01 |   6.594694e+05 |   9.000000e-03 |   3.500000e+06 |
|   6.500000e+01 |   4.647287e+05 |   6.363961e-03 |   2.598805e+06 |
|   7.000000e+01 |  -5.415012e+03 |   3.857637e-18 |   8.852659e+05 |
|   7.500000e+01 |  -4.732234e+05 |  -6.363961e-03 |   3.356125e+06 |
|   8.000000e+01 |  -9.477584e+05 |  -1.440000e-02 |   3.500000e+06 |
|   8.500000e+01 |  -8.667802e+05 |  -1.330387e-02 |   3.277511e+06 |
|   9.000000e+01 |  -6.361736e+05 |  -1.018234e-02 |   2.647664e+06 |
|   9.500000e+01 |  -2.910470e+05 |  -5.510641e-03 |   1.774338e+06 |
|   1.000000e+02 |   1.142977e+05 |  -4.408728e-18 |   3.265649e+06 |
|   1.050000e+02 |   4.980940e+05 |   5.510641e-03 |   3.500000e+06 |
+----------------+----------------+----------------+----------------+


Time Step 22, time = 110, dt = 5
 0 Nonlinear |R| = [32m1.175755e+06[39m
      0 Linear |R| = [32m1.175755e+06[39m
      1 Linear |R| = [33m1.169587e+06[39m
      2 Linear |R| = [32m9.210140e+05[39m
      3 Linear |R| = [33m9.028776e+05[39m
      4 Linear |R| = [32m7.763468e+05[39m
      5 Linear |R| = [32m7.035868e+05[39m
      6 Linear |R| = [32m5.344341e+05[39m
      7 Linear |R| = [32m3.672399e+05[39m
      8 Linear |R| = [32m2.041009e+05[39m
      9 Linear |R| = [32m9.600330e+04[39m
     10 Linear |R| = [32m5.628894e+04[39m
     11 Linear |R| = [32m3.573731e+04[39m
     12 Linear |R| = [32m2.598621e+04[39m
     13 Linear |R| = [32m1.855871e+04[39m
     14 Linear |R| = [32m1.176208e+04[39m
     15 Linear |R| = [32m7.722651e+03[39m
     16 Linear |R| = [32m4.390417e+03[39m
     17 Linear |R| = [32m1.958194e+03[39m
     18 Linear |R| = [32m9.340125e+02[39m
     19 Linear |R| = [32m5.377013e+02[39m
     20 Linear |R| = [32m2.622459e+02[39m
     21 Linear |R| = [32m1.175826e+02[39m
     22 Linear |R| = [32m6.095574e+01[39m
     23 Linear |R| = [32m3.211420e+01[39m
     24 Linear |R| = [32m1.697003e+01[39m
     25 Linear |R| = [32m8.088699e+00[39m
 1 Nonlinear |R| = [32m1.054766e+06[39m
      0 Linear |R| = [32m1.054766e+06[39m
      1 Linear |R| = [33m1.047298e+06[39m
      2 Linear |R| = [32m8.437613e+05[39m
      3 Linear |R| = [33m8.340108e+05[39m
      4 Linear |R| = [32m7.421413e+05[39m
      5 Linear |R| = [32m6.770808e+05[39m
      6 Linear |R| = [32m5.327188e+05[39m
      7 Linear |R| = [32m3.825635e+05[39m
      8 Linear |R| = [32m2.033590e+05[39m
      9 Linear |R| = [32m1.017422e+05[39m
     10 Linear |R| = [32m6.345188e+04[39m
     11 Linear |R| = [32m3.910458e+04[39m
     12 Linear |R| = [32m2.746550e+04[39m
     13 Linear |R| = [32m1.915950e+04[39m
     14 Linear |R| = [32m1.258416e+04[39m
     15 Linear |R| = [32m7.793215e+03[39m
     16 Linear |R| = [32m3.960969e+03[39m
     17 Linear |R| = [32m2.114181e+03[39m
     18 Linear |R| = [32m1.102349e+03[39m
     19 Linear |R| = [32m5.177432e+02[39m
     20 Linear |R| = [32m2.509302e+02[39m
     21 Linear |R| = [32m1.281685e+02[39m
     22 Linear |R| = [32m6.958394e+01[39m
     23 Linear |R| = [32m3.240965e+01[39m
     24 Linear |R| = [32m1.503016e+01[39m
     25 Linear |R| = [32m7.293298e+00[39m
 2 Nonlinear |R| = [32m9.109991e+05[39m
      0 Linear |R| = [32m9.109991e+05[39m
      1 Linear |R| = [32m6.266674e+05[39m
      2 Linear |R| = [32m3.949380e+05[39m
      3 Linear |R| = [32m1.757693e+05[39m
      4 Linear |R| = [32m7.336910e+04[39m
      5 Linear |R| = [32m3.122830e+04[39m
      6 Linear |R| = [32m1.351841e+04[39m
      7 Linear |R| = [32m7.342910e+03[39m
      8 Linear |R| = [32m4.285743e+03[39m
      9 Linear |R| = [32m2.132046e+03[39m
     10 Linear |R| = [32m1.142195e+03[39m
     11 Linear |R| = [32m5.078945e+02[39m
     12 Linear |R| = [32m2.409083e+02[39m
     13 Linear |R| = [32m1.368361e+02[39m
     14 Linear |R| = [32m6.992060e+01[39m
     15 Linear |R| = [32m3.225999e+01[39m
     16 Linear |R| = [32m1.377881e+01[39m
     17 Linear |R| = [32m6.525594e+00[39m
 3 Nonlinear |R| = [32m8.391854e+05[39m
      0 Linear |R| = [32m8.391854e+05[39m
      1 Linear |R| = [32m5.338404e+05[39m
      2 Linear |R| = [32m3.267150e+05[39m
      3 Linear |R| = [32m1.085238e+05[39m
      4 Linear |R| = [32m4.046311e+04[39m
      5 Linear |R| = [32m1.914171e+04[39m
      6 Linear |R| = [32m9.941618e+03[39m
      7 Linear |R| = [32m5.035158e+03[39m
      8 Linear |R| = [32m2.774586e+03[39m
      9 Linear |R| = [32m1.480523e+03[39m
     10 Linear |R| = [32m7.517253e+02[39m
     11 Linear |R| = [32m3.383891e+02[39m
     12 Linear |R| = [32m1.591363e+02[39m
     13 Linear |R| = [32m8.787170e+01[39m
     14 Linear |R| = [32m4.753845e+01[39m
     15 Linear |R| = [32m2.576531e+01[39m
     16 Linear |R| = [32m1.232298e+01[39m
     17 Linear |R| = [32m6.075211e+00[39m
 4 Nonlinear |R| = [32m6.447357e+05[39m
      0 Linear |R| = [32m6.447357e+05[39m
      1 Linear |R| = [32m5.301200e+05[39m
      2 Linear |R| = [32m2.701638e+05[39m
      3 Linear |R| = [32m1.342031e+05[39m
      4 Linear |R| = [32m8.083736e+04[39m
      5 Linear |R| = [32m4.363225e+04[39m
      6 Linear |R| = [32m2.043671e+04[39m
      7 Linear |R| = [32m6.981832e+03[39m
      8 Linear |R| = [32m2.393305e+03[39m
      9 Linear |R| = [32m8.869458e+02[39m
     10 Linear |R| = [32m4.690327e+02[39m
     11 Linear |R| = [32m2.676328e+02[39m
     12 Linear |R| = [32m1.293448e+02[39m
     13 Linear |R| = [32m5.395048e+01[39m
     14 Linear |R| = [32m2.253100e+01[39m
     15 Linear |R| = [32m1.177943e+01[39m
     16 Linear |R| = [32m6.843072e+00[39m
     17 Linear |R| = [32m3.740979e+00[39m
 5 Nonlinear |R| = [32m5.002244e+05[39m
      0 Linear |R| = [32m5.002244e+05[39m
      1 Linear |R| = [32m2.997035e+05[39m
      2 Linear |R| = [32m1.128726e+05[39m
      3 Linear |R| = [32m3.559335e+04[39m
      4 Linear |R| = [32m1.326775e+04[39m
      5 Linear |R| = [32m5.686584e+03[39m
      6 Linear |R| = [32m3.057072e+03[39m
      7 Linear |R| = [32m1.713477e+03[39m
      8 Linear |R| = [32m8.279902e+02[39m
      9 Linear |R| = [32m3.801775e+02[39m
     10 Linear |R| = [32m2.109004e+02[39m
     11 Linear |R| = [32m1.174127e+02[39m
     12 Linear |R| = [32m5.719421e+01[39m
     13 Linear |R| = [32m3.025296e+01[39m
     14 Linear |R| = [32m1.687787e+01[39m
     15 Linear |R| = [32m8.903948e+00[39m
     16 Linear |R| = [32m4.182375e+00[39m
 6 Nonlinear |R| = [32m3.345663e+05[39m
      0 Linear |R| = [32m3.345663e+05[39m
      1 Linear |R| = [32m1.336026e+05[39m
      2 Linear |R| = [32m3.291447e+04[39m
      3 Linear |R| = [32m1.266835e+04[39m
      4 Linear |R| = [32m7.000936e+03[39m
      5 Linear |R| = [32m4.345782e+03[39m
      6 Linear |R| = [32m2.371799e+03[39m
      7 Linear |R| = [32m1.136517e+03[39m
      8 Linear |R| = [32m5.809192e+02[39m
      9 Linear |R| = [32m3.179233e+02[39m
     10 Linear |R| = [32m1.646286e+02[39m
     11 Linear |R| = [32m8.768279e+01[39m
     12 Linear |R| = [32m5.034052e+01[39m
     13 Linear |R| = [32m2.477211e+01[39m
     14 Linear |R| = [32m1.127720e+01[39m
     15 Linear |R| = [32m5.613359e+00[39m
     16 Linear |R| = [32m3.094573e+00[39m
 7 Nonlinear |R| = [32m1.724641e+05[39m
      0 Linear |R| = [32m1.724641e+05[39m
      1 Linear |R| = [32m4.558519e+04[39m
      2 Linear |R| = [32m9.783934e+03[39m
      3 Linear |R| = [32m3.352814e+03[39m
      4 Linear |R| = [32m1.109301e+03[39m
      5 Linear |R| = [32m3.545949e+02[39m
      6 Linear |R| = [32m1.088166e+02[39m
      7 Linear |R| = [32m4.129131e+01[39m
      8 Linear |R| = [32m1.883138e+01[39m
      9 Linear |R| = [32m9.978777e+00[39m
     10 Linear |R| = [32m5.596377e+00[39m
     11 Linear |R| = [32m3.131625e+00[39m
     12 Linear |R| = [32m1.847287e+00[39m
     13 Linear |R| = [32m9.468002e-01[39m
 8 Nonlinear |R| = [32m9.501901e-01[39m
[32m Solve Converged![39m

Postprocessor Values:
+----------------+----------------+----------------+----------------+
| time           | base_shear_x   | top_disp_x     | vonmises_max   |
+----------------+----------------+----------------+----------------+
:                :                :                :                :
|   4.000000e+01 |  -6.565482e+05 |  -9.000000e-03 |   3.500000e+06 |
|   4.500000e+01 |  -4.618102e+05 |  -6.363961e-03 |   2.598789e+06 |
|   5.000000e+01 |   8.336008e+03 |  -2.755455e-18 |   8.800030e+05 |
|   5.500000e+01 |   4.761500e+05 |   6.363961e-03 |   3.388286e+06 |
|   6.000000e+01 |   6.594694e+05 |   9.000000e-03 |   3.500000e+06 |
|   6.500000e+01 |   4.647287e+05 |   6.363961e-03 |   2.598805e+06 |
|   7.000000e+01 |  -5.415012e+03 |   3.857637e-18 |   8.852659e+05 |
|   7.500000e+01 |  -4.732234e+05 |  -6.363961e-03 |   3.356125e+06 |
|   8.000000e+01 |  -9.477584e+05 |  -1.440000e-02 |   3.500000e+06 |
|   8.500000e+01 |  -8.667802e+05 |  -1.330387e-02 |   3.277511e+06 |
|   9.000000e+01 |  -6.361736e+05 |  -1.018234e-02 |   2.647664e+06 |
|   9.500000e+01 |  -2.910470e+05 |  -5.510641e-03 |   1.774338e+06 |
|   1.000000e+02 |   1.142977e+05 |  -4.408728e-18 |   3.265649e+06 |
|   1.050000e+02 |   4.980940e+05 |   5.510641e-03 |   3.500000e+06 |
|   1.100000e+02 |   7.725223e+05 |   1.018234e-02 |   3.500000e+06 |
+----------------+----------------+----------------+----------------+


Time Step 23, time = 115, dt = 5
 0 Nonlinear |R| = [32m1.002008e+06[39m
      0 Linear |R| = [32m1.002008e+06[39m
      1 Linear |R| = [33m9.919568e+05[39m
      2 Linear |R| = [32m7.883356e+05[39m
      3 Linear |R| = [33m7.711550e+05[39m
      4 Linear |R| = [32m6.810762e+05[39m
      5 Linear |R| = [32m6.413906e+05[39m
      6 Linear |R| = [32m5.014829e+05[39m
      7 Linear |R| = [32m3.402660e+05[39m
      8 Linear |R| = [32m1.826309e+05[39m
      9 Linear |R| = [32m8.355017e+04[39m
     10 Linear |R| = [32m5.114087e+04[39m
     11 Linear |R| = [32m3.361858e+04[39m
     12 Linear |R| = [32m2.482839e+04[39m
     13 Linear |R| = [32m1.758451e+04[39m
     14 Linear |R| = [32m1.076715e+04[39m
     15 Linear |R| = [32m6.746405e+03[39m
     16 Linear |R| = [32m3.396214e+03[39m
     17 Linear |R| = [32m1.549923e+03[39m
     18 Linear |R| = [32m7.825692e+02[39m
     19 Linear |R| = [32m4.191664e+02[39m
     20 Linear |R| = [32m1.962218e+02[39m
     21 Linear |R| = [32m9.303112e+01[39m
     22 Linear |R| = [32m5.094546e+01[39m
     23 Linear |R| = [32m2.619279e+01[39m
     24 Linear |R| = [32m1.341333e+01[39m
     25 Linear |R| = [32m6.177544e+00[39m
 1 Nonlinear |R| = [32m9.106478e+05[39m
      0 Linear |R| = [32m9.106478e+05[39m
      1 Linear |R| = [33m8.999292e+05[39m
      2 Linear |R| = [32m7.455617e+05[39m
      3 Linear |R| = [33m7.376181e+05[39m
      4 Linear |R| = [32m6.758370e+05[39m
      5 Linear |R| = [33m6.456103e+05[39m
      6 Linear |R| = [32m5.444971e+05[39m
      7 Linear |R| = [32m3.865025e+05[39m
      8 Linear |R| = [32m2.096131e+05[39m
      9 Linear |R| = [32m1.218827e+05[39m
     10 Linear |R| = [32m7.236065e+04[39m
     11 Linear |R| = [32m4.342270e+04[39m
     12 Linear |R| = [32m2.992612e+04[39m
     13 Linear |R| = [32m2.053227e+04[39m
     14 Linear |R| = [32m1.355208e+04[39m
     15 Linear |R| = [32m8.629557e+03[39m
     16 Linear |R| = [32m4.829874e+03[39m
     17 Linear |R| = [32m2.471695e+03[39m
     18 Linear |R| = [32m1.252980e+03[39m
     19 Linear |R| = [32m6.722068e+02[39m
     20 Linear |R| = [32m3.579238e+02[39m
     21 Linear |R| = [32m1.875163e+02[39m
     22 Linear |R| = [32m1.012153e+02[39m
     23 Linear |R| = [32m5.320728e+01[39m
     24 Linear |R| = [32m2.878655e+01[39m
     25 Linear |R| = [32m1.400572e+01[39m
     26 Linear |R| = [32m6.643250e+00[39m
 2 Nonlinear |R| = [33m9.010274e+05[39m
      0 Linear |R| = [32m9.010274e+05[39m
      1 Linear |R| = [33m8.895103e+05[39m
      2 Linear |R| = [32m7.400128e+05[39m
      3 Linear |R| = [33m7.304488e+05[39m
      4 Linear |R| = [32m6.689204e+05[39m
      5 Linear |R| = [33m6.402773e+05[39m
      6 Linear |R| = [32m5.385492e+05[39m
      7 Linear |R| = [32m3.751553e+05[39m
      8 Linear |R| = [32m2.105976e+05[39m
      9 Linear |R| = [32m1.240282e+05[39m
     10 Linear |R| = [32m6.985065e+04[39m
     11 Linear |R| = [32m4.247637e+04[39m
     12 Linear |R| = [32m2.939312e+04[39m
     13 Linear |R| = [32m2.014970e+04[39m
     14 Linear |R| = [32m1.313869e+04[39m
     15 Linear |R| = [32m8.399184e+03[39m
     16 Linear |R| = [32m4.525869e+03[39m
     17 Linear |R| = [32m2.266178e+03[39m
     18 Linear |R| = [32m1.207066e+03[39m
     19 Linear |R| = [32m6.394467e+02[39m
     20 Linear |R| = [32m3.337135e+02[39m
     21 Linear |R| = [32m1.725227e+02[39m
     22 Linear |R| = [32m9.501297e+01[39m
     23 Linear |R| = [32m5.095143e+01[39m
     24 Linear |R| = [32m2.706598e+01[39m
     25 Linear |R| = [32m1.406886e+01[39m
     26 Linear |R| = [32m7.313900e+00[39m
 3 Nonlinear |R| = [33m8.911444e+05[39m
      0 Linear |R| = [32m8.911444e+05[39m
      1 Linear |R| = [33m8.784103e+05[39m
      2 Linear |R| = [32m7.309564e+05[39m
      3 Linear |R| = [33m7.163518e+05[39m
      4 Linear |R| = [32m6.574128e+05[39m
      5 Linear |R| = [33m6.308106e+05[39m
      6 Linear |R| = [32m5.208413e+05[39m
      7 Linear |R| = [32m3.565084e+05[39m
      8 Linear |R| = [32m2.084117e+05[39m
      9 Linear |R| = [32m1.165663e+05[39m
     10 Linear |R| = [32m6.308565e+04[39m
     11 Linear |R| = [32m3.915328e+04[39m
     12 Linear |R| = [32m2.763512e+04[39m
     13 Linear |R| = [32m1.828131e+04[39m
     14 Linear |R| = [32m1.207164e+04[39m
     15 Linear |R| = [32m7.284018e+03[39m
     16 Linear |R| = [32m3.935742e+03[39m
     17 Linear |R| = [32m2.012411e+03[39m
     18 Linear |R| = [32m1.091222e+03[39m
     19 Linear |R| = [32m5.602930e+02[39m
     20 Linear |R| = [32m2.979671e+02[39m
     21 Linear |R| = [32m1.508827e+02[39m
     22 Linear |R| = [32m7.766919e+01[39m
     23 Linear |R| = [32m3.940503e+01[39m
     24 Linear |R| = [32m1.963868e+01[39m
     25 Linear |R| = [32m9.939059e+00[39m
     26 Linear |R| = [32m4.987210e+00[39m
 4 Nonlinear |R| = [32m8.456953e+05[39m
      0 Linear |R| = [32m8.456953e+05[39m
      1 Linear |R| = [32m7.844269e+05[39m
      2 Linear |R| = [32m6.481415e+05[39m
      3 Linear |R| = [32m5.440394e+05[39m
      4 Linear |R| = [32m4.919461e+05[39m
      5 Linear |R| = [32m3.985037e+05[39m
      6 Linear |R| = [32m2.580091e+05[39m
      7 Linear |R| = [32m1.307686e+05[39m
      8 Linear |R| = [32m6.509678e+04[39m
      9 Linear |R| = [32m3.723955e+04[39m
     10 Linear |R| = [32m2.176546e+04[39m
     11 Linear |R| = [32m1.297273e+04[39m
     12 Linear |R| = [32m7.757388e+03[39m
     13 Linear |R| = [32m4.085303e+03[39m
     14 Linear |R| = [32m2.039448e+03[39m
     15 Linear |R| = [32m1.147428e+03[39m
     16 Linear |R| = [32m6.620787e+02[39m
     17 Linear |R| = [32m4.063767e+02[39m
     18 Linear |R| = [32m2.386418e+02[39m
     19 Linear |R| = [32m1.322017e+02[39m
     20 Linear |R| = [32m7.365756e+01[39m
     21 Linear |R| = [32m4.076396e+01[39m
     22 Linear |R| = [32m2.092525e+01[39m
     23 Linear |R| = [32m1.137682e+01[39m
     24 Linear |R| = [32m6.024753e+00[39m
 5 Nonlinear |R| = [33m8.097762e+05[39m
      0 Linear |R| = [32m8.097762e+05[39m
      1 Linear |R| = [32m7.014278e+05[39m
      2 Linear |R| = [32m5.796772e+05[39m
      3 Linear |R| = [32m4.374611e+05[39m
      4 Linear |R| = [32m3.609248e+05[39m
      5 Linear |R| = [32m2.560938e+05[39m
      6 Linear |R| = [32m1.387587e+05[39m
      7 Linear |R| = [32m6.771243e+04[39m
      8 Linear |R| = [32m3.502276e+04[39m
      9 Linear |R| = [32m2.077164e+04[39m
     10 Linear |R| = [32m1.250664e+04[39m
     11 Linear |R| = [32m7.391455e+03[39m
     12 Linear |R| = [32m3.744374e+03[39m
     13 Linear |R| = [32m1.872633e+03[39m
     14 Linear |R| = [32m8.311270e+02[39m
     15 Linear |R| = [32m4.401576e+02[39m
     16 Linear |R| = [32m2.635408e+02[39m
     17 Linear |R| = [32m1.543450e+02[39m
     18 Linear |R| = [32m8.820572e+01[39m
     19 Linear |R| = [32m4.781468e+01[39m
     20 Linear |R| = [32m2.469396e+01[39m
     21 Linear |R| = [32m1.312510e+01[39m
     22 Linear |R| = [32m6.822425e+00[39m
 6 Nonlinear |R| = [32m5.086697e+05[39m
      0 Linear |R| = [32m5.086697e+05[39m
      1 Linear |R| = [32m1.647888e+05[39m
      2 Linear |R| = [32m8.694503e+04[39m
      3 Linear |R| = [32m5.543010e+04[39m
      4 Linear |R| = [32m3.419493e+04[39m
      5 Linear |R| = [32m2.126167e+04[39m
      6 Linear |R| = [32m1.276199e+04[39m
      7 Linear |R| = [32m6.972797e+03[39m
      8 Linear |R| = [32m4.120929e+03[39m
      9 Linear |R| = [32m2.305279e+03[39m
     10 Linear |R| = [32m1.305552e+03[39m
     11 Linear |R| = [32m7.360628e+02[39m
     12 Linear |R| = [32m4.114463e+02[39m
     13 Linear |R| = [32m2.263567e+02[39m
     14 Linear |R| = [32m1.196151e+02[39m
     15 Linear |R| = [32m6.959808e+01[39m
     16 Linear |R| = [32m3.727201e+01[39m
     17 Linear |R| = [32m1.923563e+01[39m
     18 Linear |R| = [32m9.973735e+00[39m
     19 Linear |R| = [32m5.463176e+00[39m
     20 Linear |R| = [32m2.895389e+00[39m
 7 Nonlinear |R| = [32m3.677671e+04[39m
      0 Linear |R| = [32m3.677671e+04[39m
      1 Linear |R| = [32m9.622838e+03[39m
      2 Linear |R| = [32m4.419193e+03[39m
      3 Linear |R| = [32m2.277434e+03[39m
      4 Linear |R| = [32m1.368178e+03[39m
      5 Linear |R| = [32m8.843248e+02[39m
      6 Linear |R| = [32m5.412642e+02[39m
      7 Linear |R| = [32m3.233470e+02[39m
      8 Linear |R| = [32m1.838233e+02[39m
      9 Linear |R| = [32m1.081554e+02[39m
     10 Linear |R| = [32m6.292354e+01[39m
     11 Linear |R| = [32m3.553329e+01[39m
     12 Linear |R| = [32m2.034357e+01[39m
     13 Linear |R| = [32m1.090036e+01[39m
     14 Linear |R| = [32m6.047454e+00[39m
     15 Linear |R| = [32m3.336001e+00[39m
     16 Linear |R| = [32m1.751748e+00[39m
     17 Linear |R| = [32m8.775167e-01[39m
     18 Linear |R| = [32m4.568503e-01[39m
     19 Linear |R| = [32m2.700201e-01[39m
 8 Nonlinear |R| = [32m2.487655e+03[39m
      0 Linear |R| = [32m2.487655e+03[39m
      1 Linear |R| = [32m1.032851e+03[39m
      2 Linear |R| = [32m4.709809e+02[39m
      3 Linear |R| = [32m2.850459e+02[39m
      4 Linear |R| = [32m1.643325e+02[39m
      5 Linear |R| = [32m1.032032e+02[39m
      6 Linear |R| = [32m6.250465e+01[39m
      7 Linear |R| = [32m3.594044e+01[39m
      8 Linear |R| = [32m1.851308e+01[39m
      9 Linear |R| = [32m9.020561e+00[39m
     10 Linear |R| = [32m4.422360e+00[39m
     11 Linear |R| = [32m2.397550e+00[39m
     12 Linear |R| = [32m1.419232e+00[39m
     13 Linear |R| = [32m7.850540e-01[39m
     14 Linear |R| = [32m4.407823e-01[39m
     15 Linear |R| = [32m2.334327e-01[39m
     16 Linear |R| = [32m1.291226e-01[39m
     17 Linear |R| = [32m7.322539e-02[39m
     18 Linear |R| = [32m4.043663e-02[39m
     19 Linear |R| = [32m2.364933e-02[39m
 9 Nonlinear |R| = [32m2.867625e+00[39m
[32m Solve Converged![39m

Postprocessor Values:
+----------------+----------------+----------------+----------------+
| time           | base_shear_x   | top_disp_x     | vonmises_max   |
+----------------+----------------+----------------+----------------+
:                :                :                :                :
|   4.500000e+01 |  -4.618102e+05 |  -6.363961e-03 |   2.598789e+06 |
|   5.000000e+01 |   8.336008e+03 |  -2.755455e-18 |   8.800030e+05 |
|   5.500000e+01 |   4.761500e+05 |   6.363961e-03 |   3.388286e+06 |
|   6.000000e+01 |   6.594694e+05 |   9.000000e-03 |   3.500000e+06 |
|   6.500000e+01 |   4.647287e+05 |   6.363961e-03 |   2.598805e+06 |
|   7.000000e+01 |  -5.415012e+03 |   3.857637e-18 |   8.852659e+05 |
|   7.500000e+01 |  -4.732234e+05 |  -6.363961e-03 |   3.356125e+06 |
|   8.000000e+01 |  -9.477584e+05 |  -1.440000e-02 |   3.500000e+06 |
|   8.500000e+01 |  -8.667802e+05 |  -1.330387e-02 |   3.277511e+06 |
|   9.000000e+01 |  -6.361736e+05 |  -1.018234e-02 |   2.647664e+06 |
|   9.500000e+01 |  -2.910470e+05 |  -5.510641e-03 |   1.774338e+06 |
|   1.000000e+02 |   1.142977e+05 |  -4.408728e-18 |   3.265649e+06 |
|   1.050000e+02 |   4.980940e+05 |   5.510641e-03 |   3.500000e+06 |
|   1.100000e+02 |   7.725223e+05 |   1.018234e-02 |   3.500000e+06 |
|   1.150000e+02 |   9.185178e+05 |   1.330387e-02 |   3.500000e+06 |
+----------------+----------------+----------------+----------------+


Time Step 24, time = 120, dt = 5
 0 Nonlinear |R| = [32m9.065906e+05[39m
      0 Linear |R| = [32m9.065906e+05[39m
      1 Linear |R| = [33m8.948592e+05[39m
      2 Linear |R| = [32m7.165435e+05[39m
      3 Linear |R| = [33m6.939314e+05[39m
      4 Linear |R| = [32m6.159650e+05[39m
      5 Linear |R| = [32m5.831907e+05[39m
      6 Linear |R| = [32m4.463611e+05[39m
      7 Linear |R| = [32m2.725689e+05[39m
      8 Linear |R| = [32m1.305419e+05[39m
      9 Linear |R| = [32m7.226317e+04[39m
     10 Linear |R| = [32m4.465692e+04[39m
     11 Linear |R| = [32m2.938554e+04[39m
     12 Linear |R| = [32m2.143896e+04[39m
     13 Linear |R| = [32m1.462196e+04[39m
     14 Linear |R| = [32m8.566288e+03[39m
     15 Linear |R| = [32m4.758587e+03[39m
     16 Linear |R| = [32m2.433420e+03[39m
     17 Linear |R| = [32m1.209328e+03[39m
     18 Linear |R| = [32m5.705584e+02[39m
     19 Linear |R| = [32m2.905744e+02[39m
     20 Linear |R| = [32m1.502833e+02[39m
     21 Linear |R| = [32m7.841753e+01[39m
     22 Linear |R| = [32m3.729313e+01[39m
     23 Linear |R| = [32m1.749437e+01[39m
     24 Linear |R| = [32m9.276142e+00[39m
     25 Linear |R| = [32m4.662066e+00[39m
 1 Nonlinear |R| = [33m8.973968e+05[39m
      0 Linear |R| = [32m8.973968e+05[39m
      1 Linear |R| = [33m8.855958e+05[39m
      2 Linear |R| = [32m7.219548e+05[39m
      3 Linear |R| = [33m7.093762e+05[39m
      4 Linear |R| = [32m6.540052e+05[39m
      5 Linear |R| = [33m6.388899e+05[39m
      6 Linear |R| = [32m5.634966e+05[39m
      7 Linear |R| = [32m4.246564e+05[39m
      8 Linear |R| = [32m2.374960e+05[39m
      9 Linear |R| = [32m1.388056e+05[39m
     10 Linear |R| = [32m8.007338e+04[39m
     11 Linear |R| = [32m5.164631e+04[39m
     12 Linear |R| = [32m3.610559e+04[39m
     13 Linear |R| = [32m2.423539e+04[39m
     14 Linear |R| = [32m1.488954e+04[39m
     15 Linear |R| = [32m9.456027e+03[39m
     16 Linear |R| = [32m5.351106e+03[39m
     17 Linear |R| = [32m3.118255e+03[39m
     18 Linear |R| = [32m1.923405e+03[39m
     19 Linear |R| = [32m1.089971e+03[39m
     20 Linear |R| = [32m6.107944e+02[39m
     21 Linear |R| = [32m3.199614e+02[39m
     22 Linear |R| = [32m1.680352e+02[39m
     23 Linear |R| = [32m8.380842e+01[39m
     24 Linear |R| = [32m4.269174e+01[39m
     25 Linear |R| = [32m2.300388e+01[39m
     26 Linear |R| = [32m1.130297e+01[39m
     27 Linear |R| = [32m5.793303e+00[39m
 2 Nonlinear |R| = [33m8.872322e+05[39m
      0 Linear |R| = [32m8.872322e+05[39m
      1 Linear |R| = [33m8.739391e+05[39m
      2 Linear |R| = [32m7.147240e+05[39m
      3 Linear |R| = [33m6.985236e+05[39m
      4 Linear |R| = [32m6.437404e+05[39m
      5 Linear |R| = [33m6.291604e+05[39m
      6 Linear |R| = [32m5.482258e+05[39m
      7 Linear |R| = [32m3.976608e+05[39m
      8 Linear |R| = [32m2.379614e+05[39m
      9 Linear |R| = [32m1.329561e+05[39m
     10 Linear |R| = [32m7.560194e+04[39m
     11 Linear |R| = [32m5.001130e+04[39m
     12 Linear |R| = [32m3.452654e+04[39m
     13 Linear |R| = [32m2.208113e+04[39m
     14 Linear |R| = [32m1.422868e+04[39m
     15 Linear |R| = [32m8.769643e+03[39m
     16 Linear |R| = [32m4.845808e+03[39m
     17 Linear |R| = [32m3.038361e+03[39m
     18 Linear |R| = [32m1.896945e+03[39m
     19 Linear |R| = [32m1.046870e+03[39m
     20 Linear |R| = [32m6.178449e+02[39m
     21 Linear |R| = [32m3.237426e+02[39m
     22 Linear |R| = [32m1.645750e+02[39m
     23 Linear |R| = [32m8.391610e+01[39m
     24 Linear |R| = [32m4.647980e+01[39m
     25 Linear |R| = [32m2.432129e+01[39m
     26 Linear |R| = [32m1.304768e+01[39m
     27 Linear |R| = [32m7.202360e+00[39m
 3 Nonlinear |R| = [33m8.633566e+05[39m
      0 Linear |R| = [32m8.633566e+05[39m
      1 Linear |R| = [32m7.645643e+05[39m
      2 Linear |R| = [32m6.256061e+05[39m
      3 Linear |R| = [32m5.151200e+05[39m
      4 Linear |R| = [32m4.746387e+05[39m
      5 Linear |R| = [32m4.160964e+05[39m
      6 Linear |R| = [32m2.898936e+05[39m
      7 Linear |R| = [32m1.429895e+05[39m
      8 Linear |R| = [32m7.747056e+04[39m
      9 Linear |R| = [32m4.731111e+04[39m
     10 Linear |R| = [32m2.834759e+04[39m
     11 Linear |R| = [32m1.719519e+04[39m
     12 Linear |R| = [32m1.020852e+04[39m
     13 Linear |R| = [32m5.361487e+03[39m
     14 Linear |R| = [32m2.828643e+03[39m
     15 Linear |R| = [32m1.748049e+03[39m
     16 Linear |R| = [32m9.645688e+02[39m
     17 Linear |R| = [32m5.409979e+02[39m
     18 Linear |R| = [32m2.789671e+02[39m
     19 Linear |R| = [32m1.516469e+02[39m
     20 Linear |R| = [32m7.802670e+01[39m
     21 Linear |R| = [32m4.282597e+01[39m
     22 Linear |R| = [32m2.313469e+01[39m
     23 Linear |R| = [32m1.256604e+01[39m
     24 Linear |R| = [32m6.824094e+00[39m
 4 Nonlinear |R| = [33m8.444240e+05[39m
      0 Linear |R| = [32m8.444240e+05[39m
      1 Linear |R| = [32m6.822322e+05[39m
      2 Linear |R| = [32m5.512098e+05[39m
      3 Linear |R| = [32m4.168892e+05[39m
      4 Linear |R| = [32m3.525751e+05[39m
      5 Linear |R| = [32m2.754500e+05[39m
      6 Linear |R| = [32m1.610588e+05[39m
      7 Linear |R| = [32m7.709353e+04[39m
      8 Linear |R| = [32m4.382651e+04[39m
      9 Linear |R| = [32m2.675192e+04[39m
     10 Linear |R| = [32m1.599058e+04[39m
     11 Linear |R| = [32m9.380299e+03[39m
     12 Linear |R| = [32m5.178889e+03[39m
     13 Linear |R| = [32m2.936460e+03[39m
     14 Linear |R| = [32m1.607416e+03[39m
     15 Linear |R| = [32m9.895922e+02[39m
     16 Linear |R| = [32m5.344964e+02[39m
     17 Linear |R| = [32m2.688161e+02[39m
     18 Linear |R| = [32m1.478030e+02[39m
     19 Linear |R| = [32m8.425460e+01[39m
     20 Linear |R| = [32m4.369317e+01[39m
     21 Linear |R| = [32m2.214897e+01[39m
     22 Linear |R| = [32m1.127985e+01[39m
     23 Linear |R| = [32m6.008623e+00[39m
 5 Nonlinear |R| = [32m6.084095e+05[39m
      0 Linear |R| = [32m6.084095e+05[39m
      1 Linear |R| = [32m1.570369e+05[39m
      2 Linear |R| = [32m3.928872e+04[39m
      3 Linear |R| = [32m1.305774e+04[39m
      4 Linear |R| = [32m4.611057e+03[39m
      5 Linear |R| = [32m2.077419e+03[39m
      6 Linear |R| = [32m1.222344e+03[39m
      7 Linear |R| = [32m8.042978e+02[39m
      8 Linear |R| = [32m4.845732e+02[39m
      9 Linear |R| = [32m2.843897e+02[39m
     10 Linear |R| = [32m1.626132e+02[39m
     11 Linear |R| = [32m8.751865e+01[39m
     12 Linear |R| = [32m4.959496e+01[39m
     13 Linear |R| = [32m2.797785e+01[39m
     14 Linear |R| = [32m1.617890e+01[39m
     15 Linear |R| = [32m9.136282e+00[39m
     16 Linear |R| = [32m5.259128e+00[39m
 6 Nonlinear |R| = [32m4.818202e+01[39m
      0 Linear |R| = [32m4.818202e+01[39m
      1 Linear |R| = [32m2.353302e+01[39m
      2 Linear |R| = [32m1.393830e+01[39m
      3 Linear |R| = [32m9.090049e+00[39m
      4 Linear |R| = [32m6.152175e+00[39m
      5 Linear |R| = [32m3.654952e+00[39m
      6 Linear |R| = [32m2.193895e+00[39m
      7 Linear |R| = [32m1.341638e+00[39m
      8 Linear |R| = [32m7.293965e-01[39m
      9 Linear |R| = [32m4.049536e-01[39m
     10 Linear |R| = [32m2.109972e-01[39m
     11 Linear |R| = [32m1.139714e-01[39m
     12 Linear |R| = [32m6.328791e-02[39m
     13 Linear |R| = [32m3.629948e-02[39m
     14 Linear |R| = [32m2.181698e-02[39m
     15 Linear |R| = [32m1.227000e-02[39m
     16 Linear |R| = [32m6.412640e-03[39m
     17 Linear |R| = [32m3.227574e-03[39m
     18 Linear |R| = [32m1.730926e-03[39m
     19 Linear |R| = [32m9.594263e-04[39m
     20 Linear |R| = [32m5.635942e-04[39m
     21 Linear |R| = [32m3.304347e-04[39m
 7 Nonlinear |R| = [32m2.698695e-03[39m
[32m Solve Converged![39m

Postprocessor Values:
+----------------+----------------+----------------+----------------+
| time           | base_shear_x   | top_disp_x     | vonmises_max   |
+----------------+----------------+----------------+----------------+
:                :                :                :                :
|   5.000000e+01 |   8.336008e+03 |  -2.755455e-18 |   8.800030e+05 |
|   5.500000e+01 |   4.761500e+05 |   6.363961e-03 |   3.388286e+06 |
|   6.000000e+01 |   6.594694e+05 |   9.000000e-03 |   3.500000e+06 |
|   6.500000e+01 |   4.647287e+05 |   6.363961e-03 |   2.598805e+06 |
|   7.000000e+01 |  -5.415012e+03 |   3.857637e-18 |   8.852659e+05 |
|   7.500000e+01 |  -4.732234e+05 |  -6.363961e-03 |   3.356125e+06 |
|   8.000000e+01 |  -9.477584e+05 |  -1.440000e-02 |   3.500000e+06 |
|   8.500000e+01 |  -8.667802e+05 |  -1.330387e-02 |   3.277511e+06 |
|   9.000000e+01 |  -6.361736e+05 |  -1.018234e-02 |   2.647664e+06 |
|   9.500000e+01 |  -2.910470e+05 |  -5.510641e-03 |   1.774338e+06 |
|   1.000000e+02 |   1.142977e+05 |  -4.408728e-18 |   3.265649e+06 |
|   1.050000e+02 |   4.980940e+05 |   5.510641e-03 |   3.500000e+06 |
|   1.100000e+02 |   7.725223e+05 |   1.018234e-02 |   3.500000e+06 |
|   1.150000e+02 |   9.185178e+05 |   1.330387e-02 |   3.500000e+06 |
|   1.200000e+02 |   9.606968e+05 |   1.440000e-02 |   3.500000e+06 |
+----------------+----------------+----------------+----------------+


Time Step 25, time = 125, dt = 5
 0 Nonlinear |R| = [32m2.229042e+06[39m
      0 Linear |R| = [32m2.229042e+06[39m
      1 Linear |R| = [33m2.215098e+06[39m
      2 Linear |R| = [32m1.649696e+06[39m
      3 Linear |R| = [33m1.626166e+06[39m
      4 Linear |R| = [32m1.377660e+06[39m
      5 Linear |R| = [32m1.022486e+06[39m
      6 Linear |R| = [32m7.191272e+05[39m
      7 Linear |R| = [32m3.639253e+05[39m
      8 Linear |R| = [32m2.147936e+05[39m
      9 Linear |R| = [32m1.532979e+05[39m
     10 Linear |R| = [32m1.080025e+05[39m
     11 Linear |R| = [32m7.085026e+04[39m
     12 Linear |R| = [32m4.527251e+04[39m
     13 Linear |R| = [32m2.852235e+04[39m
     14 Linear |R| = [32m1.449341e+04[39m
     15 Linear |R| = [32m8.328667e+03[39m
     16 Linear |R| = [32m4.813875e+03[39m
     17 Linear |R| = [32m2.719279e+03[39m
     18 Linear |R| = [32m1.459990e+03[39m
     19 Linear |R| = [32m8.537078e+02[39m
     20 Linear |R| = [32m4.099103e+02[39m
     21 Linear |R| = [32m1.736178e+02[39m
     22 Linear |R| = [32m9.039762e+01[39m
     23 Linear |R| = [32m4.428331e+01[39m
     24 Linear |R| = [32m2.094250e+01[39m
 1 Nonlinear |R| = [32m1.527390e+06[39m
      0 Linear |R| = [32m1.527390e+06[39m
      1 Linear |R| = [32m1.238819e+06[39m
      2 Linear |R| = [32m1.060535e+06[39m
      3 Linear |R| = [33m1.013767e+06[39m
      4 Linear |R| = [32m8.802743e+05[39m
      5 Linear |R| = [32m7.941601e+05[39m
      6 Linear |R| = [32m6.857574e+05[39m
      7 Linear |R| = [32m4.829773e+05[39m
      8 Linear |R| = [32m2.974250e+05[39m
      9 Linear |R| = [32m1.697745e+05[39m
     10 Linear |R| = [32m9.053398e+04[39m
     11 Linear |R| = [32m5.639452e+04[39m
     12 Linear |R| = [32m4.176366e+04[39m
     13 Linear |R| = [32m3.081833e+04[39m
     14 Linear |R| = [32m1.966147e+04[39m
     15 Linear |R| = [32m1.132158e+04[39m
     16 Linear |R| = [32m6.576488e+03[39m
     17 Linear |R| = [32m3.340323e+03[39m
     18 Linear |R| = [32m1.442957e+03[39m
     19 Linear |R| = [32m6.903331e+02[39m
     20 Linear |R| = [32m3.781199e+02[39m
     21 Linear |R| = [32m1.916664e+02[39m
     22 Linear |R| = [32m8.865162e+01[39m
     23 Linear |R| = [32m4.361424e+01[39m
     24 Linear |R| = [32m2.387725e+01[39m
     25 Linear |R| = [32m1.246261e+01[39m
 2 Nonlinear |R| = [32m1.254312e+06[39m
      0 Linear |R| = [32m1.254312e+06[39m
      1 Linear |R| = [32m9.838141e+05[39m
      2 Linear |R| = [32m8.632773e+05[39m
      3 Linear |R| = [32m8.132288e+05[39m
      4 Linear |R| = [32m6.991219e+05[39m
      5 Linear |R| = [32m6.416190e+05[39m
      6 Linear |R| = [32m5.130334e+05[39m
      7 Linear |R| = [32m3.212143e+05[39m
      8 Linear |R| = [32m1.730233e+05[39m
      9 Linear |R| = [32m1.035312e+05[39m
     10 Linear |R| = [32m6.078066e+04[39m
     11 Linear |R| = [32m3.649349e+04[39m
     12 Linear |R| = [32m2.626483e+04[39m
     13 Linear |R| = [32m1.860079e+04[39m
     14 Linear |R| = [32m1.116181e+04[39m
     15 Linear |R| = [32m6.325671e+03[39m
     16 Linear |R| = [32m3.308665e+03[39m
     17 Linear |R| = [32m1.466435e+03[39m
     18 Linear |R| = [32m6.644075e+02[39m
     19 Linear |R| = [32m3.294847e+02[39m
     20 Linear |R| = [32m1.553995e+02[39m
     21 Linear |R| = [32m6.980549e+01[39m
     22 Linear |R| = [32m3.127431e+01[39m
     23 Linear |R| = [32m1.439335e+01[39m
     24 Linear |R| = [32m6.952664e+00[39m
 3 Nonlinear |R| = [33m1.233065e+06[39m
      0 Linear |R| = [32m1.233065e+06[39m
      1 Linear |R| = [32m9.447277e+05[39m
      2 Linear |R| = [32m7.981607e+05[39m
      3 Linear |R| = [32m7.296260e+05[39m
      4 Linear |R| = [32m5.998902e+05[39m
      5 Linear |R| = [32m5.021560e+05[39m
      6 Linear |R| = [32m3.674658e+05[39m
      7 Linear |R| = [32m1.996196e+05[39m
      8 Linear |R| = [32m9.542615e+04[39m
      9 Linear |R| = [32m5.083120e+04[39m
     10 Linear |R| = [32m3.110560e+04[39m
     11 Linear |R| = [32m1.902835e+04[39m
     12 Linear |R| = [32m1.344825e+04[39m
     13 Linear |R| = [32m9.017873e+03[39m
     14 Linear |R| = [32m4.603907e+03[39m
     15 Linear |R| = [32m2.108195e+03[39m
     16 Linear |R| = [32m1.071638e+03[39m
     17 Linear |R| = [32m4.891161e+02[39m
     18 Linear |R| = [32m2.196407e+02[39m
     19 Linear |R| = [32m1.070284e+02[39m
     20 Linear |R| = [32m5.068598e+01[39m
     21 Linear |R| = [32m2.254328e+01[39m
     22 Linear |R| = [32m9.212157e+00[39m
 4 Nonlinear |R| = [33m1.206351e+06[39m
      0 Linear |R| = [32m1.206351e+06[39m
      1 Linear |R| = [32m8.911024e+05[39m
      2 Linear |R| = [32m7.108814e+05[39m
      3 Linear |R| = [32m6.261731e+05[39m
      4 Linear |R| = [32m4.828397e+05[39m
      5 Linear |R| = [32m3.521164e+05[39m
      6 Linear |R| = [32m2.352813e+05[39m
      7 Linear |R| = [32m1.231402e+05[39m
      8 Linear |R| = [32m5.372270e+04[39m
      9 Linear |R| = [32m2.491981e+04[39m
     10 Linear |R| = [32m1.459561e+04[39m
     11 Linear |R| = [32m9.343321e+03[39m
     12 Linear |R| = [32m5.835670e+03[39m
     13 Linear |R| = [32m3.634371e+03[39m
     14 Linear |R| = [32m1.772636e+03[39m
     15 Linear |R| = [32m7.129045e+02[39m
     16 Linear |R| = [32m3.229877e+02[39m
     17 Linear |R| = [32m1.540414e+02[39m
     18 Linear |R| = [32m7.375878e+01[39m
     19 Linear |R| = [32m3.399583e+01[39m
     20 Linear |R| = [32m1.526770e+01[39m
     21 Linear |R| = [32m6.896703e+00[39m
 5 Nonlinear |R| = [33m1.182308e+06[39m
      0 Linear |R| = [32m1.182308e+06[39m
      1 Linear |R| = [32m8.077476e+05[39m
      2 Linear |R| = [32m6.332364e+05[39m
      3 Linear |R| = [32m5.210847e+05[39m
      4 Linear |R| = [32m3.679645e+05[39m
      5 Linear |R| = [32m2.377637e+05[39m
      6 Linear |R| = [32m1.376297e+05[39m
      7 Linear |R| = [32m6.480995e+04[39m
      8 Linear |R| = [32m2.756370e+04[39m
      9 Linear |R| = [32m1.192331e+04[39m
     10 Linear |R| = [32m6.228608e+03[39m
     11 Linear |R| = [32m3.689119e+03[39m
     12 Linear |R| = [32m2.085654e+03[39m
     13 Linear |R| = [32m1.184814e+03[39m
     14 Linear |R| = [32m5.734199e+02[39m
     15 Linear |R| = [32m2.332969e+02[39m
     16 Linear |R| = [32m1.017209e+02[39m
     17 Linear |R| = [32m5.162970e+01[39m
     18 Linear |R| = [32m2.501594e+01[39m
     19 Linear |R| = [32m1.037007e+01[39m
 6 Nonlinear |R| = [32m1.084227e+06[39m
      0 Linear |R| = [32m1.084227e+06[39m
      1 Linear |R| = [32m2.627000e+05[39m
      2 Linear |R| = [32m7.916938e+04[39m
      3 Linear |R| = [32m2.410160e+04[39m
      4 Linear |R| = [32m7.898040e+03[39m
      5 Linear |R| = [32m2.423569e+03[39m
      6 Linear |R| = [32m7.786241e+02[39m
      7 Linear |R| = [32m2.366675e+02[39m
      8 Linear |R| = [32m8.179999e+01[39m
      9 Linear |R| = [32m2.903583e+01[39m
     10 Linear |R| = [32m9.123045e+00[39m
 7 Nonlinear |R| = [32m9.123295e+00[39m
[32m Solve Converged![39m

Postprocessor Values:
+----------------+----------------+----------------+----------------+
| time           | base_shear_x   | top_disp_x     | vonmises_max   |
+----------------+----------------+----------------+----------------+
:                :                :                :                :
|   5.500000e+01 |   4.761500e+05 |   6.363961e-03 |   3.388286e+06 |
|   6.000000e+01 |   6.594694e+05 |   9.000000e-03 |   3.500000e+06 |
|   6.500000e+01 |   4.647287e+05 |   6.363961e-03 |   2.598805e+06 |
|   7.000000e+01 |  -5.415012e+03 |   3.857637e-18 |   8.852659e+05 |
|   7.500000e+01 |  -4.732234e+05 |  -6.363961e-03 |   3.356125e+06 |
|   8.000000e+01 |  -9.477584e+05 |  -1.440000e-02 |   3.500000e+06 |
|   8.500000e+01 |  -8.667802e+05 |  -1.330387e-02 |   3.277511e+06 |
|   9.000000e+01 |  -6.361736e+05 |  -1.018234e-02 |   2.647664e+06 |
|   9.500000e+01 |  -2.910470e+05 |  -5.510641e-03 |   1.774338e+06 |
|   1.000000e+02 |   1.142977e+05 |  -4.408728e-18 |   3.265649e+06 |
|   1.050000e+02 |   4.980940e+05 |   5.510641e-03 |   3.500000e+06 |
|   1.100000e+02 |   7.725223e+05 |   1.018234e-02 |   3.500000e+06 |
|   1.150000e+02 |   9.185178e+05 |   1.330387e-02 |   3.500000e+06 |
|   1.200000e+02 |   9.606968e+05 |   1.440000e-02 |   3.500000e+06 |
|   1.250000e+02 |   8.797207e+05 |   1.330387e-02 |   3.277430e+06 |
+----------------+----------------+----------------+----------------+


Time Step 26, time = 130, dt = 5
 0 Nonlinear |R| = [32m2.176305e+06[39m
      0 Linear |R| = [32m2.176305e+06[39m
      1 Linear |R| = [33m2.162868e+06[39m
      2 Linear |R| = [32m1.565002e+06[39m
      3 Linear |R| = [33m1.536375e+06[39m
      4 Linear |R| = [32m1.284349e+06[39m
      5 Linear |R| = [32m9.919241e+05[39m
      6 Linear |R| = [32m5.703548e+05[39m
      7 Linear |R| = [32m3.101123e+05[39m
      8 Linear |R| = [32m1.685469e+05[39m
      9 Linear |R| = [32m1.016153e+05[39m
     10 Linear |R| = [32m6.869764e+04[39m
     11 Linear |R| = [32m4.239902e+04[39m
     12 Linear |R| = [32m3.084687e+04[39m
     13 Linear |R| = [32m2.098100e+04[39m
     14 Linear |R| = [32m1.227011e+04[39m
     15 Linear |R| = [32m7.533927e+03[39m
     16 Linear |R| = [32m4.021049e+03[39m
     17 Linear |R| = [32m2.081200e+03[39m
     18 Linear |R| = [32m1.321039e+03[39m
     19 Linear |R| = [32m8.377951e+02[39m
     20 Linear |R| = [32m4.320361e+02[39m
     21 Linear |R| = [32m2.261112e+02[39m
     22 Linear |R| = [32m1.229946e+02[39m
     23 Linear |R| = [32m6.294151e+01[39m
     24 Linear |R| = [32m3.246995e+01[39m
     25 Linear |R| = [32m1.558497e+01[39m
 1 Nonlinear |R| = [32m1.514114e+06[39m
      0 Linear |R| = [32m1.514114e+06[39m
      1 Linear |R| = [33m1.505350e+06[39m
      2 Linear |R| = [32m1.174255e+06[39m
      3 Linear |R| = [33m1.152589e+06[39m
      4 Linear |R| = [32m9.837977e+05[39m
      5 Linear |R| = [32m8.858129e+05[39m
      6 Linear |R| = [32m6.657972e+05[39m
      7 Linear |R| = [32m4.538227e+05[39m
      8 Linear |R| = [32m2.558281e+05[39m
      9 Linear |R| = [32m1.219021e+05[39m
     10 Linear |R| = [32m6.549411e+04[39m
     11 Linear |R| = [32m3.789454e+04[39m
     12 Linear |R| = [32m2.644235e+04[39m
     13 Linear |R| = [32m1.933595e+04[39m
     14 Linear |R| = [32m1.276676e+04[39m
     15 Linear |R| = [32m8.453243e+03[39m
     16 Linear |R| = [32m5.364585e+03[39m
     17 Linear |R| = [32m2.629515e+03[39m
     18 Linear |R| = [32m1.114124e+03[39m
     19 Linear |R| = [32m6.467773e+02[39m
     20 Linear |R| = [32m3.589390e+02[39m
     21 Linear |R| = [32m1.583154e+02[39m
     22 Linear |R| = [32m7.632464e+01[39m
     23 Linear |R| = [32m3.904784e+01[39m
     24 Linear |R| = [32m2.125590e+01[39m
     25 Linear |R| = [32m1.077764e+01[39m
 2 Nonlinear |R| = [32m1.247909e+06[39m
      0 Linear |R| = [32m1.247909e+06[39m
      1 Linear |R| = [33m1.233083e+06[39m
      2 Linear |R| = [32m9.734858e+05[39m
      3 Linear |R| = [33m9.514452e+05[39m
      4 Linear |R| = [32m8.051103e+05[39m
      5 Linear |R| = [32m7.300660e+05[39m
      6 Linear |R| = [32m5.373915e+05[39m
      7 Linear |R| = [32m3.679031e+05[39m
      8 Linear |R| = [32m1.959469e+05[39m
      9 Linear |R| = [32m8.938188e+04[39m
     10 Linear |R| = [32m5.104548e+04[39m
     11 Linear |R| = [32m3.063571e+04[39m
     12 Linear |R| = [32m2.130471e+04[39m
     13 Linear |R| = [32m1.500480e+04[39m
     14 Linear |R| = [32m9.984737e+03[39m
     15 Linear |R| = [32m6.793378e+03[39m
     16 Linear |R| = [32m3.796502e+03[39m
     17 Linear |R| = [32m1.784851e+03[39m
     18 Linear |R| = [32m9.507355e+02[39m
     19 Linear |R| = [32m5.123065e+02[39m
     20 Linear |R| = [32m2.340320e+02[39m
     21 Linear |R| = [32m1.142242e+02[39m
     22 Linear |R| = [32m6.143671e+01[39m
     23 Linear |R| = [32m3.120129e+01[39m
     24 Linear |R| = [32m1.568591e+01[39m
     25 Linear |R| = [32m7.258868e+00[39m
 3 Nonlinear |R| = [32m8.108181e+05[39m
      0 Linear |R| = [32m8.108181e+05[39m
      1 Linear |R| = [32m6.251423e+05[39m
      2 Linear |R| = [32m4.320977e+05[39m
      3 Linear |R| = [32m2.058530e+05[39m
      4 Linear |R| = [32m9.229993e+04[39m
      5 Linear |R| = [32m4.630576e+04[39m
      6 Linear |R| = [32m1.786807e+04[39m
      7 Linear |R| = [32m5.743878e+03[39m
      8 Linear |R| = [32m2.229895e+03[39m
      9 Linear |R| = [32m8.219258e+02[39m
     10 Linear |R| = [32m3.236652e+02[39m
     11 Linear |R| = [32m1.294056e+02[39m
     12 Linear |R| = [32m5.906344e+01[39m
     13 Linear |R| = [32m2.417482e+01[39m
     14 Linear |R| = [32m9.817706e+00[39m
     15 Linear |R| = [32m4.260610e+00[39m
 4 Nonlinear |R| = [32m4.938378e+05[39m
      0 Linear |R| = [32m4.938378e+05[39m
      1 Linear |R| = [32m1.039808e+05[39m
      2 Linear |R| = [32m2.990046e+04[39m
      3 Linear |R| = [32m1.123088e+04[39m
      4 Linear |R| = [32m3.446365e+03[39m
      5 Linear |R| = [32m1.144435e+03[39m
      6 Linear |R| = [32m3.333770e+02[39m
      7 Linear |R| = [32m1.077434e+02[39m
      8 Linear |R| = [32m3.804716e+01[39m
      9 Linear |R| = [32m1.281621e+01[39m
     10 Linear |R| = [32m4.396866e+00[39m
 5 Nonlinear |R| = [32m4.396738e+00[39m
[32m Solve Converged![39m

Postprocessor Values:
+----------------+----------------+----------------+----------------+
| time           | base_shear_x   | top_disp_x     | vonmises_max   |
+----------------+----------------+----------------+----------------+
:                :                :                :                :
|   6.000000e+01 |   6.594694e+05 |   9.000000e-03 |   3.500000e+06 |
|   6.500000e+01 |   4.647287e+05 |   6.363961e-03 |   2.598805e+06 |
|   7.000000e+01 |  -5.415012e+03 |   3.857637e-18 |   8.852659e+05 |
|   7.500000e+01 |  -4.732234e+05 |  -6.363961e-03 |   3.356125e+06 |
|   8.000000e+01 |  -9.477584e+05 |  -1.440000e-02 |   3.500000e+06 |
|   8.500000e+01 |  -8.667802e+05 |  -1.330387e-02 |   3.277511e+06 |
|   9.000000e+01 |  -6.361736e+05 |  -1.018234e-02 |   2.647664e+06 |
|   9.500000e+01 |  -2.910470e+05 |  -5.510641e-03 |   1.774338e+06 |
|   1.000000e+02 |   1.142977e+05 |  -4.408728e-18 |   3.265649e+06 |
|   1.050000e+02 |   4.980940e+05 |   5.510641e-03 |   3.500000e+06 |
|   1.100000e+02 |   7.725223e+05 |   1.018234e-02 |   3.500000e+06 |
|   1.150000e+02 |   9.185178e+05 |   1.330387e-02 |   3.500000e+06 |
|   1.200000e+02 |   9.606968e+05 |   1.440000e-02 |   3.500000e+06 |
|   1.250000e+02 |   8.797207e+05 |   1.330387e-02 |   3.277430e+06 |
|   1.300000e+02 |   6.491114e+05 |   1.018234e-02 |   2.647265e+06 |
+----------------+----------------+----------------+----------------+


Time Step 27, time = 135, dt = 5
 0 Nonlinear |R| = [32m2.001958e+06[39m
      0 Linear |R| = [32m2.001958e+06[39m
      1 Linear |R| = [33m1.991580e+06[39m
      2 Linear |R| = [32m1.451598e+06[39m
      3 Linear |R| = [33m1.422638e+06[39m
      4 Linear |R| = [32m1.173296e+06[39m
      5 Linear |R| = [32m9.195721e+05[39m
      6 Linear |R| = [32m5.370168e+05[39m
      7 Linear |R| = [32m2.979898e+05[39m
      8 Linear |R| = [32m1.662990e+05[39m
      9 Linear |R| = [32m9.430551e+04[39m
     10 Linear |R| = [32m6.146246e+04[39m
     11 Linear |R| = [32m3.911468e+04[39m
     12 Linear |R| = [32m2.886055e+04[39m
     13 Linear |R| = [32m2.059631e+04[39m
     14 Linear |R| = [32m1.166701e+04[39m
     15 Linear |R| = [32m6.866139e+03[39m
     16 Linear |R| = [32m3.925244e+03[39m
     17 Linear |R| = [32m1.767319e+03[39m
     18 Linear |R| = [32m7.686467e+02[39m
     19 Linear |R| = [32m4.368264e+02[39m
     20 Linear |R| = [32m2.298074e+02[39m
     21 Linear |R| = [32m1.070008e+02[39m
     22 Linear |R| = [32m5.313747e+01[39m
     23 Linear |R| = [32m2.618042e+01[39m
     24 Linear |R| = [32m1.426418e+01[39m
 1 Nonlinear |R| = [32m1.551498e+06[39m
      0 Linear |R| = [32m1.551498e+06[39m
      1 Linear |R| = [33m1.548739e+06[39m
      2 Linear |R| = [32m1.197817e+06[39m
      3 Linear |R| = [33m1.165236e+06[39m
      4 Linear |R| = [32m9.956548e+05[39m
      5 Linear |R| = [32m8.859774e+05[39m
      6 Linear |R| = [32m6.502480e+05[39m
      7 Linear |R| = [32m4.457172e+05[39m
      8 Linear |R| = [32m2.439007e+05[39m
      9 Linear |R| = [32m1.153239e+05[39m
     10 Linear |R| = [32m6.346847e+04[39m
     11 Linear |R| = [32m3.651855e+04[39m
     12 Linear |R| = [32m2.513420e+04[39m
     13 Linear |R| = [32m1.774827e+04[39m
     14 Linear |R| = [32m1.176367e+04[39m
     15 Linear |R| = [32m8.192033e+03[39m
     16 Linear |R| = [32m5.033779e+03[39m
     17 Linear |R| = [32m2.417437e+03[39m
     18 Linear |R| = [32m1.208333e+03[39m
     19 Linear |R| = [32m7.091192e+02[39m
     20 Linear |R| = [32m3.445413e+02[39m
     21 Linear |R| = [32m1.580917e+02[39m
     22 Linear |R| = [32m8.304951e+01[39m
     23 Linear |R| = [32m4.273733e+01[39m
     24 Linear |R| = [32m2.259183e+01[39m
     25 Linear |R| = [32m1.079863e+01[39m
 2 Nonlinear |R| = [33m1.479637e+06[39m
      0 Linear |R| = [32m1.479637e+06[39m
      1 Linear |R| = [33m1.476597e+06[39m
      2 Linear |R| = [32m1.141631e+06[39m
      3 Linear |R| = [33m1.110583e+06[39m
      4 Linear |R| = [32m9.407340e+05[39m
      5 Linear |R| = [32m8.352009e+05[39m
      6 Linear |R| = [32m6.066066e+05[39m
      7 Linear |R| = [32m4.150826e+05[39m
      8 Linear |R| = [32m2.205382e+05[39m
      9 Linear |R| = [32m1.030547e+05[39m
     10 Linear |R| = [32m5.864740e+04[39m
     11 Linear |R| = [32m3.427702e+04[39m
     12 Linear |R| = [32m2.367406e+04[39m
     13 Linear |R| = [32m1.646690e+04[39m
     14 Linear |R| = [32m1.100311e+04[39m
     15 Linear |R| = [32m7.699489e+03[39m
     16 Linear |R| = [32m4.393929e+03[39m
     17 Linear |R| = [32m2.153838e+03[39m
     18 Linear |R| = [32m1.159234e+03[39m
     19 Linear |R| = [32m6.334075e+02[39m
     20 Linear |R| = [32m2.936661e+02[39m
     21 Linear |R| = [32m1.437676e+02[39m
     22 Linear |R| = [32m7.718786e+01[39m
     23 Linear |R| = [32m3.873570e+01[39m
     24 Linear |R| = [32m1.969094e+01[39m
     25 Linear |R| = [32m9.171928e+00[39m
 3 Nonlinear |R| = [33m1.431652e+06[39m
      0 Linear |R| = [32m1.431652e+06[39m
      1 Linear |R| = [33m1.428514e+06[39m
      2 Linear |R| = [32m1.107867e+06[39m
      3 Linear |R| = [33m1.077361e+06[39m
      4 Linear |R| = [32m9.082636e+05[39m
      5 Linear |R| = [32m8.057621e+05[39m
      6 Linear |R| = [32m5.836022e+05[39m
      7 Linear |R| = [32m3.963450e+05[39m
      8 Linear |R| = [32m2.024742e+05[39m
      9 Linear |R| = [32m9.593124e+04[39m
     10 Linear |R| = [32m5.638636e+04[39m
     11 Linear |R| = [32m3.309845e+04[39m
     12 Linear |R| = [32m2.302753e+04[39m
     13 Linear |R| = [32m1.581989e+04[39m
     14 Linear |R| = [32m1.072043e+04[39m
     15 Linear |R| = [32m7.346794e+03[39m
     16 Linear |R| = [32m3.942347e+03[39m
     17 Linear |R| = [32m2.058640e+03[39m
     18 Linear |R| = [32m1.117655e+03[39m
     19 Linear |R| = [32m5.615410e+02[39m
     20 Linear |R| = [32m2.655586e+02[39m
     21 Linear |R| = [32m1.357342e+02[39m
     22 Linear |R| = [32m7.221790e+01[39m
     23 Linear |R| = [32m3.474354e+01[39m
     24 Linear |R| = [32m1.701865e+01[39m
     25 Linear |R| = [32m8.307997e+00[39m
 4 Nonlinear |R| = [33m1.396310e+06[39m
      0 Linear |R| = [32m1.396310e+06[39m
      1 Linear |R| = [33m1.392919e+06[39m
      2 Linear |R| = [32m1.084564e+06[39m
      3 Linear |R| = [33m1.053648e+06[39m
      4 Linear |R| = [32m8.824634e+05[39m
      5 Linear |R| = [32m7.824025e+05[39m
      6 Linear |R| = [32m5.663961e+05[39m
      7 Linear |R| = [32m3.764301e+05[39m
      8 Linear |R| = [32m1.836223e+05[39m
      9 Linear |R| = [32m9.116597e+04[39m
     10 Linear |R| = [32m5.478562e+04[39m
     11 Linear |R| = [32m3.232477e+04[39m
     12 Linear |R| = [32m2.270408e+04[39m
     13 Linear |R| = [32m1.547553e+04[39m
     14 Linear |R| = [32m1.058088e+04[39m
     15 Linear |R| = [32m6.854920e+03[39m
     16 Linear |R| = [32m3.662318e+03[39m
     17 Linear |R| = [32m2.001633e+03[39m
     18 Linear |R| = [32m1.014508e+03[39m
     19 Linear |R| = [32m5.003214e+02[39m
     20 Linear |R| = [32m2.461993e+02[39m
     21 Linear |R| = [32m1.261532e+02[39m
     22 Linear |R| = [32m6.458249e+01[39m
     23 Linear |R| = [32m2.903080e+01[39m
     24 Linear |R| = [32m1.474050e+01[39m
     25 Linear |R| = [32m7.440701e+00[39m
 5 Nonlinear |R| = [33m1.368862e+06[39m
      0 Linear |R| = [32m1.368862e+06[39m
      1 Linear |R| = [33m1.364973e+06[39m
      2 Linear |R| = [32m1.067894e+06[39m
      3 Linear |R| = [33m1.034706e+06[39m
      4 Linear |R| = [32m8.590670e+05[39m
      5 Linear |R| = [32m7.619522e+05[39m
      6 Linear |R| = [32m5.521990e+05[39m
      7 Linear |R| = [32m3.479982e+05[39m
      8 Linear |R| = [32m1.648269e+05[39m
      9 Linear |R| = [32m8.851716e+04[39m
     10 Linear |R| = [32m5.313414e+04[39m
     11 Linear |R| = [32m3.214637e+04[39m
     12 Linear |R| = [32m2.272767e+04[39m
     13 Linear |R| = [32m1.557932e+04[39m
     14 Linear |R| = [32m1.024838e+04[39m
     15 Linear |R| = [32m6.302292e+03[39m
     16 Linear |R| = [32m3.522397e+03[39m
     17 Linear |R| = [32m1.817821e+03[39m
     18 Linear |R| = [32m8.883027e+02[39m
     19 Linear |R| = [32m4.466628e+02[39m
     20 Linear |R| = [32m2.223607e+02[39m
     21 Linear |R| = [32m1.081543e+02[39m
     22 Linear |R| = [32m5.086300e+01[39m
     23 Linear |R| = [32m2.399670e+01[39m
     24 Linear |R| = [32m1.236227e+01[39m
 6 Nonlinear |R| = [33m1.347813e+06[39m
      0 Linear |R| = [32m1.347813e+06[39m
      1 Linear |R| = [33m1.343028e+06[39m
      2 Linear |R| = [32m1.055134e+06[39m
      3 Linear |R| = [33m1.016147e+06[39m
      4 Linear |R| = [32m8.356657e+05[39m
      5 Linear |R| = [32m7.436276e+05[39m
      6 Linear |R| = [32m5.349054e+05[39m
      7 Linear |R| = [32m3.050238e+05[39m
      8 Linear |R| = [32m1.507784e+05[39m
      9 Linear |R| = [32m8.635859e+04[39m
     10 Linear |R| = [32m5.145819e+04[39m
     11 Linear |R| = [32m3.263961e+04[39m
     12 Linear |R| = [32m2.341211e+04[39m
     13 Linear |R| = [32m1.568860e+04[39m
     14 Linear |R| = [32m9.551587e+03[39m
     15 Linear |R| = [32m6.016258e+03[39m
     16 Linear |R| = [32m3.119662e+03[39m
     17 Linear |R| = [32m1.537793e+03[39m
     18 Linear |R| = [32m7.627134e+02[39m
     19 Linear |R| = [32m3.854799e+02[39m
     20 Linear |R| = [32m1.754165e+02[39m
     21 Linear |R| = [32m7.765677e+01[39m
     22 Linear |R| = [32m3.877263e+01[39m
     23 Linear |R| = [32m1.823613e+01[39m
     24 Linear |R| = [32m8.949393e+00[39m
 7 Nonlinear |R| = [33m1.330783e+06[39m
      0 Linear |R| = [32m1.330783e+06[39m
      1 Linear |R| = [33m1.324473e+06[39m
      2 Linear |R| = [32m1.040454e+06[39m
      3 Linear |R| = [33m9.899197e+05[39m
      4 Linear |R| = [32m8.085489e+05[39m
      5 Linear |R| = [32m7.255477e+05[39m
      6 Linear |R| = [32m4.917636e+05[39m
      7 Linear |R| = [32m2.535363e+05[39m
      8 Linear |R| = [32m1.428970e+05[39m
      9 Linear |R| = [32m8.291213e+04[39m
     10 Linear |R| = [32m5.056516e+04[39m
     11 Linear |R| = [32m3.402529e+04[39m
     12 Linear |R| = [32m2.443799e+04[39m
     13 Linear |R| = [32m1.468240e+04[39m
     14 Linear |R| = [32m9.235695e+03[39m
     15 Linear |R| = [32m5.435830e+03[39m
     16 Linear |R| = [32m2.578486e+03[39m
     17 Linear |R| = [32m1.255149e+03[39m
     18 Linear |R| = [32m6.267332e+02[39m
     19 Linear |R| = [32m2.769652e+02[39m
     20 Linear |R| = [32m1.158610e+02[39m
     21 Linear |R| = [32m5.487417e+01[39m
     22 Linear |R| = [32m2.658080e+01[39m
     23 Linear |R| = [32m1.168413e+01[39m
 8 Nonlinear |R| = [33m1.315236e+06[39m
      0 Linear |R| = [32m1.315236e+06[39m
      1 Linear |R| = [33m1.306454e+06[39m
      2 Linear |R| = [32m1.013531e+06[39m
      3 Linear |R| = [32m9.472683e+05[39m
      4 Linear |R| = [32m7.718880e+05[39m
      5 Linear |R| = [32m6.935117e+05[39m
      6 Linear |R| = [32m3.861616e+05[39m
      7 Linear |R| = [32m2.198630e+05[39m
      8 Linear |R| = [32m1.354064e+05[39m
      9 Linear |R| = [32m7.946554e+04[39m
     10 Linear |R| = [32m5.141168e+04[39m
     11 Linear |R| = [32m3.590167e+04[39m
     12 Linear |R| = [32m2.389230e+04[39m
     13 Linear |R| = [32m1.380548e+04[39m
     14 Linear |R| = [32m8.126871e+03[39m
     15 Linear |R| = [32m4.071429e+03[39m
     16 Linear |R| = [32m1.916839e+03[39m
     17 Linear |R| = [32m9.289692e+02[39m
     18 Linear |R| = [32m4.004515e+02[39m
     19 Linear |R| = [32m1.715936e+02[39m
     20 Linear |R| = [32m7.446863e+01[39m
     21 Linear |R| = [32m3.279813e+01[39m
     22 Linear |R| = [32m1.489915e+01[39m
     23 Linear |R| = [32m7.090173e+00[39m
 9 Nonlinear |R| = [32m8.532166e+05[39m
      0 Linear |R| = [32m8.532166e+05[39m
      1 Linear |R| = [32m1.890819e+05[39m
      2 Linear |R| = [32m4.901961e+04[39m
      3 Linear |R| = [32m1.924965e+04[39m
      4 Linear |R| = [32m5.633206e+03[39m
      5 Linear |R| = [32m1.966237e+03[39m
      6 Linear |R| = [32m6.094822e+02[39m
      7 Linear |R| = [32m1.955667e+02[39m
      8 Linear |R| = [32m6.624824e+01[39m
      9 Linear |R| = [32m2.242172e+01[39m
     10 Linear |R| = [32m7.155003e+00[39m
10 Nonlinear |R| = [32m7.155012e+00[39m
[32m Solve Converged![39m

Postprocessor Values:
+----------------+----------------+----------------+----------------+
| time           | base_shear_x   | top_disp_x     | vonmises_max   |
+----------------+----------------+----------------+----------------+
:                :                :                :                :
|   6.500000e+01 |   4.647287e+05 |   6.363961e-03 |   2.598805e+06 |
|   7.000000e+01 |  -5.415012e+03 |   3.857637e-18 |   8.852659e+05 |
|   7.500000e+01 |  -4.732234e+05 |  -6.363961e-03 |   3.356125e+06 |
|   8.000000e+01 |  -9.477584e+05 |  -1.440000e-02 |   3.500000e+06 |
|   8.500000e+01 |  -8.667802e+05 |  -1.330387e-02 |   3.277511e+06 |
|   9.000000e+01 |  -6.361736e+05 |  -1.018234e-02 |   2.647664e+06 |
|   9.500000e+01 |  -2.910470e+05 |  -5.510641e-03 |   1.774338e+06 |
|   1.000000e+02 |   1.142977e+05 |  -4.408728e-18 |   3.265649e+06 |
|   1.050000e+02 |   4.980940e+05 |   5.510641e-03 |   3.500000e+06 |
|   1.100000e+02 |   7.725223e+05 |   1.018234e-02 |   3.500000e+06 |
|   1.150000e+02 |   9.185178e+05 |   1.330387e-02 |   3.500000e+06 |
|   1.200000e+02 |   9.606968e+05 |   1.440000e-02 |   3.500000e+06 |
|   1.250000e+02 |   8.797207e+05 |   1.330387e-02 |   3.277430e+06 |
|   1.300000e+02 |   6.491114e+05 |   1.018234e-02 |   2.647265e+06 |
|   1.350000e+02 |   3.039841e+05 |   5.510641e-03 |   1.774278e+06 |
+----------------+----------------+----------------+----------------+


Time Step 28, time = 140, dt = 5
 0 Nonlinear |R| = [32m1.743277e+06[39m
      0 Linear |R| = [32m1.743277e+06[39m
      1 Linear |R| = [33m1.736354e+06[39m
      2 Linear |R| = [32m1.287715e+06[39m
      3 Linear |R| = [33m1.259642e+06[39m
      4 Linear |R| = [32m1.018581e+06[39m
      5 Linear |R| = [32m8.067211e+05[39m
      6 Linear |R| = [32m4.975688e+05[39m
      7 Linear |R| = [32m3.075810e+05[39m
      8 Linear |R| = [32m1.795115e+05[39m
      9 Linear |R| = [32m9.683919e+04[39m
     10 Linear |R| = [32m5.975668e+04[39m
     11 Linear |R| = [32m3.825821e+04[39m
     12 Linear |R| = [32m2.781960e+04[39m
     13 Linear |R| = [32m1.938241e+04[39m
     14 Linear |R| = [32m1.133079e+04[39m
     15 Linear |R| = [32m7.435171e+03[39m
     16 Linear |R| = [32m4.836964e+03[39m
     17 Linear |R| = [32m2.478555e+03[39m
     18 Linear |R| = [32m1.304711e+03[39m
     19 Linear |R| = [32m7.999388e+02[39m
     20 Linear |R| = [32m4.125115e+02[39m
     21 Linear |R| = [32m1.963963e+02[39m
     22 Linear |R| = [32m1.093396e+02[39m
     23 Linear |R| = [32m5.855460e+01[39m
     24 Linear |R| = [32m3.104580e+01[39m
     25 Linear |R| = [32m1.493631e+01[39m
 1 Nonlinear |R| = [32m1.635840e+06[39m
      0 Linear |R| = [32m1.635840e+06[39m
      1 Linear |R| = [33m1.633740e+06[39m
      2 Linear |R| = [32m1.257000e+06[39m
      3 Linear |R| = [33m1.199694e+06[39m
      4 Linear |R| = [32m9.576948e+05[39m
      5 Linear |R| = [32m8.147969e+05[39m
      6 Linear |R| = [32m5.794540e+05[39m
      7 Linear |R| = [32m3.422957e+05[39m
      8 Linear |R| = [32m1.744535e+05[39m
      9 Linear |R| = [32m9.939115e+04[39m
     10 Linear |R| = [32m6.143944e+04[39m
     11 Linear |R| = [32m3.850010e+04[39m
     12 Linear |R| = [32m2.736058e+04[39m
     13 Linear |R| = [32m1.844202e+04[39m
     14 Linear |R| = [32m1.129736e+04[39m
     15 Linear |R| = [32m7.203063e+03[39m
     16 Linear |R| = [32m4.060719e+03[39m
     17 Linear |R| = [32m2.085753e+03[39m
     18 Linear |R| = [32m1.032391e+03[39m
     19 Linear |R| = [32m5.268735e+02[39m
     20 Linear |R| = [32m2.469445e+02[39m
     21 Linear |R| = [32m1.113414e+02[39m
     22 Linear |R| = [32m5.491470e+01[39m
     23 Linear |R| = [32m2.656127e+01[39m
     24 Linear |R| = [32m1.310451e+01[39m
 2 Nonlinear |R| = [32m1.358571e+06[39m
      0 Linear |R| = [32m1.358571e+06[39m
      1 Linear |R| = [32m1.167406e+06[39m
      2 Linear |R| = [32m8.435562e+05[39m
      3 Linear |R| = [32m4.750828e+05[39m
      4 Linear |R| = [32m2.327877e+05[39m
      5 Linear |R| = [32m1.103804e+05[39m
      6 Linear |R| = [32m5.199181e+04[39m
      7 Linear |R| = [32m2.046352e+04[39m
      8 Linear |R| = [32m8.322074e+03[39m
      9 Linear |R| = [32m3.808711e+03[39m
     10 Linear |R| = [32m1.886781e+03[39m
     11 Linear |R| = [32m9.730364e+02[39m
     12 Linear |R| = [32m4.618558e+02[39m
     13 Linear |R| = [32m1.929606e+02[39m
     14 Linear |R| = [32m7.441418e+01[39m
     15 Linear |R| = [32m3.130245e+01[39m
     16 Linear |R| = [32m1.265225e+01[39m
 3 Nonlinear |R| = [32m9.715254e+05[39m
      0 Linear |R| = [32m9.715254e+05[39m
      1 Linear |R| = [32m1.683545e+05[39m
      2 Linear |R| = [32m5.764285e+04[39m
      3 Linear |R| = [32m2.209922e+04[39m
      4 Linear |R| = [32m6.223985e+03[39m
      5 Linear |R| = [32m2.208201e+03[39m
      6 Linear |R| = [32m6.688126e+02[39m
      7 Linear |R| = [32m2.467172e+02[39m
      8 Linear |R| = [32m9.400434e+01[39m
      9 Linear |R| = [32m3.007714e+01[39m
     10 Linear |R| = [32m9.891472e+00[39m
     11 Linear |R| = [32m3.051322e+00[39m
 4 Nonlinear |R| = [32m1.428434e+03[39m
      0 Linear |R| = [32m1.428434e+03[39m
      1 Linear |R| = [32m2.511800e+02[39m
      2 Linear |R| = [32m7.991813e+01[39m
      3 Linear |R| = [32m2.038454e+01[39m
      4 Linear |R| = [32m5.965084e+00[39m
      5 Linear |R| = [32m1.946154e+00[39m
      6 Linear |R| = [32m6.516754e-01[39m
      7 Linear |R| = [32m2.297759e-01[39m
      8 Linear |R| = [32m7.964799e-02[39m
      9 Linear |R| = [32m2.825215e-02[39m
     10 Linear |R| = [32m8.450006e-03[39m
 5 Nonlinear |R| = [32m1.634260e-01[39m
[32m Solve Converged![39m

Postprocessor Values:
+----------------+----------------+----------------+----------------+
| time           | base_shear_x   | top_disp_x     | vonmises_max   |
+----------------+----------------+----------------+----------------+
:                :                :                :                :
|   7.000000e+01 |  -5.415012e+03 |   3.857637e-18 |   8.852659e+05 |
|   7.500000e+01 |  -4.732234e+05 |  -6.363961e-03 |   3.356125e+06 |
|   8.000000e+01 |  -9.477584e+05 |  -1.440000e-02 |   3.500000e+06 |
|   8.500000e+01 |  -8.667802e+05 |  -1.330387e-02 |   3.277511e+06 |
|   9.000000e+01 |  -6.361736e+05 |  -1.018234e-02 |   2.647664e+06 |
|   9.500000e+01 |  -2.910470e+05 |  -5.510641e-03 |   1.774338e+06 |
|   1.000000e+02 |   1.142977e+05 |  -4.408728e-18 |   3.265649e+06 |
|   1.050000e+02 |   4.980940e+05 |   5.510641e-03 |   3.500000e+06 |
|   1.100000e+02 |   7.725223e+05 |   1.018234e-02 |   3.500000e+06 |
|   1.150000e+02 |   9.185178e+05 |   1.330387e-02 |   3.500000e+06 |
|   1.200000e+02 |   9.606968e+05 |   1.440000e-02 |   3.500000e+06 |
|   1.250000e+02 |   8.797207e+05 |   1.330387e-02 |   3.277430e+06 |
|   1.300000e+02 |   6.491114e+05 |   1.018234e-02 |   2.647265e+06 |
|   1.350000e+02 |   3.039841e+05 |   5.510641e-03 |   1.774278e+06 |
|   1.400000e+02 |  -1.008407e+05 |   6.172220e-18 |   3.389106e+06 |
+----------------+----------------+----------------+----------------+


Time Step 29, time = 145, dt = 5
 0 Nonlinear |R| = [32m1.448690e+06[39m
      0 Linear |R| = [32m1.448690e+06[39m
      1 Linear |R| = [33m1.443621e+06[39m
      2 Linear |R| = [32m1.101467e+06[39m
      3 Linear |R| = [33m1.077748e+06[39m
      4 Linear |R| = [32m8.825638e+05[39m
      5 Linear |R| = [32m7.368670e+05[39m
      6 Linear |R| = [32m5.090554e+05[39m
      7 Linear |R| = [32m3.516847e+05[39m
      8 Linear |R| = [32m2.041487e+05[39m
      9 Linear |R| = [32m1.028569e+05[39m
     10 Linear |R| = [32m5.974023e+04[39m
     11 Linear |R| = [32m3.696428e+04[39m
     12 Linear |R| = [32m2.606231e+04[39m
     13 Linear |R| = [32m1.812454e+04[39m
     14 Linear |R| = [32m1.152734e+04[39m
     15 Linear |R| = [32m7.995057e+03[39m
     16 Linear |R| = [32m5.042653e+03[39m
     17 Linear |R| = [32m2.447954e+03[39m
     18 Linear |R| = [32m1.248477e+03[39m
     19 Linear |R| = [32m7.459305e+02[39m
     20 Linear |R| = [32m3.678304e+02[39m
     21 Linear |R| = [32m1.668845e+02[39m
     22 Linear |R| = [32m8.899031e+01[39m
     23 Linear |R| = [32m4.682507e+01[39m
     24 Linear |R| = [32m2.470771e+01[39m
     25 Linear |R| = [32m1.187458e+01[39m
 1 Nonlinear |R| = [32m1.232296e+06[39m
      0 Linear |R| = [32m1.232296e+06[39m
      1 Linear |R| = [33m1.225422e+06[39m
      2 Linear |R| = [32m9.631999e+05[39m
      3 Linear |R| = [33m9.434723e+05[39m
      4 Linear |R| = [32m7.636650e+05[39m
      5 Linear |R| = [32m6.325752e+05[39m
      6 Linear |R| = [32m4.403878e+05[39m
      7 Linear |R| = [32m2.749421e+05[39m
      8 Linear |R| = [32m1.394776e+05[39m
      9 Linear |R| = [32m8.349116e+04[39m
     10 Linear |R| = [32m5.457817e+04[39m
     11 Linear |R| = [32m3.377160e+04[39m
     12 Linear |R| = [32m2.326994e+04[39m
     13 Linear |R| = [32m1.567466e+04[39m
     14 Linear |R| = [32m9.880950e+03[39m
     15 Linear |R| = [32m5.879943e+03[39m
     16 Linear |R| = [32m3.226262e+03[39m
     17 Linear |R| = [32m1.637565e+03[39m
     18 Linear |R| = [32m7.767537e+02[39m
     19 Linear |R| = [32m3.859893e+02[39m
     20 Linear |R| = [32m1.916278e+02[39m
     21 Linear |R| = [32m9.222449e+01[39m
     22 Linear |R| = [32m4.364104e+01[39m
     23 Linear |R| = [32m1.959817e+01[39m
     24 Linear |R| = [32m1.020012e+01[39m
 2 Nonlinear |R| = [33m1.219460e+06[39m
      0 Linear |R| = [32m1.219460e+06[39m
      1 Linear |R| = [33m1.212110e+06[39m
      2 Linear |R| = [32m9.601605e+05[39m
      3 Linear |R| = [33m9.379295e+05[39m
      4 Linear |R| = [32m7.576698e+05[39m
      5 Linear |R| = [32m6.284226e+05[39m
      6 Linear |R| = [32m4.271782e+05[39m
      7 Linear |R| = [32m2.575385e+05[39m
      8 Linear |R| = [32m1.360778e+05[39m
      9 Linear |R| = [32m8.548000e+04[39m
     10 Linear |R| = [32m5.380730e+04[39m
     11 Linear |R| = [32m3.410856e+04[39m
     12 Linear |R| = [32m2.352370e+04[39m
     13 Linear |R| = [32m1.558371e+04[39m
     14 Linear |R| = [32m9.528884e+03[39m
     15 Linear |R| = [32m5.465247e+03[39m
     16 Linear |R| = [32m2.863201e+03[39m
     17 Linear |R| = [32m1.412199e+03[39m
     18 Linear |R| = [32m6.635043e+02[39m
     19 Linear |R| = [32m3.275633e+02[39m
     20 Linear |R| = [32m1.568276e+02[39m
     21 Linear |R| = [32m7.085546e+01[39m
     22 Linear |R| = [32m3.462337e+01[39m
     23 Linear |R| = [32m1.628290e+01[39m
     24 Linear |R| = [32m8.015110e+00[39m
 3 Nonlinear |R| = [33m1.206936e+06[39m
      0 Linear |R| = [32m1.206936e+06[39m
      1 Linear |R| = [33m1.198955e+06[39m
      2 Linear |R| = [32m9.534261e+05[39m
      3 Linear |R| = [33m9.208780e+05[39m
      4 Linear |R| = [32m7.496642e+05[39m
      5 Linear |R| = [32m6.178659e+05[39m
      6 Linear |R| = [32m3.956956e+05[39m
      7 Linear |R| = [32m2.377315e+05[39m
      8 Linear |R| = [32m1.360640e+05[39m
      9 Linear |R| = [32m8.422144e+04[39m
     10 Linear |R| = [32m5.164320e+04[39m
     11 Linear |R| = [32m3.417110e+04[39m
     12 Linear |R| = [32m2.383887e+04[39m
     13 Linear |R| = [32m1.469596e+04[39m
     14 Linear |R| = [32m8.849985e+03[39m
     15 Linear |R| = [32m4.774620e+03[39m
     16 Linear |R| = [32m2.298703e+03[39m
     17 Linear |R| = [32m1.100389e+03[39m
     18 Linear |R| = [32m5.143479e+02[39m
     19 Linear |R| = [32m2.513872e+02[39m
     20 Linear |R| = [32m1.134295e+02[39m
     21 Linear |R| = [32m5.018893e+01[39m
     22 Linear |R| = [32m2.406389e+01[39m
     23 Linear |R| = [32m1.163048e+01[39m
 4 Nonlinear |R| = [33m1.182525e+06[39m
      0 Linear |R| = [32m1.182525e+06[39m
      1 Linear |R| = [33m1.129495e+06[39m
      2 Linear |R| = [32m9.090163e+05[39m
      3 Linear |R| = [32m6.850969e+05[39m
      4 Linear |R| = [32m4.725724e+05[39m
      5 Linear |R| = [32m2.905352e+05[39m
      6 Linear |R| = [32m1.621560e+05[39m
      7 Linear |R| = [32m9.672284e+04[39m
      8 Linear |R| = [32m5.040020e+04[39m
      9 Linear |R| = [32m2.739093e+04[39m
     10 Linear |R| = [32m1.593086e+04[39m
     11 Linear |R| = [32m9.580916e+03[39m
     12 Linear |R| = [32m6.429016e+03[39m
     13 Linear |R| = [32m3.488168e+03[39m
     14 Linear |R| = [32m1.542769e+03[39m
     15 Linear |R| = [32m6.568865e+02[39m
     16 Linear |R| = [32m3.005053e+02[39m
     17 Linear |R| = [32m1.373583e+02[39m
     18 Linear |R| = [32m6.167766e+01[39m
     19 Linear |R| = [32m2.983147e+01[39m
     20 Linear |R| = [32m1.357222e+01[39m
     21 Linear |R| = [32m6.628647e+00[39m
 5 Nonlinear |R| = [32m1.119263e+06[39m
      0 Linear |R| = [32m1.119263e+06[39m
      1 Linear |R| = [32m1.004805e+06[39m
      2 Linear |R| = [32m8.006120e+05[39m
      3 Linear |R| = [32m5.050184e+05[39m
      4 Linear |R| = [32m3.204987e+05[39m
      5 Linear |R| = [32m1.889161e+05[39m
      6 Linear |R| = [32m9.262272e+04[39m
      7 Linear |R| = [32m4.261529e+04[39m
      8 Linear |R| = [32m2.116395e+04[39m
      9 Linear |R| = [32m1.099080e+04[39m
     10 Linear |R| = [32m6.065300e+03[39m
     11 Linear |R| = [32m3.426842e+03[39m
     12 Linear |R| = [32m1.758635e+03[39m
     13 Linear |R| = [32m8.611176e+02[39m
     14 Linear |R| = [32m3.525017e+02[39m
     15 Linear |R| = [32m1.472535e+02[39m
     16 Linear |R| = [32m5.678881e+01[39m
     17 Linear |R| = [32m2.566912e+01[39m
     18 Linear |R| = [32m1.212771e+01[39m
     19 Linear |R| = [32m5.619348e+00[39m
 6 Nonlinear |R| = [32m8.547999e+05[39m
      0 Linear |R| = [32m8.547999e+05[39m
      1 Linear |R| = [32m2.141748e+05[39m
      2 Linear |R| = [32m7.969764e+04[39m
      3 Linear |R| = [32m3.830774e+04[39m
      4 Linear |R| = [32m1.737985e+04[39m
      5 Linear |R| = [32m6.581258e+03[39m
      6 Linear |R| = [32m2.455278e+03[39m
      7 Linear |R| = [32m1.043589e+03[39m
      8 Linear |R| = [32m3.900994e+02[39m
      9 Linear |R| = [32m1.491705e+02[39m
     10 Linear |R| = [32m5.434519e+01[39m
     11 Linear |R| = [32m2.027137e+01[39m
     12 Linear |R| = [32m7.856625e+00[39m
 7 Nonlinear |R| = [32m1.416438e+04[39m
      0 Linear |R| = [32m1.416438e+04[39m
      1 Linear |R| = [32m3.641391e+03[39m
      2 Linear |R| = [32m1.435372e+03[39m
      3 Linear |R| = [32m6.919339e+02[39m
      4 Linear |R| = [32m3.892788e+02[39m
      5 Linear |R| = [32m1.569144e+02[39m
      6 Linear |R| = [32m5.302435e+01[39m
      7 Linear |R| = [32m1.774275e+01[39m
      8 Linear |R| = [32m7.937402e+00[39m
      9 Linear |R| = [32m3.603444e+00[39m
     10 Linear |R| = [32m1.381865e+00[39m
     11 Linear |R| = [32m5.832403e-01[39m
     12 Linear |R| = [32m1.899342e-01[39m
     13 Linear |R| = [32m6.213857e-02[39m
 8 Nonlinear |R| = [32m1.811816e+01[39m
      0 Linear |R| = [32m1.811816e+01[39m
      1 Linear |R| = [32m8.797120e+00[39m
      2 Linear |R| = [32m3.232190e+00[39m
      3 Linear |R| = [32m1.413953e+00[39m
      4 Linear |R| = [32m6.018564e-01[39m
      5 Linear |R| = [32m2.025078e-01[39m
      6 Linear |R| = [32m7.464675e-02[39m
      7 Linear |R| = [32m3.157207e-02[39m
      8 Linear |R| = [32m1.421450e-02[39m
      9 Linear |R| = [32m6.661708e-03[39m
     10 Linear |R| = [32m2.884156e-03[39m
     11 Linear |R| = [32m1.010433e-03[39m
     12 Linear |R| = [32m3.000449e-04[39m
     13 Linear |R| = [32m8.849421e-05[39m
 9 Nonlinear |R| = [32m2.710442e-04[39m
[32m Solve Converged![39m

Postprocessor Values:
+----------------+----------------+----------------+----------------+
| time           | base_shear_x   | top_disp_x     | vonmises_max   |
+----------------+----------------+----------------+----------------+
:                :                :                :                :
|   7.500000e+01 |  -4.732234e+05 |  -6.363961e-03 |   3.356125e+06 |
|   8.000000e+01 |  -9.477584e+05 |  -1.440000e-02 |   3.500000e+06 |
|   8.500000e+01 |  -8.667802e+05 |  -1.330387e-02 |   3.277511e+06 |
|   9.000000e+01 |  -6.361736e+05 |  -1.018234e-02 |   2.647664e+06 |
|   9.500000e+01 |  -2.910470e+05 |  -5.510641e-03 |   1.774338e+06 |
|   1.000000e+02 |   1.142977e+05 |  -4.408728e-18 |   3.265649e+06 |
|   1.050000e+02 |   4.980940e+05 |   5.510641e-03 |   3.500000e+06 |
|   1.100000e+02 |   7.725223e+05 |   1.018234e-02 |   3.500000e+06 |
|   1.150000e+02 |   9.185178e+05 |   1.330387e-02 |   3.500000e+06 |
|   1.200000e+02 |   9.606968e+05 |   1.440000e-02 |   3.500000e+06 |
|   1.250000e+02 |   8.797207e+05 |   1.330387e-02 |   3.277430e+06 |
|   1.300000e+02 |   6.491114e+05 |   1.018234e-02 |   2.647265e+06 |
|   1.350000e+02 |   3.039841e+05 |   5.510641e-03 |   1.774278e+06 |
|   1.400000e+02 |  -1.008407e+05 |   6.172220e-18 |   3.389106e+06 |
|   1.450000e+02 |  -4.841750e+05 |  -5.510641e-03 |   3.500000e+06 |
+----------------+----------------+----------------+----------------+


Time Step 30, time = 150, dt = 5
 0 Nonlinear |R| = [32m1.184928e+06[39m
      0 Linear |R| = [32m1.184928e+06[39m
      1 Linear |R| = [33m1.178811e+06[39m
      2 Linear |R| = [32m9.281151e+05[39m
      3 Linear |R| = [33m9.098745e+05[39m
      4 Linear |R| = [32m7.807293e+05[39m
      5 Linear |R| = [32m7.066393e+05[39m
      6 Linear |R| = [32m5.345866e+05[39m
      7 Linear |R| = [32m3.686367e+05[39m
      8 Linear |R| = [32m2.040657e+05[39m
      9 Linear |R| = [32m9.587804e+04[39m
     10 Linear |R| = [32m5.544645e+04[39m
     11 Linear |R| = [32m3.483874e+04[39m
     12 Linear |R| = [32m2.495749e+04[39m
     13 Linear |R| = [32m1.787794e+04[39m
     14 Linear |R| = [32m1.145624e+04[39m
     15 Linear |R| = [32m7.632750e+03[39m
     16 Linear |R| = [32m4.403488e+03[39m
     17 Linear |R| = [32m1.978200e+03[39m
     18 Linear |R| = [32m9.537179e+02[39m
     19 Linear |R| = [32m5.488901e+02[39m
     20 Linear |R| = [32m2.668764e+02[39m
     21 Linear |R| = [32m1.208125e+02[39m
     22 Linear |R| = [32m6.272923e+01[39m
     23 Linear |R| = [32m3.299064e+01[39m
     24 Linear |R| = [32m1.745552e+01[39m
     25 Linear |R| = [32m8.321007e+00[39m
 1 Nonlinear |R| = [32m1.060196e+06[39m
      0 Linear |R| = [32m1.060196e+06[39m
      1 Linear |R| = [33m1.052895e+06[39m
      2 Linear |R| = [32m8.485266e+05[39m
      3 Linear |R| = [33m8.385806e+05[39m
      4 Linear |R| = [32m7.434858e+05[39m
      5 Linear |R| = [32m6.770691e+05[39m
      6 Linear |R| = [32m5.301549e+05[39m
      7 Linear |R| = [32m3.794827e+05[39m
      8 Linear |R| = [32m1.988200e+05[39m
      9 Linear |R| = [32m9.944892e+04[39m
     10 Linear |R| = [32m6.148034e+04[39m
     11 Linear |R| = [32m3.761430e+04[39m
     12 Linear |R| = [32m2.612743e+04[39m
     13 Linear |R| = [32m1.823075e+04[39m
     14 Linear |R| = [32m1.209105e+04[39m
     15 Linear |R| = [32m7.571808e+03[39m
     16 Linear |R| = [32m3.916607e+03[39m
     17 Linear |R| = [32m2.085891e+03[39m
     18 Linear |R| = [32m1.083007e+03[39m
     19 Linear |R| = [32m5.133288e+02[39m
     20 Linear |R| = [32m2.499923e+02[39m
     21 Linear |R| = [32m1.284898e+02[39m
     22 Linear |R| = [32m6.900357e+01[39m
     23 Linear |R| = [32m3.149696e+01[39m
     24 Linear |R| = [32m1.456361e+01[39m
     25 Linear |R| = [32m7.143092e+00[39m
 2 Nonlinear |R| = [32m9.775365e+05[39m
      0 Linear |R| = [32m9.775365e+05[39m
      1 Linear |R| = [32m6.474743e+05[39m
      2 Linear |R| = [32m4.120294e+05[39m
      3 Linear |R| = [32m1.856747e+05[39m
      4 Linear |R| = [32m8.120466e+04[39m
      5 Linear |R| = [32m3.252800e+04[39m
      6 Linear |R| = [32m1.322968e+04[39m
      7 Linear |R| = [32m7.087486e+03[39m
      8 Linear |R| = [32m4.215419e+03[39m
      9 Linear |R| = [32m2.046594e+03[39m
     10 Linear |R| = [32m1.064164e+03[39m
     11 Linear |R| = [32m4.899945e+02[39m
     12 Linear |R| = [32m2.381483e+02[39m
     13 Linear |R| = [32m1.329364e+02[39m
     14 Linear |R| = [32m6.878882e+01[39m
     15 Linear |R| = [32m3.091519e+01[39m
     16 Linear |R| = [32m1.230694e+01[39m
     17 Linear |R| = [32m5.585723e+00[39m
 3 Nonlinear |R| = [32m8.726378e+05[39m
      0 Linear |R| = [32m8.726378e+05[39m
      1 Linear |R| = [32m5.429811e+05[39m
      2 Linear |R| = [32m3.454942e+05[39m
      3 Linear |R| = [32m1.129066e+05[39m
      4 Linear |R| = [32m3.858918e+04[39m
      5 Linear |R| = [32m1.768113e+04[39m
      6 Linear |R| = [32m9.372859e+03[39m
      7 Linear |R| = [32m4.932788e+03[39m
      8 Linear |R| = [32m2.732886e+03[39m
      9 Linear |R| = [32m1.440427e+03[39m
     10 Linear |R| = [32m7.299527e+02[39m
     11 Linear |R| = [32m3.332122e+02[39m
     12 Linear |R| = [32m1.663632e+02[39m
     13 Linear |R| = [32m9.646240e+01[39m
     14 Linear |R| = [32m5.180646e+01[39m
     15 Linear |R| = [32m2.674778e+01[39m
     16 Linear |R| = [32m1.189981e+01[39m
     17 Linear |R| = [32m5.905098e+00[39m
 4 Nonlinear |R| = [32m6.470910e+05[39m
      0 Linear |R| = [32m6.470910e+05[39m
      1 Linear |R| = [32m5.359129e+05[39m
      2 Linear |R| = [32m2.758792e+05[39m
      3 Linear |R| = [32m1.347336e+05[39m
      4 Linear |R| = [32m8.255309e+04[39m
      5 Linear |R| = [32m4.408843e+04[39m
      6 Linear |R| = [32m2.129824e+04[39m
      7 Linear |R| = [32m7.145936e+03[39m
      8 Linear |R| = [32m2.411404e+03[39m
      9 Linear |R| = [32m8.377135e+02[39m
     10 Linear |R| = [32m4.089929e+02[39m
     11 Linear |R| = [32m2.327790e+02[39m
     12 Linear |R| = [32m1.213464e+02[39m
     13 Linear |R| = [32m5.203143e+01[39m
     14 Linear |R| = [32m2.007831e+01[39m
     15 Linear |R| = [32m9.628069e+00[39m
     16 Linear |R| = [32m5.248206e+00[39m
 5 Nonlinear |R| = [32m4.962932e+05[39m
      0 Linear |R| = [32m4.962932e+05[39m
      1 Linear |R| = [32m2.077492e+05[39m
      2 Linear |R| = [32m7.013761e+04[39m
      3 Linear |R| = [32m2.512824e+04[39m
      4 Linear |R| = [32m1.045184e+04[39m
      5 Linear |R| = [32m6.031185e+03[39m
      6 Linear |R| = [32m3.370844e+03[39m
      7 Linear |R| = [32m1.620560e+03[39m
      8 Linear |R| = [32m7.056826e+02[39m
      9 Linear |R| = [32m3.592270e+02[39m
     10 Linear |R| = [32m2.163996e+02[39m
     11 Linear |R| = [32m1.134795e+02[39m
     12 Linear |R| = [32m5.378501e+01[39m
     13 Linear |R| = [32m2.499463e+01[39m
     14 Linear |R| = [32m1.243289e+01[39m
     15 Linear |R| = [32m6.523195e+00[39m
     16 Linear |R| = [32m3.409397e+00[39m
 6 Nonlinear |R| = [32m4.102866e+05[39m
      0 Linear |R| = [32m4.102866e+05[39m
      1 Linear |R| = [32m2.983937e+05[39m
      2 Linear |R| = [32m1.107991e+05[39m
      3 Linear |R| = [32m3.784469e+04[39m
      4 Linear |R| = [32m1.152035e+04[39m
      5 Linear |R| = [32m3.962690e+03[39m
      6 Linear |R| = [32m1.240121e+03[39m
      7 Linear |R| = [32m4.805696e+02[39m
      8 Linear |R| = [32m2.417990e+02[39m
      9 Linear |R| = [32m1.466264e+02[39m
     10 Linear |R| = [32m8.529538e+01[39m
     11 Linear |R| = [32m4.936721e+01[39m
     12 Linear |R| = [32m2.684678e+01[39m
     13 Linear |R| = [32m1.300076e+01[39m
     14 Linear |R| = [32m6.544730e+00[39m
     15 Linear |R| = [32m3.526938e+00[39m
 7 Nonlinear |R| = [32m1.542853e+05[39m
      0 Linear |R| = [32m1.542853e+05[39m
      1 Linear |R| = [32m4.058930e+04[39m
      2 Linear |R| = [32m8.159259e+03[39m
      3 Linear |R| = [32m2.452677e+03[39m
      4 Linear |R| = [32m8.009516e+02[39m
      5 Linear |R| = [32m2.738078e+02[39m
      6 Linear |R| = [32m8.890893e+01[39m
      7 Linear |R| = [32m3.477403e+01[39m
      8 Linear |R| = [32m1.941613e+01[39m
      9 Linear |R| = [32m1.042521e+01[39m
     10 Linear |R| = [32m5.499088e+00[39m
     11 Linear |R| = [32m2.799224e+00[39m
     12 Linear |R| = [32m1.540897e+00[39m
 8 Nonlinear |R| = [32m1.547715e+00[39m
[32m Solve Converged![39m

Postprocessor Values:
+----------------+----------------+----------------+----------------+
| time           | base_shear_x   | top_disp_x     | vonmises_max   |
+----------------+----------------+----------------+----------------+
:                :                :                :                :
|   8.000000e+01 |  -9.477584e+05 |  -1.440000e-02 |   3.500000e+06 |
|   8.500000e+01 |  -8.667802e+05 |  -1.330387e-02 |   3.277511e+06 |
|   9.000000e+01 |  -6.361736e+05 |  -1.018234e-02 |   2.647664e+06 |
|   9.500000e+01 |  -2.910470e+05 |  -5.510641e-03 |   1.774338e+06 |
|   1.000000e+02 |   1.142977e+05 |  -4.408728e-18 |   3.265649e+06 |
|   1.050000e+02 |   4.980940e+05 |   5.510641e-03 |   3.500000e+06 |
|   1.100000e+02 |   7.725223e+05 |   1.018234e-02 |   3.500000e+06 |
|   1.150000e+02 |   9.185178e+05 |   1.330387e-02 |   3.500000e+06 |
|   1.200000e+02 |   9.606968e+05 |   1.440000e-02 |   3.500000e+06 |
|   1.250000e+02 |   8.797207e+05 |   1.330387e-02 |   3.277430e+06 |
|   1.300000e+02 |   6.491114e+05 |   1.018234e-02 |   2.647265e+06 |
|   1.350000e+02 |   3.039841e+05 |   5.510641e-03 |   1.774278e+06 |
|   1.400000e+02 |  -1.008407e+05 |   6.172220e-18 |   3.389106e+06 |
|   1.450000e+02 |  -4.841750e+05 |  -5.510641e-03 |   3.500000e+06 |
|   1.500000e+02 |  -7.602418e+05 |  -1.018234e-02 |   3.500000e+06 |
+----------------+----------------+----------------+----------------+


Time Step 31, time = 155, dt = 5
 0 Nonlinear |R| = [32m1.009308e+06[39m
      0 Linear |R| = [32m1.009308e+06[39m
      1 Linear |R| = [33m9.994663e+05[39m
      2 Linear |R| = [32m7.946760e+05[39m
      3 Linear |R| = [33m7.774700e+05[39m
      4 Linear |R| = [32m6.856916e+05[39m
      5 Linear |R| = [32m6.454709e+05[39m
      6 Linear |R| = [32m5.028857e+05[39m
      7 Linear |R| = [32m3.422488e+05[39m
      8 Linear |R| = [32m1.823745e+05[39m
      9 Linear |R| = [32m8.342664e+04[39m
     10 Linear |R| = [32m5.033749e+04[39m
     11 Linear |R| = [32m3.297335e+04[39m
     12 Linear |R| = [32m2.393799e+04[39m
     13 Linear |R| = [32m1.714871e+04[39m
     14 Linear |R| = [32m1.060845e+04[39m
     15 Linear |R| = [32m6.726459e+03[39m
     16 Linear |R| = [32m3.409717e+03[39m
     17 Linear |R| = [32m1.553890e+03[39m
     18 Linear |R| = [32m7.882364e+02[39m
     19 Linear |R| = [32m4.227717e+02[39m
     20 Linear |R| = [32m1.963944e+02[39m
     21 Linear |R| = [32m9.348411e+01[39m
     22 Linear |R| = [32m5.108025e+01[39m
     23 Linear |R| = [32m2.593954e+01[39m
     24 Linear |R| = [32m1.329596e+01[39m
     25 Linear |R| = [32m6.183784e+00[39m
 1 Nonlinear |R| = [32m9.172798e+05[39m
      0 Linear |R| = [32m9.172798e+05[39m
      1 Linear |R| = [33m9.064872e+05[39m
      2 Linear |R| = [32m7.502715e+05[39m
      3 Linear |R| = [33m7.412407e+05[39m
      4 Linear |R| = [32m6.750153e+05[39m
      5 Linear |R| = [33m6.426685e+05[39m
      6 Linear |R| = [32m5.342868e+05[39m
      7 Linear |R| = [32m3.721090e+05[39m
      8 Linear |R| = [32m1.991497e+05[39m
      9 Linear |R| = [32m1.171483e+05[39m
     10 Linear |R| = [32m6.876792e+04[39m
     11 Linear |R| = [32m4.095569e+04[39m
     12 Linear |R| = [32m2.807635e+04[39m
     13 Linear |R| = [32m1.970812e+04[39m
     14 Linear |R| = [32m1.294243e+04[39m
     15 Linear |R| = [32m8.066021e+03[39m
     16 Linear |R| = [32m4.358646e+03[39m
     17 Linear |R| = [32m2.138188e+03[39m
     18 Linear |R| = [32m1.031338e+03[39m
     19 Linear |R| = [32m5.449228e+02[39m
     20 Linear |R| = [32m2.819909e+02[39m
     21 Linear |R| = [32m1.372385e+02[39m
     22 Linear |R| = [32m6.863936e+01[39m
     23 Linear |R| = [32m3.381052e+01[39m
     24 Linear |R| = [32m1.806640e+01[39m
     25 Linear |R| = [32m9.164082e+00[39m
 2 Nonlinear |R| = [33m9.076097e+05[39m
      0 Linear |R| = [32m9.076097e+05[39m
      1 Linear |R| = [33m8.960331e+05[39m
      2 Linear |R| = [32m7.447182e+05[39m
      3 Linear |R| = [33m7.339558e+05[39m
      4 Linear |R| = [32m6.677528e+05[39m
      5 Linear |R| = [33m6.366883e+05[39m
      6 Linear |R| = [32m5.263169e+05[39m
      7 Linear |R| = [32m3.582241e+05[39m
      8 Linear |R| = [32m1.985557e+05[39m
      9 Linear |R| = [32m1.183407e+05[39m
     10 Linear |R| = [32m6.661605e+04[39m
     11 Linear |R| = [32m4.050740e+04[39m
     12 Linear |R| = [32m2.769546e+04[39m
     13 Linear |R| = [32m1.924961e+04[39m
     14 Linear |R| = [32m1.256372e+04[39m
     15 Linear |R| = [32m7.937129e+03[39m
     16 Linear |R| = [32m4.139070e+03[39m
     17 Linear |R| = [32m2.019568e+03[39m
     18 Linear |R| = [32m1.028526e+03[39m
     19 Linear |R| = [32m5.296915e+02[39m
     20 Linear |R| = [32m2.776527e+02[39m
     21 Linear |R| = [32m1.455879e+02[39m
     22 Linear |R| = [32m7.919490e+01[39m
     23 Linear |R| = [32m4.057473e+01[39m
     24 Linear |R| = [32m1.989629e+01[39m
     25 Linear |R| = [32m9.821877e+00[39m
     26 Linear |R| = [32m4.851511e+00[39m
 3 Nonlinear |R| = [33m8.977301e+05[39m
      0 Linear |R| = [32m8.977301e+05[39m
      1 Linear |R| = [33m8.850097e+05[39m
      2 Linear |R| = [32m7.356401e+05[39m
      3 Linear |R| = [33m7.198099e+05[39m
      4 Linear |R| = [32m6.567059e+05[39m
      5 Linear |R| = [33m6.272686e+05[39m
      6 Linear |R| = [32m5.067751e+05[39m
      7 Linear |R| = [32m3.400810e+05[39m
      8 Linear |R| = [32m1.960190e+05[39m
      9 Linear |R| = [32m1.110999e+05[39m
     10 Linear |R| = [32m6.127945e+04[39m
     11 Linear |R| = [32m3.846588e+04[39m
     12 Linear |R| = [32m2.677785e+04[39m
     13 Linear |R| = [32m1.776457e+04[39m
     14 Linear |R| = [32m1.175366e+04[39m
     15 Linear |R| = [32m7.003231e+03[39m
     16 Linear |R| = [32m3.671146e+03[39m
     17 Linear |R| = [32m1.840733e+03[39m
     18 Linear |R| = [32m9.614936e+02[39m
     19 Linear |R| = [32m4.757667e+02[39m
     20 Linear |R| = [32m2.528782e+02[39m
     21 Linear |R| = [32m1.377015e+02[39m
     22 Linear |R| = [32m7.585038e+01[39m
     23 Linear |R| = [32m3.960474e+01[39m
     24 Linear |R| = [32m1.944156e+01[39m
     25 Linear |R| = [32m9.581965e+00[39m
     26 Linear |R| = [32m4.611876e+00[39m
 4 Nonlinear |R| = [33m8.554801e+05[39m
      0 Linear |R| = [32m8.554801e+05[39m
      1 Linear |R| = [32m7.922856e+05[39m
      2 Linear |R| = [32m6.547868e+05[39m
      3 Linear |R| = [32m5.469402e+05[39m
      4 Linear |R| = [32m4.895036e+05[39m
      5 Linear |R| = [32m3.910784e+05[39m
      6 Linear |R| = [32m2.471604e+05[39m
      7 Linear |R| = [32m1.231746e+05[39m
      8 Linear |R| = [32m5.790261e+04[39m
      9 Linear |R| = [32m3.042445e+04[39m
     10 Linear |R| = [32m1.719389e+04[39m
     11 Linear |R| = [32m1.066280e+04[39m
     12 Linear |R| = [32m7.109315e+03[39m
     13 Linear |R| = [32m3.986630e+03[39m
     14 Linear |R| = [32m2.081813e+03[39m
     15 Linear |R| = [32m1.127480e+03[39m
     16 Linear |R| = [32m5.930387e+02[39m
     17 Linear |R| = [32m3.232624e+02[39m
     18 Linear |R| = [32m1.716748e+02[39m
     19 Linear |R| = [32m8.652508e+01[39m
     20 Linear |R| = [32m4.206834e+01[39m
     21 Linear |R| = [32m2.130225e+01[39m
     22 Linear |R| = [32m9.788234e+00[39m
     23 Linear |R| = [32m5.057463e+00[39m
 5 Nonlinear |R| = [32m7.808885e+05[39m
      0 Linear |R| = [32m7.808885e+05[39m
      1 Linear |R| = [32m6.333957e+05[39m
      2 Linear |R| = [32m5.124894e+05[39m
      3 Linear |R| = [32m3.633197e+05[39m
      4 Linear |R| = [32m2.648219e+05[39m
      5 Linear |R| = [32m1.677712e+05[39m
      6 Linear |R| = [32m8.248368e+04[39m
      7 Linear |R| = [32m3.586184e+04[39m
      8 Linear |R| = [32m1.743818e+04[39m
      9 Linear |R| = [32m8.731550e+03[39m
     10 Linear |R| = [32m4.609472e+03[39m
     11 Linear |R| = [32m2.603579e+03[39m
     12 Linear |R| = [32m1.288315e+03[39m
     13 Linear |R| = [32m6.344549e+02[39m
     14 Linear |R| = [32m2.613399e+02[39m
     15 Linear |R| = [32m1.226659e+02[39m
     16 Linear |R| = [32m6.234190e+01[39m
     17 Linear |R| = [32m3.444317e+01[39m
     18 Linear |R| = [32m1.739508e+01[39m
     19 Linear |R| = [32m9.245706e+00[39m
     20 Linear |R| = [32m4.899904e+00[39m
 6 Nonlinear |R| = [32m5.676700e+05[39m
      0 Linear |R| = [32m5.676700e+05[39m
      1 Linear |R| = [32m2.445972e+05[39m
      2 Linear |R| = [32m1.578322e+05[39m
      3 Linear |R| = [32m7.657769e+04[39m
      4 Linear |R| = [32m3.664135e+04[39m
      5 Linear |R| = [32m2.122671e+04[39m
      6 Linear |R| = [32m1.232601e+04[39m
      7 Linear |R| = [32m6.102406e+03[39m
      8 Linear |R| = [32m3.193154e+03[39m
      9 Linear |R| = [32m1.720848e+03[39m
     10 Linear |R| = [32m9.389009e+02[39m
     11 Linear |R| = [32m4.998536e+02[39m
     12 Linear |R| = [32m2.886080e+02[39m
     13 Linear |R| = [32m1.664299e+02[39m
     14 Linear |R| = [32m8.090429e+01[39m
     15 Linear |R| = [32m3.873328e+01[39m
     16 Linear |R| = [32m1.848784e+01[39m
     17 Linear |R| = [32m1.044536e+01[39m
     18 Linear |R| = [32m5.763845e+00[39m
     19 Linear |R| = [32m3.273639e+00[39m
 7 Nonlinear |R| = [32m3.561637e+05[39m
      0 Linear |R| = [32m3.561637e+05[39m
      1 Linear |R| = [32m1.015797e+05[39m
      2 Linear |R| = [32m5.369481e+04[39m
      3 Linear |R| = [32m3.274404e+04[39m
      4 Linear |R| = [32m1.880815e+04[39m
      5 Linear |R| = [32m1.108780e+04[39m
      6 Linear |R| = [32m6.110353e+03[39m
      7 Linear |R| = [32m3.095664e+03[39m
      8 Linear |R| = [32m1.626064e+03[39m
      9 Linear |R| = [32m8.461367e+02[39m
     10 Linear |R| = [32m4.918108e+02[39m
     11 Linear |R| = [32m2.812969e+02[39m
     12 Linear |R| = [32m1.621128e+02[39m
     13 Linear |R| = [32m8.875612e+01[39m
     14 Linear |R| = [32m4.232658e+01[39m
     15 Linear |R| = [32m1.977086e+01[39m
     16 Linear |R| = [32m9.039135e+00[39m
     17 Linear |R| = [32m4.939892e+00[39m
     18 Linear |R| = [32m2.623914e+00[39m
 8 Nonlinear |R| = [32m6.440916e+03[39m
      0 Linear |R| = [32m6.440916e+03[39m
      1 Linear |R| = [32m1.977116e+03[39m
      2 Linear |R| = [32m9.889883e+02[39m
      3 Linear |R| = [32m5.891209e+02[39m
      4 Linear |R| = [32m3.591295e+02[39m
      5 Linear |R| = [32m2.160912e+02[39m
      6 Linear |R| = [32m1.198907e+02[39m
      7 Linear |R| = [32m6.042092e+01[39m
      8 Linear |R| = [32m3.004749e+01[39m
      9 Linear |R| = [32m1.520082e+01[39m
     10 Linear |R| = [32m9.129467e+00[39m
     11 Linear |R| = [32m5.219010e+00[39m
     12 Linear |R| = [32m3.065945e+00[39m
     13 Linear |R| = [32m1.623716e+00[39m
     14 Linear |R| = [32m7.899331e-01[39m
     15 Linear |R| = [32m4.237244e-01[39m
     16 Linear |R| = [32m2.392272e-01[39m
     17 Linear |R| = [32m1.444377e-01[39m
     18 Linear |R| = [32m8.465425e-02[39m
     19 Linear |R| = [32m4.696921e-02[39m
 9 Nonlinear |R| = [32m5.232147e+00[39m
[32m Solve Converged![39m

Postprocessor Values:
+----------------+----------------+----------------+----------------+
| time           | base_shear_x   | top_disp_x     | vonmises_max   |
+----------------+----------------+----------------+----------------+
:                :                :                :                :
|   8.500000e+01 |  -8.667802e+05 |  -1.330387e-02 |   3.277511e+06 |
|   9.000000e+01 |  -6.361736e+05 |  -1.018234e-02 |   2.647664e+06 |
|   9.500000e+01 |  -2.910470e+05 |  -5.510641e-03 |   1.774338e+06 |
|   1.000000e+02 |   1.142977e+05 |  -4.408728e-18 |   3.265649e+06 |
|   1.050000e+02 |   4.980940e+05 |   5.510641e-03 |   3.500000e+06 |
|   1.100000e+02 |   7.725223e+05 |   1.018234e-02 |   3.500000e+06 |
|   1.150000e+02 |   9.185178e+05 |   1.330387e-02 |   3.500000e+06 |
|   1.200000e+02 |   9.606968e+05 |   1.440000e-02 |   3.500000e+06 |
|   1.250000e+02 |   8.797207e+05 |   1.330387e-02 |   3.277430e+06 |
|   1.300000e+02 |   6.491114e+05 |   1.018234e-02 |   2.647265e+06 |
|   1.350000e+02 |   3.039841e+05 |   5.510641e-03 |   1.774278e+06 |
|   1.400000e+02 |  -1.008407e+05 |   6.172220e-18 |   3.389106e+06 |
|   1.450000e+02 |  -4.841750e+05 |  -5.510641e-03 |   3.500000e+06 |
|   1.500000e+02 |  -7.602418e+05 |  -1.018234e-02 |   3.500000e+06 |
|   1.550000e+02 |  -9.116099e+05 |  -1.330387e-02 |   3.500000e+06 |
+----------------+----------------+----------------+----------------+


Time Step 32, time = 160, dt = 5
 0 Nonlinear |R| = [32m9.103748e+05[39m
      0 Linear |R| = [32m9.103748e+05[39m
      1 Linear |R| = [33m8.988065e+05[39m
      2 Linear |R| = [32m7.202649e+05[39m
      3 Linear |R| = [33m6.975840e+05[39m
      4 Linear |R| = [32m6.184491e+05[39m
      5 Linear |R| = [32m5.856003e+05[39m
      6 Linear |R| = [32m4.465623e+05[39m
      7 Linear |R| = [32m2.730581e+05[39m
      8 Linear |R| = [32m1.295461e+05[39m
      9 Linear |R| = [32m7.193992e+04[39m
     10 Linear |R| = [32m4.358798e+04[39m
     11 Linear |R| = [32m2.848304e+04[39m
     12 Linear |R| = [32m2.058775e+04[39m
     13 Linear |R| = [32m1.429119e+04[39m
     14 Linear |R| = [32m8.425664e+03[39m
     15 Linear |R| = [32m4.733274e+03[39m
     16 Linear |R| = [32m2.436834e+03[39m
     17 Linear |R| = [32m1.204591e+03[39m
     18 Linear |R| = [32m5.647139e+02[39m
     19 Linear |R| = [32m2.898193e+02[39m
     20 Linear |R| = [32m1.492087e+02[39m
     21 Linear |R| = [32m7.620447e+01[39m
     22 Linear |R| = [32m3.579636e+01[39m
     23 Linear |R| = [32m1.708910e+01[39m
     24 Linear |R| = [32m8.995474e+00[39m
 1 Nonlinear |R| = [33m9.011298e+05[39m
      0 Linear |R| = [32m9.011298e+05[39m
      1 Linear |R| = [33m8.894019e+05[39m
      2 Linear |R| = [32m7.246096e+05[39m
      3 Linear |R| = [33m7.112303e+05[39m
      4 Linear |R| = [32m6.527087e+05[39m
      5 Linear |R| = [33m6.352941e+05[39m
      6 Linear |R| = [32m5.474010e+05[39m
      7 Linear |R| = [32m3.956276e+05[39m
      8 Linear |R| = [32m2.109403e+05[39m
      9 Linear |R| = [32m1.207375e+05[39m
     10 Linear |R| = [32m6.830477e+04[39m
     11 Linear |R| = [32m4.403351e+04[39m
     12 Linear |R| = [32m3.094561e+04[39m
     13 Linear |R| = [32m2.160687e+04[39m
     14 Linear |R| = [32m1.335144e+04[39m
     15 Linear |R| = [32m8.265469e+03[39m
     16 Linear |R| = [32m4.339791e+03[39m
     17 Linear |R| = [32m2.184509e+03[39m
     18 Linear |R| = [32m1.189431e+03[39m
     19 Linear |R| = [32m6.573183e+02[39m
     20 Linear |R| = [32m3.653356e+02[39m
     21 Linear |R| = [32m1.963183e+02[39m
     22 Linear |R| = [32m1.049834e+02[39m
     23 Linear |R| = [32m5.178221e+01[39m
     24 Linear |R| = [32m2.523004e+01[39m
     25 Linear |R| = [32m1.304867e+01[39m
     26 Linear |R| = [32m6.268114e+00[39m
 2 Nonlinear |R| = [33m8.911109e+05[39m
      0 Linear |R| = [32m8.911109e+05[39m
      1 Linear |R| = [33m8.779740e+05[39m
      2 Linear |R| = [32m7.173594e+05[39m
      3 Linear |R| = [33m7.005719e+05[39m
      4 Linear |R| = [32m6.423019e+05[39m
      5 Linear |R| = [33m6.252042e+05[39m
      6 Linear |R| = [32m5.296986e+05[39m
      7 Linear |R| = [32m3.664860e+05[39m
      8 Linear |R| = [32m2.088402e+05[39m
      9 Linear |R| = [32m1.141167e+05[39m
     10 Linear |R| = [32m6.254320e+04[39m
     11 Linear |R| = [32m4.154641e+04[39m
     12 Linear |R| = [32m2.903432e+04[39m
     13 Linear |R| = [32m1.950794e+04[39m
     14 Linear |R| = [32m1.267535e+04[39m
     15 Linear |R| = [32m7.672931e+03[39m
     16 Linear |R| = [32m3.796776e+03[39m
     17 Linear |R| = [32m2.076718e+03[39m
     18 Linear |R| = [32m1.192694e+03[39m
     19 Linear |R| = [32m6.163266e+02[39m
     20 Linear |R| = [32m3.540445e+02[39m
     21 Linear |R| = [32m1.955469e+02[39m
     22 Linear |R| = [32m1.015683e+02[39m
     23 Linear |R| = [32m4.877352e+01[39m
     24 Linear |R| = [32m2.541657e+01[39m
     25 Linear |R| = [32m1.234377e+01[39m
     26 Linear |R| = [32m5.677173e+00[39m
 3 Nonlinear |R| = [33m8.793309e+05[39m
      0 Linear |R| = [32m8.793309e+05[39m
      1 Linear |R| = [32m8.336740e+05[39m
      2 Linear |R| = [32m6.972490e+05[39m
      3 Linear |R| = [32m6.481697e+05[39m
      4 Linear |R| = [32m5.768163e+05[39m
      5 Linear |R| = [33m5.540382e+05[39m
      6 Linear |R| = [32m4.208978e+05[39m
      7 Linear |R| = [32m2.423299e+05[39m
      8 Linear |R| = [32m1.441402e+05[39m
      9 Linear |R| = [32m8.720732e+04[39m
     10 Linear |R| = [32m5.597343e+04[39m
     11 Linear |R| = [32m3.751414e+04[39m
     12 Linear |R| = [32m2.441389e+04[39m
     13 Linear |R| = [32m1.323894e+04[39m
     14 Linear |R| = [32m6.873017e+03[39m
     15 Linear |R| = [32m3.835397e+03[39m
     16 Linear |R| = [32m2.118633e+03[39m
     17 Linear |R| = [32m1.166494e+03[39m
     18 Linear |R| = [32m6.545729e+02[39m
     19 Linear |R| = [32m3.271543e+02[39m
     20 Linear |R| = [32m1.593687e+02[39m
     21 Linear |R| = [32m8.607602e+01[39m
     22 Linear |R| = [32m4.461282e+01[39m
     23 Linear |R| = [32m2.310877e+01[39m
     24 Linear |R| = [32m1.223623e+01[39m
     25 Linear |R| = [32m6.819265e+00[39m
 4 Nonlinear |R| = [32m8.074383e+05[39m
      0 Linear |R| = [32m8.074383e+05[39m
      1 Linear |R| = [32m6.420575e+05[39m
      2 Linear |R| = [32m5.129867e+05[39m
      3 Linear |R| = [32m3.804094e+05[39m
      4 Linear |R| = [32m3.049141e+05[39m
      5 Linear |R| = [32m2.232399e+05[39m
      6 Linear |R| = [32m1.211741e+05[39m
      7 Linear |R| = [32m5.517290e+04[39m
      8 Linear |R| = [32m3.051651e+04[39m
      9 Linear |R| = [32m1.716327e+04[39m
     10 Linear |R| = [32m9.348516e+03[39m
     11 Linear |R| = [32m5.019801e+03[39m
     12 Linear |R| = [32m2.581330e+03[39m
     13 Linear |R| = [32m1.380808e+03[39m
     14 Linear |R| = [32m7.092020e+02[39m
     15 Linear |R| = [32m4.211830e+02[39m
     16 Linear |R| = [32m2.155898e+02[39m
     17 Linear |R| = [32m9.949054e+01[39m
     18 Linear |R| = [32m4.609011e+01[39m
     19 Linear |R| = [32m2.491790e+01[39m
     20 Linear |R| = [32m1.418762e+01[39m
     21 Linear |R| = [32m8.078742e+00[39m
     22 Linear |R| = [32m4.649389e+00[39m
 5 Nonlinear |R| = [32m5.196723e+05[39m
      0 Linear |R| = [32m5.196723e+05[39m
      1 Linear |R| = [32m1.310076e+05[39m
      2 Linear |R| = [32m3.741658e+04[39m
      3 Linear |R| = [32m1.325596e+04[39m
      4 Linear |R| = [32m5.679188e+03[39m
      5 Linear |R| = [32m3.484442e+03[39m
      6 Linear |R| = [32m2.190957e+03[39m
      7 Linear |R| = [32m1.240289e+03[39m
      8 Linear |R| = [32m6.575309e+02[39m
      9 Linear |R| = [32m3.648657e+02[39m
     10 Linear |R| = [32m1.935879e+02[39m
     11 Linear |R| = [32m9.989138e+01[39m
     12 Linear |R| = [32m5.898421e+01[39m
     13 Linear |R| = [32m3.278816e+01[39m
     14 Linear |R| = [32m1.749387e+01[39m
     15 Linear |R| = [32m9.234097e+00[39m
     16 Linear |R| = [32m4.713734e+00[39m
 6 Nonlinear |R| = [32m1.096447e+03[39m
      0 Linear |R| = [32m1.096447e+03[39m
      1 Linear |R| = [32m3.164675e+02[39m
      2 Linear |R| = [32m1.635873e+02[39m
      3 Linear |R| = [32m8.783254e+01[39m
      4 Linear |R| = [32m5.488181e+01[39m
      5 Linear |R| = [32m3.862668e+01[39m
      6 Linear |R| = [32m2.248101e+01[39m
      7 Linear |R| = [32m1.280740e+01[39m
      8 Linear |R| = [32m6.354753e+00[39m
      9 Linear |R| = [32m2.917505e+00[39m
     10 Linear |R| = [32m1.661649e+00[39m
     11 Linear |R| = [32m9.226613e-01[39m
     12 Linear |R| = [32m5.313957e-01[39m
     13 Linear |R| = [32m2.761116e-01[39m
     14 Linear |R| = [32m1.510428e-01[39m
     15 Linear |R| = [32m7.928193e-02[39m
     16 Linear |R| = [32m3.625905e-02[39m
     17 Linear |R| = [32m2.050971e-02[39m
     18 Linear |R| = [32m1.236527e-02[39m
     19 Linear |R| = [32m6.830037e-03[39m
 7 Nonlinear |R| = [32m1.486627e-01[39m
[32m Solve Converged![39m

Postprocessor Values:
+----------------+----------------+----------------+----------------+
| time           | base_shear_x   | top_disp_x     | vonmises_max   |
+----------------+----------------+----------------+----------------+
:                :                :                :                :
|   9.000000e+01 |  -6.361736e+05 |  -1.018234e-02 |   2.647664e+06 |
|   9.500000e+01 |  -2.910470e+05 |  -5.510641e-03 |   1.774338e+06 |
|   1.000000e+02 |   1.142977e+05 |  -4.408728e-18 |   3.265649e+06 |
|   1.050000e+02 |   4.980940e+05 |   5.510641e-03 |   3.500000e+06 |
|   1.100000e+02 |   7.725223e+05 |   1.018234e-02 |   3.500000e+06 |
|   1.150000e+02 |   9.185178e+05 |   1.330387e-02 |   3.500000e+06 |
|   1.200000e+02 |   9.606968e+05 |   1.440000e-02 |   3.500000e+06 |
|   1.250000e+02 |   8.797207e+05 |   1.330387e-02 |   3.277430e+06 |
|   1.300000e+02 |   6.491114e+05 |   1.018234e-02 |   2.647265e+06 |
|   1.350000e+02 |   3.039841e+05 |   5.510641e-03 |   1.774278e+06 |
|   1.400000e+02 |  -1.008407e+05 |   6.172220e-18 |   3.389106e+06 |
|   1.450000e+02 |  -4.841750e+05 |  -5.510641e-03 |   3.500000e+06 |
|   1.500000e+02 |  -7.602418e+05 |  -1.018234e-02 |   3.500000e+06 |
|   1.550000e+02 |  -9.116099e+05 |  -1.330387e-02 |   3.500000e+06 |
|   1.600000e+02 |  -9.581611e+05 |  -1.440000e-02 |   3.500000e+06 |
+----------------+----------------+----------------+----------------+



Performance Graph:
--------------------------------------------------------------------------------------------------------------------------------------------------------------------------
|                                Section                               | Calls |   Self(s)  |   Avg(s)   |    %   | Mem(MB) |  Total(s)  |   Avg(s)   |    %   | Mem(MB) |
--------------------------------------------------------------------------------------------------------------------------------------------------------------------------
| SolidMechanicsTestApp (main)                                         |     1 |      0.004 |      0.004 |   0.01 |       2 |     72.095 |     72.095 | 100.00 |      50 |
|   Action::SetupMeshAction::Mesh::SetupMeshAction::act::setup_mesh    |     1 |      0.001 |      0.001 |   0.00 |       1 |      0.001 |      0.001 |   0.00 |       1 |
|   Action::SetupMeshAction::Mesh::SetupMeshAction::act::set_mesh_base |     2 |      0.001 |      0.000 |   0.00 |       1 |      0.002 |      0.001 |   0.00 |       3 |
|   FEProblem::outputStep                                              |    33 |      0.005 |      0.000 |   0.01 |       0 |      0.100 |      0.003 |   0.14 |       7 |
|   Transient::PicardSolve                                             |    32 |      0.022 |      0.001 |   0.03 |       0 |     71.886 |      2.246 |  99.71 |       8 |
|     FEProblem::outputStep                                            |    96 |      0.004 |      0.000 |   0.01 |       0 |      0.004 |      0.000 |   0.01 |       0 |
|     FEProblem::solve                                                 |    32 |      2.325 |      0.073 |   3.22 |       8 |     71.521 |      2.235 |  99.20 |       8 |
|       FEProblem::computeResidualInternal                             |  5514 |      0.124 |      0.000 |   0.17 |       0 |     66.483 |      0.012 |  92.22 |       0 |
|       FEProblem::computeJacobianInternal                             |   240 |      0.005 |      0.000 |   0.01 |       0 |      2.348 |      0.010 |   3.26 |       0 |
|     FEProblem::computeUserObjects                                    |    32 |      0.181 |      0.006 |   0.25 |       0 |      0.181 |      0.006 |   0.25 |       0 |
|   Transient::final                                                   |     1 |      0.000 |      0.000 |   0.00 |       0 |      0.000 |      0.000 |   0.00 |       0 |
|     FEProblem::outputStep                                            |     1 |      0.000 |      0.000 |   0.00 |       0 |      0.000 |      0.000 |   0.00 |       0 |
--------------------------------------------------------------------------------------------------------------------------------------------------------------------------
Finished Executing                                                                       [[33m 72.01 s[39m] [[33m  174 MB[39m]
