
[33m
*** Deprecation Warning ***
/home/kevin/gt/demo/mayor/rig/inputs/aac_wall_tests/w03_pseudo_static_damage.i:42.3: The 'Kernels/TensorMechanics' syntax is deprecated. Please use 'Physics/SolidMechanics/QuasiStatic' instead.[39m
Stack frames: 14
0: libMesh::print_trace(std::ostream&)
1: void moose::internal::mooseDeprecatedStream<libMesh::BasicOStreamProxy<char, std::char_traits<char> >, std::__cxx11::basic_string<char, std::char_traits<char>, std::allocator<char> > >(libMesh::BasicOStreamProxy<char, std::char_traits<char> >&, bool, bool, bool, std::__cxx11::basic_string<char, std::char_traits<char>, std::allocator<char> >&&)
2: Moose::Builder::walkRaw(std::__cxx11::basic_string<char, std::char_traits<char>, std::allocator<char> >, std::__cxx11::basic_string<char, std::char_traits<char>, std::allocator<char> >, hit::Node*)
3: Moose::Builder::walk(std::__cxx11::basic_string<char, std::char_traits<char>, std::allocator<char> > const&, std::__cxx11::basic_string<char, std::char_traits<char>, std::allocator<char> > const&, hit::Node*)
4: hit::Node::walk(hit::Walker*, hit::NodeType, hit::TraversalOrder)
5: hit::Node::walk(hit::Walker*, hit::NodeType, hit::TraversalOrder)
6: hit::Node::walk(hit::Walker*, hit::NodeType, hit::TraversalOrder)
7: Moose::Builder::build()
8: MooseApp::setupOptions()
9: MooseApp::run()
10: /home/kevin/gt/demo/mayor/rig/build/moose/modules/solid_mechanics/solid_mechanics-opt(+0x50f2) [0x55c999b6b0f2]
11: /lib/libc.so.6(+0x27741) [0x7fa77a627741]
12: __libc_start_main
13: /home/kevin/gt/demo/mayor/rig/build/moose/modules/solid_mechanics/solid_mechanics-opt(+0x5365) [0x55c999b6b365]


[36m
*** Info ***
/home/kevin/gt/demo/mayor/rig/inputs/aac_wall_tests/w03_pseudo_static_damage.i:42.3:
The following occurred in the Action 'TensorMechanics' of type LegacyTensorMechanicsAction.

SolidMechanics Action: selecting 'total small strain' formulation. Use `incremental = true` to select 'incremental small strain' instead.[39m

[33m
*** Deprecation Warning ***
/home/kevin/gt/demo/mayor/rig/inputs/aac_wall_tests/w03_pseudo_static_damage.i:68.5:
BCs/top_pressure/component: The parameter 'component' is deprecated.
This parameter is no longer necessary

[39m
Framework Information:
MOOSE Version:           git commit dd5a8961 on 2026-05-01
LibMesh Version:         
PETSc Version:           3.24.6
SLEPc Version:           3.24.0
Current Time:            Thu May 21 13:04:24 2026
Executable Timestamp:    Wed May 13 15:08:44 2026

Input File(s):
  /home/kevin/gt/demo/mayor/rig/inputs/aac_wall_tests/w03_pseudo_static_damage.i

Checkpoint:
  Wall Time Interval:      Every 3600 s
  User Checkpoint:         Disabled
  # Checkpoints Kept:      2
  Execute On:              TIMESTEP_END 

Parallelism:
  Num Processors:          1
  Num Threads:             1

Mesh: 
  Parallel Type:           replicated
  Mesh Dimension:          2
  Spatial Dimension:       2
  Nodes:                   625
  Elems:                   576
  Num Subdomains:          1

Nonlinear System:
  Num DOFs:                1250
  Num Local DOFs:          1250
  Variables:               { "disp_x" "disp_y" } 
  Finite Element Types:    "LAGRANGE" 
  Approximation Orders:    "FIRST" 

Auxiliary System:
  Num DOFs:                1728
  Num Local DOFs:          1728
  Variables:               { "vonmises" "stress_xy" "damage_index" } 
  Finite Element Types:    "MONOMIAL" 
  Approximation Orders:    "CONSTANT" 

Execution Information:
  Executioner:             Transient
  TimeStepper:             ConstantDT
  TimeIntegrator(s):       ImplicitEuler
  Solver Mode:             Preconditioned JFNK 
  PETSc Preconditioner:    hypre boomeramg 


Time Step 0, time = 0

Postprocessor Values:
+----------------+----------------+----------------+----------------+----------------+
| time           | base_shear_x   | damage_max     | top_disp_x     | vonmises_max   |
+----------------+----------------+----------------+----------------+----------------+
|   0.000000e+00 |   0.000000e+00 |   0.000000e+00 |   0.000000e+00 |   0.000000e+00 |
+----------------+----------------+----------------+----------------+----------------+


Time Step 1, time = 4, dt = 4
 0 Nonlinear |R| = [32m1.912890e+07[39m
      0 Linear |R| = [32m1.912890e+07[39m
      1 Linear |R| = [32m3.791387e+06[39m
      2 Linear |R| = [32m1.068842e+06[39m
      3 Linear |R| = [32m4.209931e+05[39m
      4 Linear |R| = [32m1.220438e+05[39m
      5 Linear |R| = [32m4.395630e+04[39m
      6 Linear |R| = [32m1.366361e+04[39m
      7 Linear |R| = [32m4.633889e+03[39m
      8 Linear |R| = [32m1.679687e+03[39m
      9 Linear |R| = [32m5.462702e+02[39m
     10 Linear |R| = [32m1.843322e+02[39m
 1 Nonlinear |R| = [32m4.772921e+05[39m
      0 Linear |R| = [32m4.772921e+05[39m
      1 Linear |R| = [32m1.891539e+04[39m
      2 Linear |R| = [32m7.450024e+03[39m
      3 Linear |R| = [32m2.625425e+03[39m
      4 Linear |R| = [32m6.940293e+02[39m
      5 Linear |R| = [32m2.188165e+02[39m
      6 Linear |R| = [32m6.974631e+01[39m
      7 Linear |R| = [32m2.345639e+01[39m
      8 Linear |R| = [32m7.376284e+00[39m
      9 Linear |R| = [32m2.342184e+00[39m
 2 Nonlinear |R| = [32m5.862691e+01[39m
[32m Solve Converged![39m

Postprocessor Values:
+----------------+----------------+----------------+----------------+----------------+
| time           | base_shear_x   | damage_max     | top_disp_x     | vonmises_max   |
+----------------+----------------+----------------+----------------+----------------+
|   0.000000e+00 |   0.000000e+00 |   0.000000e+00 |   0.000000e+00 |   0.000000e+00 |
|   4.000000e+00 |  -3.914946e+05 |   0.000000e+00 |  -5.299061e-03 |   3.065579e+06 |
+----------------+----------------+----------------+----------------+----------------+


Time Step 2, time = 8, dt = 4
 0 Nonlinear |R| = [32m1.181939e+07[39m
      0 Linear |R| = [32m1.181939e+07[39m
      1 Linear |R| = [32m2.301374e+06[39m
      2 Linear |R| = [32m6.497391e+05[39m
      3 Linear |R| = [32m2.581365e+05[39m
      4 Linear |R| = [32m7.499653e+04[39m
      5 Linear |R| = [32m2.709282e+04[39m
      6 Linear |R| = [32m8.389075e+03[39m
      7 Linear |R| = [32m2.825577e+03[39m
      8 Linear |R| = [32m1.031451e+03[39m
      9 Linear |R| = [32m3.356168e+02[39m
     10 Linear |R| = [32m1.131629e+02[39m
 1 Nonlinear |R| = [32m1.823514e+05[39m
      0 Linear |R| = [32m1.823514e+05[39m
      1 Linear |R| = [32m7.036357e+03[39m
      2 Linear |R| = [32m2.648119e+03[39m
      3 Linear |R| = [32m8.732901e+02[39m
      4 Linear |R| = [32m2.486881e+02[39m
      5 Linear |R| = [32m7.392273e+01[39m
      6 Linear |R| = [32m2.404701e+01[39m
      7 Linear |R| = [32m7.761941e+00[39m
      8 Linear |R| = [32m2.535268e+00[39m
      9 Linear |R| = [32m7.668894e-01[39m
 2 Nonlinear |R| = [32m8.524671e+00[39m
[32m Solve Converged![39m

Postprocessor Values:
+----------------+----------------+----------------+----------------+----------------+
| time           | base_shear_x   | damage_max     | top_disp_x     | vonmises_max   |
+----------------+----------------+----------------+----------------+----------------+
|   0.000000e+00 |   0.000000e+00 |   0.000000e+00 |   0.000000e+00 |   0.000000e+00 |
|   4.000000e+00 |  -3.914946e+05 |   0.000000e+00 |  -5.299061e-03 |   3.065579e+06 |
|   8.000000e+00 |  -1.495373e+05 |   0.000000e+00 |  -2.024061e-03 |   1.512170e+06 |
+----------------+----------------+----------------+----------------+----------------+


Time Step 3, time = 12, dt = 4
 0 Nonlinear |R| = [32m1.460832e+07[39m
      0 Linear |R| = [32m1.460832e+07[39m
      1 Linear |R| = [32m2.862358e+06[39m
      2 Linear |R| = [32m8.068760e+05[39m
      3 Linear |R| = [32m3.195595e+05[39m
      4 Linear |R| = [32m9.288058e+04[39m
      5 Linear |R| = [32m3.354214e+04[39m
      6 Linear |R| = [32m1.038488e+04[39m
      7 Linear |R| = [32m3.498781e+03[39m
      8 Linear |R| = [32m1.276939e+03[39m
      9 Linear |R| = [32m4.154367e+02[39m
     10 Linear |R| = [32m1.400861e+02[39m
 1 Nonlinear |R| = [32m2.786398e+05[39m
      0 Linear |R| = [32m2.786398e+05[39m
      1 Linear |R| = [32m1.084764e+04[39m
      2 Linear |R| = [32m4.154523e+03[39m
      3 Linear |R| = [32m1.412201e+03[39m
      4 Linear |R| = [32m3.894779e+02[39m
      5 Linear |R| = [32m1.175557e+02[39m
      6 Linear |R| = [32m3.817546e+01[39m
      7 Linear |R| = [32m1.240007e+01[39m
      8 Linear |R| = [32m4.033313e+00[39m
      9 Linear |R| = [32m1.234562e+00[39m
 2 Nonlinear |R| = [32m1.989546e+01[39m
[32m Solve Converged![39m

Postprocessor Values:
+----------------+----------------+----------------+----------------+----------------+
| time           | base_shear_x   | damage_max     | top_disp_x     | vonmises_max   |
+----------------+----------------+----------------+----------------+----------------+
|   0.000000e+00 |   0.000000e+00 |   0.000000e+00 |   0.000000e+00 |   0.000000e+00 |
|   4.000000e+00 |  -3.914946e+05 |   0.000000e+00 |  -5.299061e-03 |   3.065579e+06 |
|   8.000000e+00 |  -1.495373e+05 |   0.000000e+00 |  -2.024061e-03 |   1.512170e+06 |
|   1.200000e+01 |   1.495380e+05 |   0.000000e+00 |   2.024061e-03 |   1.512180e+06 |
+----------------+----------------+----------------+----------------+----------------+


Time Step 4, time = 16, dt = 4
 0 Nonlinear |R| = [32m1.181872e+07[39m
      0 Linear |R| = [32m1.181872e+07[39m
      1 Linear |R| = [32m2.301358e+06[39m
      2 Linear |R| = [32m6.496799e+05[39m
      3 Linear |R| = [32m2.581809e+05[39m
      4 Linear |R| = [32m7.503023e+04[39m
      5 Linear |R| = [32m2.710508e+04[39m
      6 Linear |R| = [32m8.401017e+03[39m
      7 Linear |R| = [32m2.826294e+03[39m
      8 Linear |R| = [32m1.032764e+03[39m
      9 Linear |R| = [32m3.358467e+02[39m
     10 Linear |R| = [32m1.132481e+02[39m
 1 Nonlinear |R| = [32m1.823873e+05[39m
      0 Linear |R| = [32m1.823873e+05[39m
      1 Linear |R| = [32m7.062575e+03[39m
      2 Linear |R| = [32m2.679042e+03[39m
      3 Linear |R| = [32m8.983909e+02[39m
      4 Linear |R| = [32m2.519627e+02[39m
      5 Linear |R| = [32m7.539611e+01[39m
      6 Linear |R| = [32m2.449854e+01[39m
      7 Linear |R| = [32m7.940480e+00[39m
      8 Linear |R| = [32m2.578346e+00[39m
      9 Linear |R| = [32m7.870450e-01[39m
 2 Nonlinear |R| = [32m8.535911e+00[39m
[32m Solve Converged![39m

Postprocessor Values:
+----------------+----------------+----------------+----------------+----------------+
| time           | base_shear_x   | damage_max     | top_disp_x     | vonmises_max   |
+----------------+----------------+----------------+----------------+----------------+
|   0.000000e+00 |   0.000000e+00 |   0.000000e+00 |   0.000000e+00 |   0.000000e+00 |
|   4.000000e+00 |  -3.914946e+05 |   0.000000e+00 |  -5.299061e-03 |   3.065579e+06 |
|   8.000000e+00 |  -1.495373e+05 |   0.000000e+00 |  -2.024061e-03 |   1.512170e+06 |
|   1.200000e+01 |   1.495380e+05 |   0.000000e+00 |   2.024061e-03 |   1.512180e+06 |
|   1.600000e+01 |   3.914950e+05 |   0.000000e+00 |   5.299061e-03 |   3.065587e+06 |
+----------------+----------------+----------------+----------------+----------------+


Time Step 5, time = 20, dt = 4
 0 Nonlinear |R| = [32m4.514815e+06[39m
      0 Linear |R| = [32m4.514815e+06[39m
      1 Linear |R| = [32m8.700423e+05[39m
      2 Linear |R| = [32m2.462198e+05[39m
      3 Linear |R| = [32m9.838189e+04[39m
      4 Linear |R| = [32m2.857474e+04[39m
      5 Linear |R| = [32m1.032684e+04[39m
      6 Linear |R| = [32m3.206104e+03[39m
      7 Linear |R| = [32m1.076803e+03[39m
      8 Linear |R| = [32m3.940079e+02[39m
      9 Linear |R| = [32m1.280722e+02[39m
     10 Linear |R| = [32m4.318246e+01[39m
 1 Nonlinear |R| = [32m2.660858e+04[39m
      0 Linear |R| = [32m2.660858e+04[39m
      1 Linear |R| = [32m1.018036e+03[39m
      2 Linear |R| = [32m3.759715e+02[39m
      3 Linear |R| = [32m1.183583e+02[39m
      4 Linear |R| = [32m3.530801e+01[39m
      5 Linear |R| = [32m1.039178e+01[39m
      6 Linear |R| = [32m3.370359e+00[39m
      7 Linear |R| = [32m1.086343e+00[39m
      8 Linear |R| = [32m3.545311e-01[39m
      9 Linear |R| = [32m1.071589e-01[39m
 2 Nonlinear |R| = [32m2.103009e-01[39m
[32m Solve Converged![39m

Postprocessor Values:
+----------------+----------------+----------------+----------------+----------------+
| time           | base_shear_x   | damage_max     | top_disp_x     | vonmises_max   |
+----------------+----------------+----------------+----------------+----------------+
|   0.000000e+00 |   0.000000e+00 |   0.000000e+00 |   0.000000e+00 |   0.000000e+00 |
|   4.000000e+00 |  -3.914946e+05 |   0.000000e+00 |  -5.299061e-03 |   3.065579e+06 |
|   8.000000e+00 |  -1.495373e+05 |   0.000000e+00 |  -2.024061e-03 |   1.512170e+06 |
|   1.200000e+01 |   1.495380e+05 |   0.000000e+00 |   2.024061e-03 |   1.512180e+06 |
|   1.600000e+01 |   3.914950e+05 |   0.000000e+00 |   5.299061e-03 |   3.065587e+06 |
|   2.000000e+01 |   4.839144e+05 |   0.000000e+00 |   6.550000e-03 |   3.659346e+06 |
+----------------+----------------+----------------+----------------+----------------+


Time Step 6, time = 24, dt = 4
 0 Nonlinear |R| = [32m4.496919e+06[39m
      0 Linear |R| = [32m4.496919e+06[39m
      1 Linear |R| = [32m8.664542e+05[39m
      2 Linear |R| = [32m2.452431e+05[39m
      3 Linear |R| = [32m9.800848e+04[39m
      4 Linear |R| = [32m2.844356e+04[39m
      5 Linear |R| = [32m1.027308e+04[39m
      6 Linear |R| = [32m3.192680e+03[39m
      7 Linear |R| = [32m1.073284e+03[39m
      8 Linear |R| = [32m3.923659e+02[39m
      9 Linear |R| = [32m1.275255e+02[39m
     10 Linear |R| = [32m4.299235e+01[39m
 1 Nonlinear |R| = [32m2.649815e+04[39m
      0 Linear |R| = [32m2.649815e+04[39m
      1 Linear |R| = [32m1.011147e+03[39m
      2 Linear |R| = [32m3.712713e+02[39m
      3 Linear |R| = [32m1.150444e+02[39m
      4 Linear |R| = [32m3.494564e+01[39m
      5 Linear |R| = [32m1.032440e+01[39m
      6 Linear |R| = [32m3.373558e+00[39m
      7 Linear |R| = [32m1.094860e+00[39m
      8 Linear |R| = [32m3.567532e-01[39m
      9 Linear |R| = [32m1.080220e-01[39m
 2 Nonlinear |R| = [32m2.096995e-01[39m
[32m Solve Converged![39m

Postprocessor Values:
+----------------+----------------+----------------+----------------+----------------+
| time           | base_shear_x   | damage_max     | top_disp_x     | vonmises_max   |
+----------------+----------------+----------------+----------------+----------------+
|   0.000000e+00 |   0.000000e+00 |   0.000000e+00 |   0.000000e+00 |   0.000000e+00 |
|   4.000000e+00 |  -3.914946e+05 |   0.000000e+00 |  -5.299061e-03 |   3.065579e+06 |
|   8.000000e+00 |  -1.495373e+05 |   0.000000e+00 |  -2.024061e-03 |   1.512170e+06 |
|   1.200000e+01 |   1.495380e+05 |   0.000000e+00 |   2.024061e-03 |   1.512180e+06 |
|   1.600000e+01 |   3.914950e+05 |   0.000000e+00 |   5.299061e-03 |   3.065587e+06 |
|   2.000000e+01 |   4.839144e+05 |   0.000000e+00 |   6.550000e-03 |   3.659346e+06 |
|   2.400000e+01 |   3.899291e+05 |   4.000000e-03 |   5.299061e-03 |   3.055536e+06 |
+----------------+----------------+----------------+----------------+----------------+


Time Step 7, time = 28, dt = 4
 0 Nonlinear |R| = [32m1.172485e+07[39m
      0 Linear |R| = [32m1.172485e+07[39m
      1 Linear |R| = [32m2.282201e+06[39m
      2 Linear |R| = [32m6.444918e+05[39m
      3 Linear |R| = [32m2.562781e+05[39m
      4 Linear |R| = [32m7.432587e+04[39m
      5 Linear |R| = [32m2.680477e+04[39m
      6 Linear |R| = [32m8.328664e+03[39m
      7 Linear |R| = [32m2.808926e+03[39m
      8 Linear |R| = [32m1.024046e+03[39m
      9 Linear |R| = [32m3.328749e+02[39m
     10 Linear |R| = [32m1.122227e+02[39m
 1 Nonlinear |R| = [32m1.808909e+05[39m
      0 Linear |R| = [32m1.808909e+05[39m
      1 Linear |R| = [32m6.982180e+03[39m
      2 Linear |R| = [32m2.635769e+03[39m
      3 Linear |R| = [32m8.850401e+02[39m
      4 Linear |R| = [32m2.490300e+02[39m
      5 Linear |R| = [32m7.490315e+01[39m
      6 Linear |R| = [32m2.445712e+01[39m
      7 Linear |R| = [32m8.066336e+00[39m
      8 Linear |R| = [32m2.566770e+00[39m
      9 Linear |R| = [32m7.950993e-01[39m
 2 Nonlinear |R| = [32m8.462696e+00[39m
[32m Solve Converged![39m

Postprocessor Values:
+----------------+----------------+----------------+----------------+----------------+
| time           | base_shear_x   | damage_max     | top_disp_x     | vonmises_max   |
+----------------+----------------+----------------+----------------+----------------+
|   0.000000e+00 |   0.000000e+00 |   0.000000e+00 |   0.000000e+00 |   0.000000e+00 |
|   4.000000e+00 |  -3.914946e+05 |   0.000000e+00 |  -5.299061e-03 |   3.065579e+06 |
|   8.000000e+00 |  -1.495373e+05 |   0.000000e+00 |  -2.024061e-03 |   1.512170e+06 |
|   1.200000e+01 |   1.495380e+05 |   0.000000e+00 |   2.024061e-03 |   1.512180e+06 |
|   1.600000e+01 |   3.914950e+05 |   0.000000e+00 |   5.299061e-03 |   3.065587e+06 |
|   2.000000e+01 |   4.839144e+05 |   0.000000e+00 |   6.550000e-03 |   3.659346e+06 |
|   2.400000e+01 |   3.899291e+05 |   4.000000e-03 |   5.299061e-03 |   3.055536e+06 |
|   2.800000e+01 |   1.483416e+05 |   8.000000e-03 |   2.024061e-03 |   1.504506e+06 |
+----------------+----------------+----------------+----------------+----------------+


Time Step 8, time = 32, dt = 4
 0 Nonlinear |R| = [32m1.443305e+07[39m
      0 Linear |R| = [32m1.443305e+07[39m
      1 Linear |R| = [32m2.826855e+06[39m
      2 Linear |R| = [32m7.971430e+05[39m
      3 Linear |R| = [32m3.160452e+05[39m
      4 Linear |R| = [32m9.164062e+04[39m
      5 Linear |R| = [32m3.302008e+04[39m
      6 Linear |R| = [32m1.025175e+04[39m
      7 Linear |R| = [32m3.465052e+03[39m
      8 Linear |R| = [32m1.260975e+03[39m
      9 Linear |R| = [32m4.099124e+02[39m
     10 Linear |R| = [32m1.382231e+02[39m
 1 Nonlinear |R| = [32m2.752936e+05[39m
      0 Linear |R| = [32m2.752936e+05[39m
      1 Linear |R| = [32m1.072332e+04[39m
      2 Linear |R| = [32m4.121392e+03[39m
      3 Linear |R| = [32m1.422792e+03[39m
      4 Linear |R| = [32m3.874198e+02[39m
      5 Linear |R| = [32m1.187606e+02[39m
      6 Linear |R| = [32m3.850171e+01[39m
      7 Linear |R| = [32m1.280845e+01[39m
      8 Linear |R| = [32m4.039191e+00[39m
      9 Linear |R| = [32m1.268585e+00[39m
 2 Nonlinear |R| = [32m1.966605e+01[39m
[32m Solve Converged![39m

Postprocessor Values:
+----------------+----------------+----------------+----------------+----------------+
| time           | base_shear_x   | damage_max     | top_disp_x     | vonmises_max   |
+----------------+----------------+----------------+----------------+----------------+
|   0.000000e+00 |   0.000000e+00 |   0.000000e+00 |   0.000000e+00 |   0.000000e+00 |
|   4.000000e+00 |  -3.914946e+05 |   0.000000e+00 |  -5.299061e-03 |   3.065579e+06 |
|   8.000000e+00 |  -1.495373e+05 |   0.000000e+00 |  -2.024061e-03 |   1.512170e+06 |
|   1.200000e+01 |   1.495380e+05 |   0.000000e+00 |   2.024061e-03 |   1.512180e+06 |
|   1.600000e+01 |   3.914950e+05 |   0.000000e+00 |   5.299061e-03 |   3.065587e+06 |
|   2.000000e+01 |   4.839144e+05 |   0.000000e+00 |   6.550000e-03 |   3.659346e+06 |
|   2.400000e+01 |   3.899291e+05 |   4.000000e-03 |   5.299061e-03 |   3.055536e+06 |
|   2.800000e+01 |   1.483416e+05 |   8.000000e-03 |   2.024061e-03 |   1.504506e+06 |
|   3.200000e+01 |  -1.477431e+05 |   1.200000e-02 |  -2.024061e-03 |   1.500661e+06 |
+----------------+----------------+----------------+----------------+----------------+


Time Step 9, time = 36, dt = 4
 0 Nonlinear |R| = [32m1.162964e+07[39m
      0 Linear |R| = [32m1.162964e+07[39m
      1 Linear |R| = [32m2.263772e+06[39m
      2 Linear |R| = [32m6.392701e+05[39m
      3 Linear |R| = [32m2.542686e+05[39m
      4 Linear |R| = [32m7.373616e+04[39m
      5 Linear |R| = [32m2.658605e+04[39m
      6 Linear |R| = [32m8.248926e+03[39m
      7 Linear |R| = [32m2.786150e+03[39m
      8 Linear |R| = [32m1.014570e+03[39m
      9 Linear |R| = [32m3.298210e+02[39m
     10 Linear |R| = [32m1.112336e+02[39m
 1 Nonlinear |R| = [32m1.794672e+05[39m
      0 Linear |R| = [32m1.794672e+05[39m
      1 Linear |R| = [32m6.952471e+03[39m
      2 Linear |R| = [32m2.646105e+03[39m
      3 Linear |R| = [32m9.025588e+02[39m
      4 Linear |R| = [32m2.500271e+02[39m
      5 Linear |R| = [32m7.586058e+01[39m
      6 Linear |R| = [32m2.468364e+01[39m
      7 Linear |R| = [32m8.186430e+00[39m
      8 Linear |R| = [32m2.584817e+00[39m
      9 Linear |R| = [32m8.094867e-01[39m
 2 Nonlinear |R| = [32m8.406610e+00[39m
[32m Solve Converged![39m

Postprocessor Values:
+----------------+----------------+----------------+----------------+----------------+
| time           | base_shear_x   | damage_max     | top_disp_x     | vonmises_max   |
+----------------+----------------+----------------+----------------+----------------+
|   0.000000e+00 |   0.000000e+00 |   0.000000e+00 |   0.000000e+00 |   0.000000e+00 |
|   4.000000e+00 |  -3.914946e+05 |   0.000000e+00 |  -5.299061e-03 |   3.065579e+06 |
|   8.000000e+00 |  -1.495373e+05 |   0.000000e+00 |  -2.024061e-03 |   1.512170e+06 |
|   1.200000e+01 |   1.495380e+05 |   0.000000e+00 |   2.024061e-03 |   1.512180e+06 |
|   1.600000e+01 |   3.914950e+05 |   0.000000e+00 |   5.299061e-03 |   3.065587e+06 |
|   2.000000e+01 |   4.839144e+05 |   0.000000e+00 |   6.550000e-03 |   3.659346e+06 |
|   2.400000e+01 |   3.899291e+05 |   4.000000e-03 |   5.299061e-03 |   3.055536e+06 |
|   2.800000e+01 |   1.483416e+05 |   8.000000e-03 |   2.024061e-03 |   1.504506e+06 |
|   3.200000e+01 |  -1.477431e+05 |   1.200000e-02 |  -2.024061e-03 |   1.500661e+06 |
|   3.600000e+01 |  -3.852309e+05 |   1.600000e-02 |  -5.299061e-03 |   3.025378e+06 |
+----------------+----------------+----------------+----------------+----------------+


Time Step 10, time = 40, dt = 4
 0 Nonlinear |R| = [32m1.308786e+07[39m
      0 Linear |R| = [32m1.308786e+07[39m
      1 Linear |R| = [32m2.556045e+06[39m
      2 Linear |R| = [32m7.212783e+05[39m
      3 Linear |R| = [32m2.864608e+05[39m
      4 Linear |R| = [32m8.306500e+04[39m
      5 Linear |R| = [32m2.993246e+04[39m
      6 Linear |R| = [32m9.281057e+03[39m
      7 Linear |R| = [32m3.139584e+03[39m
      8 Linear |R| = [32m1.141908e+03[39m
      9 Linear |R| = [32m3.713117e+02[39m
     10 Linear |R| = [32m1.252438e+02[39m
 1 Nonlinear |R| = [32m2.282813e+05[39m
      0 Linear |R| = [32m2.282813e+05[39m
      1 Linear |R| = [32m8.899517e+03[39m
      2 Linear |R| = [32m3.427071e+03[39m
      3 Linear |R| = [32m1.187744e+03[39m
      4 Linear |R| = [32m3.227667e+02[39m
      5 Linear |R| = [32m9.918871e+01[39m
      6 Linear |R| = [32m3.208935e+01[39m
      7 Linear |R| = [32m1.070475e+01[39m
      8 Linear |R| = [32m3.359275e+00[39m
      9 Linear |R| = [32m1.061716e+00[39m
 2 Nonlinear |R| = [32m1.364957e+01[39m
[32m Solve Converged![39m

Postprocessor Values:
+----------------+----------------+----------------+----------------+----------------+
| time           | base_shear_x   | damage_max     | top_disp_x     | vonmises_max   |
+----------------+----------------+----------------+----------------+----------------+
|   0.000000e+00 |   0.000000e+00 |   0.000000e+00 |   0.000000e+00 |   0.000000e+00 |
|   4.000000e+00 |  -3.914946e+05 |   0.000000e+00 |  -5.299061e-03 |   3.065579e+06 |
|   8.000000e+00 |  -1.495373e+05 |   0.000000e+00 |  -2.024061e-03 |   1.512170e+06 |
|   1.200000e+01 |   1.495380e+05 |   0.000000e+00 |   2.024061e-03 |   1.512180e+06 |
|   1.600000e+01 |   3.914950e+05 |   0.000000e+00 |   5.299061e-03 |   3.065587e+06 |
|   2.000000e+01 |   4.839144e+05 |   0.000000e+00 |   6.550000e-03 |   3.659346e+06 |
|   2.400000e+01 |   3.899291e+05 |   4.000000e-03 |   5.299061e-03 |   3.055536e+06 |
|   2.800000e+01 |   1.483416e+05 |   8.000000e-03 |   2.024061e-03 |   1.504506e+06 |
|   3.200000e+01 |  -1.477431e+05 |   1.200000e-02 |  -2.024061e-03 |   1.500661e+06 |
|   3.600000e+01 |  -3.852309e+05 |   1.600000e-02 |  -5.299061e-03 |   3.025378e+06 |
|   4.000000e+01 |  -6.516225e+05 |   2.000000e-02 |  -9.000000e-03 |   4.737486e+06 |
+----------------+----------------+----------------+----------------+----------------+


Time Step 11, time = 44, dt = 4
 0 Nonlinear |R| = [32m6.030086e+06[39m
      0 Linear |R| = [32m6.030086e+06[39m
      1 Linear |R| = [32m1.163848e+06[39m
      2 Linear |R| = [32m3.292895e+05[39m
      3 Linear |R| = [32m1.314252e+05[39m
      4 Linear |R| = [32m3.816176e+04[39m
      5 Linear |R| = [32m1.378925e+04[39m
      6 Linear |R| = [32m4.271153e+03[39m
      7 Linear |R| = [32m1.438242e+03[39m
      8 Linear |R| = [32m5.251525e+02[39m
      9 Linear |R| = [32m1.708915e+02[39m
     10 Linear |R| = [32m5.761998e+01[39m
 1 Nonlinear |R| = [32m4.882073e+04[39m
      0 Linear |R| = [32m4.882073e+04[39m
      1 Linear |R| = [32m1.865570e+03[39m
      2 Linear |R| = [32m6.862820e+02[39m
      3 Linear |R| = [32m2.128232e+02[39m
      4 Linear |R| = [32m6.424479e+01[39m
      5 Linear |R| = [32m1.891322e+01[39m
      6 Linear |R| = [32m6.145974e+00[39m
      7 Linear |R| = [32m1.981139e+00[39m
      8 Linear |R| = [32m6.496456e-01[39m
      9 Linear |R| = [32m1.947386e-01[39m
 2 Nonlinear |R| = [32m6.547479e-01[39m
[32m Solve Converged![39m

Postprocessor Values:
+----------------+----------------+----------------+----------------+----------------+
| time           | base_shear_x   | damage_max     | top_disp_x     | vonmises_max   |
+----------------+----------------+----------------+----------------+----------------+
|   0.000000e+00 |   0.000000e+00 |   0.000000e+00 |   0.000000e+00 |   0.000000e+00 |
|   4.000000e+00 |  -3.914946e+05 |   0.000000e+00 |  -5.299061e-03 |   3.065579e+06 |
|   8.000000e+00 |  -1.495373e+05 |   0.000000e+00 |  -2.024061e-03 |   1.512170e+06 |
|   1.200000e+01 |   1.495380e+05 |   0.000000e+00 |   2.024061e-03 |   1.512180e+06 |
|   1.600000e+01 |   3.914950e+05 |   0.000000e+00 |   5.299061e-03 |   3.065587e+06 |
|   2.000000e+01 |   4.839144e+05 |   0.000000e+00 |   6.550000e-03 |   3.659346e+06 |
|   2.400000e+01 |   3.899291e+05 |   4.000000e-03 |   5.299061e-03 |   3.055536e+06 |
|   2.800000e+01 |   1.483416e+05 |   8.000000e-03 |   2.024061e-03 |   1.504506e+06 |
|   3.200000e+01 |  -1.477431e+05 |   1.200000e-02 |  -2.024061e-03 |   1.500661e+06 |
|   3.600000e+01 |  -3.852309e+05 |   1.600000e-02 |  -5.299061e-03 |   3.025378e+06 |
|   4.000000e+01 |  -6.516225e+05 |   2.000000e-02 |  -9.000000e-03 |   4.737486e+06 |
|   4.400000e+01 |  -5.228702e+05 |   2.800000e-02 |  -7.281153e-03 |   3.909788e+06 |
+----------------+----------------+----------------+----------------+----------------+


Time Step 12, time = 48, dt = 4
 0 Nonlinear |R| = [32m1.565462e+07[39m
      0 Linear |R| = [32m1.565462e+07[39m
      1 Linear |R| = [32m3.080147e+06[39m
      2 Linear |R| = [32m8.674805e+05[39m
      3 Linear |R| = [32m3.427174e+05[39m
      4 Linear |R| = [32m9.961209e+04[39m
      5 Linear |R| = [32m3.596373e+04[39m
      6 Linear |R| = [32m1.112427e+04[39m
      7 Linear |R| = [32m3.753093e+03[39m
      8 Linear |R| = [32m1.368183e+03[39m
      9 Linear |R| = [32m4.454488e+02[39m
     10 Linear |R| = [32m1.501870e+02[39m
 1 Nonlinear |R| = [32m3.318602e+05[39m
      0 Linear |R| = [32m3.318602e+05[39m
      1 Linear |R| = [32m1.294287e+04[39m
      2 Linear |R| = [32m4.969073e+03[39m
      3 Linear |R| = [32m1.692161e+03[39m
      4 Linear |R| = [32m4.646974e+02[39m
      5 Linear |R| = [32m1.405557e+02[39m
      6 Linear |R| = [32m4.566508e+01[39m
      7 Linear |R| = [32m1.482150e+01[39m
      8 Linear |R| = [32m4.838389e+00[39m
      9 Linear |R| = [32m1.477882e+00[39m
 2 Nonlinear |R| = [32m2.926666e+01[39m
[32m Solve Converged![39m

Postprocessor Values:
+----------------+----------------+----------------+----------------+----------------+
| time           | base_shear_x   | damage_max     | top_disp_x     | vonmises_max   |
+----------------+----------------+----------------+----------------+----------------+
|   0.000000e+00 |   0.000000e+00 |   0.000000e+00 |   0.000000e+00 |   0.000000e+00 |
|   4.000000e+00 |  -3.914946e+05 |   0.000000e+00 |  -5.299061e-03 |   3.065579e+06 |
|   8.000000e+00 |  -1.495373e+05 |   0.000000e+00 |  -2.024061e-03 |   1.512170e+06 |
|   1.200000e+01 |   1.495380e+05 |   0.000000e+00 |   2.024061e-03 |   1.512180e+06 |
|   1.600000e+01 |   3.914950e+05 |   0.000000e+00 |   5.299061e-03 |   3.065587e+06 |
|   2.000000e+01 |   4.839144e+05 |   0.000000e+00 |   6.550000e-03 |   3.659346e+06 |
|   2.400000e+01 |   3.899291e+05 |   4.000000e-03 |   5.299061e-03 |   3.055536e+06 |
|   2.800000e+01 |   1.483416e+05 |   8.000000e-03 |   2.024061e-03 |   1.504506e+06 |
|   3.200000e+01 |  -1.477431e+05 |   1.200000e-02 |  -2.024061e-03 |   1.500661e+06 |
|   3.600000e+01 |  -3.852309e+05 |   1.600000e-02 |  -5.299061e-03 |   3.025378e+06 |
|   4.000000e+01 |  -6.516225e+05 |   2.000000e-02 |  -9.000000e-03 |   4.737486e+06 |
|   4.400000e+01 |  -5.228702e+05 |   2.800000e-02 |  -7.281153e-03 |   3.909788e+06 |
|   4.800000e+01 |  -1.980746e+05 |   3.600000e-02 |  -2.781153e-03 |   1.823681e+06 |
+----------------+----------------+----------------+----------------+----------------+


Time Step 13, time = 52, dt = 4
 0 Nonlinear |R| = [32m1.918651e+07[39m
      0 Linear |R| = [32m1.918651e+07[39m
      1 Linear |R| = [32m3.818666e+06[39m
      2 Linear |R| = [32m1.072396e+06[39m
      3 Linear |R| = [32m4.212546e+05[39m
      4 Linear |R| = [32m1.225326e+05[39m
      5 Linear |R| = [32m4.420436e+04[39m
      6 Linear |R| = [32m1.366852e+04[39m
      7 Linear |R| = [32m4.615036e+03[39m
      8 Linear |R| = [32m1.681441e+03[39m
      9 Linear |R| = [32m5.472735e+02[39m
     10 Linear |R| = [32m1.845613e+02[39m
 1 Nonlinear |R| = [32m5.029365e+05[39m
      0 Linear |R| = [32m5.029365e+05[39m
      1 Linear |R| = [32m1.993901e+04[39m
      2 Linear |R| = [32m7.846366e+03[39m
      3 Linear |R| = [32m2.735441e+03[39m
      4 Linear |R| = [32m7.291149e+02[39m
      5 Linear |R| = [32m2.263189e+02[39m
      6 Linear |R| = [32m7.293235e+01[39m
      7 Linear |R| = [32m2.394639e+01[39m
      8 Linear |R| = [32m7.776916e+00[39m
      9 Linear |R| = [32m2.414324e+00[39m
 2 Nonlinear |R| = [32m6.796253e+01[39m
[32m Solve Converged![39m

Postprocessor Values:
+----------------+----------------+----------------+----------------+----------------+
| time           | base_shear_x   | damage_max     | top_disp_x     | vonmises_max   |
+----------------+----------------+----------------+----------------+----------------+
|   0.000000e+00 |   0.000000e+00 |   0.000000e+00 |   0.000000e+00 |   0.000000e+00 |
|   4.000000e+00 |  -3.914946e+05 |   0.000000e+00 |  -5.299061e-03 |   3.065579e+06 |
|   8.000000e+00 |  -1.495373e+05 |   0.000000e+00 |  -2.024061e-03 |   1.512170e+06 |
|   1.200000e+01 |   1.495380e+05 |   0.000000e+00 |   2.024061e-03 |   1.512180e+06 |
|   1.600000e+01 |   3.914950e+05 |   0.000000e+00 |   5.299061e-03 |   3.065587e+06 |
|   2.000000e+01 |   4.839144e+05 |   0.000000e+00 |   6.550000e-03 |   3.659346e+06 |
|   2.400000e+01 |   3.899291e+05 |   4.000000e-03 |   5.299061e-03 |   3.055536e+06 |
|   2.800000e+01 |   1.483416e+05 |   8.000000e-03 |   2.024061e-03 |   1.504506e+06 |
|   3.200000e+01 |  -1.477431e+05 |   1.200000e-02 |  -2.024061e-03 |   1.500661e+06 |
|   3.600000e+01 |  -3.852309e+05 |   1.600000e-02 |  -5.299061e-03 |   3.025378e+06 |
|   4.000000e+01 |  -6.516225e+05 |   2.000000e-02 |  -9.000000e-03 |   4.737486e+06 |
|   4.400000e+01 |  -5.228702e+05 |   2.800000e-02 |  -7.281153e-03 |   3.909788e+06 |
|   4.800000e+01 |  -1.980746e+05 |   3.600000e-02 |  -2.781153e-03 |   1.823681e+06 |
|   5.200000e+01 |   1.964316e+05 |   4.400000e-02 |   2.781153e-03 |   1.813144e+06 |
+----------------+----------------+----------------+----------------+----------------+


Time Step 14, time = 56, dt = 4
 0 Nonlinear |R| = [32m1.539317e+07[39m
      0 Linear |R| = [32m1.539317e+07[39m
      1 Linear |R| = [32m3.028984e+06[39m
      2 Linear |R| = [32m8.529644e+05[39m
      3 Linear |R| = [32m3.371413e+05[39m
      4 Linear |R| = [32m9.803376e+04[39m
      5 Linear |R| = [32m3.539163e+04[39m
      6 Linear |R| = [32m1.096060e+04[39m
      7 Linear |R| = [32m3.692204e+03[39m
      8 Linear |R| = [32m1.347837e+03[39m
      9 Linear |R| = [32m4.384160e+02[39m
     10 Linear |R| = [32m1.478443e+02[39m
 1 Nonlinear |R| = [32m3.264715e+05[39m
      0 Linear |R| = [32m3.264715e+05[39m
      1 Linear |R| = [32m1.281595e+04[39m
      2 Linear |R| = [32m4.977199e+03[39m
      3 Linear |R| = [32m1.720495e+03[39m
      4 Linear |R| = [32m4.655805e+02[39m
      5 Linear |R| = [32m1.425215e+02[39m
      6 Linear |R| = [32m4.609229e+01[39m
      7 Linear |R| = [32m1.507737e+01[39m
      8 Linear |R| = [32m4.881695e+00[39m
      9 Linear |R| = [32m1.510863e+00[39m
 2 Nonlinear |R| = [32m2.884008e+01[39m
[32m Solve Converged![39m

Postprocessor Values:
+----------------+----------------+----------------+----------------+----------------+
| time           | base_shear_x   | damage_max     | top_disp_x     | vonmises_max   |
+----------------+----------------+----------------+----------------+----------------+
|   0.000000e+00 |   0.000000e+00 |   0.000000e+00 |   0.000000e+00 |   0.000000e+00 |
|   4.000000e+00 |  -3.914946e+05 |   0.000000e+00 |  -5.299061e-03 |   3.065579e+06 |
|   8.000000e+00 |  -1.495373e+05 |   0.000000e+00 |  -2.024061e-03 |   1.512170e+06 |
|   1.200000e+01 |   1.495380e+05 |   0.000000e+00 |   2.024061e-03 |   1.512180e+06 |
|   1.600000e+01 |   3.914950e+05 |   0.000000e+00 |   5.299061e-03 |   3.065587e+06 |
|   2.000000e+01 |   4.839144e+05 |   0.000000e+00 |   6.550000e-03 |   3.659346e+06 |
|   2.400000e+01 |   3.899291e+05 |   4.000000e-03 |   5.299061e-03 |   3.055536e+06 |
|   2.800000e+01 |   1.483416e+05 |   8.000000e-03 |   2.024061e-03 |   1.504506e+06 |
|   3.200000e+01 |  -1.477431e+05 |   1.200000e-02 |  -2.024061e-03 |   1.500661e+06 |
|   3.600000e+01 |  -3.852309e+05 |   1.600000e-02 |  -5.299061e-03 |   3.025378e+06 |
|   4.000000e+01 |  -6.516225e+05 |   2.000000e-02 |  -9.000000e-03 |   4.737486e+06 |
|   4.400000e+01 |  -5.228702e+05 |   2.800000e-02 |  -7.281153e-03 |   3.909788e+06 |
|   4.800000e+01 |  -1.980746e+05 |   3.600000e-02 |  -2.781153e-03 |   1.823681e+06 |
|   5.200000e+01 |   1.964316e+05 |   4.400000e-02 |   2.781153e-03 |   1.813144e+06 |
|   5.600000e+01 |   5.099609e+05 |   5.200000e-02 |   7.281153e-03 |   3.826914e+06 |
+----------------+----------------+----------------+----------------+----------------+


Time Step 15, time = 60, dt = 4
 0 Nonlinear |R| = [32m5.831184e+06[39m
      0 Linear |R| = [32m5.831184e+06[39m
      1 Linear |R| = [32m1.125511e+06[39m
      2 Linear |R| = [32m3.184038e+05[39m
      3 Linear |R| = [32m1.271208e+05[39m
      4 Linear |R| = [32m3.693057e+04[39m
      5 Linear |R| = [32m1.334579e+04[39m
      6 Linear |R| = [32m4.143768e+03[39m
      7 Linear |R| = [32m1.391480e+03[39m
      8 Linear |R| = [32m5.092711e+02[39m
      9 Linear |R| = [32m1.655553e+02[39m
     10 Linear |R| = [32m5.581849e+01[39m
 1 Nonlinear |R| = [32m4.722431e+04[39m
      0 Linear |R| = [32m4.722431e+04[39m
      1 Linear |R| = [32m1.811968e+03[39m
      2 Linear |R| = [32m6.739298e+02[39m
      3 Linear |R| = [32m2.167323e+02[39m
      4 Linear |R| = [32m6.344928e+01[39m
      5 Linear |R| = [32m1.872165e+01[39m
      6 Linear |R| = [32m6.075313e+00[39m
      7 Linear |R| = [32m1.960328e+00[39m
      8 Linear |R| = [32m6.373114e-01[39m
      9 Linear |R| = [32m1.932475e-01[39m
 2 Nonlinear |R| = [32m6.360014e-01[39m
[32m Solve Converged![39m

Postprocessor Values:
+----------------+----------------+----------------+----------------+----------------+
| time           | base_shear_x   | damage_max     | top_disp_x     | vonmises_max   |
+----------------+----------------+----------------+----------------+----------------+
:                :                :                :                :                :
|   4.000000e+00 |  -3.914946e+05 |   0.000000e+00 |  -5.299061e-03 |   3.065579e+06 |
|   8.000000e+00 |  -1.495373e+05 |   0.000000e+00 |  -2.024061e-03 |   1.512170e+06 |
|   1.200000e+01 |   1.495380e+05 |   0.000000e+00 |   2.024061e-03 |   1.512180e+06 |
|   1.600000e+01 |   3.914950e+05 |   0.000000e+00 |   5.299061e-03 |   3.065587e+06 |
|   2.000000e+01 |   4.839144e+05 |   0.000000e+00 |   6.550000e-03 |   3.659346e+06 |
|   2.400000e+01 |   3.899291e+05 |   4.000000e-03 |   5.299061e-03 |   3.055536e+06 |
|   2.800000e+01 |   1.483416e+05 |   8.000000e-03 |   2.024061e-03 |   1.504506e+06 |
|   3.200000e+01 |  -1.477431e+05 |   1.200000e-02 |  -2.024061e-03 |   1.500661e+06 |
|   3.600000e+01 |  -3.852309e+05 |   1.600000e-02 |  -5.299061e-03 |   3.025378e+06 |
|   4.000000e+01 |  -6.516225e+05 |   2.000000e-02 |  -9.000000e-03 |   4.737486e+06 |
|   4.400000e+01 |  -5.228702e+05 |   2.800000e-02 |  -7.281153e-03 |   3.909788e+06 |
|   4.800000e+01 |  -1.980746e+05 |   3.600000e-02 |  -2.781153e-03 |   1.823681e+06 |
|   5.200000e+01 |   1.964316e+05 |   4.400000e-02 |   2.781153e-03 |   1.813144e+06 |
|   5.600000e+01 |   5.099609e+05 |   5.200000e-02 |   7.281153e-03 |   3.826914e+06 |
|   6.000000e+01 |   6.250273e+05 |   6.000000e-02 |   9.000000e-03 |   4.566704e+06 |
+----------------+----------------+----------------+----------------+----------------+


Time Step 16, time = 64, dt = 4
 0 Nonlinear |R| = [32m5.781941e+06[39m
      0 Linear |R| = [32m5.781941e+06[39m
      1 Linear |R| = [32m1.115751e+06[39m
      2 Linear |R| = [32m3.157154e+05[39m
      3 Linear |R| = [32m1.260663e+05[39m
      4 Linear |R| = [32m3.658429e+04[39m
      5 Linear |R| = [32m1.321016e+04[39m
      6 Linear |R| = [32m4.107815e+03[39m
      7 Linear |R| = [32m1.381028e+03[39m
      8 Linear |R| = [32m5.048245e+02[39m
      9 Linear |R| = [32m1.640982e+02[39m
     10 Linear |R| = [32m5.531227e+01[39m
 1 Nonlinear |R| = [32m4.681057e+04[39m
      0 Linear |R| = [32m4.681057e+04[39m
      1 Linear |R| = [32m1.788277e+03[39m
      2 Linear |R| = [32m6.583935e+02[39m
      3 Linear |R| = [32m2.062479e+02[39m
      4 Linear |R| = [32m6.205100e+01[39m
      5 Linear |R| = [32m1.833366e+01[39m
      6 Linear |R| = [32m5.993312e+00[39m
      7 Linear |R| = [32m1.947253e+00[39m
      8 Linear |R| = [32m6.321707e-01[39m
      9 Linear |R| = [32m1.913618e-01[39m
 2 Nonlinear |R| = [32m6.291930e-01[39m
[32m Solve Converged![39m

Postprocessor Values:
+----------------+----------------+----------------+----------------+----------------+
| time           | base_shear_x   | damage_max     | top_disp_x     | vonmises_max   |
+----------------+----------------+----------------+----------------+----------------+
:                :                :                :                :                :
|   8.000000e+00 |  -1.495373e+05 |   0.000000e+00 |  -2.024061e-03 |   1.512170e+06 |
|   1.200000e+01 |   1.495380e+05 |   0.000000e+00 |   2.024061e-03 |   1.512180e+06 |
|   1.600000e+01 |   3.914950e+05 |   0.000000e+00 |   5.299061e-03 |   3.065587e+06 |
|   2.000000e+01 |   4.839144e+05 |   0.000000e+00 |   6.550000e-03 |   3.659346e+06 |
|   2.400000e+01 |   3.899291e+05 |   4.000000e-03 |   5.299061e-03 |   3.055536e+06 |
|   2.800000e+01 |   1.483416e+05 |   8.000000e-03 |   2.024061e-03 |   1.504506e+06 |
|   3.200000e+01 |  -1.477431e+05 |   1.200000e-02 |  -2.024061e-03 |   1.500661e+06 |
|   3.600000e+01 |  -3.852309e+05 |   1.600000e-02 |  -5.299061e-03 |   3.025378e+06 |
|   4.000000e+01 |  -6.516225e+05 |   2.000000e-02 |  -9.000000e-03 |   4.737486e+06 |
|   4.400000e+01 |  -5.228702e+05 |   2.800000e-02 |  -7.281153e-03 |   3.909788e+06 |
|   4.800000e+01 |  -1.980746e+05 |   3.600000e-02 |  -2.781153e-03 |   1.823681e+06 |
|   5.200000e+01 |   1.964316e+05 |   4.400000e-02 |   2.781153e-03 |   1.813144e+06 |
|   5.600000e+01 |   5.099609e+05 |   5.200000e-02 |   7.281153e-03 |   3.826914e+06 |
|   6.000000e+01 |   6.250273e+05 |   6.000000e-02 |   9.000000e-03 |   4.566704e+06 |
|   6.400000e+01 |   5.013543e+05 |   6.800000e-02 |   7.281153e-03 |   3.771660e+06 |
+----------------+----------------+----------------+----------------+----------------+


Time Step 17, time = 68, dt = 4
 0 Nonlinear |R| = [32m1.500507e+07[39m
      0 Linear |R| = [32m1.500507e+07[39m
      1 Linear |R| = [32m2.951003e+06[39m
      2 Linear |R| = [32m8.313949e+05[39m
      3 Linear |R| = [32m3.288511e+05[39m
      4 Linear |R| = [32m9.535602e+04[39m
      5 Linear |R| = [32m3.434658e+04[39m
      6 Linear |R| = [32m1.067454e+04[39m
      7 Linear |R| = [32m3.607487e+03[39m
      8 Linear |R| = [32m1.312889e+03[39m
      9 Linear |R| = [32m4.268645e+02[39m
     10 Linear |R| = [32m1.438916e+02[39m
 1 Nonlinear |R| = [32m3.180856e+05[39m
      0 Linear |R| = [32m3.180856e+05[39m
      1 Linear |R| = [32m1.241292e+04[39m
      2 Linear |R| = [32m4.782588e+03[39m
      3 Linear |R| = [32m1.653436e+03[39m
      4 Linear |R| = [32m4.482250e+02[39m
      5 Linear |R| = [32m1.377295e+02[39m
      6 Linear |R| = [32m4.464080e+01[39m
      7 Linear |R| = [32m1.484418e+01[39m
      8 Linear |R| = [32m4.693178e+00[39m
      9 Linear |R| = [32m1.470687e+00[39m
 2 Nonlinear |R| = [32m2.806272e+01[39m
[32m Solve Converged![39m

Postprocessor Values:
+----------------+----------------+----------------+----------------+----------------+
| time           | base_shear_x   | damage_max     | top_disp_x     | vonmises_max   |
+----------------+----------------+----------------+----------------+----------------+
:                :                :                :                :                :
|   1.200000e+01 |   1.495380e+05 |   0.000000e+00 |   2.024061e-03 |   1.512180e+06 |
|   1.600000e+01 |   3.914950e+05 |   0.000000e+00 |   5.299061e-03 |   3.065587e+06 |
|   2.000000e+01 |   4.839144e+05 |   0.000000e+00 |   6.550000e-03 |   3.659346e+06 |
|   2.400000e+01 |   3.899291e+05 |   4.000000e-03 |   5.299061e-03 |   3.055536e+06 |
|   2.800000e+01 |   1.483416e+05 |   8.000000e-03 |   2.024061e-03 |   1.504506e+06 |
|   3.200000e+01 |  -1.477431e+05 |   1.200000e-02 |  -2.024061e-03 |   1.500661e+06 |
|   3.600000e+01 |  -3.852309e+05 |   1.600000e-02 |  -5.299061e-03 |   3.025378e+06 |
|   4.000000e+01 |  -6.516225e+05 |   2.000000e-02 |  -9.000000e-03 |   4.737486e+06 |
|   4.400000e+01 |  -5.228702e+05 |   2.800000e-02 |  -7.281153e-03 |   3.909788e+06 |
|   4.800000e+01 |  -1.980746e+05 |   3.600000e-02 |  -2.781153e-03 |   1.823681e+06 |
|   5.200000e+01 |   1.964316e+05 |   4.400000e-02 |   2.781153e-03 |   1.813144e+06 |
|   5.600000e+01 |   5.099609e+05 |   5.200000e-02 |   7.281153e-03 |   3.826914e+06 |
|   6.000000e+01 |   6.250273e+05 |   6.000000e-02 |   9.000000e-03 |   4.566704e+06 |
|   6.400000e+01 |   5.013543e+05 |   6.800000e-02 |   7.281153e-03 |   3.771660e+06 |
|   6.800000e+01 |   1.898565e+05 |   7.600000e-02 |   2.781153e-03 |   1.770961e+06 |
+----------------+----------------+----------------+----------------+----------------+


Time Step 18, time = 72, dt = 4
 0 Nonlinear |R| = [32m1.838375e+07[39m
      0 Linear |R| = [32m1.838375e+07[39m
      1 Linear |R| = [32m3.656889e+06[39m
      2 Linear |R| = [32m1.027431e+06[39m
      3 Linear |R| = [32m4.041701e+05[39m
      4 Linear |R| = [32m1.171884e+05[39m
      5 Linear |R| = [32m4.214677e+04[39m
      6 Linear |R| = [32m1.308190e+04[39m
      7 Linear |R| = [32m4.435684e+03[39m
      8 Linear |R| = [32m1.609933e+03[39m
      9 Linear |R| = [32m5.234423e+02[39m
     10 Linear |R| = [32m1.765200e+02[39m
 1 Nonlinear |R| = [32m4.818864e+05[39m
      0 Linear |R| = [32m4.818864e+05[39m
      1 Linear |R| = [32m1.912110e+04[39m
      2 Linear |R| = [32m7.550299e+03[39m
      3 Linear |R| = [32m2.659552e+03[39m
      4 Linear |R| = [32m7.005029e+02[39m
      5 Linear |R| = [32m2.214100e+02[39m
      6 Linear |R| = [32m7.066730e+01[39m
      7 Linear |R| = [32m2.376812e+01[39m
      8 Linear |R| = [32m7.450779e+00[39m
      9 Linear |R| = [32m2.369680e+00[39m
 2 Nonlinear |R| = [32m6.513382e+01[39m
[32m Solve Converged![39m

Postprocessor Values:
+----------------+----------------+----------------+----------------+----------------+
| time           | base_shear_x   | damage_max     | top_disp_x     | vonmises_max   |
+----------------+----------------+----------------+----------------+----------------+
:                :                :                :                :                :
|   1.600000e+01 |   3.914950e+05 |   0.000000e+00 |   5.299061e-03 |   3.065587e+06 |
|   2.000000e+01 |   4.839144e+05 |   0.000000e+00 |   6.550000e-03 |   3.659346e+06 |
|   2.400000e+01 |   3.899291e+05 |   4.000000e-03 |   5.299061e-03 |   3.055536e+06 |
|   2.800000e+01 |   1.483416e+05 |   8.000000e-03 |   2.024061e-03 |   1.504506e+06 |
|   3.200000e+01 |  -1.477431e+05 |   1.200000e-02 |  -2.024061e-03 |   1.500661e+06 |
|   3.600000e+01 |  -3.852309e+05 |   1.600000e-02 |  -5.299061e-03 |   3.025378e+06 |
|   4.000000e+01 |  -6.516225e+05 |   2.000000e-02 |  -9.000000e-03 |   4.737486e+06 |
|   4.400000e+01 |  -5.228702e+05 |   2.800000e-02 |  -7.281153e-03 |   3.909788e+06 |
|   4.800000e+01 |  -1.980746e+05 |   3.600000e-02 |  -2.781153e-03 |   1.823681e+06 |
|   5.200000e+01 |   1.964316e+05 |   4.400000e-02 |   2.781153e-03 |   1.813144e+06 |
|   5.600000e+01 |   5.099609e+05 |   5.200000e-02 |   7.281153e-03 |   3.826914e+06 |
|   6.000000e+01 |   6.250273e+05 |   6.000000e-02 |   9.000000e-03 |   4.566704e+06 |
|   6.400000e+01 |   5.013543e+05 |   6.800000e-02 |   7.281153e-03 |   3.771660e+06 |
|   6.800000e+01 |   1.898565e+05 |   7.600000e-02 |   2.781153e-03 |   1.770961e+06 |
|   7.200000e+01 |  -1.882129e+05 |   8.400000e-02 |  -2.781153e-03 |   1.760413e+06 |
+----------------+----------------+----------------+----------------+----------------+


Time Step 19, time = 76, dt = 4
 0 Nonlinear |R| = [32m1.474369e+07[39m
      0 Linear |R| = [32m1.474369e+07[39m
      1 Linear |R| = [32m2.899857e+06[39m
      2 Linear |R| = [32m8.169454e+05[39m
      3 Linear |R| = [32m3.232871e+05[39m
      4 Linear |R| = [32m9.373612e+04[39m
      5 Linear |R| = [32m3.375049e+04[39m
      6 Linear |R| = [32m1.046763e+04[39m
      7 Linear |R| = [32m3.544934e+03[39m
      8 Linear |R| = [32m1.288038e+03[39m
      9 Linear |R| = [32m4.187895e+02[39m
     10 Linear |R| = [32m1.412542e+02[39m
 1 Nonlinear |R| = [32m3.126918e+05[39m
      0 Linear |R| = [32m3.126918e+05[39m
      1 Linear |R| = [32m1.228403e+04[39m
      2 Linear |R| = [32m4.787814e+03[39m
      3 Linear |R| = [32m1.676293e+03[39m
      4 Linear |R| = [32m4.480494e+02[39m
      5 Linear |R| = [32m1.395370e+02[39m
      6 Linear |R| = [32m4.485730e+01[39m
      7 Linear |R| = [32m1.502860e+01[39m
      8 Linear |R| = [32m4.707003e+00[39m
      9 Linear |R| = [32m1.493881e+00[39m
 2 Nonlinear |R| = [32m2.763400e+01[39m
[32m Solve Converged![39m

Postprocessor Values:
+----------------+----------------+----------------+----------------+----------------+
| time           | base_shear_x   | damage_max     | top_disp_x     | vonmises_max   |
+----------------+----------------+----------------+----------------+----------------+
:                :                :                :                :                :
|   2.000000e+01 |   4.839144e+05 |   0.000000e+00 |   6.550000e-03 |   3.659346e+06 |
|   2.400000e+01 |   3.899291e+05 |   4.000000e-03 |   5.299061e-03 |   3.055536e+06 |
|   2.800000e+01 |   1.483416e+05 |   8.000000e-03 |   2.024061e-03 |   1.504506e+06 |
|   3.200000e+01 |  -1.477431e+05 |   1.200000e-02 |  -2.024061e-03 |   1.500661e+06 |
|   3.600000e+01 |  -3.852309e+05 |   1.600000e-02 |  -5.299061e-03 |   3.025378e+06 |
|   4.000000e+01 |  -6.516225e+05 |   2.000000e-02 |  -9.000000e-03 |   4.737486e+06 |
|   4.400000e+01 |  -5.228702e+05 |   2.800000e-02 |  -7.281153e-03 |   3.909788e+06 |
|   4.800000e+01 |  -1.980746e+05 |   3.600000e-02 |  -2.781153e-03 |   1.823681e+06 |
|   5.200000e+01 |   1.964316e+05 |   4.400000e-02 |   2.781153e-03 |   1.813144e+06 |
|   5.600000e+01 |   5.099609e+05 |   5.200000e-02 |   7.281153e-03 |   3.826914e+06 |
|   6.000000e+01 |   6.250273e+05 |   6.000000e-02 |   9.000000e-03 |   4.566704e+06 |
|   6.400000e+01 |   5.013543e+05 |   6.800000e-02 |   7.281153e-03 |   3.771660e+06 |
|   6.800000e+01 |   1.898565e+05 |   7.600000e-02 |   2.781153e-03 |   1.770961e+06 |
|   7.200000e+01 |  -1.882129e+05 |   8.400000e-02 |  -2.781153e-03 |   1.760413e+06 |
|   7.600000e+01 |  -4.884445e+05 |   9.200000e-02 |  -7.281153e-03 |   3.688775e+06 |
+----------------+----------------+----------------+----------------+----------------+


Time Step 20, time = 80, dt = 4
 0 Nonlinear |R| = [32m2.310813e+07[39m
      0 Linear |R| = [32m2.310813e+07[39m
      1 Linear |R| = [32m4.691354e+06[39m
      2 Linear |R| = [32m1.311590e+06[39m
      3 Linear |R| = [32m5.109963e+05[39m
      4 Linear |R| = [32m1.482544e+05[39m
      5 Linear |R| = [32m5.316008e+04[39m
      6 Linear |R| = [32m1.645552e+04[39m
      7 Linear |R| = [32m5.612587e+03[39m
      8 Linear |R| = [32m2.027772e+03[39m
      9 Linear |R| = [32m6.597004e+02[39m
     10 Linear |R| = [32m2.226676e+02[39m
 1 Nonlinear |R| = [32m7.760527e+05[39m
      0 Linear |R| = [32m7.760527e+05[39m
      1 Linear |R| = [32m3.189306e+04[39m
      2 Linear |R| = [32m1.298281e+04[39m
      3 Linear |R| = [32m4.595234e+03[39m
      4 Linear |R| = [32m1.192369e+03[39m
      5 Linear |R| = [32m3.903843e+02[39m
      6 Linear |R| = [32m1.214293e+02[39m
      7 Linear |R| = [32m4.151559e+01[39m
      8 Linear |R| = [32m1.289596e+01[39m
      9 Linear |R| = [32m4.176362e+00[39m
 2 Nonlinear |R| = [32m1.731006e+02[39m
[32m Solve Converged![39m

Postprocessor Values:
+----------------+----------------+----------------+----------------+----------------+
| time           | base_shear_x   | damage_max     | top_disp_x     | vonmises_max   |
+----------------+----------------+----------------+----------------+----------------+
:                :                :                :                :                :
|   2.400000e+01 |   3.899291e+05 |   4.000000e-03 |   5.299061e-03 |   3.055536e+06 |
|   2.800000e+01 |   1.483416e+05 |   8.000000e-03 |   2.024061e-03 |   1.504506e+06 |
|   3.200000e+01 |  -1.477431e+05 |   1.200000e-02 |  -2.024061e-03 |   1.500661e+06 |
|   3.600000e+01 |  -3.852309e+05 |   1.600000e-02 |  -5.299061e-03 |   3.025378e+06 |
|   4.000000e+01 |  -6.516225e+05 |   2.000000e-02 |  -9.000000e-03 |   4.737486e+06 |
|   4.400000e+01 |  -5.228702e+05 |   2.800000e-02 |  -7.281153e-03 |   3.909788e+06 |
|   4.800000e+01 |  -1.980746e+05 |   3.600000e-02 |  -2.781153e-03 |   1.823681e+06 |
|   5.200000e+01 |   1.964316e+05 |   4.400000e-02 |   2.781153e-03 |   1.813144e+06 |
|   5.600000e+01 |   5.099609e+05 |   5.200000e-02 |   7.281153e-03 |   3.826914e+06 |
|   6.000000e+01 |   6.250273e+05 |   6.000000e-02 |   9.000000e-03 |   4.566704e+06 |
|   6.400000e+01 |   5.013543e+05 |   6.800000e-02 |   7.281153e-03 |   3.771660e+06 |
|   6.800000e+01 |   1.898565e+05 |   7.600000e-02 |   2.781153e-03 |   1.770961e+06 |
|   7.200000e+01 |  -1.882129e+05 |   8.400000e-02 |  -2.781153e-03 |   1.760413e+06 |
|   7.600000e+01 |  -4.884445e+05 |   9.200000e-02 |  -7.281153e-03 |   3.688775e+06 |
|   8.000000e+01 |  -9.574920e+05 |   1.000000e-01 |  -1.440000e-02 |   6.706737e+06 |
+----------------+----------------+----------------+----------------+----------------+


Time Step 21, time = 84, dt = 4
 0 Nonlinear |R| = [32m2.257624e+06[39m
      0 Linear |R| = [32m2.257624e+06[39m
      1 Linear |R| = [32m4.344990e+05[39m
      2 Linear |R| = [32m1.230314e+05[39m
      3 Linear |R| = [32m4.917864e+04[39m
      4 Linear |R| = [32m1.427651e+04[39m
      5 Linear |R| = [32m5.157077e+03[39m
      6 Linear |R| = [32m1.596806e+03[39m
      7 Linear |R| = [32m5.383034e+02[39m
      8 Linear |R| = [32m1.964118e+02[39m
      9 Linear |R| = [32m6.395750e+01[39m
     10 Linear |R| = [32m2.156191e+01[39m
 1 Nonlinear |R| = [32m7.494413e+03[39m
      0 Linear |R| = [32m7.494413e+03[39m
      1 Linear |R| = [32m2.862314e+02[39m
      2 Linear |R| = [32m1.050433e+02[39m
      3 Linear |R| = [32m3.251094e+01[39m
      4 Linear |R| = [32m9.909600e+00[39m
      5 Linear |R| = [32m2.925140e+00[39m
      6 Linear |R| = [32m9.603804e-01[39m
      7 Linear |R| = [32m3.124067e-01[39m
      8 Linear |R| = [32m1.017498e-01[39m
      9 Linear |R| = [32m3.068416e-02[39m
 2 Nonlinear |R| = [32m3.467409e-02[39m
[32m Solve Converged![39m

Postprocessor Values:
+----------------+----------------+----------------+----------------+----------------+
| time           | base_shear_x   | damage_max     | top_disp_x     | vonmises_max   |
+----------------+----------------+----------------+----------------+----------------+
:                :                :                :                :                :
|   2.800000e+01 |   1.483416e+05 |   8.000000e-03 |   2.024061e-03 |   1.504506e+06 |
|   3.200000e+01 |  -1.477431e+05 |   1.200000e-02 |  -2.024061e-03 |   1.500661e+06 |
|   3.600000e+01 |  -3.852309e+05 |   1.600000e-02 |  -5.299061e-03 |   3.025378e+06 |
|   4.000000e+01 |  -6.516225e+05 |   2.000000e-02 |  -9.000000e-03 |   4.737486e+06 |
|   4.400000e+01 |  -5.228702e+05 |   2.800000e-02 |  -7.281153e-03 |   3.909788e+06 |
|   4.800000e+01 |  -1.980746e+05 |   3.600000e-02 |  -2.781153e-03 |   1.823681e+06 |
|   5.200000e+01 |   1.964316e+05 |   4.400000e-02 |   2.781153e-03 |   1.813144e+06 |
|   5.600000e+01 |   5.099609e+05 |   5.200000e-02 |   7.281153e-03 |   3.826914e+06 |
|   6.000000e+01 |   6.250273e+05 |   6.000000e-02 |   9.000000e-03 |   4.566704e+06 |
|   6.400000e+01 |   5.013543e+05 |   6.800000e-02 |   7.281153e-03 |   3.771660e+06 |
|   6.800000e+01 |   1.898565e+05 |   7.600000e-02 |   2.781153e-03 |   1.770961e+06 |
|   7.200000e+01 |  -1.882129e+05 |   8.400000e-02 |  -2.781153e-03 |   1.760413e+06 |
|   7.600000e+01 |  -4.884445e+05 |   9.200000e-02 |  -7.281153e-03 |   3.688775e+06 |
|   8.000000e+01 |  -9.574920e+05 |   1.000000e-01 |  -1.440000e-02 |   6.706737e+06 |
|   8.400000e+01 |  -8.979815e+05 |   1.125000e-01 |  -1.369521e-02 |   6.323650e+06 |
+----------------+----------------+----------------+----------------+----------------+


Time Step 22, time = 88, dt = 4
 0 Nonlinear |R| = [32m6.459596e+06[39m
      0 Linear |R| = [32m6.459596e+06[39m
      1 Linear |R| = [32m1.248453e+06[39m
      2 Linear |R| = [32m3.531639e+05[39m
      3 Linear |R| = [32m1.408204e+05[39m
      4 Linear |R| = [32m4.089236e+04[39m
      5 Linear |R| = [32m1.477358e+04[39m
      6 Linear |R| = [32m4.573015e+03[39m
      7 Linear |R| = [32m1.541392e+03[39m
      8 Linear |R| = [32m5.624175e+02[39m
      9 Linear |R| = [32m1.831816e+02[39m
     10 Linear |R| = [32m6.175103e+01[39m
 1 Nonlinear |R| = [32m6.222372e+04[39m
      0 Linear |R| = [32m6.222372e+04[39m
      1 Linear |R| = [32m2.378947e+03[39m
      2 Linear |R| = [32m8.754521e+02[39m
      3 Linear |R| = [32m2.715856e+02[39m
      4 Linear |R| = [32m8.191470e+01[39m
      5 Linear |R| = [32m2.411562e+01[39m
      6 Linear |R| = [32m7.842522e+00[39m
      7 Linear |R| = [32m2.528358e+00[39m
      8 Linear |R| = [32m8.301332e-01[39m
      9 Linear |R| = [32m2.485384e-01[39m
 2 Nonlinear |R| = [32m1.154752e+00[39m
[32m Solve Converged![39m

Postprocessor Values:
+----------------+----------------+----------------+----------------+----------------+
| time           | base_shear_x   | damage_max     | top_disp_x     | vonmises_max   |
+----------------+----------------+----------------+----------------+----------------+
:                :                :                :                :                :
|   3.200000e+01 |  -1.477431e+05 |   1.200000e-02 |  -2.024061e-03 |   1.500661e+06 |
|   3.600000e+01 |  -3.852309e+05 |   1.600000e-02 |  -5.299061e-03 |   3.025378e+06 |
|   4.000000e+01 |  -6.516225e+05 |   2.000000e-02 |  -9.000000e-03 |   4.737486e+06 |
|   4.400000e+01 |  -5.228702e+05 |   2.800000e-02 |  -7.281153e-03 |   3.909788e+06 |
|   4.800000e+01 |  -1.980746e+05 |   3.600000e-02 |  -2.781153e-03 |   1.823681e+06 |
|   5.200000e+01 |   1.964316e+05 |   4.400000e-02 |   2.781153e-03 |   1.813144e+06 |
|   5.600000e+01 |   5.099609e+05 |   5.200000e-02 |   7.281153e-03 |   3.826914e+06 |
|   6.000000e+01 |   6.250273e+05 |   6.000000e-02 |   9.000000e-03 |   4.566704e+06 |
|   6.400000e+01 |   5.013543e+05 |   6.800000e-02 |   7.281153e-03 |   3.771660e+06 |
|   6.800000e+01 |   1.898565e+05 |   7.600000e-02 |   2.781153e-03 |   1.770961e+06 |
|   7.200000e+01 |  -1.882129e+05 |   8.400000e-02 |  -2.781153e-03 |   1.760413e+06 |
|   7.600000e+01 |  -4.884445e+05 |   9.200000e-02 |  -7.281153e-03 |   3.688775e+06 |
|   8.000000e+01 |  -9.574920e+05 |   1.000000e-01 |  -1.440000e-02 |   6.706737e+06 |
|   8.400000e+01 |  -8.979815e+05 |   1.125000e-01 |  -1.369521e-02 |   6.323650e+06 |
|   8.800000e+01 |  -7.531101e+05 |   1.250000e-01 |  -1.164984e-02 |   5.391162e+06 |
+----------------+----------------+----------------+----------------+----------------+


Time Step 23, time = 92, dt = 4
 0 Nonlinear |R| = [32m9.916912e+06[39m
      0 Linear |R| = [32m9.916912e+06[39m
      1 Linear |R| = [32m1.929542e+06[39m
      2 Linear |R| = [32m5.449440e+05[39m
      3 Linear |R| = [32m2.165134e+05[39m
      4 Linear |R| = [32m6.289403e+04[39m
      5 Linear |R| = [32m2.271879e+04[39m
      6 Linear |R| = [32m7.030054e+03[39m
      7 Linear |R| = [32m2.370236e+03[39m
      8 Linear |R| = [32m8.645633e+02[39m
      9 Linear |R| = [32m2.815767e+02[39m
     10 Linear |R| = [32m9.491962e+01[39m
 1 Nonlinear |R| = [32m1.487889e+05[39m
      0 Linear |R| = [32m1.487889e+05[39m
      1 Linear |R| = [32m5.724101e+03[39m
      2 Linear |R| = [32m2.137915e+03[39m
      3 Linear |R| = [32m6.918905e+02[39m
      4 Linear |R| = [32m2.004349e+02[39m
      5 Linear |R| = [32m5.926455e+01[39m
      6 Linear |R| = [32m1.928560e+01[39m
      7 Linear |R| = [32m6.209626e+00[39m
      8 Linear |R| = [32m2.038147e+00[39m
      9 Linear |R| = [32m6.123504e-01[39m
 2 Nonlinear |R| = [32m6.577717e+00[39m
[32m Solve Converged![39m

Postprocessor Values:
+----------------+----------------+----------------+----------------+----------------+
| time           | base_shear_x   | damage_max     | top_disp_x     | vonmises_max   |
+----------------+----------------+----------------+----------------+----------------+
:                :                :                :                :                :
|   3.600000e+01 |  -3.852309e+05 |   1.600000e-02 |  -5.299061e-03 |   3.025378e+06 |
|   4.000000e+01 |  -6.516225e+05 |   2.000000e-02 |  -9.000000e-03 |   4.737486e+06 |
|   4.400000e+01 |  -5.228702e+05 |   2.800000e-02 |  -7.281153e-03 |   3.909788e+06 |
|   4.800000e+01 |  -1.980746e+05 |   3.600000e-02 |  -2.781153e-03 |   1.823681e+06 |
|   5.200000e+01 |   1.964316e+05 |   4.400000e-02 |   2.781153e-03 |   1.813144e+06 |
|   5.600000e+01 |   5.099609e+05 |   5.200000e-02 |   7.281153e-03 |   3.826914e+06 |
|   6.000000e+01 |   6.250273e+05 |   6.000000e-02 |   9.000000e-03 |   4.566704e+06 |
|   6.400000e+01 |   5.013543e+05 |   6.800000e-02 |   7.281153e-03 |   3.771660e+06 |
|   6.800000e+01 |   1.898565e+05 |   7.600000e-02 |   2.781153e-03 |   1.770961e+06 |
|   7.200000e+01 |  -1.882129e+05 |   8.400000e-02 |  -2.781153e-03 |   1.760413e+06 |
|   7.600000e+01 |  -4.884445e+05 |   9.200000e-02 |  -7.281153e-03 |   3.688775e+06 |
|   8.000000e+01 |  -9.574920e+05 |   1.000000e-01 |  -1.440000e-02 |   6.706737e+06 |
|   8.400000e+01 |  -8.979815e+05 |   1.125000e-01 |  -1.369521e-02 |   6.323650e+06 |
|   8.800000e+01 |  -7.531101e+05 |   1.250000e-01 |  -1.164984e-02 |   5.391162e+06 |
|   9.200000e+01 |  -5.393497e+05 |   1.375000e-01 |  -8.464108e-03 |   4.016212e+06 |
+----------------+----------------+----------------+----------------+----------------+


Time Step 24, time = 96, dt = 4
 0 Nonlinear |R| = [32m1.231407e+07[39m
      0 Linear |R| = [32m1.231407e+07[39m
      1 Linear |R| = [32m2.411831e+06[39m
      2 Linear |R| = [32m6.800311e+05[39m
      3 Linear |R| = [32m2.692792e+05[39m
      4 Linear |R| = [32m7.825010e+04[39m
      5 Linear |R| = [32m2.825763e+04[39m
      6 Linear |R| = [32m8.742469e+03[39m
      7 Linear |R| = [32m2.948310e+03[39m
      8 Linear |R| = [32m1.075145e+03[39m
      9 Linear |R| = [32m3.500554e+02[39m
     10 Linear |R| = [32m1.180162e+02[39m
 1 Nonlinear |R| = [32m2.328365e+05[39m
      0 Linear |R| = [32m2.328365e+05[39m
      1 Linear |R| = [32m9.030366e+03[39m
      2 Linear |R| = [32m3.431517e+03[39m
      3 Linear |R| = [32m1.150853e+03[39m
      4 Linear |R| = [32m3.215258e+02[39m
      5 Linear |R| = [32m9.630947e+01[39m
      6 Linear |R| = [32m3.133762e+01[39m
      7 Linear |R| = [32m1.013414e+01[39m
      8 Linear |R| = [32m3.313665e+00[39m
      9 Linear |R| = [32m1.005564e+00[39m
 2 Nonlinear |R| = [32m1.633125e+01[39m
[32m Solve Converged![39m

Postprocessor Values:
+----------------+----------------+----------------+----------------+----------------+
| time           | base_shear_x   | damage_max     | top_disp_x     | vonmises_max   |
+----------------+----------------+----------------+----------------+----------------+
:                :                :                :                :                :
|   4.000000e+01 |  -6.516225e+05 |   2.000000e-02 |  -9.000000e-03 |   4.737486e+06 |
|   4.400000e+01 |  -5.228702e+05 |   2.800000e-02 |  -7.281153e-03 |   3.909788e+06 |
|   4.800000e+01 |  -1.980746e+05 |   3.600000e-02 |  -2.781153e-03 |   1.823681e+06 |
|   5.200000e+01 |   1.964316e+05 |   4.400000e-02 |   2.781153e-03 |   1.813144e+06 |
|   5.600000e+01 |   5.099609e+05 |   5.200000e-02 |   7.281153e-03 |   3.826914e+06 |
|   6.000000e+01 |   6.250273e+05 |   6.000000e-02 |   9.000000e-03 |   4.566704e+06 |
|   6.400000e+01 |   5.013543e+05 |   6.800000e-02 |   7.281153e-03 |   3.771660e+06 |
|   6.800000e+01 |   1.898565e+05 |   7.600000e-02 |   2.781153e-03 |   1.770961e+06 |
|   7.200000e+01 |  -1.882129e+05 |   8.400000e-02 |  -2.781153e-03 |   1.760413e+06 |
|   7.600000e+01 |  -4.884445e+05 |   9.200000e-02 |  -7.281153e-03 |   3.688775e+06 |
|   8.000000e+01 |  -9.574920e+05 |   1.000000e-01 |  -1.440000e-02 |   6.706737e+06 |
|   8.400000e+01 |  -8.979815e+05 |   1.125000e-01 |  -1.369521e-02 |   6.323650e+06 |
|   8.800000e+01 |  -7.531101e+05 |   1.250000e-01 |  -1.164984e-02 |   5.391162e+06 |
|   9.200000e+01 |  -5.393497e+05 |   1.375000e-01 |  -8.464108e-03 |   4.016212e+06 |
|   9.600000e+01 |  -2.794431e+05 |   1.500000e-01 |  -4.449845e-03 |   2.346174e+06 |
+----------------+----------------+----------------+----------------+----------------+


Time Step 25, time = 100, dt = 4
 0 Nonlinear |R| = [32m1.344855e+07[39m
      0 Linear |R| = [32m1.344855e+07[39m
      1 Linear |R| = [32m2.644716e+06[39m
      2 Linear |R| = [32m7.449161e+05[39m
      3 Linear |R| = [32m2.944075e+05[39m
      4 Linear |R| = [32m8.557957e+04[39m
      5 Linear |R| = [32m3.089738e+04[39m
      6 Linear |R| = [32m9.560461e+03[39m
      7 Linear |R| = [32m3.223719e+03[39m
      8 Linear |R| = [32m1.175710e+03[39m
      9 Linear |R| = [32m3.826352e+02[39m
     10 Linear |R| = [32m1.290184e+02[39m
 1 Nonlinear |R| = [32m2.819392e+05[39m
      0 Linear |R| = [32m2.819392e+05[39m
      1 Linear |R| = [32m1.100874e+04[39m
      2 Linear |R| = [32m4.236576e+03[39m
      3 Linear |R| = [32m1.447782e+03[39m
      4 Linear |R| = [32m3.963109e+02[39m
      5 Linear |R| = [32m1.201583e+02[39m
      6 Linear |R| = [32m3.900068e+01[39m
      7 Linear |R| = [32m1.268092e+01[39m
      8 Linear |R| = [32m4.130039e+00[39m
      9 Linear |R| = [32m1.265488e+00[39m
 2 Nonlinear |R| = [32m2.432219e+01[39m
[32m Solve Converged![39m

Postprocessor Values:
+----------------+----------------+----------------+----------------+----------------+
| time           | base_shear_x   | damage_max     | top_disp_x     | vonmises_max   |
+----------------+----------------+----------------+----------------+----------------+
:                :                :                :                :                :
|   4.400000e+01 |  -5.228702e+05 |   2.800000e-02 |  -7.281153e-03 |   3.909788e+06 |
|   4.800000e+01 |  -1.980746e+05 |   3.600000e-02 |  -2.781153e-03 |   1.823681e+06 |
|   5.200000e+01 |   1.964316e+05 |   4.400000e-02 |   2.781153e-03 |   1.813144e+06 |
|   5.600000e+01 |   5.099609e+05 |   5.200000e-02 |   7.281153e-03 |   3.826914e+06 |
|   6.000000e+01 |   6.250273e+05 |   6.000000e-02 |   9.000000e-03 |   4.566704e+06 |
|   6.400000e+01 |   5.013543e+05 |   6.800000e-02 |   7.281153e-03 |   3.771660e+06 |
|   6.800000e+01 |   1.898565e+05 |   7.600000e-02 |   2.781153e-03 |   1.770961e+06 |
|   7.200000e+01 |  -1.882129e+05 |   8.400000e-02 |  -2.781153e-03 |   1.760413e+06 |
|   7.600000e+01 |  -4.884445e+05 |   9.200000e-02 |  -7.281153e-03 |   3.688775e+06 |
|   8.000000e+01 |  -9.574920e+05 |   1.000000e-01 |  -1.440000e-02 |   6.706737e+06 |
|   8.400000e+01 |  -8.979815e+05 |   1.125000e-01 |  -1.369521e-02 |   6.323650e+06 |
|   8.800000e+01 |  -7.531101e+05 |   1.250000e-01 |  -1.164984e-02 |   5.391162e+06 |
|   9.200000e+01 |  -5.393497e+05 |   1.375000e-01 |  -8.464108e-03 |   4.016212e+06 |
|   9.600000e+01 |  -2.794431e+05 |   1.500000e-01 |  -4.449845e-03 |   2.346174e+06 |
|   1.000000e+02 |   7.998346e-01 |   1.625000e-01 |  -4.408728e-18 |   5.530078e+05 |
+----------------+----------------+----------------+----------------+----------------+


Time Step 26, time = 104, dt = 4
 0 Nonlinear |R| = [32m1.324721e+07[39m
      0 Linear |R| = [32m1.324721e+07[39m
      1 Linear |R| = [32m2.605220e+06[39m
      2 Linear |R| = [32m7.337530e+05[39m
      3 Linear |R| = [32m2.900553e+05[39m
      4 Linear |R| = [32m8.433046e+04[39m
      5 Linear |R| = [32m3.044546e+04[39m
      6 Linear |R| = [32m9.425713e+03[39m
      7 Linear |R| = [32m3.176116e+03[39m
      8 Linear |R| = [32m1.159057e+03[39m
      9 Linear |R| = [32m3.770609e+02[39m
     10 Linear |R| = [32m1.271499e+02[39m
 1 Nonlinear |R| = [32m2.777750e+05[39m
      0 Linear |R| = [32m2.777750e+05[39m
      1 Linear |R| = [32m1.087715e+04[39m
      2 Linear |R| = [32m4.207311e+03[39m
      3 Linear |R| = [32m1.447514e+03[39m
      4 Linear |R| = [32m3.936232e+02[39m
      5 Linear |R| = [32m1.199776e+02[39m
      6 Linear |R| = [32m3.886462e+01[39m
      7 Linear |R| = [32m1.268014e+01[39m
      8 Linear |R| = [32m4.114849e+00[39m
      9 Linear |R| = [32m1.268230e+00[39m
 2 Nonlinear |R| = [32m2.398093e+01[39m
[32m Solve Converged![39m

Postprocessor Values:
+----------------+----------------+----------------+----------------+----------------+
| time           | base_shear_x   | damage_max     | top_disp_x     | vonmises_max   |
+----------------+----------------+----------------+----------------+----------------+
:                :                :                :                :                :
|   4.800000e+01 |  -1.980746e+05 |   3.600000e-02 |  -2.781153e-03 |   1.823681e+06 |
|   5.200000e+01 |   1.964316e+05 |   4.400000e-02 |   2.781153e-03 |   1.813144e+06 |
|   5.600000e+01 |   5.099609e+05 |   5.200000e-02 |   7.281153e-03 |   3.826914e+06 |
|   6.000000e+01 |   6.250273e+05 |   6.000000e-02 |   9.000000e-03 |   4.566704e+06 |
|   6.400000e+01 |   5.013543e+05 |   6.800000e-02 |   7.281153e-03 |   3.771660e+06 |
|   6.800000e+01 |   1.898565e+05 |   7.600000e-02 |   2.781153e-03 |   1.770961e+06 |
|   7.200000e+01 |  -1.882129e+05 |   8.400000e-02 |  -2.781153e-03 |   1.760413e+06 |
|   7.600000e+01 |  -4.884445e+05 |   9.200000e-02 |  -7.281153e-03 |   3.688775e+06 |
|   8.000000e+01 |  -9.574920e+05 |   1.000000e-01 |  -1.440000e-02 |   6.706737e+06 |
|   8.400000e+01 |  -8.979815e+05 |   1.125000e-01 |  -1.369521e-02 |   6.323650e+06 |
|   8.800000e+01 |  -7.531101e+05 |   1.250000e-01 |  -1.164984e-02 |   5.391162e+06 |
|   9.200000e+01 |  -5.393497e+05 |   1.375000e-01 |  -8.464108e-03 |   4.016212e+06 |
|   9.600000e+01 |  -2.794431e+05 |   1.500000e-01 |  -4.449845e-03 |   2.346174e+06 |
|   1.000000e+02 |   7.998346e-01 |   1.625000e-01 |  -4.408728e-18 |   5.530078e+05 |
|   1.040000e+02 |   2.712263e+05 |   1.750000e-01 |   4.449845e-03 |   2.293468e+06 |
+----------------+----------------+----------------+----------------+----------------+


Time Step 27, time = 108, dt = 4
 0 Nonlinear |R| = [32m1.176939e+07[39m
      0 Linear |R| = [32m1.176939e+07[39m
      1 Linear |R| = [32m2.305365e+06[39m
      2 Linear |R| = [32m6.499169e+05[39m
      3 Linear |R| = [32m2.574961e+05[39m
      4 Linear |R| = [32m7.486530e+04[39m
      5 Linear |R| = [32m2.703362e+04[39m
      6 Linear |R| = [32m8.377353e+03[39m
      7 Linear |R| = [32m2.819498e+03[39m
      8 Linear |R| = [32m1.030008e+03[39m
      9 Linear |R| = [32m3.349810e+02[39m
     10 Linear |R| = [32m1.129580e+02[39m
 1 Nonlinear |R| = [32m2.226555e+05[39m
      0 Linear |R| = [32m2.226555e+05[39m
      1 Linear |R| = [32m8.700850e+03[39m
      2 Linear |R| = [32m3.355242e+03[39m
      3 Linear |R| = [32m1.151865e+03[39m
      4 Linear |R| = [32m3.146906e+02[39m
      5 Linear |R| = [32m9.563716e+01[39m
      6 Linear |R| = [32m3.098144e+01[39m
      7 Linear |R| = [32m1.011084e+01[39m
      8 Linear |R| = [32m3.271729e+00[39m
      9 Linear |R| = [32m1.009837e+00[39m
 2 Nonlinear |R| = [32m1.564930e+01[39m
[32m Solve Converged![39m

Postprocessor Values:
+----------------+----------------+----------------+----------------+----------------+
| time           | base_shear_x   | damage_max     | top_disp_x     | vonmises_max   |
+----------------+----------------+----------------+----------------+----------------+
:                :                :                :                :                :
|   5.200000e+01 |   1.964316e+05 |   4.400000e-02 |   2.781153e-03 |   1.813144e+06 |
|   5.600000e+01 |   5.099609e+05 |   5.200000e-02 |   7.281153e-03 |   3.826914e+06 |
|   6.000000e+01 |   6.250273e+05 |   6.000000e-02 |   9.000000e-03 |   4.566704e+06 |
|   6.400000e+01 |   5.013543e+05 |   6.800000e-02 |   7.281153e-03 |   3.771660e+06 |
|   6.800000e+01 |   1.898565e+05 |   7.600000e-02 |   2.781153e-03 |   1.770961e+06 |
|   7.200000e+01 |  -1.882129e+05 |   8.400000e-02 |  -2.781153e-03 |   1.760413e+06 |
|   7.600000e+01 |  -4.884445e+05 |   9.200000e-02 |  -7.281153e-03 |   3.688775e+06 |
|   8.000000e+01 |  -9.574920e+05 |   1.000000e-01 |  -1.440000e-02 |   6.706737e+06 |
|   8.400000e+01 |  -8.979815e+05 |   1.125000e-01 |  -1.369521e-02 |   6.323650e+06 |
|   8.800000e+01 |  -7.531101e+05 |   1.250000e-01 |  -1.164984e-02 |   5.391162e+06 |
|   9.200000e+01 |  -5.393497e+05 |   1.375000e-01 |  -8.464108e-03 |   4.016212e+06 |
|   9.600000e+01 |  -2.794431e+05 |   1.500000e-01 |  -4.449845e-03 |   2.346174e+06 |
|   1.000000e+02 |   7.998346e-01 |   1.625000e-01 |  -4.408728e-18 |   5.530078e+05 |
|   1.040000e+02 |   2.712263e+05 |   1.750000e-01 |   4.449845e-03 |   2.293468e+06 |
|   1.080000e+02 |   5.080864e+05 |   1.875000e-01 |   8.464108e-03 |   3.815489e+06 |
+----------------+----------------+----------------+----------------+----------------+


Time Step 28, time = 112, dt = 4
 0 Nonlinear |R| = [32m9.196934e+06[39m
      0 Linear |R| = [32m9.196934e+06[39m
      1 Linear |R| = [32m1.789643e+06[39m
      2 Linear |R| = [32m5.053309e+05[39m
      3 Linear |R| = [32m2.009152e+05[39m
      4 Linear |R| = [32m5.840635e+04[39m
      5 Linear |R| = [32m2.109729e+04[39m
      6 Linear |R| = [32m6.545883e+03[39m
      7 Linear |R| = [32m2.199860e+03[39m
      8 Linear |R| = [32m8.046830e+02[39m
      9 Linear |R| = [32m2.616611e+02[39m
     10 Linear |R| = [32m8.822394e+01[39m
 1 Nonlinear |R| = [32m1.380768e+05[39m
      0 Linear |R| = [32m1.380768e+05[39m
      1 Linear |R| = [32m5.362272e+03[39m
      2 Linear |R| = [32m2.045679e+03[39m
      3 Linear |R| = [32m6.932773e+02[39m
      4 Linear |R| = [32m1.926152e+02[39m
      5 Linear |R| = [32m5.793864e+01[39m
      6 Linear |R| = [32m1.879811e+01[39m
      7 Linear |R| = [32m6.116820e+00[39m
      8 Linear |R| = [32m1.976342e+00[39m
      9 Linear |R| = [32m6.080637e-01[39m
 2 Nonlinear |R| = [32m6.123193e+00[39m
[32m Solve Converged![39m

Postprocessor Values:
+----------------+----------------+----------------+----------------+----------------+
| time           | base_shear_x   | damage_max     | top_disp_x     | vonmises_max   |
+----------------+----------------+----------------+----------------+----------------+
:                :                :                :                :                :
|   5.600000e+01 |   5.099609e+05 |   5.200000e-02 |   7.281153e-03 |   3.826914e+06 |
|   6.000000e+01 |   6.250273e+05 |   6.000000e-02 |   9.000000e-03 |   4.566704e+06 |
|   6.400000e+01 |   5.013543e+05 |   6.800000e-02 |   7.281153e-03 |   3.771660e+06 |
|   6.800000e+01 |   1.898565e+05 |   7.600000e-02 |   2.781153e-03 |   1.770961e+06 |
|   7.200000e+01 |  -1.882129e+05 |   8.400000e-02 |  -2.781153e-03 |   1.760413e+06 |
|   7.600000e+01 |  -4.884445e+05 |   9.200000e-02 |  -7.281153e-03 |   3.688775e+06 |
|   8.000000e+01 |  -9.574920e+05 |   1.000000e-01 |  -1.440000e-02 |   6.706737e+06 |
|   8.400000e+01 |  -8.979815e+05 |   1.125000e-01 |  -1.369521e-02 |   6.323650e+06 |
|   8.800000e+01 |  -7.531101e+05 |   1.250000e-01 |  -1.164984e-02 |   5.391162e+06 |
|   9.200000e+01 |  -5.393497e+05 |   1.375000e-01 |  -8.464108e-03 |   4.016212e+06 |
|   9.600000e+01 |  -2.794431e+05 |   1.500000e-01 |  -4.449845e-03 |   2.346174e+06 |
|   1.000000e+02 |   7.998346e-01 |   1.625000e-01 |  -4.408728e-18 |   5.530078e+05 |
|   1.040000e+02 |   2.712263e+05 |   1.750000e-01 |   4.449845e-03 |   2.293468e+06 |
|   1.080000e+02 |   5.080864e+05 |   1.875000e-01 |   8.464108e-03 |   3.815489e+06 |
|   1.120000e+02 |   6.885630e+05 |   2.000000e-01 |   1.164984e-02 |   4.976521e+06 |
+----------------+----------------+----------------+----------------+----------------+


Time Step 29, time = 116, dt = 4
 0 Nonlinear |R| = [32m5.812945e+06[39m
      0 Linear |R| = [32m5.812945e+06[39m
      1 Linear |R| = [32m1.123550e+06[39m
      2 Linear |R| = [32m3.177711e+05[39m
      3 Linear |R| = [32m1.267816e+05[39m
      4 Linear |R| = [32m3.684534e+04[39m
      5 Linear |R| = [32m1.331272e+04[39m
      6 Linear |R| = [32m4.135987e+03[39m
      7 Linear |R| = [32m1.388148e+03[39m
      8 Linear |R| = [32m5.083490e+02[39m
      9 Linear |R| = [32m1.652968e+02[39m
     10 Linear |R| = [32m5.572391e+01[39m
 1 Nonlinear |R| = [32m5.602408e+04[39m
      0 Linear |R| = [32m5.602408e+04[39m
      1 Linear |R| = [32m2.158312e+03[39m
      2 Linear |R| = [32m8.100535e+02[39m
      3 Linear |R| = [32m2.666492e+02[39m
      4 Linear |R| = [32m7.644167e+01[39m
      5 Linear |R| = [32m2.268092e+01[39m
      6 Linear |R| = [32m7.362518e+00[39m
      7 Linear |R| = [32m2.383739e+00[39m
      8 Linear |R| = [32m7.710020e-01[39m
      9 Linear |R| = [32m2.355527e-01[39m
 2 Nonlinear |R| = [32m1.045116e+00[39m
[32m Solve Converged![39m

Postprocessor Values:
+----------------+----------------+----------------+----------------+----------------+
| time           | base_shear_x   | damage_max     | top_disp_x     | vonmises_max   |
+----------------+----------------+----------------+----------------+----------------+
:                :                :                :                :                :
|   6.000000e+01 |   6.250273e+05 |   6.000000e-02 |   9.000000e-03 |   4.566704e+06 |
|   6.400000e+01 |   5.013543e+05 |   6.800000e-02 |   7.281153e-03 |   3.771660e+06 |
|   6.800000e+01 |   1.898565e+05 |   7.600000e-02 |   2.781153e-03 |   1.770961e+06 |
|   7.200000e+01 |  -1.882129e+05 |   8.400000e-02 |  -2.781153e-03 |   1.760413e+06 |
|   7.600000e+01 |  -4.884445e+05 |   9.200000e-02 |  -7.281153e-03 |   3.688775e+06 |
|   8.000000e+01 |  -9.574920e+05 |   1.000000e-01 |  -1.440000e-02 |   6.706737e+06 |
|   8.400000e+01 |  -8.979815e+05 |   1.125000e-01 |  -1.369521e-02 |   6.323650e+06 |
|   8.800000e+01 |  -7.531101e+05 |   1.250000e-01 |  -1.164984e-02 |   5.391162e+06 |
|   9.200000e+01 |  -5.393497e+05 |   1.375000e-01 |  -8.464108e-03 |   4.016212e+06 |
|   9.600000e+01 |  -2.794431e+05 |   1.500000e-01 |  -4.449845e-03 |   2.346174e+06 |
|   1.000000e+02 |   7.998346e-01 |   1.625000e-01 |  -4.408728e-18 |   5.530078e+05 |
|   1.040000e+02 |   2.712263e+05 |   1.750000e-01 |   4.449845e-03 |   2.293468e+06 |
|   1.080000e+02 |   5.080864e+05 |   1.875000e-01 |   8.464108e-03 |   3.815489e+06 |
|   1.120000e+02 |   6.885630e+05 |   2.000000e-01 |   1.164984e-02 |   4.976521e+06 |
|   1.160000e+02 |   7.968078e+05 |   2.125000e-01 |   1.369521e-02 |   5.673513e+06 |
+----------------+----------------+----------------+----------------+----------------+


Time Step 30, time = 120, dt = 4
 0 Nonlinear |R| = [32m1.971358e+06[39m
      0 Linear |R| = [32m1.971358e+06[39m
      1 Linear |R| = [32m3.794052e+05[39m
      2 Linear |R| = [32m1.074244e+05[39m
      3 Linear |R| = [32m4.294996e+04[39m
      4 Linear |R| = [32m1.247620e+04[39m
      5 Linear |R| = [32m4.507556e+03[39m
      6 Linear |R| = [32m1.401922e+03[39m
      7 Linear |R| = [32m4.702708e+02[39m
      8 Linear |R| = [32m1.723149e+02[39m
      9 Linear |R| = [32m5.603563e+01[39m
     10 Linear |R| = [32m1.888882e+01[39m
 1 Nonlinear |R| = [32m6.545574e+03[39m
      0 Linear |R| = [32m6.545574e+03[39m
      1 Linear |R| = [32m2.506267e+02[39m
      2 Linear |R| = [32m9.260250e+01[39m
      3 Linear |R| = [32m2.922979e+01[39m
      4 Linear |R| = [32m8.709418e+00[39m
      5 Linear |R| = [32m2.563035e+00[39m
      6 Linear |R| = [32m8.302477e-01[39m
      7 Linear |R| = [32m2.679086e-01[39m
      8 Linear |R| = [32m8.744602e-02[39m
      9 Linear |R| = [32m2.673259e-02[39m
 2 Nonlinear |R| = [32m3.030375e-02[39m
[32m Solve Converged![39m

Postprocessor Values:
+----------------+----------------+----------------+----------------+----------------+
| time           | base_shear_x   | damage_max     | top_disp_x     | vonmises_max   |
+----------------+----------------+----------------+----------------+----------------+
:                :                :                :                :                :
|   6.400000e+01 |   5.013543e+05 |   6.800000e-02 |   7.281153e-03 |   3.771660e+06 |
|   6.800000e+01 |   1.898565e+05 |   7.600000e-02 |   2.781153e-03 |   1.770961e+06 |
|   7.200000e+01 |  -1.882129e+05 |   8.400000e-02 |  -2.781153e-03 |   1.760413e+06 |
|   7.600000e+01 |  -4.884445e+05 |   9.200000e-02 |  -7.281153e-03 |   3.688775e+06 |
|   8.000000e+01 |  -9.574920e+05 |   1.000000e-01 |  -1.440000e-02 |   6.706737e+06 |
|   8.400000e+01 |  -8.979815e+05 |   1.125000e-01 |  -1.369521e-02 |   6.323650e+06 |
|   8.800000e+01 |  -7.531101e+05 |   1.250000e-01 |  -1.164984e-02 |   5.391162e+06 |
|   9.200000e+01 |  -5.393497e+05 |   1.375000e-01 |  -8.464108e-03 |   4.016212e+06 |
|   9.600000e+01 |  -2.794431e+05 |   1.500000e-01 |  -4.449845e-03 |   2.346174e+06 |
|   1.000000e+02 |   7.998346e-01 |   1.625000e-01 |  -4.408728e-18 |   5.530078e+05 |
|   1.040000e+02 |   2.712263e+05 |   1.750000e-01 |   4.449845e-03 |   2.293468e+06 |
|   1.080000e+02 |   5.080864e+05 |   1.875000e-01 |   8.464108e-03 |   3.815489e+06 |
|   1.120000e+02 |   6.885630e+05 |   2.000000e-01 |   1.164984e-02 |   4.976521e+06 |
|   1.160000e+02 |   7.968078e+05 |   2.125000e-01 |   1.369521e-02 |   5.673513e+06 |
|   1.200000e+02 |   8.245157e+05 |   2.250000e-01 |   1.440000e-02 |   5.852142e+06 |
+----------------+----------------+----------------+----------------+----------------+


Time Step 31, time = 124, dt = 4
 0 Nonlinear |R| = [32m1.939665e+06[39m
      0 Linear |R| = [32m1.939665e+06[39m
      1 Linear |R| = [32m3.732697e+05[39m
      2 Linear |R| = [32m1.057000e+05[39m
      3 Linear |R| = [32m4.225791e+04[39m
      4 Linear |R| = [32m1.227320e+04[39m
      5 Linear |R| = [32m4.434168e+03[39m
      6 Linear |R| = [32m1.380318e+03[39m
      7 Linear |R| = [32m4.630873e+02[39m
      8 Linear |R| = [32m1.695600e+02[39m
      9 Linear |R| = [32m5.513476e+01[39m
     10 Linear |R| = [32m1.857672e+01[39m
 1 Nonlinear |R| = [32m6.438378e+03[39m
      0 Linear |R| = [32m6.438378e+03[39m
      1 Linear |R| = [32m2.456045e+02[39m
      2 Linear |R| = [32m8.992957e+01[39m
      3 Linear |R| = [32m2.743788e+01[39m
      4 Linear |R| = [32m8.443990e+00[39m
      5 Linear |R| = [32m2.498593e+00[39m
      6 Linear |R| = [32m8.193868e-01[39m
      7 Linear |R| = [32m2.661254e-01[39m
      8 Linear |R| = [32m8.756521e-02[39m
      9 Linear |R| = [32m2.644962e-02[39m
 2 Nonlinear |R| = [32m2.986870e-02[39m
[32m Solve Converged![39m

Postprocessor Values:
+----------------+----------------+----------------+----------------+----------------+
| time           | base_shear_x   | damage_max     | top_disp_x     | vonmises_max   |
+----------------+----------------+----------------+----------------+----------------+
:                :                :                :                :                :
|   6.800000e+01 |   1.898565e+05 |   7.600000e-02 |   2.781153e-03 |   1.770961e+06 |
|   7.200000e+01 |  -1.882129e+05 |   8.400000e-02 |  -2.781153e-03 |   1.760413e+06 |
|   7.600000e+01 |  -4.884445e+05 |   9.200000e-02 |  -7.281153e-03 |   3.688775e+06 |
|   8.000000e+01 |  -9.574920e+05 |   1.000000e-01 |  -1.440000e-02 |   6.706737e+06 |
|   8.400000e+01 |  -8.979815e+05 |   1.125000e-01 |  -1.369521e-02 |   6.323650e+06 |
|   8.800000e+01 |  -7.531101e+05 |   1.250000e-01 |  -1.164984e-02 |   5.391162e+06 |
|   9.200000e+01 |  -5.393497e+05 |   1.375000e-01 |  -8.464108e-03 |   4.016212e+06 |
|   9.600000e+01 |  -2.794431e+05 |   1.500000e-01 |  -4.449845e-03 |   2.346174e+06 |
|   1.000000e+02 |   7.998346e-01 |   1.625000e-01 |  -4.408728e-18 |   5.530078e+05 |
|   1.040000e+02 |   2.712263e+05 |   1.750000e-01 |   4.449845e-03 |   2.293468e+06 |
|   1.080000e+02 |   5.080864e+05 |   1.875000e-01 |   8.464108e-03 |   3.815489e+06 |
|   1.120000e+02 |   6.885630e+05 |   2.000000e-01 |   1.164984e-02 |   4.976521e+06 |
|   1.160000e+02 |   7.968078e+05 |   2.125000e-01 |   1.369521e-02 |   5.673513e+06 |
|   1.200000e+02 |   8.245157e+05 |   2.250000e-01 |   1.440000e-02 |   5.852142e+06 |
|   1.240000e+02 |   7.715140e+05 |   2.375000e-01 |   1.369521e-02 |   5.510971e+06 |
+----------------+----------------+----------------+----------------+----------------+


Time Step 32, time = 128, dt = 4
 0 Nonlinear |R| = [32m5.536833e+06[39m
      0 Linear |R| = [32m5.536833e+06[39m
      1 Linear |R| = [32m1.069838e+06[39m
      2 Linear |R| = [32m3.026780e+05[39m
      3 Linear |R| = [32m1.207547e+05[39m
      4 Linear |R| = [32m3.504829e+04[39m
      5 Linear |R| = [32m1.265299e+04[39m
      6 Linear |R| = [32m3.938847e+03[39m
      7 Linear |R| = [32m1.323573e+03[39m
      8 Linear |R| = [32m4.840051e+02[39m
      9 Linear |R| = [32m1.573942e+02[39m
     10 Linear |R| = [32m5.303124e+01[39m
 1 Nonlinear |R| = [32m5.333163e+04[39m
      0 Linear |R| = [32m5.333163e+04[39m
      1 Linear |R| = [32m2.038650e+03[39m
      2 Linear |R| = [32m7.510437e+02[39m
      3 Linear |R| = [32m2.356176e+02[39m
      4 Linear |R| = [32m7.073074e+01[39m
      5 Linear |R| = [32m2.089212e+01[39m
      6 Linear |R| = [32m6.833007e+00[39m
      7 Linear |R| = [32m2.218977e+00[39m
      8 Linear |R| = [32m7.207130e-01[39m
      9 Linear |R| = [32m2.176065e-01[39m
 2 Nonlinear |R| = [32m9.907594e-01[39m
[32m Solve Converged![39m

Postprocessor Values:
+----------------+----------------+----------------+----------------+----------------+
| time           | base_shear_x   | damage_max     | top_disp_x     | vonmises_max   |
+----------------+----------------+----------------+----------------+----------------+
:                :                :                :                :                :
|   7.200000e+01 |  -1.882129e+05 |   8.400000e-02 |  -2.781153e-03 |   1.760413e+06 |
|   7.600000e+01 |  -4.884445e+05 |   9.200000e-02 |  -7.281153e-03 |   3.688775e+06 |
|   8.000000e+01 |  -9.574920e+05 |   1.000000e-01 |  -1.440000e-02 |   6.706737e+06 |
|   8.400000e+01 |  -8.979815e+05 |   1.125000e-01 |  -1.369521e-02 |   6.323650e+06 |
|   8.800000e+01 |  -7.531101e+05 |   1.250000e-01 |  -1.164984e-02 |   5.391162e+06 |
|   9.200000e+01 |  -5.393497e+05 |   1.375000e-01 |  -8.464108e-03 |   4.016212e+06 |
|   9.600000e+01 |  -2.794431e+05 |   1.500000e-01 |  -4.449845e-03 |   2.346174e+06 |
|   1.000000e+02 |   7.998346e-01 |   1.625000e-01 |  -4.408728e-18 |   5.530078e+05 |
|   1.040000e+02 |   2.712263e+05 |   1.750000e-01 |   4.449845e-03 |   2.293468e+06 |
|   1.080000e+02 |   5.080864e+05 |   1.875000e-01 |   8.464108e-03 |   3.815489e+06 |
|   1.120000e+02 |   6.885630e+05 |   2.000000e-01 |   1.164984e-02 |   4.976521e+06 |
|   1.160000e+02 |   7.968078e+05 |   2.125000e-01 |   1.369521e-02 |   5.673513e+06 |
|   1.200000e+02 |   8.245157e+05 |   2.250000e-01 |   1.440000e-02 |   5.852142e+06 |
|   1.240000e+02 |   7.715140e+05 |   2.375000e-01 |   1.369521e-02 |   5.510971e+06 |
|   1.280000e+02 |   6.455307e+05 |   2.500000e-01 |   1.164984e-02 |   4.700073e+06 |
+----------------+----------------+----------------+----------------+----------------+


Time Step 33, time = 132, dt = 4
 0 Nonlinear |R| = [32m8.479735e+06[39m
      0 Linear |R| = [32m8.479735e+06[39m
      1 Linear |R| = [32m1.649294e+06[39m
      2 Linear |R| = [32m4.659089e+05[39m
      3 Linear |R| = [32m1.852675e+05[39m
      4 Linear |R| = [32m5.374696e+04[39m
      5 Linear |R| = [32m1.938614e+04[39m
      6 Linear |R| = [32m6.032196e+03[39m
      7 Linear |R| = [32m2.031392e+03[39m
      8 Linear |R| = [32m7.414514e+02[39m
      9 Linear |R| = [32m2.410994e+02[39m
     10 Linear |R| = [32m8.124257e+01[39m
 1 Nonlinear |R| = [32m1.272182e+05[39m
      0 Linear |R| = [32m1.272182e+05[39m
      1 Linear |R| = [32m4.895413e+03[39m
      2 Linear |R| = [32m1.833485e+03[39m
      3 Linear |R| = [32m6.043690e+02[39m
      4 Linear |R| = [32m1.731280e+02[39m
      5 Linear |R| = [32m5.166280e+01[39m
      6 Linear |R| = [32m1.690745e+01[39m
      7 Linear |R| = [32m5.545690e+00[39m
      8 Linear |R| = [32m1.778094e+00[39m
      9 Linear |R| = [32m5.449608e-01[39m
 2 Nonlinear |R| = [32m5.627451e+00[39m
[32m Solve Converged![39m

Postprocessor Values:
+----------------+----------------+----------------+----------------+----------------+
| time           | base_shear_x   | damage_max     | top_disp_x     | vonmises_max   |
+----------------+----------------+----------------+----------------+----------------+
:                :                :                :                :                :
|   7.600000e+01 |  -4.884445e+05 |   9.200000e-02 |  -7.281153e-03 |   3.688775e+06 |
|   8.000000e+01 |  -9.574920e+05 |   1.000000e-01 |  -1.440000e-02 |   6.706737e+06 |
|   8.400000e+01 |  -8.979815e+05 |   1.125000e-01 |  -1.369521e-02 |   6.323650e+06 |
|   8.800000e+01 |  -7.531101e+05 |   1.250000e-01 |  -1.164984e-02 |   5.391162e+06 |
|   9.200000e+01 |  -5.393497e+05 |   1.375000e-01 |  -8.464108e-03 |   4.016212e+06 |
|   9.600000e+01 |  -2.794431e+05 |   1.500000e-01 |  -4.449845e-03 |   2.346174e+06 |
|   1.000000e+02 |   7.998346e-01 |   1.625000e-01 |  -4.408728e-18 |   5.530078e+05 |
|   1.040000e+02 |   2.712263e+05 |   1.750000e-01 |   4.449845e-03 |   2.293468e+06 |
|   1.080000e+02 |   5.080864e+05 |   1.875000e-01 |   8.464108e-03 |   3.815489e+06 |
|   1.120000e+02 |   6.885630e+05 |   2.000000e-01 |   1.164984e-02 |   4.976521e+06 |
|   1.160000e+02 |   7.968078e+05 |   2.125000e-01 |   1.369521e-02 |   5.673513e+06 |
|   1.200000e+02 |   8.245157e+05 |   2.250000e-01 |   1.440000e-02 |   5.852142e+06 |
|   1.240000e+02 |   7.715140e+05 |   2.375000e-01 |   1.369521e-02 |   5.510971e+06 |
|   1.280000e+02 |   6.455307e+05 |   2.500000e-01 |   1.164984e-02 |   4.700073e+06 |
|   1.320000e+02 |   4.611891e+05 |   2.625000e-01 |   8.464108e-03 |   3.514355e+06 |
+----------------+----------------+----------------+----------------+----------------+


Time Step 34, time = 136, dt = 4
 0 Nonlinear |R| = [32m1.050325e+07[39m
      0 Linear |R| = [32m1.050325e+07[39m
      1 Linear |R| = [32m2.056228e+06[39m
      2 Linear |R| = [32m5.799594e+05[39m
      3 Linear |R| = [32m2.298943e+05[39m
      4 Linear |R| = [32m6.667336e+04[39m
      5 Linear |R| = [32m2.402780e+04[39m
      6 Linear |R| = [32m7.470460e+03[39m
      7 Linear |R| = [32m2.521239e+03[39m
      8 Linear |R| = [32m9.185299e+02[39m
      9 Linear |R| = [32m2.986401e+02[39m
     10 Linear |R| = [32m1.006562e+02[39m
 1 Nonlinear |R| = [32m1.985849e+05[39m
      0 Linear |R| = [32m1.985849e+05[39m
      1 Linear |R| = [32m7.705790e+03[39m
      2 Linear |R| = [32m2.938386e+03[39m
      3 Linear |R| = [32m1.002279e+03[39m
      4 Linear |R| = [32m2.764246e+02[39m
      5 Linear |R| = [32m8.395950e+01[39m
      6 Linear |R| = [32m2.734333e+01[39m
      7 Linear |R| = [32m9.049862e+00[39m
      8 Linear |R| = [32m2.872792e+00[39m
      9 Linear |R| = [32m8.939139e-01[39m
 2 Nonlinear |R| = [32m1.393492e+01[39m
[32m Solve Converged![39m

Postprocessor Values:
+----------------+----------------+----------------+----------------+----------------+
| time           | base_shear_x   | damage_max     | top_disp_x     | vonmises_max   |
+----------------+----------------+----------------+----------------+----------------+
:                :                :                :                :                :
|   8.000000e+01 |  -9.574920e+05 |   1.000000e-01 |  -1.440000e-02 |   6.706737e+06 |
|   8.400000e+01 |  -8.979815e+05 |   1.125000e-01 |  -1.369521e-02 |   6.323650e+06 |
|   8.800000e+01 |  -7.531101e+05 |   1.250000e-01 |  -1.164984e-02 |   5.391162e+06 |
|   9.200000e+01 |  -5.393497e+05 |   1.375000e-01 |  -8.464108e-03 |   4.016212e+06 |
|   9.600000e+01 |  -2.794431e+05 |   1.500000e-01 |  -4.449845e-03 |   2.346174e+06 |
|   1.000000e+02 |   7.998346e-01 |   1.625000e-01 |  -4.408728e-18 |   5.530078e+05 |
|   1.040000e+02 |   2.712263e+05 |   1.750000e-01 |   4.449845e-03 |   2.293468e+06 |
|   1.080000e+02 |   5.080864e+05 |   1.875000e-01 |   8.464108e-03 |   3.815489e+06 |
|   1.120000e+02 |   6.885630e+05 |   2.000000e-01 |   1.164984e-02 |   4.976521e+06 |
|   1.160000e+02 |   7.968078e+05 |   2.125000e-01 |   1.369521e-02 |   5.673513e+06 |
|   1.200000e+02 |   8.245157e+05 |   2.250000e-01 |   1.440000e-02 |   5.852142e+06 |
|   1.240000e+02 |   7.715140e+05 |   2.375000e-01 |   1.369521e-02 |   5.510971e+06 |
|   1.280000e+02 |   6.455307e+05 |   2.500000e-01 |   1.164984e-02 |   4.700073e+06 |
|   1.320000e+02 |   4.611891e+05 |   2.625000e-01 |   8.464108e-03 |   3.514355e+06 |
|   1.360000e+02 |   2.383523e+05 |   2.750000e-01 |   4.449845e-03 |   2.082509e+06 |
+----------------+----------------+----------------+----------------+----------------+


Time Step 35, time = 140, dt = 4
 0 Nonlinear |R| = [32m1.144138e+07[39m
      0 Linear |R| = [32m1.144138e+07[39m
      1 Linear |R| = [32m2.248876e+06[39m
      2 Linear |R| = [32m6.336754e+05[39m
      3 Linear |R| = [32m2.507324e+05[39m
      4 Linear |R| = [32m7.270673e+04[39m
      5 Linear |R| = [32m2.618636e+04[39m
      6 Linear |R| = [32m8.133759e+03[39m
      7 Linear |R| = [32m2.749780e+03[39m
      8 Linear |R| = [32m1.000371e+03[39m
      9 Linear |R| = [32m3.252123e+02[39m
     10 Linear |R| = [32m1.096458e+02[39m
 1 Nonlinear |R| = [32m2.398454e+05[39m
      0 Linear |R| = [32m2.398454e+05[39m
      1 Linear |R| = [32m9.371315e+03[39m
      2 Linear |R| = [32m3.619642e+03[39m
      3 Linear |R| = [32m1.255117e+03[39m
      4 Linear |R| = [32m3.391944e+02[39m
      5 Linear |R| = [32m1.045113e+02[39m
      6 Linear |R| = [32m3.381763e+01[39m
      7 Linear |R| = [32m1.126442e+01[39m
      8 Linear |R| = [32m3.552234e+00[39m
      9 Linear |R| = [32m1.116694e+00[39m
 2 Nonlinear |R| = [32m2.069819e+01[39m
[32m Solve Converged![39m

Postprocessor Values:
+----------------+----------------+----------------+----------------+----------------+
| time           | base_shear_x   | damage_max     | top_disp_x     | vonmises_max   |
+----------------+----------------+----------------+----------------+----------------+
:                :                :                :                :                :
|   8.400000e+01 |  -8.979815e+05 |   1.125000e-01 |  -1.369521e-02 |   6.323650e+06 |
|   8.800000e+01 |  -7.531101e+05 |   1.250000e-01 |  -1.164984e-02 |   5.391162e+06 |
|   9.200000e+01 |  -5.393497e+05 |   1.375000e-01 |  -8.464108e-03 |   4.016212e+06 |
|   9.600000e+01 |  -2.794431e+05 |   1.500000e-01 |  -4.449845e-03 |   2.346174e+06 |
|   1.000000e+02 |   7.998346e-01 |   1.625000e-01 |  -4.408728e-18 |   5.530078e+05 |
|   1.040000e+02 |   2.712263e+05 |   1.750000e-01 |   4.449845e-03 |   2.293468e+06 |
|   1.080000e+02 |   5.080864e+05 |   1.875000e-01 |   8.464108e-03 |   3.815489e+06 |
|   1.120000e+02 |   6.885630e+05 |   2.000000e-01 |   1.164984e-02 |   4.976521e+06 |
|   1.160000e+02 |   7.968078e+05 |   2.125000e-01 |   1.369521e-02 |   5.673513e+06 |
|   1.200000e+02 |   8.245157e+05 |   2.250000e-01 |   1.440000e-02 |   5.852142e+06 |
|   1.240000e+02 |   7.715140e+05 |   2.375000e-01 |   1.369521e-02 |   5.510971e+06 |
|   1.280000e+02 |   6.455307e+05 |   2.500000e-01 |   1.164984e-02 |   4.700073e+06 |
|   1.320000e+02 |   4.611891e+05 |   2.625000e-01 |   8.464108e-03 |   3.514355e+06 |
|   1.360000e+02 |   2.383523e+05 |   2.750000e-01 |   4.449845e-03 |   2.082509e+06 |
|   1.400000e+02 |   5.107183e-01 |   2.875000e-01 |   6.172220e-18 |   5.530031e+05 |
+----------------+----------------+----------------+----------------+----------------+


Time Step 36, time = 144, dt = 4
 0 Nonlinear |R| = [32m1.124014e+07[39m
      0 Linear |R| = [32m1.124014e+07[39m
      1 Linear |R| = [32m2.209397e+06[39m
      2 Linear |R| = [32m6.225407e+05[39m
      3 Linear |R| = [32m2.463768e+05[39m
      4 Linear |R| = [32m7.144139e+04[39m
      5 Linear |R| = [32m2.572627e+04[39m
      6 Linear |R| = [32m7.983579e+03[39m
      7 Linear |R| = [32m2.701481e+03[39m
      8 Linear |R| = [32m9.820994e+02[39m
      9 Linear |R| = [32m3.192750e+02[39m
     10 Linear |R| = [32m1.076729e+02[39m
 1 Nonlinear |R| = [32m2.356744e+05[39m
      0 Linear |R| = [32m2.356744e+05[39m
      1 Linear |R| = [32m9.235316e+03[39m
      2 Linear |R| = [32m3.585393e+03[39m
      3 Linear |R| = [32m1.250347e+03[39m
      4 Linear |R| = [32m3.357662e+02[39m
      5 Linear |R| = [32m1.040735e+02[39m
      6 Linear |R| = [32m3.355473e+01[39m
      7 Linear |R| = [32m1.121408e+01[39m
      8 Linear |R| = [32m3.521652e+00[39m
      9 Linear |R| = [32m1.113357e+00[39m
 2 Nonlinear |R| = [32m2.035414e+01[39m
[32m Solve Converged![39m

Postprocessor Values:
+----------------+----------------+----------------+----------------+----------------+
| time           | base_shear_x   | damage_max     | top_disp_x     | vonmises_max   |
+----------------+----------------+----------------+----------------+----------------+
:                :                :                :                :                :
|   8.800000e+01 |  -7.531101e+05 |   1.250000e-01 |  -1.164984e-02 |   5.391162e+06 |
|   9.200000e+01 |  -5.393497e+05 |   1.375000e-01 |  -8.464108e-03 |   4.016212e+06 |
|   9.600000e+01 |  -2.794431e+05 |   1.500000e-01 |  -4.449845e-03 |   2.346174e+06 |
|   1.000000e+02 |   7.998346e-01 |   1.625000e-01 |  -4.408728e-18 |   5.530078e+05 |
|   1.040000e+02 |   2.712263e+05 |   1.750000e-01 |   4.449845e-03 |   2.293468e+06 |
|   1.080000e+02 |   5.080864e+05 |   1.875000e-01 |   8.464108e-03 |   3.815489e+06 |
|   1.120000e+02 |   6.885630e+05 |   2.000000e-01 |   1.164984e-02 |   4.976521e+06 |
|   1.160000e+02 |   7.968078e+05 |   2.125000e-01 |   1.369521e-02 |   5.673513e+06 |
|   1.200000e+02 |   8.245157e+05 |   2.250000e-01 |   1.440000e-02 |   5.852142e+06 |
|   1.240000e+02 |   7.715140e+05 |   2.375000e-01 |   1.369521e-02 |   5.510971e+06 |
|   1.280000e+02 |   6.455307e+05 |   2.500000e-01 |   1.164984e-02 |   4.700073e+06 |
|   1.320000e+02 |   4.611891e+05 |   2.625000e-01 |   8.464108e-03 |   3.514355e+06 |
|   1.360000e+02 |   2.383523e+05 |   2.750000e-01 |   4.449845e-03 |   2.082509e+06 |
|   1.400000e+02 |   5.107183e-01 |   2.875000e-01 |   6.172220e-18 |   5.530031e+05 |
|   1.440000e+02 |  -2.301329e+05 |   3.000000e-01 |  -4.449845e-03 |   2.029746e+06 |
+----------------+----------------+----------------+----------------+----------------+


Time Step 37, time = 148, dt = 4
 0 Nonlinear |R| = [32m9.958788e+06[39m
      0 Linear |R| = [32m9.958788e+06[39m
      1 Linear |R| = [32m1.949803e+06[39m
      2 Linear |R| = [32m5.499191e+05[39m
      3 Linear |R| = [32m2.181053e+05[39m
      4 Linear |R| = [32m6.324647e+04[39m
      5 Linear |R| = [32m2.278217e+04[39m
      6 Linear |R| = [32m7.064851e+03[39m
      7 Linear |R| = [32m2.390634e+03[39m
      8 Linear |R| = [32m8.691640e+02[39m
      9 Linear |R| = [32m2.826093e+02[39m
     10 Linear |R| = [32m9.532346e+01[39m
 1 Nonlinear |R| = [32m1.883897e+05[39m
      0 Linear |R| = [32m1.883897e+05[39m
      1 Linear |R| = [32m7.366986e+03[39m
      2 Linear |R| = [32m2.851365e+03[39m
      3 Linear |R| = [32m9.927441e+02[39m
      4 Linear |R| = [32m2.678534e+02[39m
      5 Linear |R| = [32m8.275359e+01[39m
      6 Linear |R| = [32m2.670618e+01[39m
      7 Linear |R| = [32m8.924774e+00[39m
      8 Linear |R| = [32m2.797619e+00[39m
      9 Linear |R| = [32m8.858617e-01[39m
 2 Nonlinear |R| = [32m1.324746e+01[39m
[32m Solve Converged![39m

Postprocessor Values:
+----------------+----------------+----------------+----------------+----------------+
| time           | base_shear_x   | damage_max     | top_disp_x     | vonmises_max   |
+----------------+----------------+----------------+----------------+----------------+
:                :                :                :                :                :
|   9.200000e+01 |  -5.393497e+05 |   1.375000e-01 |  -8.464108e-03 |   4.016212e+06 |
|   9.600000e+01 |  -2.794431e+05 |   1.500000e-01 |  -4.449845e-03 |   2.346174e+06 |
|   1.000000e+02 |   7.998346e-01 |   1.625000e-01 |  -4.408728e-18 |   5.530078e+05 |
|   1.040000e+02 |   2.712263e+05 |   1.750000e-01 |   4.449845e-03 |   2.293468e+06 |
|   1.080000e+02 |   5.080864e+05 |   1.875000e-01 |   8.464108e-03 |   3.815489e+06 |
|   1.120000e+02 |   6.885630e+05 |   2.000000e-01 |   1.164984e-02 |   4.976521e+06 |
|   1.160000e+02 |   7.968078e+05 |   2.125000e-01 |   1.369521e-02 |   5.673513e+06 |
|   1.200000e+02 |   8.245157e+05 |   2.250000e-01 |   1.440000e-02 |   5.852142e+06 |
|   1.240000e+02 |   7.715140e+05 |   2.375000e-01 |   1.369521e-02 |   5.510971e+06 |
|   1.280000e+02 |   6.455307e+05 |   2.500000e-01 |   1.164984e-02 |   4.700073e+06 |
|   1.320000e+02 |   4.611891e+05 |   2.625000e-01 |   8.464108e-03 |   3.514355e+06 |
|   1.360000e+02 |   2.383523e+05 |   2.750000e-01 |   4.449845e-03 |   2.082509e+06 |
|   1.400000e+02 |   5.107183e-01 |   2.875000e-01 |   6.172220e-18 |   5.530031e+05 |
|   1.440000e+02 |  -2.301329e+05 |   3.000000e-01 |  -4.449845e-03 |   2.029746e+06 |
|   1.480000e+02 |  -4.299232e+05 |   3.125000e-01 |  -8.464108e-03 |   3.313576e+06 |
+----------------+----------------+----------------+----------------+----------------+


Time Step 38, time = 152, dt = 4
 0 Nonlinear |R| = [32m7.759972e+06[39m
      0 Linear |R| = [32m7.759972e+06[39m
      1 Linear |R| = [32m1.509438e+06[39m
      2 Linear |R| = [32m4.263850e+05[39m
      3 Linear |R| = [32m1.696695e+05[39m
      4 Linear |R| = [32m4.920811e+04[39m
      5 Linear |R| = [32m1.773737e+04[39m
      6 Linear |R| = [32m5.497768e+03[39m
      7 Linear |R| = [32m1.858876e+03[39m
      8 Linear |R| = [32m6.763579e+02[39m
      9 Linear |R| = [32m2.199880e+02[39m
     10 Linear |R| = [32m7.420523e+01[39m
 1 Nonlinear |R| = [32m1.164950e+05[39m
      0 Linear |R| = [32m1.164950e+05[39m
      1 Linear |R| = [32m4.526698e+03[39m
      2 Linear |R| = [32m1.733131e+03[39m
      3 Linear |R| = [32m5.968154e+02[39m
      4 Linear |R| = [32m1.637809e+02[39m
      5 Linear |R| = [32m5.000903e+01[39m
      6 Linear |R| = [32m1.622016e+01[39m
      7 Linear |R| = [32m5.401601e+00[39m
      8 Linear |R| = [32m1.695613e+00[39m
      9 Linear |R| = [32m5.354110e-01[39m
 2 Nonlinear |R| = [32m5.171154e+00[39m
[32m Solve Converged![39m

Postprocessor Values:
+----------------+----------------+----------------+----------------+----------------+
| time           | base_shear_x   | damage_max     | top_disp_x     | vonmises_max   |
+----------------+----------------+----------------+----------------+----------------+
:                :                :                :                :                :
|   9.600000e+01 |  -2.794431e+05 |   1.500000e-01 |  -4.449845e-03 |   2.346174e+06 |
|   1.000000e+02 |   7.998346e-01 |   1.625000e-01 |  -4.408728e-18 |   5.530078e+05 |
|   1.040000e+02 |   2.712263e+05 |   1.750000e-01 |   4.449845e-03 |   2.293468e+06 |
|   1.080000e+02 |   5.080864e+05 |   1.875000e-01 |   8.464108e-03 |   3.815489e+06 |
|   1.120000e+02 |   6.885630e+05 |   2.000000e-01 |   1.164984e-02 |   4.976521e+06 |
|   1.160000e+02 |   7.968078e+05 |   2.125000e-01 |   1.369521e-02 |   5.673513e+06 |
|   1.200000e+02 |   8.245157e+05 |   2.250000e-01 |   1.440000e-02 |   5.852142e+06 |
|   1.240000e+02 |   7.715140e+05 |   2.375000e-01 |   1.369521e-02 |   5.510971e+06 |
|   1.280000e+02 |   6.455307e+05 |   2.500000e-01 |   1.164984e-02 |   4.700073e+06 |
|   1.320000e+02 |   4.611891e+05 |   2.625000e-01 |   8.464108e-03 |   3.514355e+06 |
|   1.360000e+02 |   2.383523e+05 |   2.750000e-01 |   4.449845e-03 |   2.082509e+06 |
|   1.400000e+02 |   5.107183e-01 |   2.875000e-01 |   6.172220e-18 |   5.530031e+05 |
|   1.440000e+02 |  -2.301329e+05 |   3.000000e-01 |  -4.449845e-03 |   2.029746e+06 |
|   1.480000e+02 |  -4.299232e+05 |   3.125000e-01 |  -8.464108e-03 |   3.313576e+06 |
|   1.520000e+02 |  -5.809811e+05 |   3.250000e-01 |  -1.164984e-02 |   4.285376e+06 |
+----------------+----------------+----------------+----------------+----------------+


Time Step 39, time = 156, dt = 4
 0 Nonlinear |R| = [32m4.890295e+06[39m
      0 Linear |R| = [32m4.890295e+06[39m
      1 Linear |R| = [32m9.449590e+05[39m
      2 Linear |R| = [32m2.673546e+05[39m
      3 Linear |R| = [32m1.067249e+05[39m
      4 Linear |R| = [32m3.096074e+04[39m
      5 Linear |R| = [32m1.116935e+04[39m
      6 Linear |R| = [32m3.460977e+03[39m
      7 Linear |R| = [32m1.168706e+03[39m
      8 Linear |R| = [32m4.257319e+02[39m
      9 Linear |R| = [32m1.385277e+02[39m
     10 Linear |R| = [32m4.672570e+01[39m
 1 Nonlinear |R| = [32m4.712831e+04[39m
      0 Linear |R| = [32m4.712831e+04[39m
      1 Linear |R| = [32m1.816087e+03[39m
      2 Linear |R| = [32m6.836648e+02[39m
      3 Linear |R| = [32m2.290712e+02[39m
      4 Linear |R| = [32m6.498198e+01[39m
      5 Linear |R| = [32m1.950468e+01[39m
      6 Linear |R| = [32m6.364505e+00[39m
      7 Linear |R| = [32m2.105150e+00[39m
      8 Linear |R| = [32m6.653952e-01[39m
      9 Linear |R| = [32m2.084722e-01[39m
 2 Nonlinear |R| = [32m8.824047e-01[39m
[32m Solve Converged![39m

Postprocessor Values:
+----------------+----------------+----------------+----------------+----------------+
| time           | base_shear_x   | damage_max     | top_disp_x     | vonmises_max   |
+----------------+----------------+----------------+----------------+----------------+
:                :                :                :                :                :
|   1.000000e+02 |   7.998346e-01 |   1.625000e-01 |  -4.408728e-18 |   5.530078e+05 |
|   1.040000e+02 |   2.712263e+05 |   1.750000e-01 |   4.449845e-03 |   2.293468e+06 |
|   1.080000e+02 |   5.080864e+05 |   1.875000e-01 |   8.464108e-03 |   3.815489e+06 |
|   1.120000e+02 |   6.885630e+05 |   2.000000e-01 |   1.164984e-02 |   4.976521e+06 |
|   1.160000e+02 |   7.968078e+05 |   2.125000e-01 |   1.369521e-02 |   5.673513e+06 |
|   1.200000e+02 |   8.245157e+05 |   2.250000e-01 |   1.440000e-02 |   5.852142e+06 |
|   1.240000e+02 |   7.715140e+05 |   2.375000e-01 |   1.369521e-02 |   5.510971e+06 |
|   1.280000e+02 |   6.455307e+05 |   2.500000e-01 |   1.164984e-02 |   4.700073e+06 |
|   1.320000e+02 |   4.611891e+05 |   2.625000e-01 |   8.464108e-03 |   3.514355e+06 |
|   1.360000e+02 |   2.383523e+05 |   2.750000e-01 |   4.449845e-03 |   2.082509e+06 |
|   1.400000e+02 |   5.107183e-01 |   2.875000e-01 |   6.172220e-18 |   5.530031e+05 |
|   1.440000e+02 |  -2.301329e+05 |   3.000000e-01 |  -4.449845e-03 |   2.029746e+06 |
|   1.480000e+02 |  -4.299232e+05 |   3.125000e-01 |  -8.464108e-03 |   3.313576e+06 |
|   1.520000e+02 |  -5.809811e+05 |   3.250000e-01 |  -1.164984e-02 |   4.285376e+06 |
|   1.560000e+02 |  -6.703378e+05 |   3.375000e-01 |  -1.369521e-02 |   4.860779e+06 |
+----------------+----------------+----------------+----------------+----------------+


Time Step 40, time = 160, dt = 4
 0 Nonlinear |R| = [32m2.413759e+07[39m
      0 Linear |R| = [32m2.413759e+07[39m
      1 Linear |R| = [32m5.162845e+06[39m
      2 Linear |R| = [32m1.424386e+06[39m
      3 Linear |R| = [32m5.406039e+05[39m
      4 Linear |R| = [32m1.574316e+05[39m
      5 Linear |R| = [32m5.605249e+04[39m
      6 Linear |R| = [32m1.729563e+04[39m
      7 Linear |R| = [32m5.948529e+03[39m
      8 Linear |R| = [32m2.135042e+03[39m
      9 Linear |R| = [32m6.952590e+02[39m
     10 Linear |R| = [32m2.350465e+02[39m
 1 Nonlinear |R| = [32m1.175571e+06[39m
      0 Linear |R| = [32m1.175571e+06[39m
      1 Linear |R| = [32m5.208941e+04[39m
      2 Linear |R| = [32m2.156674e+04[39m
      3 Linear |R| = [32m7.540934e+03[39m
      4 Linear |R| = [32m1.983440e+03[39m
      5 Linear |R| = [32m6.673910e+02[39m
      6 Linear |R| = [32m2.030336e+02[39m
      7 Linear |R| = [32m7.016684e+01[39m
      8 Linear |R| = [32m2.192809e+01[39m
      9 Linear |R| = [32m7.185980e+00[39m
 2 Nonlinear |R| = [32m5.596889e+02[39m
      0 Linear |R| = [32m5.596889e+02[39m
      1 Linear |R| = [32m3.162058e+01[39m
      2 Linear |R| = [32m7.147356e+00[39m
      3 Linear |R| = [32m2.264657e+00[39m
      4 Linear |R| = [32m7.686516e-01[39m
      5 Linear |R| = [32m2.661254e-01[39m
      6 Linear |R| = [32m9.715029e-02[39m
      7 Linear |R| = [32m2.790421e-02[39m
      8 Linear |R| = [32m8.280615e-03[39m
      9 Linear |R| = [32m2.532531e-03[39m
 3 Nonlinear |R| = [32m2.534148e-03[39m
[32m Solve Converged![39m

Postprocessor Values:
+----------------+----------------+----------------+----------------+----------------+
| time           | base_shear_x   | damage_max     | top_disp_x     | vonmises_max   |
+----------------+----------------+----------------+----------------+----------------+
:                :                :                :                :                :
|   1.040000e+02 |   2.712263e+05 |   1.750000e-01 |   4.449845e-03 |   2.293468e+06 |
|   1.080000e+02 |   5.080864e+05 |   1.875000e-01 |   8.464108e-03 |   3.815489e+06 |
|   1.120000e+02 |   6.885630e+05 |   2.000000e-01 |   1.164984e-02 |   4.976521e+06 |
|   1.160000e+02 |   7.968078e+05 |   2.125000e-01 |   1.369521e-02 |   5.673513e+06 |
|   1.200000e+02 |   8.245157e+05 |   2.250000e-01 |   1.440000e-02 |   5.852142e+06 |
|   1.240000e+02 |   7.715140e+05 |   2.375000e-01 |   1.369521e-02 |   5.510971e+06 |
|   1.280000e+02 |   6.455307e+05 |   2.500000e-01 |   1.164984e-02 |   4.700073e+06 |
|   1.320000e+02 |   4.611891e+05 |   2.625000e-01 |   8.464108e-03 |   3.514355e+06 |
|   1.360000e+02 |   2.383523e+05 |   2.750000e-01 |   4.449845e-03 |   2.082509e+06 |
|   1.400000e+02 |   5.107183e-01 |   2.875000e-01 |   6.172220e-18 |   5.530031e+05 |
|   1.440000e+02 |  -2.301329e+05 |   3.000000e-01 |  -4.449845e-03 |   2.029746e+06 |
|   1.480000e+02 |  -4.299232e+05 |   3.125000e-01 |  -8.464108e-03 |   3.313576e+06 |
|   1.520000e+02 |  -5.809811e+05 |   3.250000e-01 |  -1.164984e-02 |   4.285376e+06 |
|   1.560000e+02 |  -6.703378e+05 |   3.375000e-01 |  -1.369521e-02 |   4.860779e+06 |
|   1.600000e+02 |  -1.152566e+06 |   3.500000e-01 |  -2.400000e-02 |   7.971268e+06 |
+----------------+----------------+----------------+----------------+----------------+


Time Step 41, time = 164, dt = 4
 0 Nonlinear |R| = [32m1.042245e+07[39m
      0 Linear |R| = [32m1.042245e+07[39m
      1 Linear |R| = [32m2.051869e+06[39m
      2 Linear |R| = [32m5.781796e+05[39m
      3 Linear |R| = [32m2.280768e+05[39m
      4 Linear |R| = [32m6.628463e+04[39m
      5 Linear |R| = [32m2.392029e+04[39m
      6 Linear |R| = [32m7.389225e+03[39m
      7 Linear |R| = [32m2.500432e+03[39m
      8 Linear |R| = [32m9.096046e+02[39m
      9 Linear |R| = [32m2.972923e+02[39m
     10 Linear |R| = [32m1.001187e+02[39m
 1 Nonlinear |R| = [32m2.248293e+05[39m
      0 Linear |R| = [32m2.248293e+05[39m
      1 Linear |R| = [32m8.709038e+03[39m
      2 Linear |R| = [32m3.287791e+03[39m
      3 Linear |R| = [32m1.085348e+03[39m
      4 Linear |R| = [32m3.069195e+02[39m
      5 Linear |R| = [32m9.133085e+01[39m
      6 Linear |R| = [32m2.980886e+01[39m
      7 Linear |R| = [32m9.593242e+00[39m
      8 Linear |R| = [32m3.172203e+00[39m
      9 Linear |R| = [32m9.519088e-01[39m
 2 Nonlinear |R| = [32m2.051817e+01[39m
[32m Solve Converged![39m

Postprocessor Values:
+----------------+----------------+----------------+----------------+----------------+
| time           | base_shear_x   | damage_max     | top_disp_x     | vonmises_max   |
+----------------+----------------+----------------+----------------+----------------+
:                :                :                :                :                :
|   1.080000e+02 |   5.080864e+05 |   1.875000e-01 |   8.464108e-03 |   3.815489e+06 |
|   1.120000e+02 |   6.885630e+05 |   2.000000e-01 |   1.164984e-02 |   4.976521e+06 |
|   1.160000e+02 |   7.968078e+05 |   2.125000e-01 |   1.369521e-02 |   5.673513e+06 |
|   1.200000e+02 |   8.245157e+05 |   2.250000e-01 |   1.440000e-02 |   5.852142e+06 |
|   1.240000e+02 |   7.715140e+05 |   2.375000e-01 |   1.369521e-02 |   5.510971e+06 |
|   1.280000e+02 |   6.455307e+05 |   2.500000e-01 |   1.164984e-02 |   4.700073e+06 |
|   1.320000e+02 |   4.611891e+05 |   2.625000e-01 |   8.464108e-03 |   3.514355e+06 |
|   1.360000e+02 |   2.383523e+05 |   2.750000e-01 |   4.449845e-03 |   2.082509e+06 |
|   1.400000e+02 |   5.107183e-01 |   2.875000e-01 |   6.172220e-18 |   5.530031e+05 |
|   1.440000e+02 |  -2.301329e+05 |   3.000000e-01 |  -4.449845e-03 |   2.029746e+06 |
|   1.480000e+02 |  -4.299232e+05 |   3.125000e-01 |  -8.464108e-03 |   3.313576e+06 |
|   1.520000e+02 |  -5.809811e+05 |   3.250000e-01 |  -1.164984e-02 |   4.285376e+06 |
|   1.560000e+02 |  -6.703378e+05 |   3.375000e-01 |  -1.369521e-02 |   4.860779e+06 |
|   1.600000e+02 |  -1.152566e+06 |   3.500000e-01 |  -2.400000e-02 |   7.971268e+06 |
|   1.640000e+02 |  -9.037548e+05 |   3.700000e-01 |  -1.941641e-02 |   6.365818e+06 |
+----------------+----------------+----------------+----------------+----------------+


Time Step 42, time = 168, dt = 4
 0 Nonlinear |R| = [32m2.639061e+07[39m
      0 Linear |R| = [32m2.639061e+07[39m
      1 Linear |R| = [32m5.825741e+06[39m
      2 Linear |R| = [32m1.591507e+06[39m
      3 Linear |R| = [32m5.915328e+05[39m
      4 Linear |R| = [32m1.735122e+05[39m
      5 Linear |R| = [32m6.204586e+04[39m
      6 Linear |R| = [32m1.904712e+04[39m
      7 Linear |R| = [32m6.507674e+03[39m
      8 Linear |R| = [32m2.350069e+03[39m
      9 Linear |R| = [32m7.674299e+02[39m
     10 Linear |R| = [32m2.591420e+02[39m
 1 Nonlinear |R| = [32m1.491862e+06[39m
      0 Linear |R| = [32m1.491862e+06[39m
      1 Linear |R| = [32m6.586570e+04[39m
      2 Linear |R| = [32m2.740643e+04[39m
      3 Linear |R| = [32m9.518677e+03[39m
      4 Linear |R| = [32m2.493944e+03[39m
      5 Linear |R| = [32m8.336350e+02[39m
      6 Linear |R| = [32m2.612404e+02[39m
      7 Linear |R| = [32m8.812346e+01[39m
      8 Linear |R| = [32m2.895806e+01[39m
      9 Linear |R| = [32m9.203313e+00[39m
 2 Nonlinear |R| = [32m9.613719e+02[39m
      0 Linear |R| = [32m9.613719e+02[39m
      1 Linear |R| = [32m5.474432e+01[39m
      2 Linear |R| = [32m1.213529e+01[39m
      3 Linear |R| = [32m3.739182e+00[39m
      4 Linear |R| = [32m1.242585e+00[39m
      5 Linear |R| = [32m4.218764e-01[39m
      6 Linear |R| = [32m1.574802e-01[39m
      7 Linear |R| = [32m4.765898e-02[39m
      8 Linear |R| = [32m1.445094e-02[39m
      9 Linear |R| = [32m4.530854e-03[39m
 3 Nonlinear |R| = [32m4.542148e-03[39m
[32m Solve Converged![39m

Postprocessor Values:
+----------------+----------------+----------------+----------------+----------------+
| time           | base_shear_x   | damage_max     | top_disp_x     | vonmises_max   |
+----------------+----------------+----------------+----------------+----------------+
:                :                :                :                :                :
|   1.120000e+02 |   6.885630e+05 |   2.000000e-01 |   1.164984e-02 |   4.976521e+06 |
|   1.160000e+02 |   7.968078e+05 |   2.125000e-01 |   1.369521e-02 |   5.673513e+06 |
|   1.200000e+02 |   8.245157e+05 |   2.250000e-01 |   1.440000e-02 |   5.852142e+06 |
|   1.240000e+02 |   7.715140e+05 |   2.375000e-01 |   1.369521e-02 |   5.510971e+06 |
|   1.280000e+02 |   6.455307e+05 |   2.500000e-01 |   1.164984e-02 |   4.700073e+06 |
|   1.320000e+02 |   4.611891e+05 |   2.625000e-01 |   8.464108e-03 |   3.514355e+06 |
|   1.360000e+02 |   2.383523e+05 |   2.750000e-01 |   4.449845e-03 |   2.082509e+06 |
|   1.400000e+02 |   5.107183e-01 |   2.875000e-01 |   6.172220e-18 |   5.530031e+05 |
|   1.440000e+02 |  -2.301329e+05 |   3.000000e-01 |  -4.449845e-03 |   2.029746e+06 |
|   1.480000e+02 |  -4.299232e+05 |   3.125000e-01 |  -8.464108e-03 |   3.313576e+06 |
|   1.520000e+02 |  -5.809811e+05 |   3.250000e-01 |  -1.164984e-02 |   4.285376e+06 |
|   1.560000e+02 |  -6.703378e+05 |   3.375000e-01 |  -1.369521e-02 |   4.860779e+06 |
|   1.600000e+02 |  -1.152566e+06 |   3.500000e-01 |  -2.400000e-02 |   7.971268e+06 |
|   1.640000e+02 |  -9.037548e+05 |   3.700000e-01 |  -1.941641e-02 |   6.365818e+06 |
|   1.680000e+02 |  -3.342455e+05 |   3.900000e-01 |  -7.416408e-03 |   2.698860e+06 |
+----------------+----------------+----------------+----------------+----------------+


Time Step 43, time = 172, dt = 4
 0 Nonlinear |R| = [32m3.151431e+07[39m
      0 Linear |R| = [32m3.151431e+07[39m
      1 Linear |R| = [32m7.368831e+06[39m
      2 Linear |R| = [32m1.979994e+06[39m
      3 Linear |R| = [32m7.152888e+05[39m
      4 Linear |R| = [32m2.117435e+05[39m
      5 Linear |R| = [32m7.521541e+04[39m
      6 Linear |R| = [32m2.301649e+04[39m
      7 Linear |R| = [32m7.871731e+03[39m
      8 Linear |R| = [32m2.842243e+03[39m
      9 Linear |R| = [32m9.250413e+02[39m
     10 Linear |R| = [32m3.131472e+02[39m
 1 Nonlinear |R| = [32m2.208090e+06[39m
      0 Linear |R| = [32m2.208090e+06[39m
      1 Linear |R| = [32m1.062596e+05[39m
      2 Linear |R| = [32m4.378321e+04[39m
      3 Linear |R| = [32m1.513726e+04[39m
      4 Linear |R| = [32m4.071145e+03[39m
      5 Linear |R| = [32m1.378281e+03[39m
      6 Linear |R| = [32m4.308992e+02[39m
      7 Linear |R| = [32m1.458119e+02[39m
      8 Linear |R| = [32m4.799476e+01[39m
      9 Linear |R| = [32m1.541578e+01[39m
 2 Nonlinear |R| = [32m2.230444e+03[39m
      0 Linear |R| = [32m2.230444e+03[39m
      1 Linear |R| = [32m1.246646e+02[39m
      2 Linear |R| = [32m2.881182e+01[39m
      3 Linear |R| = [32m8.723100e+00[39m
      4 Linear |R| = [32m2.835154e+00[39m
      5 Linear |R| = [32m9.229433e-01[39m
      6 Linear |R| = [32m3.452658e-01[39m
      7 Linear |R| = [32m1.082113e-01[39m
      8 Linear |R| = [32m3.353331e-02[39m
      9 Linear |R| = [32m1.053789e-02[39m
 3 Nonlinear |R| = [32m1.072739e-02[39m
[32m Solve Converged![39m

Postprocessor Values:
+----------------+----------------+----------------+----------------+----------------+
| time           | base_shear_x   | damage_max     | top_disp_x     | vonmises_max   |
+----------------+----------------+----------------+----------------+----------------+
:                :                :                :                :                :
|   1.160000e+02 |   7.968078e+05 |   2.125000e-01 |   1.369521e-02 |   5.673513e+06 |
|   1.200000e+02 |   8.245157e+05 |   2.250000e-01 |   1.440000e-02 |   5.852142e+06 |
|   1.240000e+02 |   7.715140e+05 |   2.375000e-01 |   1.369521e-02 |   5.510971e+06 |
|   1.280000e+02 |   6.455307e+05 |   2.500000e-01 |   1.164984e-02 |   4.700073e+06 |
|   1.320000e+02 |   4.611891e+05 |   2.625000e-01 |   8.464108e-03 |   3.514355e+06 |
|   1.360000e+02 |   2.383523e+05 |   2.750000e-01 |   4.449845e-03 |   2.082509e+06 |
|   1.400000e+02 |   5.107183e-01 |   2.875000e-01 |   6.172220e-18 |   5.530031e+05 |
|   1.440000e+02 |  -2.301329e+05 |   3.000000e-01 |  -4.449845e-03 |   2.029746e+06 |
|   1.480000e+02 |  -4.299232e+05 |   3.125000e-01 |  -8.464108e-03 |   3.313576e+06 |
|   1.520000e+02 |  -5.809811e+05 |   3.250000e-01 |  -1.164984e-02 |   4.285376e+06 |
|   1.560000e+02 |  -6.703378e+05 |   3.375000e-01 |  -1.369521e-02 |   4.860779e+06 |
|   1.600000e+02 |  -1.152566e+06 |   3.500000e-01 |  -2.400000e-02 |   7.971268e+06 |
|   1.640000e+02 |  -9.037548e+05 |   3.700000e-01 |  -1.941641e-02 |   6.365818e+06 |
|   1.680000e+02 |  -3.342455e+05 |   3.900000e-01 |  -7.416408e-03 |   2.698860e+06 |
|   1.720000e+02 |   3.232836e+05 |   4.100000e-01 |   7.416408e-03 |   2.628461e+06 |
+----------------+----------------+----------------+----------------+----------------+


Time Step 44, time = 176, dt = 4
 0 Nonlinear |R| = [32m2.464176e+07[39m
      0 Linear |R| = [32m2.464176e+07[39m
      1 Linear |R| = [32m5.445133e+06[39m
      2 Linear |R| = [32m1.487794e+06[39m
      3 Linear |R| = [32m5.539451e+05[39m
      4 Linear |R| = [32m1.628642e+05[39m
      5 Linear |R| = [32m5.816463e+04[39m
      6 Linear |R| = [32m1.787950e+04[39m
      7 Linear |R| = [32m6.087338e+03[39m
      8 Linear |R| = [32m2.205592e+03[39m
      9 Linear |R| = [32m7.175281e+02[39m
     10 Linear |R| = [32m2.426092e+02[39m
 1 Nonlinear |R| = [32m1.397676e+06[39m
      0 Linear |R| = [32m1.397676e+06[39m
      1 Linear |R| = [32m6.384737e+04[39m
      2 Linear |R| = [32m2.643520e+04[39m
      3 Linear |R| = [32m9.195237e+03[39m
      4 Linear |R| = [32m2.450564e+03[39m
      5 Linear |R| = [32m8.210255e+02[39m
      6 Linear |R| = [32m2.561843e+02[39m
      7 Linear |R| = [32m8.688650e+01[39m
      8 Linear |R| = [32m2.818010e+01[39m
      9 Linear |R| = [32m9.075859e+00[39m
 2 Nonlinear |R| = [32m9.103184e+02[39m
      0 Linear |R| = [32m9.103184e+02[39m
      1 Linear |R| = [32m5.088486e+01[39m
      2 Linear |R| = [32m1.159557e+01[39m
      3 Linear |R| = [32m3.597261e+00[39m
      4 Linear |R| = [32m1.200537e+00[39m
      5 Linear |R| = [32m4.105954e-01[39m
      6 Linear |R| = [32m1.520899e-01[39m
      7 Linear |R| = [32m4.543028e-02[39m
      8 Linear |R| = [32m1.357176e-02[39m
      9 Linear |R| = [32m4.150316e-03[39m
 3 Nonlinear |R| = [32m4.162843e-03[39m
[32m Solve Converged![39m

Postprocessor Values:
+----------------+----------------+----------------+----------------+----------------+
| time           | base_shear_x   | damage_max     | top_disp_x     | vonmises_max   |
+----------------+----------------+----------------+----------------+----------------+
:                :                :                :                :                :
|   1.200000e+02 |   8.245157e+05 |   2.250000e-01 |   1.440000e-02 |   5.852142e+06 |
|   1.240000e+02 |   7.715140e+05 |   2.375000e-01 |   1.369521e-02 |   5.510971e+06 |
|   1.280000e+02 |   6.455307e+05 |   2.500000e-01 |   1.164984e-02 |   4.700073e+06 |
|   1.320000e+02 |   4.611891e+05 |   2.625000e-01 |   8.464108e-03 |   3.514355e+06 |
|   1.360000e+02 |   2.383523e+05 |   2.750000e-01 |   4.449845e-03 |   2.082509e+06 |
|   1.400000e+02 |   5.107183e-01 |   2.875000e-01 |   6.172220e-18 |   5.530031e+05 |
|   1.440000e+02 |  -2.301329e+05 |   3.000000e-01 |  -4.449845e-03 |   2.029746e+06 |
|   1.480000e+02 |  -4.299232e+05 |   3.125000e-01 |  -8.464108e-03 |   3.313576e+06 |
|   1.520000e+02 |  -5.809811e+05 |   3.250000e-01 |  -1.164984e-02 |   4.285376e+06 |
|   1.560000e+02 |  -6.703378e+05 |   3.375000e-01 |  -1.369521e-02 |   4.860779e+06 |
|   1.600000e+02 |  -1.152566e+06 |   3.500000e-01 |  -2.400000e-02 |   7.971268e+06 |
|   1.640000e+02 |  -9.037548e+05 |   3.700000e-01 |  -1.941641e-02 |   6.365818e+06 |
|   1.680000e+02 |  -3.342455e+05 |   3.900000e-01 |  -7.416408e-03 |   2.698860e+06 |
|   1.720000e+02 |   3.232836e+05 |   4.100000e-01 |   7.416408e-03 |   2.628461e+06 |
|   1.760000e+02 |   8.176864e+05 |   4.300000e-01 |   1.941641e-02 |   5.812220e+06 |
+----------------+----------------+----------------+----------------+----------------+


Time Step 45, time = 180, dt = 4
 0 Nonlinear |R| = [32m9.094780e+06[39m
      0 Linear |R| = [32m9.094780e+06[39m
      1 Linear |R| = [32m1.791134e+06[39m
      2 Linear |R| = [32m5.044746e+05[39m
      3 Linear |R| = [32m1.994126e+05[39m
      4 Linear |R| = [32m5.805767e+04[39m
      5 Linear |R| = [32m2.094332e+04[39m
      6 Linear |R| = [32m6.503447e+03[39m
      7 Linear |R| = [32m2.186267e+03[39m
      8 Linear |R| = [32m8.000464e+02[39m
      9 Linear |R| = [32m2.604525e+02[39m
     10 Linear |R| = [32m8.779521e+01[39m
 1 Nonlinear |R| = [32m1.965876e+05[39m
      0 Linear |R| = [32m1.965876e+05[39m
      1 Linear |R| = [32m7.834449e+03[39m
      2 Linear |R| = [32m3.101038e+03[39m
      3 Linear |R| = [32m1.089609e+03[39m
      4 Linear |R| = [32m2.901069e+02[39m
      5 Linear |R| = [32m9.060893e+01[39m
      6 Linear |R| = [32m2.901104e+01[39m
      7 Linear |R| = [32m9.628685e+00[39m
      8 Linear |R| = [32m3.078847e+00[39m
      9 Linear |R| = [32m9.733555e-01[39m
 2 Nonlinear |R| = [32m1.807333e+01[39m
[32m Solve Converged![39m

Postprocessor Values:
+----------------+----------------+----------------+----------------+----------------+
| time           | base_shear_x   | damage_max     | top_disp_x     | vonmises_max   |
+----------------+----------------+----------------+----------------+----------------+
:                :                :                :                :                :
|   1.240000e+02 |   7.715140e+05 |   2.375000e-01 |   1.369521e-02 |   5.510971e+06 |
|   1.280000e+02 |   6.455307e+05 |   2.500000e-01 |   1.164984e-02 |   4.700073e+06 |
|   1.320000e+02 |   4.611891e+05 |   2.625000e-01 |   8.464108e-03 |   3.514355e+06 |
|   1.360000e+02 |   2.383523e+05 |   2.750000e-01 |   4.449845e-03 |   2.082509e+06 |
|   1.400000e+02 |   5.107183e-01 |   2.875000e-01 |   6.172220e-18 |   5.530031e+05 |
|   1.440000e+02 |  -2.301329e+05 |   3.000000e-01 |  -4.449845e-03 |   2.029746e+06 |
|   1.480000e+02 |  -4.299232e+05 |   3.125000e-01 |  -8.464108e-03 |   3.313576e+06 |
|   1.520000e+02 |  -5.809811e+05 |   3.250000e-01 |  -1.164984e-02 |   4.285376e+06 |
|   1.560000e+02 |  -6.703378e+05 |   3.375000e-01 |  -1.369521e-02 |   4.860779e+06 |
|   1.600000e+02 |  -1.152566e+06 |   3.500000e-01 |  -2.400000e-02 |   7.971268e+06 |
|   1.640000e+02 |  -9.037548e+05 |   3.700000e-01 |  -1.941641e-02 |   6.365818e+06 |
|   1.680000e+02 |  -3.342455e+05 |   3.900000e-01 |  -7.416408e-03 |   2.698860e+06 |
|   1.720000e+02 |   3.232836e+05 |   4.100000e-01 |   7.416408e-03 |   2.628461e+06 |
|   1.760000e+02 |   8.176864e+05 |   4.300000e-01 |   1.941641e-02 |   5.812220e+06 |
|   1.800000e+02 |   9.752588e+05 |   4.500000e-01 |   2.400000e-02 |   6.830071e+06 |
+----------------+----------------+----------------+----------------+----------------+


Time Step 46, time = 184, dt = 4
 0 Nonlinear |R| = [32m8.768214e+06[39m
      0 Linear |R| = [32m8.768214e+06[39m
      1 Linear |R| = [32m1.725275e+06[39m
      2 Linear |R| = [32m4.863010e+05[39m
      3 Linear |R| = [32m1.920587e+05[39m
      4 Linear |R| = [32m5.573551e+04[39m
      5 Linear |R| = [32m2.007635e+04[39m
      6 Linear |R| = [32m6.266166e+03[39m
      7 Linear |R| = [32m2.111013e+03[39m
      8 Linear |R| = [32m7.703519e+02[39m
      9 Linear |R| = [32m2.510284e+02[39m
     10 Linear |R| = [32m8.446267e+01[39m
 1 Nonlinear |R| = [32m1.891262e+05[39m
      0 Linear |R| = [32m1.891262e+05[39m
      1 Linear |R| = [32m7.329131e+03[39m
      2 Linear |R| = [32m2.775992e+03[39m
      3 Linear |R| = [32m9.331076e+02[39m
      4 Linear |R| = [32m2.604218e+02[39m
      5 Linear |R| = [32m7.841533e+01[39m
      6 Linear |R| = [32m2.566948e+01[39m
      7 Linear |R| = [32m8.435367e+00[39m
      8 Linear |R| = [32m2.711399e+00[39m
      9 Linear |R| = [32m8.315236e-01[39m
 2 Nonlinear |R| = [32m1.726376e+01[39m
[32m Solve Converged![39m

Postprocessor Values:
+----------------+----------------+----------------+----------------+----------------+
| time           | base_shear_x   | damage_max     | top_disp_x     | vonmises_max   |
+----------------+----------------+----------------+----------------+----------------+
:                :                :                :                :                :
|   1.280000e+02 |   6.455307e+05 |   2.500000e-01 |   1.164984e-02 |   4.700073e+06 |
|   1.320000e+02 |   4.611891e+05 |   2.625000e-01 |   8.464108e-03 |   3.514355e+06 |
|   1.360000e+02 |   2.383523e+05 |   2.750000e-01 |   4.449845e-03 |   2.082509e+06 |
|   1.400000e+02 |   5.107183e-01 |   2.875000e-01 |   6.172220e-18 |   5.530031e+05 |
|   1.440000e+02 |  -2.301329e+05 |   3.000000e-01 |  -4.449845e-03 |   2.029746e+06 |
|   1.480000e+02 |  -4.299232e+05 |   3.125000e-01 |  -8.464108e-03 |   3.313576e+06 |
|   1.520000e+02 |  -5.809811e+05 |   3.250000e-01 |  -1.164984e-02 |   4.285376e+06 |
|   1.560000e+02 |  -6.703378e+05 |   3.375000e-01 |  -1.369521e-02 |   4.860779e+06 |
|   1.600000e+02 |  -1.152566e+06 |   3.500000e-01 |  -2.400000e-02 |   7.971268e+06 |
|   1.640000e+02 |  -9.037548e+05 |   3.700000e-01 |  -1.941641e-02 |   6.365818e+06 |
|   1.680000e+02 |  -3.342455e+05 |   3.900000e-01 |  -7.416408e-03 |   2.698860e+06 |
|   1.720000e+02 |   3.232836e+05 |   4.100000e-01 |   7.416408e-03 |   2.628461e+06 |
|   1.760000e+02 |   8.176864e+05 |   4.300000e-01 |   1.941641e-02 |   5.812220e+06 |
|   1.800000e+02 |   9.752588e+05 |   4.500000e-01 |   2.400000e-02 |   6.830071e+06 |
|   1.840000e+02 |   7.603102e+05 |   4.700000e-01 |   1.941641e-02 |   5.443198e+06 |
+----------------+----------------+----------------+----------------+----------------+


Time Step 47, time = 188, dt = 4
 0 Nonlinear |R| = [32m2.206460e+07[39m
      0 Linear |R| = [32m2.206460e+07[39m
      1 Linear |R| = [32m4.865731e+06[39m
      2 Linear |R| = [32m1.330167e+06[39m
      3 Linear |R| = [32m4.956543e+05[39m
      4 Linear |R| = [32m1.445719e+05[39m
      5 Linear |R| = [32m5.139628e+04[39m
      6 Linear |R| = [32m1.596906e+04[39m
      7 Linear |R| = [32m5.469918e+03[39m
      8 Linear |R| = [32m1.969822e+03[39m
      9 Linear |R| = [32m6.410417e+02[39m
     10 Linear |R| = [32m2.163495e+02[39m
 1 Nonlinear |R| = [32m1.247186e+06[39m
      0 Linear |R| = [32m1.247186e+06[39m
      1 Linear |R| = [32m5.515655e+04[39m
      2 Linear |R| = [32m2.294657e+04[39m
      3 Linear |R| = [32m7.972957e+03[39m
      4 Linear |R| = [32m2.073643e+03[39m
      5 Linear |R| = [32m7.029192e+02[39m
      6 Linear |R| = [32m2.154341e+02[39m
      7 Linear |R| = [32m7.407714e+01[39m
      8 Linear |R| = [32m2.362747e+01[39m
      9 Linear |R| = [32m7.633851e+00[39m
 2 Nonlinear |R| = [32m8.037059e+02[39m
      0 Linear |R| = [32m8.037059e+02[39m
      1 Linear |R| = [32m4.599998e+01[39m
      2 Linear |R| = [32m1.016013e+01[39m
      3 Linear |R| = [32m3.118037e+00[39m
      4 Linear |R| = [32m1.035157e+00[39m
      5 Linear |R| = [32m3.461973e-01[39m
      6 Linear |R| = [32m1.298400e-01[39m
      7 Linear |R| = [32m3.932731e-02[39m
      8 Linear |R| = [32m1.203746e-02[39m
      9 Linear |R| = [32m3.805641e-03[39m
 3 Nonlinear |R| = [32m3.814567e-03[39m
[32m Solve Converged![39m

Postprocessor Values:
+----------------+----------------+----------------+----------------+----------------+
| time           | base_shear_x   | damage_max     | top_disp_x     | vonmises_max   |
+----------------+----------------+----------------+----------------+----------------+
:                :                :                :                :                :
|   1.320000e+02 |   4.611891e+05 |   2.625000e-01 |   8.464108e-03 |   3.514355e+06 |
|   1.360000e+02 |   2.383523e+05 |   2.750000e-01 |   4.449845e-03 |   2.082509e+06 |
|   1.400000e+02 |   5.107183e-01 |   2.875000e-01 |   6.172220e-18 |   5.530031e+05 |
|   1.440000e+02 |  -2.301329e+05 |   3.000000e-01 |  -4.449845e-03 |   2.029746e+06 |
|   1.480000e+02 |  -4.299232e+05 |   3.125000e-01 |  -8.464108e-03 |   3.313576e+06 |
|   1.520000e+02 |  -5.809811e+05 |   3.250000e-01 |  -1.164984e-02 |   4.285376e+06 |
|   1.560000e+02 |  -6.703378e+05 |   3.375000e-01 |  -1.369521e-02 |   4.860779e+06 |
|   1.600000e+02 |  -1.152566e+06 |   3.500000e-01 |  -2.400000e-02 |   7.971268e+06 |
|   1.640000e+02 |  -9.037548e+05 |   3.700000e-01 |  -1.941641e-02 |   6.365818e+06 |
|   1.680000e+02 |  -3.342455e+05 |   3.900000e-01 |  -7.416408e-03 |   2.698860e+06 |
|   1.720000e+02 |   3.232836e+05 |   4.100000e-01 |   7.416408e-03 |   2.628461e+06 |
|   1.760000e+02 |   8.176864e+05 |   4.300000e-01 |   1.941641e-02 |   5.812220e+06 |
|   1.800000e+02 |   9.752588e+05 |   4.500000e-01 |   2.400000e-02 |   6.830071e+06 |
|   1.840000e+02 |   7.603102e+05 |   4.700000e-01 |   1.941641e-02 |   5.443198e+06 |
|   1.880000e+02 |   2.794525e+05 |   4.900000e-01 |   7.416408e-03 |   2.347053e+06 |
+----------------+----------------+----------------+----------------+----------------+


Time Step 48, time = 192, dt = 4
 0 Nonlinear |R| = [32m2.617332e+07[39m
      0 Linear |R| = [32m2.617332e+07[39m
      1 Linear |R| = [32m6.113024e+06[39m
      2 Linear |R| = [32m1.643901e+06[39m
      3 Linear |R| = [32m5.955420e+05[39m
      4 Linear |R| = [32m1.749876e+05[39m
      5 Linear |R| = [32m6.170748e+04[39m
      6 Linear |R| = [32m1.906585e+04[39m
      7 Linear |R| = [32m6.571282e+03[39m
      8 Linear |R| = [32m2.353591e+03[39m
      9 Linear |R| = [32m7.646231e+02[39m
     10 Linear |R| = [32m2.588944e+02[39m
 1 Nonlinear |R| = [32m1.833667e+06[39m
      0 Linear |R| = [32m1.833667e+06[39m
      1 Linear |R| = [32m8.841691e+04[39m
      2 Linear |R| = [32m3.634963e+04[39m
      3 Linear |R| = [32m1.254992e+04[39m
      4 Linear |R| = [32m3.357267e+03[39m
      5 Linear |R| = [32m1.146136e+03[39m
      6 Linear |R| = [32m3.489107e+02[39m
      7 Linear |R| = [32m1.201633e+02[39m
      8 Linear |R| = [32m3.871048e+01[39m
      9 Linear |R| = [32m1.260502e+01[39m
 2 Nonlinear |R| = [32m1.852201e+03[39m
      0 Linear |R| = [32m1.852201e+03[39m
      1 Linear |R| = [32m1.039229e+02[39m
      2 Linear |R| = [32m2.396959e+01[39m
      3 Linear |R| = [32m7.232379e+00[39m
      4 Linear |R| = [32m2.350512e+00[39m
      5 Linear |R| = [32m7.549819e-01[39m
      6 Linear |R| = [32m2.829995e-01[39m
      7 Linear |R| = [32m8.873032e-02[39m
      8 Linear |R| = [32m2.791475e-02[39m
      9 Linear |R| = [32m8.836070e-03[39m
 3 Nonlinear |R| = [32m8.991880e-03[39m
[32m Solve Converged![39m

Postprocessor Values:
+----------------+----------------+----------------+----------------+----------------+
| time           | base_shear_x   | damage_max     | top_disp_x     | vonmises_max   |
+----------------+----------------+----------------+----------------+----------------+
:                :                :                :                :                :
|   1.360000e+02 |   2.383523e+05 |   2.750000e-01 |   4.449845e-03 |   2.082509e+06 |
|   1.400000e+02 |   5.107183e-01 |   2.875000e-01 |   6.172220e-18 |   5.530031e+05 |
|   1.440000e+02 |  -2.301329e+05 |   3.000000e-01 |  -4.449845e-03 |   2.029746e+06 |
|   1.480000e+02 |  -4.299232e+05 |   3.125000e-01 |  -8.464108e-03 |   3.313576e+06 |
|   1.520000e+02 |  -5.809811e+05 |   3.250000e-01 |  -1.164984e-02 |   4.285376e+06 |
|   1.560000e+02 |  -6.703378e+05 |   3.375000e-01 |  -1.369521e-02 |   4.860779e+06 |
|   1.600000e+02 |  -1.152566e+06 |   3.500000e-01 |  -2.400000e-02 |   7.971268e+06 |
|   1.640000e+02 |  -9.037548e+05 |   3.700000e-01 |  -1.941641e-02 |   6.365818e+06 |
|   1.680000e+02 |  -3.342455e+05 |   3.900000e-01 |  -7.416408e-03 |   2.698860e+06 |
|   1.720000e+02 |   3.232836e+05 |   4.100000e-01 |   7.416408e-03 |   2.628461e+06 |
|   1.760000e+02 |   8.176864e+05 |   4.300000e-01 |   1.941641e-02 |   5.812220e+06 |
|   1.800000e+02 |   9.752588e+05 |   4.500000e-01 |   2.400000e-02 |   6.830071e+06 |
|   1.840000e+02 |   7.603102e+05 |   4.700000e-01 |   1.941641e-02 |   5.443198e+06 |
|   1.880000e+02 |   2.794525e+05 |   4.900000e-01 |   7.416408e-03 |   2.347053e+06 |
|   1.920000e+02 |  -2.684980e+05 |   5.100000e-01 |  -7.416408e-03 |   2.276768e+06 |
+----------------+----------------+----------------+----------------+----------------+


Time Step 49, time = 196, dt = 4
 0 Nonlinear |R| = [32m2.031900e+07[39m
      0 Linear |R| = [32m2.031900e+07[39m
      1 Linear |R| = [32m4.485172e+06[39m
      2 Linear |R| = [32m1.226622e+06[39m
      3 Linear |R| = [32m4.578235e+05[39m
      4 Linear |R| = [32m1.336973e+05[39m
      5 Linear |R| = [32m4.743371e+04[39m
      6 Linear |R| = [32m1.463659e+04[39m
      7 Linear |R| = [32m5.041001e+03[39m
      8 Linear |R| = [32m1.806581e+03[39m
      9 Linear |R| = [32m5.876786e+02[39m
     10 Linear |R| = [32m1.988227e+02[39m
 1 Nonlinear |R| = [32m1.152353e+06[39m
      0 Linear |R| = [32m1.152353e+06[39m
      1 Linear |R| = [32m5.273976e+04[39m
      2 Linear |R| = [32m2.181145e+04[39m
      3 Linear |R| = [32m7.583809e+03[39m
      4 Linear |R| = [32m2.009057e+03[39m
      5 Linear |R| = [32m6.802647e+02[39m
      6 Linear |R| = [32m2.066072e+02[39m
      7 Linear |R| = [32m7.135903e+01[39m
      8 Linear |R| = [32m2.253009e+01[39m
      9 Linear |R| = [32m7.370628e+00[39m
 2 Nonlinear |R| = [32m7.505424e+02[39m
      0 Linear |R| = [32m7.505424e+02[39m
      1 Linear |R| = [32m4.217286e+01[39m
      2 Linear |R| = [32m9.567744e+00[39m
      3 Linear |R| = [32m2.952473e+00[39m
      4 Linear |R| = [32m9.832800e-01[39m
      5 Linear |R| = [32m3.307677e-01[39m
      6 Linear |R| = [32m1.233173e-01[39m
      7 Linear |R| = [32m3.690548e-02[39m
      8 Linear |R| = [32m1.120496e-02[39m
      9 Linear |R| = [32m3.455117e-03[39m
 3 Nonlinear |R| = [32m3.465411e-03[39m
[32m Solve Converged![39m

Postprocessor Values:
+----------------+----------------+----------------+----------------+----------------+
| time           | base_shear_x   | damage_max     | top_disp_x     | vonmises_max   |
+----------------+----------------+----------------+----------------+----------------+
:                :                :                :                :                :
|   1.400000e+02 |   5.107183e-01 |   2.875000e-01 |   6.172220e-18 |   5.530031e+05 |
|   1.440000e+02 |  -2.301329e+05 |   3.000000e-01 |  -4.449845e-03 |   2.029746e+06 |
|   1.480000e+02 |  -4.299232e+05 |   3.125000e-01 |  -8.464108e-03 |   3.313576e+06 |
|   1.520000e+02 |  -5.809811e+05 |   3.250000e-01 |  -1.164984e-02 |   4.285376e+06 |
|   1.560000e+02 |  -6.703378e+05 |   3.375000e-01 |  -1.369521e-02 |   4.860779e+06 |
|   1.600000e+02 |  -1.152566e+06 |   3.500000e-01 |  -2.400000e-02 |   7.971268e+06 |
|   1.640000e+02 |  -9.037548e+05 |   3.700000e-01 |  -1.941641e-02 |   6.365818e+06 |
|   1.680000e+02 |  -3.342455e+05 |   3.900000e-01 |  -7.416408e-03 |   2.698860e+06 |
|   1.720000e+02 |   3.232836e+05 |   4.100000e-01 |   7.416408e-03 |   2.628461e+06 |
|   1.760000e+02 |   8.176864e+05 |   4.300000e-01 |   1.941641e-02 |   5.812220e+06 |
|   1.800000e+02 |   9.752588e+05 |   4.500000e-01 |   2.400000e-02 |   6.830071e+06 |
|   1.840000e+02 |   7.603102e+05 |   4.700000e-01 |   1.941641e-02 |   5.443198e+06 |
|   1.880000e+02 |   2.794525e+05 |   4.900000e-01 |   7.416408e-03 |   2.347053e+06 |
|   1.920000e+02 |  -2.684980e+05 |   5.100000e-01 |  -7.416408e-03 |   2.276768e+06 |
|   1.960000e+02 |  -6.742492e+05 |   5.300000e-01 |  -1.941641e-02 |   4.889717e+06 |
+----------------+----------------+----------------+----------------+----------------+


Time Step 50, time = 200, dt = 4
 0 Nonlinear |R| = [32m7.441325e+06[39m
      0 Linear |R| = [32m7.441325e+06[39m
      1 Linear |R| = [32m1.464653e+06[39m
      2 Linear |R| = [32m4.128105e+05[39m
      3 Linear |R| = [32m1.633663e+05[39m
      4 Linear |R| = [32m4.738912e+04[39m
      5 Linear |R| = [32m1.703984e+04[39m
      6 Linear |R| = [32m5.271620e+03[39m
      7 Linear |R| = [32m1.791816e+03[39m
      8 Linear |R| = [32m6.494242e+02[39m
      9 Linear |R| = [32m2.116557e+02[39m
     10 Linear |R| = [32m7.141995e+01[39m
 1 Nonlinear |R| = [32m1.608265e+05[39m
      0 Linear |R| = [32m1.608265e+05[39m
      1 Linear |R| = [32m6.416263e+03[39m
      2 Linear |R| = [32m2.548331e+03[39m
      3 Linear |R| = [32m9.034321e+02[39m
      4 Linear |R| = [32m2.379733e+02[39m
      5 Linear |R| = [32m7.567603e+01[39m
      6 Linear |R| = [32m2.394854e+01[39m
      7 Linear |R| = [32m8.122328e+00[39m
      8 Linear |R| = [32m2.511118e+00[39m
      9 Linear |R| = [32m8.121836e-01[39m
 2 Nonlinear |R| = [32m1.479100e+01[39m
[32m Solve Converged![39m

Postprocessor Values:
+----------------+----------------+----------------+----------------+----------------+
| time           | base_shear_x   | damage_max     | top_disp_x     | vonmises_max   |
+----------------+----------------+----------------+----------------+----------------+
:                :                :                :                :                :
|   1.440000e+02 |  -2.301329e+05 |   3.000000e-01 |  -4.449845e-03 |   2.029746e+06 |
|   1.480000e+02 |  -4.299232e+05 |   3.125000e-01 |  -8.464108e-03 |   3.313576e+06 |
|   1.520000e+02 |  -5.809811e+05 |   3.250000e-01 |  -1.164984e-02 |   4.285376e+06 |
|   1.560000e+02 |  -6.703378e+05 |   3.375000e-01 |  -1.369521e-02 |   4.860779e+06 |
|   1.600000e+02 |  -1.152566e+06 |   3.500000e-01 |  -2.400000e-02 |   7.971268e+06 |
|   1.640000e+02 |  -9.037548e+05 |   3.700000e-01 |  -1.941641e-02 |   6.365818e+06 |
|   1.680000e+02 |  -3.342455e+05 |   3.900000e-01 |  -7.416408e-03 |   2.698860e+06 |
|   1.720000e+02 |   3.232836e+05 |   4.100000e-01 |   7.416408e-03 |   2.628461e+06 |
|   1.760000e+02 |   8.176864e+05 |   4.300000e-01 |   1.941641e-02 |   5.812220e+06 |
|   1.800000e+02 |   9.752588e+05 |   4.500000e-01 |   2.400000e-02 |   6.830071e+06 |
|   1.840000e+02 |   7.603102e+05 |   4.700000e-01 |   1.941641e-02 |   5.443198e+06 |
|   1.880000e+02 |   2.794525e+05 |   4.900000e-01 |   7.416408e-03 |   2.347053e+06 |
|   1.920000e+02 |  -2.684980e+05 |   5.100000e-01 |  -7.416408e-03 |   2.276768e+06 |
|   1.960000e+02 |  -6.742492e+05 |   5.300000e-01 |  -1.941641e-02 |   4.889717e+06 |
|   2.000000e+02 |  -7.979592e+05 |   5.500000e-01 |  -2.400000e-02 |   5.688992e+06 |
+----------------+----------------+----------------+----------------+----------------+


Time Step 51, time = 204, dt = 4
 0 Nonlinear |R| = [32m7.196643e+06[39m
      0 Linear |R| = [32m7.196643e+06[39m
      1 Linear |R| = [32m1.416485e+06[39m
      2 Linear |R| = [32m3.991847e+05[39m
      3 Linear |R| = [32m1.574555e+05[39m
      4 Linear |R| = [32m4.576836e+04[39m
      5 Linear |R| = [32m1.651401e+04[39m
      6 Linear |R| = [32m5.101409e+03[39m
      7 Linear |R| = [32m1.725949e+03[39m
      8 Linear |R| = [32m6.278728e+02[39m
      9 Linear |R| = [32m2.052011e+02[39m
     10 Linear |R| = [32m6.909945e+01[39m
 1 Nonlinear |R| = [32m1.552113e+05[39m
      0 Linear |R| = [32m1.552113e+05[39m
      1 Linear |R| = [32m6.013449e+03[39m
      2 Linear |R| = [32m2.271153e+03[39m
      3 Linear |R| = [32m7.498883e+02[39m
      4 Linear |R| = [32m2.119410e+02[39m
      5 Linear |R| = [32m6.306112e+01[39m
      6 Linear |R| = [32m2.058590e+01[39m
      7 Linear |R| = [32m6.628083e+00[39m
      8 Linear |R| = [32m2.190227e+00[39m
      9 Linear |R| = [32m6.573976e-01[39m
 2 Nonlinear |R| = [32m1.416340e+01[39m
[32m Solve Converged![39m

Postprocessor Values:
+----------------+----------------+----------------+----------------+----------------+
| time           | base_shear_x   | damage_max     | top_disp_x     | vonmises_max   |
+----------------+----------------+----------------+----------------+----------------+
:                :                :                :                :                :
|   1.480000e+02 |  -4.299232e+05 |   3.125000e-01 |  -8.464108e-03 |   3.313576e+06 |
|   1.520000e+02 |  -5.809811e+05 |   3.250000e-01 |  -1.164984e-02 |   4.285376e+06 |
|   1.560000e+02 |  -6.703378e+05 |   3.375000e-01 |  -1.369521e-02 |   4.860779e+06 |
|   1.600000e+02 |  -1.152566e+06 |   3.500000e-01 |  -2.400000e-02 |   7.971268e+06 |
|   1.640000e+02 |  -9.037548e+05 |   3.700000e-01 |  -1.941641e-02 |   6.365818e+06 |
|   1.680000e+02 |  -3.342455e+05 |   3.900000e-01 |  -7.416408e-03 |   2.698860e+06 |
|   1.720000e+02 |   3.232836e+05 |   4.100000e-01 |   7.416408e-03 |   2.628461e+06 |
|   1.760000e+02 |   8.176864e+05 |   4.300000e-01 |   1.941641e-02 |   5.812220e+06 |
|   1.800000e+02 |   9.752588e+05 |   4.500000e-01 |   2.400000e-02 |   6.830071e+06 |
|   1.840000e+02 |   7.603102e+05 |   4.700000e-01 |   1.941641e-02 |   5.443198e+06 |
|   1.880000e+02 |   2.794525e+05 |   4.900000e-01 |   7.416408e-03 |   2.347053e+06 |
|   1.920000e+02 |  -2.684980e+05 |   5.100000e-01 |  -7.416408e-03 |   2.276768e+06 |
|   1.960000e+02 |  -6.742492e+05 |   5.300000e-01 |  -1.941641e-02 |   4.889717e+06 |
|   2.000000e+02 |  -7.979592e+05 |   5.500000e-01 |  -2.400000e-02 |   5.688992e+06 |
|   2.040000e+02 |  -6.240448e+05 |   5.650000e-01 |  -1.941641e-02 |   4.566820e+06 |
+----------------+----------------+----------------+----------------+----------------+


Time Step 52, time = 208, dt = 4
 0 Nonlinear |R| = [32m1.817108e+07[39m
      0 Linear |R| = [32m1.817108e+07[39m
      1 Linear |R| = [32m4.010292e+06[39m
      2 Linear |R| = [32m1.095718e+06[39m
      3 Linear |R| = [32m4.072185e+05[39m
      4 Linear |R| = [32m1.194690e+05[39m
      5 Linear |R| = [32m4.271286e+04[39m
      6 Linear |R| = [32m1.311293e+04[39m
      7 Linear |R| = [32m4.479366e+03[39m
      8 Linear |R| = [32m1.617606e+03[39m
      9 Linear |R| = [32m5.282120e+02[39m
     10 Linear |R| = [32m1.783573e+02[39m
 1 Nonlinear |R| = [32m1.026992e+06[39m
      0 Linear |R| = [32m1.026992e+06[39m
      1 Linear |R| = [32m4.534777e+04[39m
      2 Linear |R| = [32m1.886712e+04[39m
      3 Linear |R| = [32m6.550727e+03[39m
      4 Linear |R| = [32m1.716908e+03[39m
      5 Linear |R| = [32m5.737721e+02[39m
      6 Linear |R| = [32m1.797937e+02[39m
      7 Linear |R| = [32m6.064547e+01[39m
      8 Linear |R| = [32m1.992840e+01[39m
      9 Linear |R| = [32m6.332614e+00[39m
 2 Nonlinear |R| = [32m6.617144e+02[39m
      0 Linear |R| = [32m6.617144e+02[39m
      1 Linear |R| = [32m3.766735e+01[39m
      2 Linear |R| = [32m8.352040e+00[39m
      3 Linear |R| = [32m2.573908e+00[39m
      4 Linear |R| = [32m8.551743e-01[39m
      5 Linear |R| = [32m2.903849e-01[39m
      6 Linear |R| = [32m1.083783e-01[39m
      7 Linear |R| = [32m3.280968e-02[39m
      8 Linear |R| = [32m9.946943e-03[39m
      9 Linear |R| = [32m3.119145e-03[39m
 3 Nonlinear |R| = [32m3.126620e-03[39m
[32m Solve Converged![39m

Postprocessor Values:
+----------------+----------------+----------------+----------------+----------------+
| time           | base_shear_x   | damage_max     | top_disp_x     | vonmises_max   |
+----------------+----------------+----------------+----------------+----------------+
:                :                :                :                :                :
|   1.520000e+02 |  -5.809811e+05 |   3.250000e-01 |  -1.164984e-02 |   4.285376e+06 |
|   1.560000e+02 |  -6.703378e+05 |   3.375000e-01 |  -1.369521e-02 |   4.860779e+06 |
|   1.600000e+02 |  -1.152566e+06 |   3.500000e-01 |  -2.400000e-02 |   7.971268e+06 |
|   1.640000e+02 |  -9.037548e+05 |   3.700000e-01 |  -1.941641e-02 |   6.365818e+06 |
|   1.680000e+02 |  -3.342455e+05 |   3.900000e-01 |  -7.416408e-03 |   2.698860e+06 |
|   1.720000e+02 |   3.232836e+05 |   4.100000e-01 |   7.416408e-03 |   2.628461e+06 |
|   1.760000e+02 |   8.176864e+05 |   4.300000e-01 |   1.941641e-02 |   5.812220e+06 |
|   1.800000e+02 |   9.752588e+05 |   4.500000e-01 |   2.400000e-02 |   6.830071e+06 |
|   1.840000e+02 |   7.603102e+05 |   4.700000e-01 |   1.941641e-02 |   5.443198e+06 |
|   1.880000e+02 |   2.794525e+05 |   4.900000e-01 |   7.416408e-03 |   2.347053e+06 |
|   1.920000e+02 |  -2.684980e+05 |   5.100000e-01 |  -7.416408e-03 |   2.276768e+06 |
|   1.960000e+02 |  -6.742492e+05 |   5.300000e-01 |  -1.941641e-02 |   4.889717e+06 |
|   2.000000e+02 |  -7.979592e+05 |   5.500000e-01 |  -2.400000e-02 |   5.688992e+06 |
|   2.040000e+02 |  -6.240448e+05 |   5.650000e-01 |  -1.941641e-02 |   4.566820e+06 |
|   2.080000e+02 |  -2.301453e+05 |   5.800000e-01 |  -7.416408e-03 |   2.030532e+06 |
+----------------+----------------+----------------+----------------+----------------+


Time Step 53, time = 212, dt = 4
 0 Nonlinear |R| = [32m2.163334e+07[39m
      0 Linear |R| = [32m2.163334e+07[39m
      1 Linear |R| = [32m5.057094e+06[39m
      2 Linear |R| = [32m1.359062e+06[39m
      3 Linear |R| = [32m4.909208e+05[39m
      4 Linear |R| = [32m1.453509e+05[39m
      5 Linear |R| = [32m5.162126e+04[39m
      6 Linear |R| = [32m1.579779e+04[39m
      7 Linear |R| = [32m5.401852e+03[39m
      8 Linear |R| = [32m1.950454e+03[39m
      9 Linear |R| = [32m6.347593e+02[39m
     10 Linear |R| = [32m2.148778e+02[39m
 1 Nonlinear |R| = [32m1.515427e+06[39m
      0 Linear |R| = [32m1.515427e+06[39m
      1 Linear |R| = [32m7.293558e+04[39m
      2 Linear |R| = [32m3.004707e+04[39m
      3 Linear |R| = [32m1.038610e+04[39m
      4 Linear |R| = [32m2.794179e+03[39m
      5 Linear |R| = [32m9.457680e+02[39m
      6 Linear |R| = [32m2.956595e+02[39m
      7 Linear |R| = [32m1.000405e+02[39m
      8 Linear |R| = [32m3.292892e+01[39m
      9 Linear |R| = [32m1.057566e+01[39m
 2 Nonlinear |R| = [32m1.530524e+03[39m
      0 Linear |R| = [32m1.530524e+03[39m
      1 Linear |R| = [32m8.550995e+01[39m
      2 Linear |R| = [32m1.976796e+01[39m
      3 Linear |R| = [32m5.986444e+00[39m
      4 Linear |R| = [32m1.945373e+00[39m
      5 Linear |R| = [32m6.334195e-01[39m
      6 Linear |R| = [32m2.368893e-01[39m
      7 Linear |R| = [32m7.425988e-02[39m
      8 Linear |R| = [32m2.301061e-02[39m
      9 Linear |R| = [32m7.232580e-03[39m
 3 Nonlinear |R| = [32m7.363189e-03[39m
[32m Solve Converged![39m

Postprocessor Values:
+----------------+----------------+----------------+----------------+----------------+
| time           | base_shear_x   | damage_max     | top_disp_x     | vonmises_max   |
+----------------+----------------+----------------+----------------+----------------+
:                :                :                :                :                :
|   1.560000e+02 |  -6.703378e+05 |   3.375000e-01 |  -1.369521e-02 |   4.860779e+06 |
|   1.600000e+02 |  -1.152566e+06 |   3.500000e-01 |  -2.400000e-02 |   7.971268e+06 |
|   1.640000e+02 |  -9.037548e+05 |   3.700000e-01 |  -1.941641e-02 |   6.365818e+06 |
|   1.680000e+02 |  -3.342455e+05 |   3.900000e-01 |  -7.416408e-03 |   2.698860e+06 |
|   1.720000e+02 |   3.232836e+05 |   4.100000e-01 |   7.416408e-03 |   2.628461e+06 |
|   1.760000e+02 |   8.176864e+05 |   4.300000e-01 |   1.941641e-02 |   5.812220e+06 |
|   1.800000e+02 |   9.752588e+05 |   4.500000e-01 |   2.400000e-02 |   6.830071e+06 |
|   1.840000e+02 |   7.603102e+05 |   4.700000e-01 |   1.941641e-02 |   5.443198e+06 |
|   1.880000e+02 |   2.794525e+05 |   4.900000e-01 |   7.416408e-03 |   2.347053e+06 |
|   1.920000e+02 |  -2.684980e+05 |   5.100000e-01 |  -7.416408e-03 |   2.276768e+06 |
|   1.960000e+02 |  -6.742492e+05 |   5.300000e-01 |  -1.941641e-02 |   4.889717e+06 |
|   2.000000e+02 |  -7.979592e+05 |   5.500000e-01 |  -2.400000e-02 |   5.688992e+06 |
|   2.040000e+02 |  -6.240448e+05 |   5.650000e-01 |  -1.941641e-02 |   4.566820e+06 |
|   2.080000e+02 |  -2.301453e+05 |   5.800000e-01 |  -7.416408e-03 |   2.030532e+06 |
|   2.120000e+02 |   2.219241e+05 |   5.950000e-01 |   7.416408e-03 |   1.977736e+06 |
+----------------+----------------+----------------+----------------+----------------+


Time Step 54, time = 216, dt = 4
 0 Nonlinear |R| = [32m1.686066e+07[39m
      0 Linear |R| = [32m1.686066e+07[39m
      1 Linear |R| = [32m3.724723e+06[39m
      2 Linear |R| = [32m1.017894e+06[39m
      3 Linear |R| = [32m3.789524e+05[39m
      4 Linear |R| = [32m1.114339e+05[39m
      5 Linear |R| = [32m3.978890e+04[39m
      6 Linear |R| = [32m1.223190e+04[39m
      7 Linear |R| = [32m4.163680e+03[39m
      8 Linear |R| = [32m1.508628e+03[39m
      9 Linear |R| = [32m4.907648e+02[39m
     10 Linear |R| = [32m1.659349e+02[39m
 1 Nonlinear |R| = [32m9.561091e+05[39m
      0 Linear |R| = [32m9.561091e+05[39m
      1 Linear |R| = [32m4.368306e+04[39m
      2 Linear |R| = [32m1.808348e+04[39m
      3 Linear |R| = [32m6.288535e+03[39m
      4 Linear |R| = [32m1.676506e+03[39m
      5 Linear |R| = [32m5.615616e+02[39m
      6 Linear |R| = [32m1.752127e+02[39m
      7 Linear |R| = [32m5.942094e+01[39m
      8 Linear |R| = [32m1.927208e+01[39m
      9 Linear |R| = [32m6.206349e+00[39m
 2 Nonlinear |R| = [32m6.226301e+02[39m
      0 Linear |R| = [32m6.226301e+02[39m
      1 Linear |R| = [32m3.478990e+01[39m
      2 Linear |R| = [32m7.929916e+00[39m
      3 Linear |R| = [32m2.460554e+00[39m
      4 Linear |R| = [32m8.210206e-01[39m
      5 Linear |R| = [32m2.808516e-01[39m
      6 Linear |R| = [32m1.040072e-01[39m
      7 Linear |R| = [32m3.107651e-02[39m
      8 Linear |R| = [32m9.282620e-03[39m
      9 Linear |R| = [32m2.839212e-03[39m
 3 Nonlinear |R| = [32m2.847210e-03[39m
[32m Solve Converged![39m

Postprocessor Values:
+----------------+----------------+----------------+----------------+----------------+
| time           | base_shear_x   | damage_max     | top_disp_x     | vonmises_max   |
+----------------+----------------+----------------+----------------+----------------+
:                :                :                :                :                :
|   1.600000e+02 |  -1.152566e+06 |   3.500000e-01 |  -2.400000e-02 |   7.971268e+06 |
|   1.640000e+02 |  -9.037548e+05 |   3.700000e-01 |  -1.941641e-02 |   6.365818e+06 |
|   1.680000e+02 |  -3.342455e+05 |   3.900000e-01 |  -7.416408e-03 |   2.698860e+06 |
|   1.720000e+02 |   3.232836e+05 |   4.100000e-01 |   7.416408e-03 |   2.628461e+06 |
|   1.760000e+02 |   8.176864e+05 |   4.300000e-01 |   1.941641e-02 |   5.812220e+06 |
|   1.800000e+02 |   9.752588e+05 |   4.500000e-01 |   2.400000e-02 |   6.830071e+06 |
|   1.840000e+02 |   7.603102e+05 |   4.700000e-01 |   1.941641e-02 |   5.443198e+06 |
|   1.880000e+02 |   2.794525e+05 |   4.900000e-01 |   7.416408e-03 |   2.347053e+06 |
|   1.920000e+02 |  -2.684980e+05 |   5.100000e-01 |  -7.416408e-03 |   2.276768e+06 |
|   1.960000e+02 |  -6.742492e+05 |   5.300000e-01 |  -1.941641e-02 |   4.889717e+06 |
|   2.000000e+02 |  -7.979592e+05 |   5.500000e-01 |  -2.400000e-02 |   5.688992e+06 |
|   2.040000e+02 |  -6.240448e+05 |   5.650000e-01 |  -1.941641e-02 |   4.566820e+06 |
|   2.080000e+02 |  -2.301453e+05 |   5.800000e-01 |  -7.416408e-03 |   2.030532e+06 |
|   2.120000e+02 |   2.219241e+05 |   5.950000e-01 |   7.416408e-03 |   1.977736e+06 |
|   2.160000e+02 |   5.594937e+05 |   6.100000e-01 |   1.941641e-02 |   4.151626e+06 |
+----------------+----------------+----------------+----------------+----------------+


Time Step 55, time = 220, dt = 4
 0 Nonlinear |R| = [32m6.201183e+06[39m
      0 Linear |R| = [32m6.201183e+06[39m
      1 Linear |R| = [32m1.220936e+06[39m
      2 Linear |R| = [32m3.439378e+05[39m
      3 Linear |R| = [32m1.359433e+05[39m
      4 Linear |R| = [32m3.958356e+04[39m
      5 Linear |R| = [32m1.427580e+04[39m
      6 Linear |R| = [32m4.433247e+03[39m
      7 Linear |R| = [32m1.490027e+03[39m
      8 Linear |R| = [32m5.453041e+02[39m
      9 Linear |R| = [32m1.775192e+02[39m
     10 Linear |R| = [32m5.984135e+01[39m
 1 Nonlinear |R| = [32m1.340084e+05[39m
      0 Linear |R| = [32m1.340084e+05[39m
      1 Linear |R| = [32m5.341688e+03[39m
      2 Linear |R| = [32m2.114720e+03[39m
      3 Linear |R| = [32m7.426900e+02[39m
      4 Linear |R| = [32m1.977919e+02[39m
      5 Linear |R| = [32m6.176871e+01[39m
      6 Linear |R| = [32m1.977496e+01[39m
      7 Linear |R| = [32m6.563545e+00[39m
      8 Linear |R| = [32m2.098570e+00[39m
      9 Linear |R| = [32m6.633749e-01[39m
 2 Nonlinear |R| = [32m1.231883e+01[39m
[32m Solve Converged![39m

Postprocessor Values:
+----------------+----------------+----------------+----------------+----------------+
| time           | base_shear_x   | damage_max     | top_disp_x     | vonmises_max   |
+----------------+----------------+----------------+----------------+----------------+
:                :                :                :                :                :
|   1.640000e+02 |  -9.037548e+05 |   3.700000e-01 |  -1.941641e-02 |   6.365818e+06 |
|   1.680000e+02 |  -3.342455e+05 |   3.900000e-01 |  -7.416408e-03 |   2.698860e+06 |
|   1.720000e+02 |   3.232836e+05 |   4.100000e-01 |   7.416408e-03 |   2.628461e+06 |
|   1.760000e+02 |   8.176864e+05 |   4.300000e-01 |   1.941641e-02 |   5.812220e+06 |
|   1.800000e+02 |   9.752588e+05 |   4.500000e-01 |   2.400000e-02 |   6.830071e+06 |
|   1.840000e+02 |   7.603102e+05 |   4.700000e-01 |   1.941641e-02 |   5.443198e+06 |
|   1.880000e+02 |   2.794525e+05 |   4.900000e-01 |   7.416408e-03 |   2.347053e+06 |
|   1.920000e+02 |  -2.684980e+05 |   5.100000e-01 |  -7.416408e-03 |   2.276768e+06 |
|   1.960000e+02 |  -6.742492e+05 |   5.300000e-01 |  -1.941641e-02 |   4.889717e+06 |
|   2.000000e+02 |  -7.979592e+05 |   5.500000e-01 |  -2.400000e-02 |   5.688992e+06 |
|   2.040000e+02 |  -6.240448e+05 |   5.650000e-01 |  -1.941641e-02 |   4.566820e+06 |
|   2.080000e+02 |  -2.301453e+05 |   5.800000e-01 |  -7.416408e-03 |   2.030532e+06 |
|   2.120000e+02 |   2.219241e+05 |   5.950000e-01 |   7.416408e-03 |   1.977736e+06 |
|   2.160000e+02 |   5.594937e+05 |   6.100000e-01 |   1.941641e-02 |   4.151626e+06 |
|   2.200000e+02 |   6.649792e+05 |   6.250000e-01 |   2.400000e-02 |   4.833101e+06 |
+----------------+----------------+----------------+----------------+----------------+


Time Step 56, time = 224, dt = 4
 0 Nonlinear |R| = [32m5.955987e+06[39m
      0 Linear |R| = [32m5.955987e+06[39m
      1 Linear |R| = [32m1.171598e+06[39m
      2 Linear |R| = [32m3.302951e+05[39m
      3 Linear |R| = [32m1.304321e+05[39m
      4 Linear |R| = [32m3.786113e+04[39m
      5 Linear |R| = [32m1.363615e+04[39m
      6 Linear |R| = [32m4.256468e+03[39m
      7 Linear |R| = [32m1.433501e+03[39m
      8 Linear |R| = [32m5.231136e+02[39m
      9 Linear |R| = [32m1.704482e+02[39m
     10 Linear |R| = [32m5.734476e+01[39m
 1 Nonlinear |R| = [32m1.284335e+05[39m
      0 Linear |R| = [32m1.284335e+05[39m
      1 Linear |R| = [32m4.978379e+03[39m
      2 Linear |R| = [32m1.886646e+03[39m
      3 Linear |R| = [32m6.342756e+02[39m
      4 Linear |R| = [32m1.769186e+02[39m
      5 Linear |R| = [32m5.326288e+01[39m
      6 Linear |R| = [32m1.744053e+01[39m
      7 Linear |R| = [32m5.731237e+00[39m
      8 Linear |R| = [32m1.841108e+00[39m
      9 Linear |R| = [32m5.647320e-01[39m
 2 Nonlinear |R| = [32m1.172215e+01[39m
[32m Solve Converged![39m

Postprocessor Values:
+----------------+----------------+----------------+----------------+----------------+
| time           | base_shear_x   | damage_max     | top_disp_x     | vonmises_max   |
+----------------+----------------+----------------+----------------+----------------+
:                :                :                :                :                :
|   1.680000e+02 |  -3.342455e+05 |   3.900000e-01 |  -7.416408e-03 |   2.698860e+06 |
|   1.720000e+02 |   3.232836e+05 |   4.100000e-01 |   7.416408e-03 |   2.628461e+06 |
|   1.760000e+02 |   8.176864e+05 |   4.300000e-01 |   1.941641e-02 |   5.812220e+06 |
|   1.800000e+02 |   9.752588e+05 |   4.500000e-01 |   2.400000e-02 |   6.830071e+06 |
|   1.840000e+02 |   7.603102e+05 |   4.700000e-01 |   1.941641e-02 |   5.443198e+06 |
|   1.880000e+02 |   2.794525e+05 |   4.900000e-01 |   7.416408e-03 |   2.347053e+06 |
|   1.920000e+02 |  -2.684980e+05 |   5.100000e-01 |  -7.416408e-03 |   2.276768e+06 |
|   1.960000e+02 |  -6.742492e+05 |   5.300000e-01 |  -1.941641e-02 |   4.889717e+06 |
|   2.000000e+02 |  -7.979592e+05 |   5.500000e-01 |  -2.400000e-02 |   5.688992e+06 |
|   2.040000e+02 |  -6.240448e+05 |   5.650000e-01 |  -1.941641e-02 |   4.566820e+06 |
|   2.080000e+02 |  -2.301453e+05 |   5.800000e-01 |  -7.416408e-03 |   2.030532e+06 |
|   2.120000e+02 |   2.219241e+05 |   5.950000e-01 |   7.416408e-03 |   1.977736e+06 |
|   2.160000e+02 |   5.594937e+05 |   6.100000e-01 |   1.941641e-02 |   4.151626e+06 |
|   2.200000e+02 |   6.649792e+05 |   6.250000e-01 |   2.400000e-02 |   4.833101e+06 |
|   2.240000e+02 |   5.164616e+05 |   6.400000e-01 |   1.941641e-02 |   3.874863e+06 |
+----------------+----------------+----------------+----------------+----------------+


Time Step 57, time = 228, dt = 4
 0 Nonlinear |R| = [32m1.492662e+07[39m
      0 Linear |R| = [32m1.492662e+07[39m
      1 Linear |R| = [32m3.290606e+06[39m
      2 Linear |R| = [32m8.997575e+05[39m
      3 Linear |R| = [32m3.352276e+05[39m
      4 Linear |R| = [32m9.780039e+04[39m
      5 Linear |R| = [32m3.476197e+04[39m
      6 Linear |R| = [32m1.080155e+04[39m
      7 Linear |R| = [32m3.698797e+03[39m
      8 Linear |R| = [32m1.332045e+03[39m
      9 Linear |R| = [32m4.334535e+02[39m
     10 Linear |R| = [32m1.462863e+02[39m
 1 Nonlinear |R| = [32m8.434816e+05[39m
      0 Linear |R| = [32m8.434816e+05[39m
      1 Linear |R| = [32m3.730983e+04[39m
      2 Linear |R| = [32m1.552002e+04[39m
      3 Linear |R| = [32m5.390667e+03[39m
      4 Linear |R| = [32m1.402744e+03[39m
      5 Linear |R| = [32m4.753696e+02[39m
      6 Linear |R| = [32m1.456922e+02[39m
      7 Linear |R| = [32m5.009109e+01[39m
      8 Linear |R| = [32m1.597693e+01[39m
      9 Linear |R| = [32m5.161530e+00[39m
 2 Nonlinear |R| = [32m5.434640e+02[39m
      0 Linear |R| = [32m5.434640e+02[39m
      1 Linear |R| = [32m3.108877e+01[39m
      2 Linear |R| = [32m6.869356e+00[39m
      3 Linear |R| = [32m2.108706e+00[39m
      4 Linear |R| = [32m6.999074e-01[39m
      5 Linear |R| = [32m2.341305e-01[39m
      6 Linear |R| = [32m8.778759e-02[39m
      7 Linear |R| = [32m2.659871e-02[39m
      8 Linear |R| = [32m8.140409e-03[39m
      9 Linear |R| = [32m2.574187e-03[39m
 3 Nonlinear |R| = [32m2.580759e-03[39m
[32m Solve Converged![39m

Postprocessor Values:
+----------------+----------------+----------------+----------------+----------------+
| time           | base_shear_x   | damage_max     | top_disp_x     | vonmises_max   |
+----------------+----------------+----------------+----------------+----------------+
:                :                :                :                :                :
|   1.720000e+02 |   3.232836e+05 |   4.100000e-01 |   7.416408e-03 |   2.628461e+06 |
|   1.760000e+02 |   8.176864e+05 |   4.300000e-01 |   1.941641e-02 |   5.812220e+06 |
|   1.800000e+02 |   9.752588e+05 |   4.500000e-01 |   2.400000e-02 |   6.830071e+06 |
|   1.840000e+02 |   7.603102e+05 |   4.700000e-01 |   1.941641e-02 |   5.443198e+06 |
|   1.880000e+02 |   2.794525e+05 |   4.900000e-01 |   7.416408e-03 |   2.347053e+06 |
|   1.920000e+02 |  -2.684980e+05 |   5.100000e-01 |  -7.416408e-03 |   2.276768e+06 |
|   1.960000e+02 |  -6.742492e+05 |   5.300000e-01 |  -1.941641e-02 |   4.889717e+06 |
|   2.000000e+02 |  -7.979592e+05 |   5.500000e-01 |  -2.400000e-02 |   5.688992e+06 |
|   2.040000e+02 |  -6.240448e+05 |   5.650000e-01 |  -1.941641e-02 |   4.566820e+06 |
|   2.080000e+02 |  -2.301453e+05 |   5.800000e-01 |  -7.416408e-03 |   2.030532e+06 |
|   2.120000e+02 |   2.219241e+05 |   5.950000e-01 |   7.416408e-03 |   1.977736e+06 |
|   2.160000e+02 |   5.594937e+05 |   6.100000e-01 |   1.941641e-02 |   4.151626e+06 |
|   2.200000e+02 |   6.649792e+05 |   6.250000e-01 |   2.400000e-02 |   4.833101e+06 |
|   2.240000e+02 |   5.164616e+05 |   6.400000e-01 |   1.941641e-02 |   3.874863e+06 |
|   2.280000e+02 |   1.890508e+05 |   6.550000e-01 |   7.416408e-03 |   1.766687e+06 |
+----------------+----------------+----------------+----------------+----------------+


Time Step 58, time = 232, dt = 4
 0 Nonlinear |R| = [32m1.762765e+07[39m
      0 Linear |R| = [32m1.762765e+07[39m
      1 Linear |R| = [32m4.115698e+06[39m
      2 Linear |R| = [32m1.107045e+06[39m
      3 Linear |R| = [32m4.009926e+05[39m
      4 Linear |R| = [32m1.178486e+05[39m
      5 Linear |R| = [32m4.154893e+04[39m
      6 Linear |R| = [32m1.283856e+04[39m
      7 Linear |R| = [32m4.423638e+03[39m
      8 Linear |R| = [32m1.584437e+03[39m
      9 Linear |R| = [32m5.146976e+02[39m
     10 Linear |R| = [32m1.742745e+02[39m
 1 Nonlinear |R| = [32m1.234605e+06[39m
      0 Linear |R| = [32m1.234605e+06[39m
      1 Linear |R| = [32m5.954159e+04[39m
      2 Linear |R| = [32m2.447304e+04[39m
      3 Linear |R| = [32m8.447679e+03[39m
      4 Linear |R| = [32m2.260918e+03[39m
      5 Linear |R| = [32m7.716454e+02[39m
      6 Linear |R| = [32m2.349004e+02[39m
      7 Linear |R| = [32m8.088987e+01[39m
      8 Linear |R| = [32m2.605871e+01[39m
      9 Linear |R| = [32m8.484803e+00[39m
 2 Nonlinear |R| = [32m1.246846e+03[39m
      0 Linear |R| = [32m1.246846e+03[39m
      1 Linear |R| = [32m6.991889e+01[39m
      2 Linear |R| = [32m1.613248e+01[39m
      3 Linear |R| = [32m4.869250e+00[39m
      4 Linear |R| = [32m1.582123e+00[39m
      5 Linear |R| = [32m5.083222e-01[39m
      6 Linear |R| = [32m1.904725e-01[39m
      7 Linear |R| = [32m5.973470e-02[39m
      8 Linear |R| = [32m1.879084e-02[39m
      9 Linear |R| = [32m5.949402e-03[39m
 3 Nonlinear |R| = [32m6.055802e-03[39m
[32m Solve Converged![39m

Postprocessor Values:
+----------------+----------------+----------------+----------------+----------------+
| time           | base_shear_x   | damage_max     | top_disp_x     | vonmises_max   |
+----------------+----------------+----------------+----------------+----------------+
:                :                :                :                :                :
|   1.760000e+02 |   8.176864e+05 |   4.300000e-01 |   1.941641e-02 |   5.812220e+06 |
|   1.800000e+02 |   9.752588e+05 |   4.500000e-01 |   2.400000e-02 |   6.830071e+06 |
|   1.840000e+02 |   7.603102e+05 |   4.700000e-01 |   1.941641e-02 |   5.443198e+06 |
|   1.880000e+02 |   2.794525e+05 |   4.900000e-01 |   7.416408e-03 |   2.347053e+06 |
|   1.920000e+02 |  -2.684980e+05 |   5.100000e-01 |  -7.416408e-03 |   2.276768e+06 |
|   1.960000e+02 |  -6.742492e+05 |   5.300000e-01 |  -1.941641e-02 |   4.889717e+06 |
|   2.000000e+02 |  -7.979592e+05 |   5.500000e-01 |  -2.400000e-02 |   5.688992e+06 |
|   2.040000e+02 |  -6.240448e+05 |   5.650000e-01 |  -1.941641e-02 |   4.566820e+06 |
|   2.080000e+02 |  -2.301453e+05 |   5.800000e-01 |  -7.416408e-03 |   2.030532e+06 |
|   2.120000e+02 |   2.219241e+05 |   5.950000e-01 |   7.416408e-03 |   1.977736e+06 |
|   2.160000e+02 |   5.594937e+05 |   6.100000e-01 |   1.941641e-02 |   4.151626e+06 |
|   2.200000e+02 |   6.649792e+05 |   6.250000e-01 |   2.400000e-02 |   4.833101e+06 |
|   2.240000e+02 |   5.164616e+05 |   6.400000e-01 |   1.941641e-02 |   3.874863e+06 |
|   2.280000e+02 |   1.890508e+05 |   6.550000e-01 |   7.416408e-03 |   1.766687e+06 |
|   2.320000e+02 |  -1.808347e+05 |   6.700000e-01 |  -7.416408e-03 |   1.713968e+06 |
+----------------+----------------+----------------+----------------+----------------+


Time Step 59, time = 236, dt = 4
 0 Nonlinear |R| = [32m1.361864e+07[39m
      0 Linear |R| = [32m1.361864e+07[39m
      1 Linear |R| = [32m3.005074e+06[39m
      2 Linear |R| = [32m8.220450e+05[39m
      3 Linear |R| = [32m3.067751e+05[39m
      4 Linear |R| = [32m8.960518e+04[39m
      5 Linear |R| = [32m3.178334e+04[39m
      6 Linear |R| = [32m9.808273e+03[39m
      7 Linear |R| = [32m3.377002e+03[39m
      8 Linear |R| = [32m1.210286e+03[39m
      9 Linear |R| = [32m3.936767e+02[39m
     10 Linear |R| = [32m1.331903e+02[39m
 1 Nonlinear |R| = [32m7.721131e+05[39m
      0 Linear |R| = [32m7.721131e+05[39m
      1 Linear |R| = [32m3.534537e+04[39m
      2 Linear |R| = [32m1.461469e+04[39m
      3 Linear |R| = [32m5.080101e+03[39m
      4 Linear |R| = [32m1.346510e+03[39m
      5 Linear |R| = [32m4.557938e+02[39m
      6 Linear |R| = [32m1.384305e+02[39m
      7 Linear |R| = [32m4.780707e+01[39m
      8 Linear |R| = [32m1.509447e+01[39m
      9 Linear |R| = [32m4.937800e+00[39m
 2 Nonlinear |R| = [32m5.027981e+02[39m
      0 Linear |R| = [32m5.027981e+02[39m
      1 Linear |R| = [32m2.823644e+01[39m
      2 Linear |R| = [32m6.408432e+00[39m
      3 Linear |R| = [32m1.978156e+00[39m
      4 Linear |R| = [32m6.586282e-01[39m
      5 Linear |R| = [32m2.216229e-01[39m
      6 Linear |R| = [32m8.260009e-02[39m
      7 Linear |R| = [32m2.472806e-02[39m
      8 Linear |R| = [32m7.506538e-03[39m
      9 Linear |R| = [32m2.315293e-03[39m
 3 Nonlinear |R| = [32m2.321795e-03[39m
[32m Solve Converged![39m

Postprocessor Values:
+----------------+----------------+----------------+----------------+----------------+
| time           | base_shear_x   | damage_max     | top_disp_x     | vonmises_max   |
+----------------+----------------+----------------+----------------+----------------+
:                :                :                :                :                :
|   1.800000e+02 |   9.752588e+05 |   4.500000e-01 |   2.400000e-02 |   6.830071e+06 |
|   1.840000e+02 |   7.603102e+05 |   4.700000e-01 |   1.941641e-02 |   5.443198e+06 |
|   1.880000e+02 |   2.794525e+05 |   4.900000e-01 |   7.416408e-03 |   2.347053e+06 |
|   1.920000e+02 |  -2.684980e+05 |   5.100000e-01 |  -7.416408e-03 |   2.276768e+06 |
|   1.960000e+02 |  -6.742492e+05 |   5.300000e-01 |  -1.941641e-02 |   4.889717e+06 |
|   2.000000e+02 |  -7.979592e+05 |   5.500000e-01 |  -2.400000e-02 |   5.688992e+06 |
|   2.040000e+02 |  -6.240448e+05 |   5.650000e-01 |  -1.941641e-02 |   4.566820e+06 |
|   2.080000e+02 |  -2.301453e+05 |   5.800000e-01 |  -7.416408e-03 |   2.030532e+06 |
|   2.120000e+02 |   2.219241e+05 |   5.950000e-01 |   7.416408e-03 |   1.977736e+06 |
|   2.160000e+02 |   5.594937e+05 |   6.100000e-01 |   1.941641e-02 |   4.151626e+06 |
|   2.200000e+02 |   6.649792e+05 |   6.250000e-01 |   2.400000e-02 |   4.833101e+06 |
|   2.240000e+02 |   5.164616e+05 |   6.400000e-01 |   1.941641e-02 |   3.874863e+06 |
|   2.280000e+02 |   1.890508e+05 |   6.550000e-01 |   7.416408e-03 |   1.766687e+06 |
|   2.320000e+02 |  -1.808347e+05 |   6.700000e-01 |  -7.416408e-03 |   1.713968e+06 |
|   2.360000e+02 |  -4.519156e+05 |   6.850000e-01 |  -1.941641e-02 |   3.459749e+06 |
+----------------+----------------+----------------+----------------+----------------+


Time Step 60, time = 240, dt = 4
 0 Nonlinear |R| = [32m4.961117e+06[39m
      0 Linear |R| = [32m4.961117e+06[39m
      1 Linear |R| = [32m9.761363e+05[39m
      2 Linear |R| = [32m2.752053e+05[39m
      3 Linear |R| = [32m1.088970e+05[39m
      4 Linear |R| = [32m3.159383e+04[39m
      5 Linear |R| = [32m1.135766e+04[39m
      6 Linear |R| = [32m3.514254e+03[39m
      7 Linear |R| = [32m1.194054e+03[39m
      8 Linear |R| = [32m4.327972e+02[39m
      9 Linear |R| = [32m1.410524e+02[39m
     10 Linear |R| = [32m4.759956e+01[39m
 1 Nonlinear |R| = [32m1.071871e+05[39m
      0 Linear |R| = [32m1.071871e+05[39m
      1 Linear |R| = [32m4.277529e+03[39m
      2 Linear |R| = [32m1.699279e+03[39m
      3 Linear |R| = [32m6.020924e+02[39m
      4 Linear |R| = [32m1.586693e+02[39m
      5 Linear |R| = [32m5.044783e+01[39m
      6 Linear |R| = [32m1.596420e+01[39m
      7 Linear |R| = [32m5.413917e+00[39m
      8 Linear |R| = [32m1.673873e+00[39m
      9 Linear |R| = [32m5.413100e-01[39m
 2 Nonlinear |R| = [32m9.856680e+00[39m
[32m Solve Converged![39m

Postprocessor Values:
+----------------+----------------+----------------+----------------+----------------+
| time           | base_shear_x   | damage_max     | top_disp_x     | vonmises_max   |
+----------------+----------------+----------------+----------------+----------------+
:                :                :                :                :                :
|   1.840000e+02 |   7.603102e+05 |   4.700000e-01 |   1.941641e-02 |   5.443198e+06 |
|   1.880000e+02 |   2.794525e+05 |   4.900000e-01 |   7.416408e-03 |   2.347053e+06 |
|   1.920000e+02 |  -2.684980e+05 |   5.100000e-01 |  -7.416408e-03 |   2.276768e+06 |
|   1.960000e+02 |  -6.742492e+05 |   5.300000e-01 |  -1.941641e-02 |   4.889717e+06 |
|   2.000000e+02 |  -7.979592e+05 |   5.500000e-01 |  -2.400000e-02 |   5.688992e+06 |
|   2.040000e+02 |  -6.240448e+05 |   5.650000e-01 |  -1.941641e-02 |   4.566820e+06 |
|   2.080000e+02 |  -2.301453e+05 |   5.800000e-01 |  -7.416408e-03 |   2.030532e+06 |
|   2.120000e+02 |   2.219241e+05 |   5.950000e-01 |   7.416408e-03 |   1.977736e+06 |
|   2.160000e+02 |   5.594937e+05 |   6.100000e-01 |   1.941641e-02 |   4.151626e+06 |
|   2.200000e+02 |   6.649792e+05 |   6.250000e-01 |   2.400000e-02 |   4.833101e+06 |
|   2.240000e+02 |   5.164616e+05 |   6.400000e-01 |   1.941641e-02 |   3.874863e+06 |
|   2.280000e+02 |   1.890508e+05 |   6.550000e-01 |   7.416408e-03 |   1.766687e+06 |
|   2.320000e+02 |  -1.808347e+05 |   6.700000e-01 |  -7.416408e-03 |   1.713968e+06 |
|   2.360000e+02 |  -4.519156e+05 |   6.850000e-01 |  -1.941641e-02 |   3.459749e+06 |
|   2.400000e+02 |  -5.320042e+05 |   7.000000e-01 |  -2.400000e-02 |   3.977292e+06 |
+----------------+----------------+----------------+----------------+----------------+


Time Step 61, time = 244, dt = 4
 0 Nonlinear |R| = [32m4.715359e+06[39m
      0 Linear |R| = [32m4.715359e+06[39m
      1 Linear |R| = [32m9.276973e+05[39m
      2 Linear |R| = [32m2.615033e+05[39m
      3 Linear |R| = [32m1.031312e+05[39m
      4 Linear |R| = [32m2.998688e+04[39m
      5 Linear |R| = [32m1.081756e+04[39m
      6 Linear |R| = [32m3.341688e+03[39m
      7 Linear |R| = [32m1.130326e+03[39m
      8 Linear |R| = [32m4.111786e+02[39m
      9 Linear |R| = [32m1.343664e+02[39m
     10 Linear |R| = [32m4.523558e+01[39m
 1 Nonlinear |R| = [32m1.016560e+05[39m
      0 Linear |R| = [32m1.016560e+05[39m
      1 Linear |R| = [32m3.939930e+03[39m
      2 Linear |R| = [32m1.489066e+03[39m
      3 Linear |R| = [32m4.918121e+02[39m
      4 Linear |R| = [32m1.388804e+02[39m
      5 Linear |R| = [32m4.131619e+01[39m
      6 Linear |R| = [32m1.349073e+01[39m
      7 Linear |R| = [32m4.346372e+00[39m
      8 Linear |R| = [32m1.435049e+00[39m
      9 Linear |R| = [32m4.308580e-01[39m
 2 Nonlinear |R| = [32m9.275647e+00[39m
[32m Solve Converged![39m

Postprocessor Values:
+----------------+----------------+----------------+----------------+----------------+
| time           | base_shear_x   | damage_max     | top_disp_x     | vonmises_max   |
+----------------+----------------+----------------+----------------+----------------+
:                :                :                :                :                :
|   1.880000e+02 |   2.794525e+05 |   4.900000e-01 |   7.416408e-03 |   2.347053e+06 |
|   1.920000e+02 |  -2.684980e+05 |   5.100000e-01 |  -7.416408e-03 |   2.276768e+06 |
|   1.960000e+02 |  -6.742492e+05 |   5.300000e-01 |  -1.941641e-02 |   4.889717e+06 |
|   2.000000e+02 |  -7.979592e+05 |   5.500000e-01 |  -2.400000e-02 |   5.688992e+06 |
|   2.040000e+02 |  -6.240448e+05 |   5.650000e-01 |  -1.941641e-02 |   4.566820e+06 |
|   2.080000e+02 |  -2.301453e+05 |   5.800000e-01 |  -7.416408e-03 |   2.030532e+06 |
|   2.120000e+02 |   2.219241e+05 |   5.950000e-01 |   7.416408e-03 |   1.977736e+06 |
|   2.160000e+02 |   5.594937e+05 |   6.100000e-01 |   1.941641e-02 |   4.151626e+06 |
|   2.200000e+02 |   6.649792e+05 |   6.250000e-01 |   2.400000e-02 |   4.833101e+06 |
|   2.240000e+02 |   5.164616e+05 |   6.400000e-01 |   1.941641e-02 |   3.874863e+06 |
|   2.280000e+02 |   1.890508e+05 |   6.550000e-01 |   7.416408e-03 |   1.766687e+06 |
|   2.320000e+02 |  -1.808347e+05 |   6.700000e-01 |  -7.416408e-03 |   1.713968e+06 |
|   2.360000e+02 |  -4.519156e+05 |   6.850000e-01 |  -1.941641e-02 |   3.459749e+06 |
|   2.400000e+02 |  -5.320042e+05 |   7.000000e-01 |  -2.400000e-02 |   3.977292e+06 |
|   2.440000e+02 |  -4.088832e+05 |   7.150000e-01 |  -1.941641e-02 |   3.182985e+06 |
+----------------+----------------+----------------+----------------+----------------+


Time Step 62, time = 248, dt = 4
 0 Nonlinear |R| = [32m1.168221e+07[39m
      0 Linear |R| = [32m1.168221e+07[39m
      1 Linear |R| = [32m2.576944e+06[39m
      2 Linear |R| = [32m7.043215e+05[39m
      3 Linear |R| = [32m2.617095e+05[39m
      4 Linear |R| = [32m7.680056e+04[39m
      5 Linear |R| = [32m2.745065e+04[39m
      6 Linear |R| = [32m8.428196e+03[39m
      7 Linear |R| = [32m2.878247e+03[39m
      8 Linear |R| = [32m1.039373e+03[39m
      9 Linear |R| = [32m3.393682e+02[39m
     10 Linear |R| = [32m1.145781e+02[39m
 1 Nonlinear |R| = [32m6.599674e+05[39m
      0 Linear |R| = [32m6.599674e+05[39m
      1 Linear |R| = [32m2.914927e+04[39m
      2 Linear |R| = [32m1.212542e+04[39m
      3 Linear |R| = [32m4.207613e+03[39m
      4 Linear |R| = [32m1.103514e+03[39m
      5 Linear |R| = [32m3.686313e+02[39m
      6 Linear |R| = [32m1.155005e+02[39m
      7 Linear |R| = [32m3.895572e+01[39m
      8 Linear |R| = [32m1.280214e+01[39m
      9 Linear |R| = [32m4.067055e+00[39m
 2 Nonlinear |R| = [32m4.251623e+02[39m
      0 Linear |R| = [32m4.251623e+02[39m
      1 Linear |R| = [32m2.418388e+01[39m
      2 Linear |R| = [32m5.364909e+00[39m
      3 Linear |R| = [32m1.654011e+00[39m
      4 Linear |R| = [32m5.493620e-01[39m
      5 Linear |R| = [32m1.865945e-01[39m
      6 Linear |R| = [32m6.962150e-02[39m
      7 Linear |R| = [32m2.109019e-02[39m
      8 Linear |R| = [32m6.392742e-03[39m
      9 Linear |R| = [32m2.005126e-03[39m
 3 Nonlinear |R| = [32m2.009740e-03[39m
[32m Solve Converged![39m

Postprocessor Values:
+----------------+----------------+----------------+----------------+----------------+
| time           | base_shear_x   | damage_max     | top_disp_x     | vonmises_max   |
+----------------+----------------+----------------+----------------+----------------+
:                :                :                :                :                :
|   1.920000e+02 |  -2.684980e+05 |   5.100000e-01 |  -7.416408e-03 |   2.276768e+06 |
|   1.960000e+02 |  -6.742492e+05 |   5.300000e-01 |  -1.941641e-02 |   4.889717e+06 |
|   2.000000e+02 |  -7.979592e+05 |   5.500000e-01 |  -2.400000e-02 |   5.688992e+06 |
|   2.040000e+02 |  -6.240448e+05 |   5.650000e-01 |  -1.941641e-02 |   4.566820e+06 |
|   2.080000e+02 |  -2.301453e+05 |   5.800000e-01 |  -7.416408e-03 |   2.030532e+06 |
|   2.120000e+02 |   2.219241e+05 |   5.950000e-01 |   7.416408e-03 |   1.977736e+06 |
|   2.160000e+02 |   5.594937e+05 |   6.100000e-01 |   1.941641e-02 |   4.151626e+06 |
|   2.200000e+02 |   6.649792e+05 |   6.250000e-01 |   2.400000e-02 |   4.833101e+06 |
|   2.240000e+02 |   5.164616e+05 |   6.400000e-01 |   1.941641e-02 |   3.874863e+06 |
|   2.280000e+02 |   1.890508e+05 |   6.550000e-01 |   7.416408e-03 |   1.766687e+06 |
|   2.320000e+02 |  -1.808347e+05 |   6.700000e-01 |  -7.416408e-03 |   1.713968e+06 |
|   2.360000e+02 |  -4.519156e+05 |   6.850000e-01 |  -1.941641e-02 |   3.459749e+06 |
|   2.400000e+02 |  -5.320042e+05 |   7.000000e-01 |  -2.400000e-02 |   3.977292e+06 |
|   2.440000e+02 |  -4.088832e+05 |   7.150000e-01 |  -1.941641e-02 |   3.182985e+06 |
|   2.480000e+02 |  -1.479610e+05 |   7.300000e-01 |  -7.416408e-03 |   1.502919e+06 |
+----------------+----------------+----------------+----------------+----------------+


Time Step 63, time = 252, dt = 4
 0 Nonlinear |R| = [32m1.362203e+07[39m
      0 Linear |R| = [32m1.362203e+07[39m
      1 Linear |R| = [32m3.182582e+06[39m
      2 Linear |R| = [32m8.556301e+05[39m
      3 Linear |R| = [32m3.090067e+05[39m
      4 Linear |R| = [32m9.151466e+04[39m
      5 Linear |R| = [32m3.249130e+04[39m
      6 Linear |R| = [32m9.944918e+03[39m
      7 Linear |R| = [32m3.399436e+03[39m
      8 Linear |R| = [32m1.227417e+03[39m
      9 Linear |R| = [32m3.994164e+02[39m
     10 Linear |R| = [32m1.352027e+02[39m
 1 Nonlinear |R| = [32m9.537741e+05[39m
      0 Linear |R| = [32m9.537741e+05[39m
      1 Linear |R| = [32m4.591627e+04[39m
      2 Linear |R| = [32m1.890957e+04[39m
      3 Linear |R| = [32m6.533817e+03[39m
      4 Linear |R| = [32m1.758907e+03[39m
      5 Linear |R| = [32m5.951100e+02[39m
      6 Linear |R| = [32m1.860222e+02[39m
      7 Linear |R| = [32m6.293525e+01[39m
      8 Linear |R| = [32m2.071728e+01[39m
      9 Linear |R| = [32m6.652535e+00[39m
 2 Nonlinear |R| = [32m9.630770e+02[39m
      0 Linear |R| = [32m9.630770e+02[39m
      1 Linear |R| = [32m5.376095e+01[39m
      2 Linear |R| = [32m1.243451e+01[39m
      3 Linear |R| = [32m3.767684e+00[39m
      4 Linear |R| = [32m1.223961e+00[39m
      5 Linear |R| = [32m3.986827e-01[39m
      6 Linear |R| = [32m1.490237e-01[39m
      7 Linear |R| = [32m4.673951e-02[39m
      8 Linear |R| = [32m1.448130e-02[39m
      9 Linear |R| = [32m4.553369e-03[39m
 3 Nonlinear |R| = [32m4.634967e-03[39m
[32m Solve Converged![39m

Postprocessor Values:
+----------------+----------------+----------------+----------------+----------------+
| time           | base_shear_x   | damage_max     | top_disp_x     | vonmises_max   |
+----------------+----------------+----------------+----------------+----------------+
:                :                :                :                :                :
|   1.960000e+02 |  -6.742492e+05 |   5.300000e-01 |  -1.941641e-02 |   4.889717e+06 |
|   2.000000e+02 |  -7.979592e+05 |   5.500000e-01 |  -2.400000e-02 |   5.688992e+06 |
|   2.040000e+02 |  -6.240448e+05 |   5.650000e-01 |  -1.941641e-02 |   4.566820e+06 |
|   2.080000e+02 |  -2.301453e+05 |   5.800000e-01 |  -7.416408e-03 |   2.030532e+06 |
|   2.120000e+02 |   2.219241e+05 |   5.950000e-01 |   7.416408e-03 |   1.977736e+06 |
|   2.160000e+02 |   5.594937e+05 |   6.100000e-01 |   1.941641e-02 |   4.151626e+06 |
|   2.200000e+02 |   6.649792e+05 |   6.250000e-01 |   2.400000e-02 |   4.833101e+06 |
|   2.240000e+02 |   5.164616e+05 |   6.400000e-01 |   1.941641e-02 |   3.874863e+06 |
|   2.280000e+02 |   1.890508e+05 |   6.550000e-01 |   7.416408e-03 |   1.766687e+06 |
|   2.320000e+02 |  -1.808347e+05 |   6.700000e-01 |  -7.416408e-03 |   1.713968e+06 |
|   2.360000e+02 |  -4.519156e+05 |   6.850000e-01 |  -1.941641e-02 |   3.459749e+06 |
|   2.400000e+02 |  -5.320042e+05 |   7.000000e-01 |  -2.400000e-02 |   3.977292e+06 |
|   2.440000e+02 |  -4.088832e+05 |   7.150000e-01 |  -1.941641e-02 |   3.182985e+06 |
|   2.480000e+02 |  -1.479610e+05 |   7.300000e-01 |  -7.416408e-03 |   1.502919e+06 |
|   2.520000e+02 |   1.397408e+05 |   7.450000e-01 |   7.416408e-03 |   1.450136e+06 |
+----------------+----------------+----------------+----------------+----------------+


Time Step 64, time = 256, dt = 4
 0 Nonlinear |R| = [32m1.037668e+07[39m
      0 Linear |R| = [32m1.037668e+07[39m
      1 Linear |R| = [32m2.290935e+06[39m
      2 Linear |R| = [32m6.263445e+05[39m
      3 Linear |R| = [32m2.331329e+05[39m
      4 Linear |R| = [32m6.857065e+04[39m
      5 Linear |R| = [32m2.447546e+04[39m
      6 Linear |R| = [32m7.525456e+03[39m
      7 Linear |R| = [32m2.560763e+03[39m
      8 Linear |R| = [32m9.278540e+02[39m
      9 Linear |R| = [32m3.018180e+02[39m
     10 Linear |R| = [32m1.020471e+02[39m
 1 Nonlinear |R| = [32m5.881121e+05[39m
      0 Linear |R| = [32m5.881121e+05[39m
      1 Linear |R| = [32m2.687920e+04[39m
      2 Linear |R| = [32m1.112347e+04[39m
      3 Linear |R| = [32m3.866269e+03[39m
      4 Linear |R| = [32m1.031533e+03[39m
      5 Linear |R| = [32m3.453611e+02[39m
      6 Linear |R| = [32m1.077479e+02[39m
      7 Linear |R| = [32m3.653802e+01[39m
      8 Linear |R| = [32m1.185187e+01[39m
      9 Linear |R| = [32m3.816122e+00[39m
 2 Nonlinear |R| = [32m3.829136e+02[39m
      0 Linear |R| = [32m3.829136e+02[39m
      1 Linear |R| = [32m2.137611e+01[39m
      2 Linear |R| = [32m4.874978e+00[39m
      3 Linear |R| = [32m1.513473e+00[39m
      4 Linear |R| = [32m5.048024e-01[39m
      5 Linear |R| = [32m1.727524e-01[39m
      6 Linear |R| = [32m6.395141e-02[39m
      7 Linear |R| = [32m1.912243e-02[39m
      8 Linear |R| = [32m5.710750e-03[39m
      9 Linear |R| = [32m1.747275e-03[39m
 3 Nonlinear |R| = [32m1.752141e-03[39m
[32m Solve Converged![39m

Postprocessor Values:
+----------------+----------------+----------------+----------------+----------------+
| time           | base_shear_x   | damage_max     | top_disp_x     | vonmises_max   |
+----------------+----------------+----------------+----------------+----------------+
:                :                :                :                :                :
|   2.000000e+02 |  -7.979592e+05 |   5.500000e-01 |  -2.400000e-02 |   5.688992e+06 |
|   2.040000e+02 |  -6.240448e+05 |   5.650000e-01 |  -1.941641e-02 |   4.566820e+06 |
|   2.080000e+02 |  -2.301453e+05 |   5.800000e-01 |  -7.416408e-03 |   2.030532e+06 |
|   2.120000e+02 |   2.219241e+05 |   5.950000e-01 |   7.416408e-03 |   1.977736e+06 |
|   2.160000e+02 |   5.594937e+05 |   6.100000e-01 |   1.941641e-02 |   4.151626e+06 |
|   2.200000e+02 |   6.649792e+05 |   6.250000e-01 |   2.400000e-02 |   4.833101e+06 |
|   2.240000e+02 |   5.164616e+05 |   6.400000e-01 |   1.941641e-02 |   3.874863e+06 |
|   2.280000e+02 |   1.890508e+05 |   6.550000e-01 |   7.416408e-03 |   1.766687e+06 |
|   2.320000e+02 |  -1.808347e+05 |   6.700000e-01 |  -7.416408e-03 |   1.713968e+06 |
|   2.360000e+02 |  -4.519156e+05 |   6.850000e-01 |  -1.941641e-02 |   3.459749e+06 |
|   2.400000e+02 |  -5.320042e+05 |   7.000000e-01 |  -2.400000e-02 |   3.977292e+06 |
|   2.440000e+02 |  -4.088832e+05 |   7.150000e-01 |  -1.941641e-02 |   3.182985e+06 |
|   2.480000e+02 |  -1.479610e+05 |   7.300000e-01 |  -7.416408e-03 |   1.502919e+06 |
|   2.520000e+02 |   1.397408e+05 |   7.450000e-01 |   7.416408e-03 |   1.450136e+06 |
|   2.560000e+02 |   3.443331e+05 |   7.600000e-01 |   1.941641e-02 |   2.767811e+06 |
+----------------+----------------+----------------+----------------+----------------+


Time Step 65, time = 260, dt = 4
 0 Nonlinear |R| = [32m3.721101e+06[39m
      0 Linear |R| = [32m3.721101e+06[39m
      1 Linear |R| = [32m7.321612e+05[39m
      2 Linear |R| = [32m2.063714e+05[39m
      3 Linear |R| = [32m8.155285e+04[39m
      4 Linear |R| = [32m2.374734e+04[39m
      5 Linear |R| = [32m8.559850e+03[39m
      6 Linear |R| = [32m2.658572e+03[39m
      7 Linear |R| = [32m8.933554e+02[39m
      8 Linear |R| = [32m3.269978e+02[39m
      9 Linear |R| = [32m1.064588e+02[39m
     10 Linear |R| = [32m3.589557e+01[39m
 1 Nonlinear |R| = [32m8.036568e+04[39m
      0 Linear |R| = [32m8.036568e+04[39m
      1 Linear |R| = [32m3.204863e+03[39m
      2 Linear |R| = [32m1.269103e+03[39m
      3 Linear |R| = [32m4.452939e+02[39m
      4 Linear |R| = [32m1.186805e+02[39m
      5 Linear |R| = [32m3.705503e+01[39m
      6 Linear |R| = [32m1.185877e+01[39m
      7 Linear |R| = [32m3.936678e+00[39m
      8 Linear |R| = [32m1.259109e+00[39m
      9 Linear |R| = [32m3.978770e-01[39m
 2 Nonlinear |R| = [32m7.386891e+00[39m
[32m Solve Converged![39m

Postprocessor Values:
+----------------+----------------+----------------+----------------+----------------+
| time           | base_shear_x   | damage_max     | top_disp_x     | vonmises_max   |
+----------------+----------------+----------------+----------------+----------------+
:                :                :                :                :                :
|   2.040000e+02 |  -6.240448e+05 |   5.650000e-01 |  -1.941641e-02 |   4.566820e+06 |
|   2.080000e+02 |  -2.301453e+05 |   5.800000e-01 |  -7.416408e-03 |   2.030532e+06 |
|   2.120000e+02 |   2.219241e+05 |   5.950000e-01 |   7.416408e-03 |   1.977736e+06 |
|   2.160000e+02 |   5.594937e+05 |   6.100000e-01 |   1.941641e-02 |   4.151626e+06 |
|   2.200000e+02 |   6.649792e+05 |   6.250000e-01 |   2.400000e-02 |   4.833101e+06 |
|   2.240000e+02 |   5.164616e+05 |   6.400000e-01 |   1.941641e-02 |   3.874863e+06 |
|   2.280000e+02 |   1.890508e+05 |   6.550000e-01 |   7.416408e-03 |   1.766687e+06 |
|   2.320000e+02 |  -1.808347e+05 |   6.700000e-01 |  -7.416408e-03 |   1.713968e+06 |
|   2.360000e+02 |  -4.519156e+05 |   6.850000e-01 |  -1.941641e-02 |   3.459749e+06 |
|   2.400000e+02 |  -5.320042e+05 |   7.000000e-01 |  -2.400000e-02 |   3.977292e+06 |
|   2.440000e+02 |  -4.088832e+05 |   7.150000e-01 |  -1.941641e-02 |   3.182985e+06 |
|   2.480000e+02 |  -1.479610e+05 |   7.300000e-01 |  -7.416408e-03 |   1.502919e+06 |
|   2.520000e+02 |   1.397408e+05 |   7.450000e-01 |   7.416408e-03 |   1.450136e+06 |
|   2.560000e+02 |   3.443331e+05 |   7.600000e-01 |   1.941641e-02 |   2.767811e+06 |
|   2.600000e+02 |   3.990252e+05 |   7.750000e-01 |   2.400000e-02 |   3.121426e+06 |
+----------------+----------------+----------------+----------------+----------------+


Time Step 66, time = 264, dt = 4
 0 Nonlinear |R| = [32m3.474801e+06[39m
      0 Linear |R| = [32m3.474801e+06[39m
      1 Linear |R| = [32m6.830375e+05[39m
      2 Linear |R| = [32m1.926824e+05[39m
      3 Linear |R| = [32m7.606650e+04[39m
      4 Linear |R| = [32m2.209579e+04[39m
      5 Linear |R| = [32m7.957786e+03[39m
      6 Linear |R| = [32m2.484969e+03[39m
      7 Linear |R| = [32m8.362666e+02[39m
      8 Linear |R| = [32m3.050950e+02[39m
      9 Linear |R| = [32m9.938484e+01[39m
     10 Linear |R| = [32m3.342397e+01[39m
 1 Nonlinear |R| = [32m7.487643e+04[39m
      0 Linear |R| = [32m7.487643e+04[39m
      1 Linear |R| = [32m2.904244e+03[39m
      2 Linear |R| = [32m1.101841e+03[39m
      3 Linear |R| = [32m3.705529e+02[39m
      4 Linear |R| = [32m1.032424e+02[39m
      5 Linear |R| = [32m3.106845e+01[39m
      6 Linear |R| = [32m1.017710e+01[39m
      7 Linear |R| = [32m3.343367e+00[39m
      8 Linear |R| = [32m1.073260e+00[39m
      9 Linear |R| = [32m3.292205e-01[39m
 2 Nonlinear |R| = [32m6.833417e+00[39m
[32m Solve Converged![39m

Postprocessor Values:
+----------------+----------------+----------------+----------------+----------------+
| time           | base_shear_x   | damage_max     | top_disp_x     | vonmises_max   |
+----------------+----------------+----------------+----------------+----------------+
:                :                :                :                :                :
|   2.080000e+02 |  -2.301453e+05 |   5.800000e-01 |  -7.416408e-03 |   2.030532e+06 |
|   2.120000e+02 |   2.219241e+05 |   5.950000e-01 |   7.416408e-03 |   1.977736e+06 |
|   2.160000e+02 |   5.594937e+05 |   6.100000e-01 |   1.941641e-02 |   4.151626e+06 |
|   2.200000e+02 |   6.649792e+05 |   6.250000e-01 |   2.400000e-02 |   4.833101e+06 |
|   2.240000e+02 |   5.164616e+05 |   6.400000e-01 |   1.941641e-02 |   3.874863e+06 |
|   2.280000e+02 |   1.890508e+05 |   6.550000e-01 |   7.416408e-03 |   1.766687e+06 |
|   2.320000e+02 |  -1.808347e+05 |   6.700000e-01 |  -7.416408e-03 |   1.713968e+06 |
|   2.360000e+02 |  -4.519156e+05 |   6.850000e-01 |  -1.941641e-02 |   3.459749e+06 |
|   2.400000e+02 |  -5.320042e+05 |   7.000000e-01 |  -2.400000e-02 |   3.977292e+06 |
|   2.440000e+02 |  -4.088832e+05 |   7.150000e-01 |  -1.941641e-02 |   3.182985e+06 |
|   2.480000e+02 |  -1.479610e+05 |   7.300000e-01 |  -7.416408e-03 |   1.502919e+06 |
|   2.520000e+02 |   1.397408e+05 |   7.450000e-01 |   7.416408e-03 |   1.450136e+06 |
|   2.560000e+02 |   3.443331e+05 |   7.600000e-01 |   1.941641e-02 |   2.767811e+06 |
|   2.600000e+02 |   3.990252e+05 |   7.750000e-01 |   2.400000e-02 |   3.121426e+06 |
|   2.640000e+02 |   3.013010e+05 |   7.900000e-01 |   1.941641e-02 |   2.491054e+06 |
+----------------+----------------+----------------+----------------+----------------+


Time Step 67, time = 268, dt = 4
 0 Nonlinear |R| = [32m8.437922e+06[39m
      0 Linear |R| = [32m8.437922e+06[39m
      1 Linear |R| = [32m1.858533e+06[39m
      2 Linear |R| = [32m5.085270e+05[39m
      3 Linear |R| = [32m1.893990e+05[39m
      4 Linear |R| = [32m5.528149e+04[39m
      5 Linear |R| = [32m1.964414e+04[39m
      6 Linear |R| = [32m6.105709e+03[39m
      7 Linear |R| = [32m2.089313e+03[39m
      8 Linear |R| = [32m7.523858e+02[39m
      9 Linear |R| = [32m2.447896e+02[39m
     10 Linear |R| = [32m8.259992e+01[39m
 1 Nonlinear |R| = [32m4.764418e+05[39m
      0 Linear |R| = [32m4.764418e+05[39m
      1 Linear |R| = [32m2.108545e+04[39m
      2 Linear |R| = [32m8.768399e+03[39m
      3 Linear |R| = [32m3.043116e+03[39m
      4 Linear |R| = [32m7.929196e+02[39m
      5 Linear |R| = [32m2.685139e+02[39m
      6 Linear |R| = [32m8.229679e+01[39m
      7 Linear |R| = [32m2.828939e+01[39m
      8 Linear |R| = [32m9.025516e+00[39m
      9 Linear |R| = [32m2.915056e+00[39m
 2 Nonlinear |R| = [32m3.069163e+02[39m
      0 Linear |R| = [32m3.069163e+02[39m
      1 Linear |R| = [32m1.753263e+01[39m
      2 Linear |R| = [32m3.877367e+00[39m
      3 Linear |R| = [32m1.191228e+00[39m
      4 Linear |R| = [32m3.951849e-01[39m
      5 Linear |R| = [32m1.322840e-01[39m
      6 Linear |R| = [32m4.957349e-02[39m
      7 Linear |R| = [32m1.503535e-02[39m
      8 Linear |R| = [32m4.600494e-03[39m
      9 Linear |R| = [32m1.455635e-03[39m
 3 Nonlinear |R| = [32m1.459294e-03[39m
[32m Solve Converged![39m

Postprocessor Values:
+----------------+----------------+----------------+----------------+----------------+
| time           | base_shear_x   | damage_max     | top_disp_x     | vonmises_max   |
+----------------+----------------+----------------+----------------+----------------+
:                :                :                :                :                :
|   2.120000e+02 |   2.219241e+05 |   5.950000e-01 |   7.416408e-03 |   1.977736e+06 |
|   2.160000e+02 |   5.594937e+05 |   6.100000e-01 |   1.941641e-02 |   4.151626e+06 |
|   2.200000e+02 |   6.649792e+05 |   6.250000e-01 |   2.400000e-02 |   4.833101e+06 |
|   2.240000e+02 |   5.164616e+05 |   6.400000e-01 |   1.941641e-02 |   3.874863e+06 |
|   2.280000e+02 |   1.890508e+05 |   6.550000e-01 |   7.416408e-03 |   1.766687e+06 |
|   2.320000e+02 |  -1.808347e+05 |   6.700000e-01 |  -7.416408e-03 |   1.713968e+06 |
|   2.360000e+02 |  -4.519156e+05 |   6.850000e-01 |  -1.941641e-02 |   3.459749e+06 |
|   2.400000e+02 |  -5.320042e+05 |   7.000000e-01 |  -2.400000e-02 |   3.977292e+06 |
|   2.440000e+02 |  -4.088832e+05 |   7.150000e-01 |  -1.941641e-02 |   3.182985e+06 |
|   2.480000e+02 |  -1.479610e+05 |   7.300000e-01 |  -7.416408e-03 |   1.502919e+06 |
|   2.520000e+02 |   1.397408e+05 |   7.450000e-01 |   7.416408e-03 |   1.450136e+06 |
|   2.560000e+02 |   3.443331e+05 |   7.600000e-01 |   1.941641e-02 |   2.767811e+06 |
|   2.600000e+02 |   3.990252e+05 |   7.750000e-01 |   2.400000e-02 |   3.121426e+06 |
|   2.640000e+02 |   3.013010e+05 |   7.900000e-01 |   1.941641e-02 |   2.491054e+06 |
|   2.680000e+02 |   1.068675e+05 |   8.050000e-01 |   7.416408e-03 |   1.239103e+06 |
+----------------+----------------+----------------+----------------+----------------+


Time Step 68, time = 272, dt = 4
 0 Nonlinear |R| = [32m9.616587e+06[39m
      0 Linear |R| = [32m9.616587e+06[39m
      1 Linear |R| = [32m2.243006e+06[39m
      2 Linear |R| = [32m6.038130e+05[39m
      3 Linear |R| = [32m2.186243e+05[39m
      4 Linear |R| = [32m6.427895e+04[39m
      5 Linear |R| = [32m2.265450e+04[39m
      6 Linear |R| = [32m7.002575e+03[39m
      7 Linear |R| = [32m2.410924e+03[39m
      8 Linear |R| = [32m8.635224e+02[39m
      9 Linear |R| = [32m2.804667e+02[39m
     10 Linear |R| = [32m9.495976e+01[39m
 1 Nonlinear |R| = [32m6.729241e+05[39m
      0 Linear |R| = [32m6.729241e+05[39m
      1 Linear |R| = [32m3.247137e+04[39m
      2 Linear |R| = [32m1.333858e+04[39m
      3 Linear |R| = [32m4.601811e+03[39m
      4 Linear |R| = [32m1.233244e+03[39m
      5 Linear |R| = [32m4.205883e+02[39m
      6 Linear |R| = [32m1.280362e+02[39m
      7 Linear |R| = [32m4.408055e+01[39m
      8 Linear |R| = [32m1.420420e+01[39m
      9 Linear |R| = [32m4.624234e+00[39m
 2 Nonlinear |R| = [32m6.794188e+02[39m
      0 Linear |R| = [32m6.794188e+02[39m
      1 Linear |R| = [32m3.803694e+01[39m
      2 Linear |R| = [32m8.784357e+00[39m
      3 Linear |R| = [32m2.654297e+00[39m
      4 Linear |R| = [32m8.619330e-01[39m
      5 Linear |R| = [32m2.771537e-01[39m
      6 Linear |R| = [32m1.037542e-01[39m
      7 Linear |R| = [32m3.256525e-02[39m
      8 Linear |R| = [32m1.024287e-02[39m
      9 Linear |R| = [32m3.245322e-03[39m
 3 Nonlinear |R| = [32m3.303345e-03[39m
[32m Solve Converged![39m

Postprocessor Values:
+----------------+----------------+----------------+----------------+----------------+
| time           | base_shear_x   | damage_max     | top_disp_x     | vonmises_max   |
+----------------+----------------+----------------+----------------+----------------+
:                :                :                :                :                :
|   2.160000e+02 |   5.594937e+05 |   6.100000e-01 |   1.941641e-02 |   4.151626e+06 |
|   2.200000e+02 |   6.649792e+05 |   6.250000e-01 |   2.400000e-02 |   4.833101e+06 |
|   2.240000e+02 |   5.164616e+05 |   6.400000e-01 |   1.941641e-02 |   3.874863e+06 |
|   2.280000e+02 |   1.890508e+05 |   6.550000e-01 |   7.416408e-03 |   1.766687e+06 |
|   2.320000e+02 |  -1.808347e+05 |   6.700000e-01 |  -7.416408e-03 |   1.713968e+06 |
|   2.360000e+02 |  -4.519156e+05 |   6.850000e-01 |  -1.941641e-02 |   3.459749e+06 |
|   2.400000e+02 |  -5.320042e+05 |   7.000000e-01 |  -2.400000e-02 |   3.977292e+06 |
|   2.440000e+02 |  -4.088832e+05 |   7.150000e-01 |  -1.941641e-02 |   3.182985e+06 |
|   2.480000e+02 |  -1.479610e+05 |   7.300000e-01 |  -7.416408e-03 |   1.502919e+06 |
|   2.520000e+02 |   1.397408e+05 |   7.450000e-01 |   7.416408e-03 |   1.450136e+06 |
|   2.560000e+02 |   3.443331e+05 |   7.600000e-01 |   1.941641e-02 |   2.767811e+06 |
|   2.600000e+02 |   3.990252e+05 |   7.750000e-01 |   2.400000e-02 |   3.121426e+06 |
|   2.640000e+02 |   3.013010e+05 |   7.900000e-01 |   1.941641e-02 |   2.491054e+06 |
|   2.680000e+02 |   1.068675e+05 |   8.050000e-01 |   7.416408e-03 |   1.239103e+06 |
|   2.720000e+02 |  -9.865028e+04 |   8.200000e-01 |  -7.416408e-03 |   1.186368e+06 |
+----------------+----------------+----------------+----------------+----------------+


Time Step 69, time = 276, dt = 4
 0 Nonlinear |R| = [32m7.134893e+06[39m
      0 Linear |R| = [32m7.134893e+06[39m
      1 Linear |R| = [32m1.572552e+06[39m
      2 Linear |R| = [32m4.306086e+05[39m
      3 Linear |R| = [32m1.606272e+05[39m
      4 Linear |R| = [32m4.693424e+04[39m
      5 Linear |R| = [32m1.664139e+04[39m
      6 Linear |R| = [32m5.137716e+03[39m
      7 Linear |R| = [32m1.767369e+03[39m
      8 Linear |R| = [32m6.334089e+02[39m
      9 Linear |R| = [32m2.060173e+02[39m
     10 Linear |R| = [32m6.970239e+01[39m
 1 Nonlinear |R| = [32m4.040960e+05[39m
      0 Linear |R| = [32m4.040960e+05[39m
      1 Linear |R| = [32m1.851164e+04[39m
      2 Linear |R| = [32m7.649648e+03[39m
      3 Linear |R| = [32m2.657105e+03[39m
      4 Linear |R| = [32m7.054454e+02[39m
      5 Linear |R| = [32m2.385791e+02[39m
      6 Linear |R| = [32m7.246615e+01[39m
      7 Linear |R| = [32m2.502169e+01[39m
      8 Linear |R| = [32m7.903811e+00[39m
      9 Linear |R| = [32m2.585078e+00[39m
 2 Nonlinear |R| = [32m2.630890e+02[39m
      0 Linear |R| = [32m2.630890e+02[39m
      1 Linear |R| = [32m1.474753e+01[39m
      2 Linear |R| = [32m3.350432e+00[39m
      3 Linear |R| = [32m1.035425e+00[39m
      4 Linear |R| = [32m3.445064e-01[39m
      5 Linear |R| = [32m1.160353e-01[39m
      6 Linear |R| = [32m4.321357e-02[39m
      7 Linear |R| = [32m1.295312e-02[39m
      8 Linear |R| = [32m3.931026e-03[39m
      9 Linear |R| = [32m1.213428e-03[39m
 3 Nonlinear |R| = [32m1.216966e-03[39m
[32m Solve Converged![39m

Postprocessor Values:
+----------------+----------------+----------------+----------------+----------------+
| time           | base_shear_x   | damage_max     | top_disp_x     | vonmises_max   |
+----------------+----------------+----------------+----------------+----------------+
:                :                :                :                :                :
|   2.200000e+02 |   6.649792e+05 |   6.250000e-01 |   2.400000e-02 |   4.833101e+06 |
|   2.240000e+02 |   5.164616e+05 |   6.400000e-01 |   1.941641e-02 |   3.874863e+06 |
|   2.280000e+02 |   1.890508e+05 |   6.550000e-01 |   7.416408e-03 |   1.766687e+06 |
|   2.320000e+02 |  -1.808347e+05 |   6.700000e-01 |  -7.416408e-03 |   1.713968e+06 |
|   2.360000e+02 |  -4.519156e+05 |   6.850000e-01 |  -1.941641e-02 |   3.459749e+06 |
|   2.400000e+02 |  -5.320042e+05 |   7.000000e-01 |  -2.400000e-02 |   3.977292e+06 |
|   2.440000e+02 |  -4.088832e+05 |   7.150000e-01 |  -1.941641e-02 |   3.182985e+06 |
|   2.480000e+02 |  -1.479610e+05 |   7.300000e-01 |  -7.416408e-03 |   1.502919e+06 |
|   2.520000e+02 |   1.397408e+05 |   7.450000e-01 |   7.416408e-03 |   1.450136e+06 |
|   2.560000e+02 |   3.443331e+05 |   7.600000e-01 |   1.941641e-02 |   2.767811e+06 |
|   2.600000e+02 |   3.990252e+05 |   7.750000e-01 |   2.400000e-02 |   3.121426e+06 |
|   2.640000e+02 |   3.013010e+05 |   7.900000e-01 |   1.941641e-02 |   2.491054e+06 |
|   2.680000e+02 |   1.068675e+05 |   8.050000e-01 |   7.416408e-03 |   1.239103e+06 |
|   2.720000e+02 |  -9.865028e+04 |   8.200000e-01 |  -7.416408e-03 |   1.186368e+06 |
|   2.760000e+02 |  -2.367539e+05 |   8.350000e-01 |  -1.941641e-02 |   2.075934e+06 |
+----------------+----------------+----------------+----------------+----------------+


Time Step 70, time = 280, dt = 4
 0 Nonlinear |R| = [32m2.481258e+06[39m
      0 Linear |R| = [32m2.481258e+06[39m
      1 Linear |R| = [32m4.876252e+05[39m
      2 Linear |R| = [32m1.377332e+05[39m
      3 Linear |R| = [32m5.447525e+04[39m
      4 Linear |R| = [32m1.580889e+04[39m
      5 Linear |R| = [32m5.679721e+03[39m
      6 Linear |R| = [32m1.759519e+03[39m
      7 Linear |R| = [32m5.972573e+02[39m
      8 Linear |R| = [32m2.164713e+02[39m
      9 Linear |R| = [32m7.056130e+01[39m
     10 Linear |R| = [32m2.383230e+01[39m
 1 Nonlinear |R| = [32m5.354223e+04[39m
      0 Linear |R| = [32m5.354223e+04[39m
      1 Linear |R| = [32m2.138649e+03[39m
      2 Linear |R| = [32m8.499081e+02[39m
      3 Linear |R| = [32m3.006986e+02[39m
      4 Linear |R| = [32m7.939927e+01[39m
      5 Linear |R| = [32m2.522591e+01[39m
      6 Linear |R| = [32m7.977771e+00[39m
      7 Linear |R| = [32m2.705185e+00[39m
      8 Linear |R| = [32m8.375379e-01[39m
      9 Linear |R| = [32m2.705505e-01[39m
 2 Nonlinear |R| = [32m4.923422e+00[39m
[32m Solve Converged![39m

Postprocessor Values:
+----------------+----------------+----------------+----------------+----------------+
| time           | base_shear_x   | damage_max     | top_disp_x     | vonmises_max   |
+----------------+----------------+----------------+----------------+----------------+
:                :                :                :                :                :
|   2.240000e+02 |   5.164616e+05 |   6.400000e-01 |   1.941641e-02 |   3.874863e+06 |
|   2.280000e+02 |   1.890508e+05 |   6.550000e-01 |   7.416408e-03 |   1.766687e+06 |
|   2.320000e+02 |  -1.808347e+05 |   6.700000e-01 |  -7.416408e-03 |   1.713968e+06 |
|   2.360000e+02 |  -4.519156e+05 |   6.850000e-01 |  -1.941641e-02 |   3.459749e+06 |
|   2.400000e+02 |  -5.320042e+05 |   7.000000e-01 |  -2.400000e-02 |   3.977292e+06 |
|   2.440000e+02 |  -4.088832e+05 |   7.150000e-01 |  -1.941641e-02 |   3.182985e+06 |
|   2.480000e+02 |  -1.479610e+05 |   7.300000e-01 |  -7.416408e-03 |   1.502919e+06 |
|   2.520000e+02 |   1.397408e+05 |   7.450000e-01 |   7.416408e-03 |   1.450136e+06 |
|   2.560000e+02 |   3.443331e+05 |   7.600000e-01 |   1.941641e-02 |   2.767811e+06 |
|   2.600000e+02 |   3.990252e+05 |   7.750000e-01 |   2.400000e-02 |   3.121426e+06 |
|   2.640000e+02 |   3.013010e+05 |   7.900000e-01 |   1.941641e-02 |   2.491054e+06 |
|   2.680000e+02 |   1.068675e+05 |   8.050000e-01 |   7.416408e-03 |   1.239103e+06 |
|   2.720000e+02 |  -9.865028e+04 |   8.200000e-01 |  -7.416408e-03 |   1.186368e+06 |
|   2.760000e+02 |  -2.367539e+05 |   8.350000e-01 |  -1.941641e-02 |   2.075934e+06 |
|   2.800000e+02 |  -2.660491e+05 |   8.500000e-01 |  -2.400000e-02 |   2.265618e+06 |
+----------------+----------------+----------------+----------------+----------------+



Performance Graph:
--------------------------------------------------------------------------------------------------------------------------------------------------------------------------
|                                Section                               | Calls |   Self(s)  |   Avg(s)   |    %   | Mem(MB) |  Total(s)  |   Avg(s)   |    %   | Mem(MB) |
--------------------------------------------------------------------------------------------------------------------------------------------------------------------------
| SolidMechanicsTestApp (main)                                         |     1 |      0.004 |      0.004 |   0.02 |       2 |     18.596 |     18.596 | 100.00 |      51 |
|   Action::SetupMeshAction::Mesh::SetupMeshAction::act::setup_mesh    |     1 |      0.000 |      0.000 |   0.00 |       0 |      0.000 |      0.000 |   0.00 |       0 |
|   Action::SetupMeshAction::Mesh::SetupMeshAction::act::set_mesh_base |     2 |      0.001 |      0.000 |   0.00 |       2 |      0.001 |      0.001 |   0.01 |       4 |
|   FEProblem::outputStep                                              |    71 |      0.009 |      0.000 |   0.05 |       0 |      0.206 |      0.003 |   1.11 |       8 |
|   Transient::PicardSolve                                             |    70 |      0.047 |      0.001 |   0.25 |       0 |     18.292 |      0.261 |  98.37 |       7 |
|     FEProblem::outputStep                                            |   210 |      0.008 |      0.000 |   0.04 |       0 |      0.009 |      0.000 |   0.05 |       0 |
|     FEProblem::solve                                                 |    70 |      0.905 |      0.013 |   4.87 |       6 |     17.315 |      0.247 |  93.11 |       7 |
|       FEProblem::computeResidualInternal                             |  1889 |      0.040 |      0.000 |   0.21 |       0 |     14.659 |      0.008 |  78.83 |       0 |
|       FEProblem::computeJacobianInternal                             |   159 |      0.003 |      0.000 |   0.02 |       0 |      1.627 |      0.010 |   8.75 |       1 |
|     FEProblem::computeUserObjects                                    |    70 |      0.491 |      0.007 |   2.64 |       0 |      0.491 |      0.007 |   2.64 |       0 |
|   Transient::final                                                   |     1 |      0.000 |      0.000 |   0.00 |       0 |      0.000 |      0.000 |   0.00 |       0 |
|     FEProblem::outputStep                                            |     1 |      0.000 |      0.000 |   0.00 |       0 |      0.000 |      0.000 |   0.00 |       0 |
--------------------------------------------------------------------------------------------------------------------------------------------------------------------------
Finished Executing                                                                       [[33m 18.53 s[39m] [[33m  175 MB[39m]
