
[33m
*** Deprecation Warning ***
/home/kevin/gt/demo/polecats/chrome/demo/inputs/aac_wall_tests/w05_no_lattice_pseudo_static.i:68.3: The 'Kernels/TensorMechanics' syntax is deprecated. Please use 'Physics/SolidMechanics/QuasiStatic' instead.[39m
Stack frames: 14
0: libMesh::print_trace(std::ostream&)
1: void moose::internal::mooseDeprecatedStream<libMesh::BasicOStreamProxy<char, std::char_traits<char> >, std::__cxx11::basic_string<char, std::char_traits<char>, std::allocator<char> > >(libMesh::BasicOStreamProxy<char, std::char_traits<char> >&, bool, bool, bool, std::__cxx11::basic_string<char, std::char_traits<char>, std::allocator<char> >&&)
2: Moose::Builder::walkRaw(std::__cxx11::basic_string<char, std::char_traits<char>, std::allocator<char> >, std::__cxx11::basic_string<char, std::char_traits<char>, std::allocator<char> >, hit::Node*)
3: Moose::Builder::walk(std::__cxx11::basic_string<char, std::char_traits<char>, std::allocator<char> > const&, std::__cxx11::basic_string<char, std::char_traits<char>, std::allocator<char> > const&, hit::Node*)
4: hit::Node::walk(hit::Walker*, hit::NodeType, hit::TraversalOrder)
5: hit::Node::walk(hit::Walker*, hit::NodeType, hit::TraversalOrder)
6: hit::Node::walk(hit::Walker*, hit::NodeType, hit::TraversalOrder)
7: Moose::Builder::build()
8: MooseApp::setupOptions()
9: MooseApp::run()
10: /home/kevin/gt/demo/mayor/rig/build/moose/modules/solid_mechanics/solid_mechanics-opt(+0x50f2) [0x56536115e0f2]
11: /lib/libc.so.6(+0x27741) [0x7fcc7ee27741]
12: __libc_start_main
13: /home/kevin/gt/demo/mayor/rig/build/moose/modules/solid_mechanics/solid_mechanics-opt(+0x5365) [0x56536115e365]


[36m
*** Info ***
/home/kevin/gt/demo/polecats/chrome/demo/inputs/aac_wall_tests/w05_no_lattice_pseudo_static.i:68.3:
The following occurred in the Action 'TensorMechanics' of type LegacyTensorMechanicsAction.

SolidMechanics Action: selecting 'total small strain' formulation. Use `incremental = true` to select 'incremental small strain' instead.[39m
sh: line 1: mpicxx: command not found
JIT compile failed.
sh: line 1: mpicxx: command not found
JIT compile failed.
sh: line 1: mpicxx: command not found
JIT compile failed.
Framework Information:
MOOSE Version:           git commit dd5a8961 on 2026-05-01
LibMesh Version:         
PETSc Version:           3.24.6
SLEPc Version:           3.24.0
Current Time:            Tue May 19 17:45:24 2026
Executable Timestamp:    Wed May 13 15:08:44 2026

Input File(s):
  /home/kevin/gt/demo/polecats/chrome/demo/inputs/aac_wall_tests/w05_no_lattice_pseudo_static.i

Checkpoint:
  Wall Time Interval:      Every 3600 s
  User Checkpoint:         Disabled
  # Checkpoints Kept:      2
  Execute On:              TIMESTEP_END 

Parallelism:
  Num Processors:          1
  Num Threads:             1

Mesh: 
  Parallel Type:           replicated
  Mesh Dimension:          2
  Spatial Dimension:       2
  Nodes:                   5329
  Elems:                   5184
  Num Subdomains:          1

Nonlinear System:
  Num DOFs:                10658
  Num Local DOFs:          10658
  Variables:               { "disp_x" "disp_y" } 
  Finite Element Types:    "LAGRANGE" 
  Approximation Orders:    "FIRST" 

Auxiliary System:
  Num DOFs:                36288
  Num Local DOFs:          36288
  Variables:               { "vonmises" "max_princ" "min_princ" "damage_t" "damage_c" "damage_total" 
                             "stress_xy" } 
  Finite Element Types:    "MONOMIAL" 
  Approximation Orders:    "CONSTANT" 

Execution Information:
  Executioner:             Transient
  TimeStepper:             ConstantDT
  TimeIntegrator(s):       ImplicitEuler
  Solver Mode:             Preconditioned JFNK 
  PETSc Preconditioner:    hypre boomeramg 


Time Step 0, time = 0

Postprocessor Values:
+----------------+----------------+----------------+----------------+------------------+----------------+----------------+
| time           | base_shear_x   | damage_c_max   | damage_t_max   | damage_total_max | top_disp_x     | top_disp_y     |
+----------------+----------------+----------------+----------------+------------------+----------------+----------------+
|   0.000000e+00 |   0.000000e+00 |   0.000000e+00 |   0.000000e+00 |     0.000000e+00 |   0.000000e+00 |   0.000000e+00 |
+----------------+----------------+----------------+----------------+------------------+----------------+----------------+


Time Step 1, time = 4, dt = 4
 0 Nonlinear |R| = [32m6.191826e+05[39m
      0 Linear |R| = [32m6.191826e+05[39m
      1 Linear |R| = [33m6.017948e+05[39m
      2 Linear |R| = [32m5.606527e+05[39m
      3 Linear |R| = [33m5.592905e+05[39m
      4 Linear |R| = [33m5.442594e+05[39m
      5 Linear |R| = [33m5.255140e+05[39m
      6 Linear |R| = [32m4.725617e+05[39m
      7 Linear |R| = [32m4.252686e+05[39m
      8 Linear |R| = [32m3.200694e+05[39m
      9 Linear |R| = [32m2.242882e+05[39m
     10 Linear |R| = [32m1.527002e+05[39m
     11 Linear |R| = [32m1.144343e+05[39m
     12 Linear |R| = [32m9.755388e+04[39m
     13 Linear |R| = [32m8.264216e+04[39m
     14 Linear |R| = [32m7.262049e+04[39m
     15 Linear |R| = [32m5.592353e+04[39m
     16 Linear |R| = [32m3.667447e+04[39m
     17 Linear |R| = [32m2.524149e+04[39m
     18 Linear |R| = [32m1.551018e+04[39m
     19 Linear |R| = [32m9.288819e+03[39m
     20 Linear |R| = [32m6.470007e+03[39m
     21 Linear |R| = [32m4.690518e+03[39m
     22 Linear |R| = [32m3.210755e+03[39m
     23 Linear |R| = [32m2.346310e+03[39m
     24 Linear |R| = [32m1.677928e+03[39m
     25 Linear |R| = [32m1.011385e+03[39m
     26 Linear |R| = [32m5.274709e+02[39m
     27 Linear |R| = [32m2.912749e+02[39m
     28 Linear |R| = [32m1.757249e+02[39m
     29 Linear |R| = [32m9.812660e+01[39m
     30 Linear |R| = [32m6.036005e+01[39m
     31 Linear |R| = [32m4.965738e+01[39m
     32 Linear |R| = [32m3.471076e+01[39m
     33 Linear |R| = [32m2.289485e+01[39m
     34 Linear |R| = [32m1.218051e+01[39m
     35 Linear |R| = [32m6.195059e+00[39m
     36 Linear |R| = [32m3.967301e+00[39m
 1 Nonlinear |R| = [32m5.575708e+05[39m
      0 Linear |R| = [32m5.575708e+05[39m
      1 Linear |R| = [32m4.785983e+05[39m
      2 Linear |R| = [32m3.840837e+05[39m
      3 Linear |R| = [32m3.075563e+05[39m
      4 Linear |R| = [32m2.062698e+05[39m
      5 Linear |R| = [32m1.430772e+05[39m
      6 Linear |R| = [32m8.418231e+04[39m
      7 Linear |R| = [32m4.392821e+04[39m
      8 Linear |R| = [32m2.782147e+04[39m
      9 Linear |R| = [32m1.910990e+04[39m
     10 Linear |R| = [32m1.362522e+04[39m
     11 Linear |R| = [32m1.062368e+04[39m
     12 Linear |R| = [32m8.519480e+03[39m
     13 Linear |R| = [32m6.078287e+03[39m
     14 Linear |R| = [32m4.300841e+03[39m
     15 Linear |R| = [32m2.630735e+03[39m
     16 Linear |R| = [32m1.450638e+03[39m
     17 Linear |R| = [32m8.282306e+02[39m
     18 Linear |R| = [32m4.435226e+02[39m
     19 Linear |R| = [32m2.185923e+02[39m
     20 Linear |R| = [32m1.082081e+02[39m
     21 Linear |R| = [32m5.491982e+01[39m
     22 Linear |R| = [32m2.794798e+01[39m
     23 Linear |R| = [32m1.445066e+01[39m
     24 Linear |R| = [32m7.618949e+00[39m
     25 Linear |R| = [32m4.176042e+00[39m
 2 Nonlinear |R| = [33m5.406403e+05[39m
      0 Linear |R| = [32m5.406403e+05[39m
      1 Linear |R| = [32m4.669172e+05[39m
      2 Linear |R| = [32m3.606597e+05[39m
      3 Linear |R| = [32m2.958533e+05[39m
      4 Linear |R| = [32m1.825081e+05[39m
      5 Linear |R| = [32m1.256781e+05[39m
      6 Linear |R| = [32m7.769366e+04[39m
      7 Linear |R| = [32m3.786120e+04[39m
      8 Linear |R| = [32m2.083529e+04[39m
      9 Linear |R| = [32m1.394033e+04[39m
     10 Linear |R| = [32m1.047482e+04[39m
     11 Linear |R| = [32m7.929396e+03[39m
     12 Linear |R| = [32m5.908535e+03[39m
     13 Linear |R| = [32m4.709989e+03[39m
     14 Linear |R| = [32m3.231141e+03[39m
     15 Linear |R| = [32m2.073296e+03[39m
     16 Linear |R| = [32m1.259637e+03[39m
     17 Linear |R| = [32m7.093871e+02[39m
     18 Linear |R| = [32m4.049229e+02[39m
     19 Linear |R| = [32m2.139732e+02[39m
     20 Linear |R| = [32m1.106927e+02[39m
     21 Linear |R| = [32m4.967779e+01[39m
     22 Linear |R| = [32m2.313292e+01[39m
     23 Linear |R| = [32m1.253183e+01[39m
     24 Linear |R| = [32m6.609182e+00[39m
     25 Linear |R| = [32m3.274874e+00[39m
 3 Nonlinear |R| = [32m5.038597e+05[39m
      0 Linear |R| = [32m5.038597e+05[39m
      1 Linear |R| = [32m4.601559e+05[39m
      2 Linear |R| = [32m3.210377e+05[39m
      3 Linear |R| = [32m2.592300e+05[39m
      4 Linear |R| = [32m1.692878e+05[39m
      5 Linear |R| = [32m1.130579e+05[39m
      6 Linear |R| = [32m6.767514e+04[39m
      7 Linear |R| = [32m4.092817e+04[39m
      8 Linear |R| = [32m3.093875e+04[39m
      9 Linear |R| = [32m2.355695e+04[39m
     10 Linear |R| = [32m1.759954e+04[39m
     11 Linear |R| = [32m1.368918e+04[39m
     12 Linear |R| = [32m9.007446e+03[39m
     13 Linear |R| = [32m5.527771e+03[39m
     14 Linear |R| = [32m3.272736e+03[39m
     15 Linear |R| = [32m1.752627e+03[39m
     16 Linear |R| = [32m9.429559e+02[39m
     17 Linear |R| = [32m5.234239e+02[39m
     18 Linear |R| = [32m2.817117e+02[39m
     19 Linear |R| = [32m1.492430e+02[39m
     20 Linear |R| = [32m7.682489e+01[39m
     21 Linear |R| = [32m3.832084e+01[39m
     22 Linear |R| = [32m1.878424e+01[39m
     23 Linear |R| = [32m9.512132e+00[39m
     24 Linear |R| = [32m4.814854e+00[39m
 4 Nonlinear |R| = [33m4.819547e+05[39m
      0 Linear |R| = [32m4.819547e+05[39m
      1 Linear |R| = [32m4.197308e+05[39m
      2 Linear |R| = [32m3.075854e+05[39m
      3 Linear |R| = [32m2.370669e+05[39m
      4 Linear |R| = [32m1.455683e+05[39m
      5 Linear |R| = [32m1.029631e+05[39m
      6 Linear |R| = [32m5.880034e+04[39m
      7 Linear |R| = [32m3.218175e+04[39m
      8 Linear |R| = [32m2.414108e+04[39m
      9 Linear |R| = [32m1.960949e+04[39m
     10 Linear |R| = [32m1.514601e+04[39m
     11 Linear |R| = [32m1.081452e+04[39m
     12 Linear |R| = [32m7.205031e+03[39m
     13 Linear |R| = [32m4.443656e+03[39m
     14 Linear |R| = [32m2.494255e+03[39m
     15 Linear |R| = [32m1.381581e+03[39m
     16 Linear |R| = [32m7.659492e+02[39m
     17 Linear |R| = [32m4.370854e+02[39m
     18 Linear |R| = [32m2.226364e+02[39m
     19 Linear |R| = [32m1.129218e+02[39m
     20 Linear |R| = [32m5.645695e+01[39m
     21 Linear |R| = [32m2.813750e+01[39m
     22 Linear |R| = [32m1.426437e+01[39m
     23 Linear |R| = [32m7.287842e+00[39m
     24 Linear |R| = [32m3.697468e+00[39m
 5 Nonlinear |R| = [33m4.770795e+05[39m
      0 Linear |R| = [32m4.770795e+05[39m
      1 Linear |R| = [32m4.297426e+05[39m
      2 Linear |R| = [32m3.023514e+05[39m
      3 Linear |R| = [32m2.306427e+05[39m
      4 Linear |R| = [32m1.580594e+05[39m
      5 Linear |R| = [32m1.053684e+05[39m
      6 Linear |R| = [32m7.577294e+04[39m
      7 Linear |R| = [32m5.736627e+04[39m
      8 Linear |R| = [32m4.232729e+04[39m
      9 Linear |R| = [32m2.951221e+04[39m
     10 Linear |R| = [32m1.860637e+04[39m
     11 Linear |R| = [32m1.206391e+04[39m
     12 Linear |R| = [32m6.730297e+03[39m
     13 Linear |R| = [32m3.603208e+03[39m
     14 Linear |R| = [32m2.105572e+03[39m
     15 Linear |R| = [32m1.113590e+03[39m
     16 Linear |R| = [32m5.746822e+02[39m
     17 Linear |R| = [32m3.418208e+02[39m
     18 Linear |R| = [32m1.885808e+02[39m
     19 Linear |R| = [32m9.325804e+01[39m
     20 Linear |R| = [32m4.731629e+01[39m
     21 Linear |R| = [32m2.315505e+01[39m
     22 Linear |R| = [32m1.002197e+01[39m
     23 Linear |R| = [32m4.765780e+00[39m
 6 Nonlinear |R| = [33m4.570966e+05[39m
      0 Linear |R| = [32m4.570966e+05[39m
      1 Linear |R| = [32m3.933656e+05[39m
      2 Linear |R| = [32m2.866204e+05[39m
      3 Linear |R| = [32m2.080170e+05[39m
      4 Linear |R| = [32m1.365421e+05[39m
      5 Linear |R| = [32m1.018870e+05[39m
      6 Linear |R| = [32m6.558161e+04[39m
      7 Linear |R| = [32m4.754032e+04[39m
      8 Linear |R| = [32m3.661559e+04[39m
      9 Linear |R| = [32m2.482454e+04[39m
     10 Linear |R| = [32m1.549343e+04[39m
     11 Linear |R| = [32m9.310287e+03[39m
     12 Linear |R| = [32m5.247489e+03[39m
     13 Linear |R| = [32m2.790782e+03[39m
     14 Linear |R| = [32m1.490468e+03[39m
     15 Linear |R| = [32m8.300277e+02[39m
     16 Linear |R| = [32m4.523345e+02[39m
     17 Linear |R| = [32m2.455794e+02[39m
     18 Linear |R| = [32m1.379600e+02[39m
     19 Linear |R| = [32m7.274532e+01[39m
     20 Linear |R| = [32m3.477429e+01[39m
     21 Linear |R| = [32m1.795748e+01[39m
     22 Linear |R| = [32m8.520305e+00[39m
     23 Linear |R| = [32m3.716564e+00[39m
 7 Nonlinear |R| = [33m4.501885e+05[39m
      0 Linear |R| = [32m4.501885e+05[39m
      1 Linear |R| = [32m3.964357e+05[39m
      2 Linear |R| = [32m2.841170e+05[39m
      3 Linear |R| = [32m2.087622e+05[39m
      4 Linear |R| = [32m1.573765e+05[39m
      5 Linear |R| = [32m1.170618e+05[39m
      6 Linear |R| = [32m8.412844e+04[39m
      7 Linear |R| = [32m5.716215e+04[39m
      8 Linear |R| = [32m3.516987e+04[39m
      9 Linear |R| = [32m2.087436e+04[39m
     10 Linear |R| = [32m1.176916e+04[39m
     11 Linear |R| = [32m6.442411e+03[39m
     12 Linear |R| = [32m3.225099e+03[39m
     13 Linear |R| = [32m1.645036e+03[39m
     14 Linear |R| = [32m9.360171e+02[39m
     15 Linear |R| = [32m4.933902e+02[39m
     16 Linear |R| = [32m2.566233e+02[39m
     17 Linear |R| = [32m1.489286e+02[39m
     18 Linear |R| = [32m8.848154e+01[39m
     19 Linear |R| = [32m4.830180e+01[39m
     20 Linear |R| = [32m2.366622e+01[39m
     21 Linear |R| = [32m1.090551e+01[39m
     22 Linear |R| = [32m5.267411e+00[39m
     23 Linear |R| = [32m2.631197e+00[39m
 8 Nonlinear |R| = [33m4.310634e+05[39m
      0 Linear |R| = [32m4.310634e+05[39m
      1 Linear |R| = [32m3.587261e+05[39m
      2 Linear |R| = [32m2.679579e+05[39m
      3 Linear |R| = [32m2.026063e+05[39m
      4 Linear |R| = [32m1.457141e+05[39m
      5 Linear |R| = [32m1.148423e+05[39m
      6 Linear |R| = [32m7.313039e+04[39m
      7 Linear |R| = [32m4.241275e+04[39m
      8 Linear |R| = [32m2.527033e+04[39m
      9 Linear |R| = [32m1.483392e+04[39m
     10 Linear |R| = [32m7.224545e+03[39m
     11 Linear |R| = [32m3.637715e+03[39m
     12 Linear |R| = [32m1.940214e+03[39m
     13 Linear |R| = [32m9.476399e+02[39m
     14 Linear |R| = [32m4.976469e+02[39m
     15 Linear |R| = [32m2.539006e+02[39m
     16 Linear |R| = [32m1.246148e+02[39m
     17 Linear |R| = [32m6.833075e+01[39m
     18 Linear |R| = [32m3.810956e+01[39m
     19 Linear |R| = [32m2.194978e+01[39m
     20 Linear |R| = [32m1.255676e+01[39m
     21 Linear |R| = [32m6.604935e+00[39m
     22 Linear |R| = [32m3.176121e+00[39m
 9 Nonlinear |R| = [33m4.118854e+05[39m
      0 Linear |R| = [32m4.118854e+05[39m
      1 Linear |R| = [32m3.642864e+05[39m
      2 Linear |R| = [32m2.813294e+05[39m
      3 Linear |R| = [32m2.036564e+05[39m
      4 Linear |R| = [32m1.601431e+05[39m
      5 Linear |R| = [32m1.117375e+05[39m
      6 Linear |R| = [32m6.122347e+04[39m
      7 Linear |R| = [32m2.979410e+04[39m
      8 Linear |R| = [32m1.660211e+04[39m
      9 Linear |R| = [32m9.344640e+03[39m
     10 Linear |R| = [32m4.998009e+03[39m
     11 Linear |R| = [32m2.715651e+03[39m
     12 Linear |R| = [32m1.452811e+03[39m
     13 Linear |R| = [32m7.961275e+02[39m
     14 Linear |R| = [32m4.259661e+02[39m
     15 Linear |R| = [32m2.224713e+02[39m
     16 Linear |R| = [32m1.110008e+02[39m
     17 Linear |R| = [32m5.257397e+01[39m
     18 Linear |R| = [32m2.603591e+01[39m
     19 Linear |R| = [32m1.279344e+01[39m
     20 Linear |R| = [32m6.548760e+00[39m
     21 Linear |R| = [32m3.315001e+00[39m
10 Nonlinear |R| = [32m3.816714e+05[39m
      0 Linear |R| = [32m3.816714e+05[39m
      1 Linear |R| = [32m3.243537e+05[39m
      2 Linear |R| = [32m2.517889e+05[39m
      3 Linear |R| = [32m1.782728e+05[39m
      4 Linear |R| = [32m1.188645e+05[39m
      5 Linear |R| = [32m8.231317e+04[39m
      6 Linear |R| = [32m3.988672e+04[39m
      7 Linear |R| = [32m1.970654e+04[39m
      8 Linear |R| = [32m1.073817e+04[39m
      9 Linear |R| = [32m6.331610e+03[39m
     10 Linear |R| = [32m3.706918e+03[39m
     11 Linear |R| = [32m1.902298e+03[39m
     12 Linear |R| = [32m9.796233e+02[39m
     13 Linear |R| = [32m5.350089e+02[39m
     14 Linear |R| = [32m2.895106e+02[39m
     15 Linear |R| = [32m1.464574e+02[39m
     16 Linear |R| = [32m6.796368e+01[39m
     17 Linear |R| = [32m3.106526e+01[39m
     18 Linear |R| = [32m1.412565e+01[39m
     19 Linear |R| = [32m6.688575e+00[39m
     20 Linear |R| = [32m3.321389e+00[39m
11 Nonlinear |R| = [33m3.811924e+05[39m
      0 Linear |R| = [32m3.811924e+05[39m
      1 Linear |R| = [32m3.482054e+05[39m
      2 Linear |R| = [32m2.599716e+05[39m
      3 Linear |R| = [32m1.893915e+05[39m
      4 Linear |R| = [32m1.337492e+05[39m
      5 Linear |R| = [32m8.874216e+04[39m
      6 Linear |R| = [32m4.527387e+04[39m
      7 Linear |R| = [32m2.415115e+04[39m
      8 Linear |R| = [32m1.424584e+04[39m
      9 Linear |R| = [32m8.243328e+03[39m
     10 Linear |R| = [32m4.591682e+03[39m
     11 Linear |R| = [32m2.456963e+03[39m
     12 Linear |R| = [32m1.260239e+03[39m
     13 Linear |R| = [32m6.661206e+02[39m
     14 Linear |R| = [32m3.633347e+02[39m
     15 Linear |R| = [32m1.818893e+02[39m
     16 Linear |R| = [32m8.858744e+01[39m
     17 Linear |R| = [32m4.135179e+01[39m
     18 Linear |R| = [32m1.907205e+01[39m
     19 Linear |R| = [32m9.312281e+00[39m
     20 Linear |R| = [32m4.471983e+00[39m
     21 Linear |R| = [32m2.169913e+00[39m
12 Nonlinear |R| = [32m3.561833e+05[39m
      0 Linear |R| = [32m3.561833e+05[39m
      1 Linear |R| = [32m3.138174e+05[39m
      2 Linear |R| = [32m2.266866e+05[39m
      3 Linear |R| = [32m1.635970e+05[39m
      4 Linear |R| = [32m1.093763e+05[39m
      5 Linear |R| = [32m7.064585e+04[39m
      6 Linear |R| = [32m3.245695e+04[39m
      7 Linear |R| = [32m1.712168e+04[39m
      8 Linear |R| = [32m9.268867e+03[39m
      9 Linear |R| = [32m5.760734e+03[39m
     10 Linear |R| = [32m3.150651e+03[39m
     11 Linear |R| = [32m1.563463e+03[39m
     12 Linear |R| = [32m8.293968e+02[39m
     13 Linear |R| = [32m4.614308e+02[39m
     14 Linear |R| = [32m2.451896e+02[39m
     15 Linear |R| = [32m1.150244e+02[39m
     16 Linear |R| = [32m5.385372e+01[39m
     17 Linear |R| = [32m2.443319e+01[39m
     18 Linear |R| = [32m1.094041e+01[39m
     19 Linear |R| = [32m5.261421e+00[39m
     20 Linear |R| = [32m2.582787e+00[39m
13 Nonlinear |R| = [32m1.346519e+05[39m
      0 Linear |R| = [32m1.346519e+05[39m
      1 Linear |R| = [32m2.361225e+04[39m
      2 Linear |R| = [32m5.984002e+03[39m
      3 Linear |R| = [32m1.995015e+03[39m
      4 Linear |R| = [32m6.371956e+02[39m
      5 Linear |R| = [32m2.285369e+02[39m
      6 Linear |R| = [32m6.805283e+01[39m
      7 Linear |R| = [32m2.226595e+01[39m
      8 Linear |R| = [32m7.001778e+00[39m
      9 Linear |R| = [32m2.315716e+00[39m
     10 Linear |R| = [32m7.127568e-01[39m
14 Nonlinear |R| = [32m4.321264e+01[39m
      0 Linear |R| = [32m4.321264e+01[39m
      1 Linear |R| = [32m8.850892e+00[39m
      2 Linear |R| = [32m2.728247e+00[39m
      3 Linear |R| = [32m9.379257e-01[39m
      4 Linear |R| = [32m3.049269e-01[39m
      5 Linear |R| = [32m7.205836e-02[39m
      6 Linear |R| = [32m2.050544e-02[39m
      7 Linear |R| = [32m5.303208e-03[39m
      8 Linear |R| = [32m1.872049e-03[39m
      9 Linear |R| = [32m6.153562e-04[39m
     10 Linear |R| = [32m2.297721e-04[39m
15 Nonlinear |R| = [32m2.828739e-03[39m
[32m Solve Converged![39m
Currently Executing
  Finished Solving                                                                       [[33m 24.14 s[39m] [[33m  217 MB[39m]

Postprocessor Values:
+----------------+----------------+----------------+----------------+------------------+----------------+----------------+
| time           | base_shear_x   | damage_c_max   | damage_t_max   | damage_total_max | top_disp_x     | top_disp_y     |
+----------------+----------------+----------------+----------------+------------------+----------------+----------------+
|   0.000000e+00 |   0.000000e+00 |   0.000000e+00 |   0.000000e+00 |     0.000000e+00 |   0.000000e+00 |   0.000000e+00 |
|   4.000000e+00 |  -2.483338e+05 |   0.000000e+00 |   9.697034e-01 |     9.697034e-01 |  -3.930000e-03 |   1.120145e-03 |
+----------------+----------------+----------------+----------------+------------------+----------------+----------------+


Time Step 2, time = 8, dt = 4
 0 Nonlinear |R| = [32m7.140355e+05[39m
      0 Linear |R| = [32m7.140355e+05[39m
      1 Linear |R| = [33m7.004856e+05[39m
      2 Linear |R| = [32m6.139708e+05[39m
      3 Linear |R| = [33m6.105150e+05[39m
      4 Linear |R| = [32m5.491497e+05[39m
      5 Linear |R| = [32m5.154651e+05[39m
      6 Linear |R| = [32m4.529361e+05[39m
      7 Linear |R| = [32m3.871186e+05[39m
      8 Linear |R| = [32m2.873167e+05[39m
      9 Linear |R| = [32m2.263540e+05[39m
     10 Linear |R| = [32m1.881716e+05[39m
     11 Linear |R| = [32m1.426630e+05[39m
     12 Linear |R| = [32m1.048846e+05[39m
     13 Linear |R| = [32m7.615098e+04[39m
     14 Linear |R| = [32m5.592573e+04[39m
     15 Linear |R| = [32m4.699623e+04[39m
     16 Linear |R| = [32m3.730839e+04[39m
     17 Linear |R| = [32m2.982260e+04[39m
     18 Linear |R| = [32m2.498050e+04[39m
     19 Linear |R| = [32m1.646216e+04[39m
     20 Linear |R| = [32m1.012251e+04[39m
     21 Linear |R| = [32m6.750178e+03[39m
     22 Linear |R| = [32m3.889766e+03[39m
     23 Linear |R| = [32m1.884536e+03[39m
     24 Linear |R| = [32m1.026850e+03[39m
     25 Linear |R| = [32m5.845139e+02[39m
     26 Linear |R| = [32m3.430381e+02[39m
     27 Linear |R| = [32m2.041715e+02[39m
     28 Linear |R| = [32m1.278382e+02[39m
     29 Linear |R| = [32m8.977699e+01[39m
    Linear solve did not converge due to DIVERGED_BREAKDOWN iterations 30
 1 Nonlinear |R| = [32m6.519204e+05[39m
      0 Linear |R| = [32m6.519204e+05[39m
      1 Linear |R| = [33m6.439432e+05[39m
      2 Linear |R| = [32m5.668911e+05[39m
      3 Linear |R| = [33m5.636089e+05[39m
      4 Linear |R| = [32m5.277312e+05[39m
      5 Linear |R| = [33m5.094207e+05[39m
      6 Linear |R| = [32m4.632988e+05[39m
      7 Linear |R| = [32m4.215939e+05[39m
      8 Linear |R| = [32m3.357933e+05[39m
      9 Linear |R| = [32m2.342015e+05[39m
     10 Linear |R| = [32m1.872175e+05[39m
     11 Linear |R| = [32m1.447944e+05[39m
     12 Linear |R| = [32m1.070050e+05[39m
     13 Linear |R| = [32m7.631087e+04[39m
     14 Linear |R| = [32m5.265755e+04[39m
     15 Linear |R| = [32m4.373806e+04[39m
     16 Linear |R| = [32m3.571800e+04[39m
     17 Linear |R| = [32m2.884134e+04[39m
     18 Linear |R| = [32m2.458142e+04[39m
     19 Linear |R| = [32m1.676623e+04[39m
     20 Linear |R| = [32m1.050655e+04[39m
     21 Linear |R| = [32m7.191805e+03[39m
     22 Linear |R| = [32m4.255383e+03[39m
     23 Linear |R| = [32m2.023520e+03[39m
     24 Linear |R| = [32m1.081444e+03[39m
     25 Linear |R| = [32m6.219122e+02[39m
     26 Linear |R| = [32m3.552316e+02[39m
     27 Linear |R| = [32m2.079080e+02[39m
     28 Linear |R| = [32m1.265540e+02[39m
     29 Linear |R| = [32m8.852663e+01[39m
     30 Linear |R| = [32m5.668567e+01[39m
     31 Linear |R| = [32m4.001744e+01[39m
     32 Linear |R| = [32m2.894594e+01[39m
     33 Linear |R| = [32m1.834667e+01[39m
     34 Linear |R| = [32m1.004264e+01[39m
     35 Linear |R| = [32m5.588670e+00[39m
 2 Nonlinear |R| = [33m6.233926e+05[39m
      0 Linear |R| = [32m6.233926e+05[39m
      1 Linear |R| = [33m6.159015e+05[39m
      2 Linear |R| = [32m5.425797e+05[39m
      3 Linear |R| = [33m5.398742e+05[39m
      4 Linear |R| = [32m5.042153e+05[39m
      5 Linear |R| = [33m4.871954e+05[39m
      6 Linear |R| = [32m4.434997e+05[39m
      7 Linear |R| = [32m4.053554e+05[39m
      8 Linear |R| = [32m3.175908e+05[39m
      9 Linear |R| = [32m2.216215e+05[39m
     10 Linear |R| = [32m1.799013e+05[39m
     11 Linear |R| = [32m1.379659e+05[39m
     12 Linear |R| = [32m1.016440e+05[39m
     13 Linear |R| = [32m7.148222e+04[39m
     14 Linear |R| = [32m5.053527e+04[39m
     15 Linear |R| = [32m4.223809e+04[39m
     16 Linear |R| = [32m3.391687e+04[39m
     17 Linear |R| = [32m2.808111e+04[39m
     18 Linear |R| = [32m2.358823e+04[39m
     19 Linear |R| = [32m1.534184e+04[39m
     20 Linear |R| = [32m1.031803e+04[39m
     21 Linear |R| = [32m6.933030e+03[39m
     22 Linear |R| = [32m3.754878e+03[39m
     23 Linear |R| = [32m1.864281e+03[39m
     24 Linear |R| = [32m1.022171e+03[39m
     25 Linear |R| = [32m5.836460e+02[39m
     26 Linear |R| = [32m3.224364e+02[39m
     27 Linear |R| = [32m1.854825e+02[39m
     28 Linear |R| = [32m1.207630e+02[39m
     29 Linear |R| = [32m8.383602e+01[39m
     30 Linear |R| = [32m5.025160e+01[39m
     31 Linear |R| = [32m3.466594e+01[39m
     32 Linear |R| = [32m2.440894e+01[39m
     33 Linear |R| = [32m1.577728e+01[39m
     34 Linear |R| = [32m8.971598e+00[39m
     35 Linear |R| = [32m5.244354e+00[39m
 3 Nonlinear |R| = [33m6.065124e+05[39m
      0 Linear |R| = [32m6.065124e+05[39m
      1 Linear |R| = [33m5.994531e+05[39m
      2 Linear |R| = [32m5.288682e+05[39m
      3 Linear |R| = [33m5.271944e+05[39m
      4 Linear |R| = [32m4.890906e+05[39m
      5 Linear |R| = [33m4.732041e+05[39m
      6 Linear |R| = [32m4.325087e+05[39m
      7 Linear |R| = [32m3.954190e+05[39m
      8 Linear |R| = [32m2.955509e+05[39m
      9 Linear |R| = [32m2.120603e+05[39m
     10 Linear |R| = [32m1.742159e+05[39m
     11 Linear |R| = [32m1.320825e+05[39m
     12 Linear |R| = [32m9.651652e+04[39m
     13 Linear |R| = [32m6.688213e+04[39m
     14 Linear |R| = [32m5.037210e+04[39m
     15 Linear |R| = [32m4.137068e+04[39m
     16 Linear |R| = [32m3.344864e+04[39m
     17 Linear |R| = [32m2.829023e+04[39m
     18 Linear |R| = [32m2.225918e+04[39m
     19 Linear |R| = [32m1.484480e+04[39m
     20 Linear |R| = [32m1.038605e+04[39m
     21 Linear |R| = [32m6.236808e+03[39m
     22 Linear |R| = [32m3.269958e+03[39m
     23 Linear |R| = [32m1.727387e+03[39m
     24 Linear |R| = [32m9.508774e+02[39m
     25 Linear |R| = [32m5.115749e+02[39m
     26 Linear |R| = [32m2.684057e+02[39m
     27 Linear |R| = [32m1.722902e+02[39m
     28 Linear |R| = [32m1.183382e+02[39m
     29 Linear |R| = [32m7.582096e+01[39m
     30 Linear |R| = [32m4.441304e+01[39m
     31 Linear |R| = [32m3.094884e+01[39m
     32 Linear |R| = [32m2.088829e+01[39m
     33 Linear |R| = [32m1.320397e+01[39m
     34 Linear |R| = [32m8.189214e+00[39m
     35 Linear |R| = [32m5.052625e+00[39m
 4 Nonlinear |R| = [33m5.934090e+05[39m
      0 Linear |R| = [32m5.934090e+05[39m
      1 Linear |R| = [33m5.868534e+05[39m
      2 Linear |R| = [32m5.164116e+05[39m
      3 Linear |R| = [33m5.163100e+05[39m
      4 Linear |R| = [32m4.627007e+05[39m
      5 Linear |R| = [33m4.461153e+05[39m
      6 Linear |R| = [32m4.024160e+05[39m
      7 Linear |R| = [32m3.237529e+05[39m
      8 Linear |R| = [32m2.247931e+05[39m
      9 Linear |R| = [32m1.735431e+05[39m
     10 Linear |R| = [32m1.430975e+05[39m
     11 Linear |R| = [32m1.074306e+05[39m
     12 Linear |R| = [32m7.970226e+04[39m
     13 Linear |R| = [32m5.921963e+04[39m
     14 Linear |R| = [32m4.577312e+04[39m
     15 Linear |R| = [32m3.783308e+04[39m
     16 Linear |R| = [32m3.160706e+04[39m
     17 Linear |R| = [32m2.413670e+04[39m
     18 Linear |R| = [32m1.794659e+04[39m
     19 Linear |R| = [32m1.165928e+04[39m
     20 Linear |R| = [32m7.310420e+03[39m
     21 Linear |R| = [32m4.031375e+03[39m
     22 Linear |R| = [32m2.114839e+03[39m
     23 Linear |R| = [32m1.093603e+03[39m
     24 Linear |R| = [32m5.493461e+02[39m
     25 Linear |R| = [32m3.115612e+02[39m
     26 Linear |R| = [32m1.884683e+02[39m
     27 Linear |R| = [32m1.242154e+02[39m
     28 Linear |R| = [32m8.022977e+01[39m
     29 Linear |R| = [32m4.864065e+01[39m
     30 Linear |R| = [32m2.680356e+01[39m
     31 Linear |R| = [32m1.673059e+01[39m
     32 Linear |R| = [32m1.057546e+01[39m
     33 Linear |R| = [32m6.633086e+00[39m
     34 Linear |R| = [32m4.324565e+00[39m
 5 Nonlinear |R| = [32m3.454880e+05[39m
      0 Linear |R| = [32m3.454880e+05[39m
      1 Linear |R| = [32m2.445347e+05[39m
      2 Linear |R| = [32m1.850656e+05[39m
      3 Linear |R| = [32m1.225267e+05[39m
      4 Linear |R| = [32m8.910583e+04[39m
      5 Linear |R| = [32m5.741709e+04[39m
      6 Linear |R| = [32m3.058977e+04[39m
      7 Linear |R| = [32m1.279055e+04[39m
      8 Linear |R| = [32m6.335433e+03[39m
      9 Linear |R| = [32m3.235405e+03[39m
     10 Linear |R| = [32m1.459189e+03[39m
     11 Linear |R| = [32m6.932934e+02[39m
     12 Linear |R| = [32m3.489105e+02[39m
     13 Linear |R| = [32m1.808481e+02[39m
     14 Linear |R| = [32m8.399536e+01[39m
     15 Linear |R| = [32m4.174088e+01[39m
     16 Linear |R| = [32m2.115387e+01[39m
     17 Linear |R| = [32m1.028276e+01[39m
     18 Linear |R| = [32m4.672220e+00[39m
     19 Linear |R| = [32m1.914013e+00[39m
 6 Nonlinear |R| = [32m2.387875e+05[39m
      0 Linear |R| = [32m2.387875e+05[39m
      1 Linear |R| = [32m4.804365e+04[39m
      2 Linear |R| = [32m1.341407e+04[39m
      3 Linear |R| = [32m4.921787e+03[39m
      4 Linear |R| = [32m1.515083e+03[39m
      5 Linear |R| = [32m5.202553e+02[39m
      6 Linear |R| = [32m1.508386e+02[39m
      7 Linear |R| = [32m5.169470e+01[39m
      8 Linear |R| = [32m1.579045e+01[39m
      9 Linear |R| = [32m5.358636e+00[39m
     10 Linear |R| = [32m1.669304e+00[39m
 7 Nonlinear |R| = [32m1.669303e+00[39m
  Finished Solving                                                                       [[33m 15.53 s[39m] [[33m  221 MB[39m]
[32m Solve Converged![39m

Postprocessor Values:
+----------------+----------------+----------------+----------------+------------------+----------------+----------------+
| time           | base_shear_x   | damage_c_max   | damage_t_max   | damage_total_max | top_disp_x     | top_disp_y     |
+----------------+----------------+----------------+----------------+------------------+----------------+----------------+
|   0.000000e+00 |   0.000000e+00 |   0.000000e+00 |   0.000000e+00 |     0.000000e+00 |   0.000000e+00 |   0.000000e+00 |
|   4.000000e+00 |  -2.483338e+05 |   0.000000e+00 |   9.697034e-01 |     9.697034e-01 |  -3.930000e-03 |   1.120145e-03 |
|   8.000000e+00 |  -8.271337e+04 |   0.000000e+00 |   8.564370e-01 |     8.564370e-01 |  -1.310000e-03 |   1.120145e-03 |
+----------------+----------------+----------------+----------------+------------------+----------------+----------------+


Time Step 3, time = 12, dt = 4
 0 Nonlinear |R| = [32m6.439877e+05[39m
      0 Linear |R| = [32m6.439877e+05[39m
      1 Linear |R| = [33m6.315788e+05[39m
      2 Linear |R| = [32m5.561031e+05[39m
      3 Linear |R| = [33m5.522886e+05[39m
      4 Linear |R| = [32m5.030018e+05[39m
      5 Linear |R| = [32m4.729954e+05[39m
      6 Linear |R| = [32m4.083239e+05[39m
      7 Linear |R| = [32m3.392227e+05[39m
      8 Linear |R| = [32m2.333967e+05[39m
      9 Linear |R| = [32m1.550158e+05[39m
     10 Linear |R| = [32m1.265322e+05[39m
     11 Linear |R| = [32m1.070475e+05[39m
     12 Linear |R| = [32m9.123026e+04[39m
     13 Linear |R| = [32m7.380739e+04[39m
     14 Linear |R| = [32m5.373329e+04[39m
     15 Linear |R| = [32m4.206917e+04[39m
     16 Linear |R| = [32m2.862330e+04[39m
     17 Linear |R| = [32m1.919215e+04[39m
     18 Linear |R| = [32m1.530358e+04[39m
     19 Linear |R| = [32m1.100656e+04[39m
     20 Linear |R| = [32m7.387708e+03[39m
     21 Linear |R| = [32m5.258334e+03[39m
     22 Linear |R| = [32m3.265502e+03[39m
     23 Linear |R| = [32m1.680113e+03[39m
     24 Linear |R| = [32m9.543585e+02[39m
     25 Linear |R| = [32m5.612358e+02[39m
     26 Linear |R| = [32m3.316267e+02[39m
     27 Linear |R| = [32m1.986825e+02[39m
     28 Linear |R| = [32m1.256094e+02[39m
     29 Linear |R| = [32m8.778494e+01[39m
     30 Linear |R| = [32m5.290046e+01[39m
     31 Linear |R| = [32m3.635890e+01[39m
     32 Linear |R| = [32m2.588455e+01[39m
     33 Linear |R| = [32m1.688360e+01[39m
     34 Linear |R| = [32m9.602809e+00[39m
     35 Linear |R| = [32m5.678704e+00[39m
 1 Nonlinear |R| = [33m6.196077e+05[39m
      0 Linear |R| = [32m6.196077e+05[39m
      1 Linear |R| = [33m6.078530e+05[39m
      2 Linear |R| = [32m5.355568e+05[39m
      3 Linear |R| = [33m5.325996e+05[39m
      4 Linear |R| = [32m4.827876e+05[39m
      5 Linear |R| = [32m4.544103e+05[39m
      6 Linear |R| = [32m3.919656e+05[39m
      7 Linear |R| = [32m3.277778e+05[39m
      8 Linear |R| = [32m2.192775e+05[39m
      9 Linear |R| = [32m1.481486e+05[39m
     10 Linear |R| = [32m1.240054e+05[39m
     11 Linear |R| = [32m1.046348e+05[39m
     12 Linear |R| = [32m8.857762e+04[39m
     13 Linear |R| = [32m7.027230e+04[39m
     14 Linear |R| = [32m5.226167e+04[39m
     15 Linear |R| = [32m4.057826e+04[39m
     16 Linear |R| = [32m2.636002e+04[39m
     17 Linear |R| = [32m1.898073e+04[39m
     18 Linear |R| = [32m1.503436e+04[39m
     19 Linear |R| = [32m1.017533e+04[39m
     20 Linear |R| = [32m7.283546e+03[39m
     21 Linear |R| = [32m5.038193e+03[39m
     22 Linear |R| = [32m2.867469e+03[39m
     23 Linear |R| = [32m1.557577e+03[39m
     24 Linear |R| = [32m9.005466e+02[39m
     25 Linear |R| = [32m5.201414e+02[39m
     26 Linear |R| = [32m2.930870e+02[39m
     27 Linear |R| = [32m1.774034e+02[39m
     28 Linear |R| = [32m1.206197e+02[39m
     29 Linear |R| = [32m8.025036e+01[39m
     30 Linear |R| = [32m4.507462e+01[39m
     31 Linear |R| = [32m3.089278e+01[39m
     32 Linear |R| = [32m2.108645e+01[39m
     33 Linear |R| = [32m1.388211e+01[39m
     34 Linear |R| = [32m8.344450e+00[39m
     35 Linear |R| = [32m5.242723e+00[39m
 2 Nonlinear |R| = [33m6.033251e+05[39m
      0 Linear |R| = [32m6.033251e+05[39m
      1 Linear |R| = [33m5.922906e+05[39m
      2 Linear |R| = [32m5.230698e+05[39m
      3 Linear |R| = [33m5.218653e+05[39m
      4 Linear |R| = [32m4.658753e+05[39m
      5 Linear |R| = [32m4.387501e+05[39m
      6 Linear |R| = [32m3.802171e+05[39m
      7 Linear |R| = [32m3.104140e+05[39m
      8 Linear |R| = [32m1.965292e+05[39m
      9 Linear |R| = [32m1.514160e+05[39m
     10 Linear |R| = [32m1.309810e+05[39m
     11 Linear |R| = [32m1.089550e+05[39m
     12 Linear |R| = [32m9.080853e+04[39m
     13 Linear |R| = [32m7.053952e+04[39m
     14 Linear |R| = [32m5.192059e+04[39m
     15 Linear |R| = [32m3.690677e+04[39m
     16 Linear |R| = [32m2.454427e+04[39m
     17 Linear |R| = [32m1.753487e+04[39m
     18 Linear |R| = [32m1.238953e+04[39m
     19 Linear |R| = [32m8.951810e+03[39m
     20 Linear |R| = [32m6.545610e+03[39m
     21 Linear |R| = [32m4.021568e+03[39m
     22 Linear |R| = [32m2.378084e+03[39m
     23 Linear |R| = [32m1.339140e+03[39m
     24 Linear |R| = [32m7.073159e+02[39m
     25 Linear |R| = [32m3.938944e+02[39m
     26 Linear |R| = [32m2.364494e+02[39m
     27 Linear |R| = [32m1.585240e+02[39m
     28 Linear |R| = [32m1.000959e+02[39m
     29 Linear |R| = [32m6.301255e+01[39m
     30 Linear |R| = [32m3.723569e+01[39m
     31 Linear |R| = [32m2.497575e+01[39m
     32 Linear |R| = [32m1.575862e+01[39m
     33 Linear |R| = [32m1.000264e+01[39m
     34 Linear |R| = [32m6.465599e+00[39m
     35 Linear |R| = [32m4.010329e+00[39m
 3 Nonlinear |R| = [32m5.650345e+05[39m
      0 Linear |R| = [32m5.650345e+05[39m
      1 Linear |R| = [32m5.241103e+05[39m
      2 Linear |R| = [32m4.620193e+05[39m
      3 Linear |R| = [32m3.632684e+05[39m
      4 Linear |R| = [32m2.947440e+05[39m
      5 Linear |R| = [32m2.225729e+05[39m
      6 Linear |R| = [32m1.453786e+05[39m
      7 Linear |R| = [32m9.530127e+04[39m
      8 Linear |R| = [32m5.755011e+04[39m
      9 Linear |R| = [32m3.355601e+04[39m
     10 Linear |R| = [32m1.956648e+04[39m
     11 Linear |R| = [32m1.187576e+04[39m
     12 Linear |R| = [32m7.491423e+03[39m
     13 Linear |R| = [32m5.318089e+03[39m
     14 Linear |R| = [32m3.739156e+03[39m
     15 Linear |R| = [32m2.635405e+03[39m
     16 Linear |R| = [32m1.615541e+03[39m
     17 Linear |R| = [32m8.511646e+02[39m
     18 Linear |R| = [32m4.396740e+02[39m
     19 Linear |R| = [32m1.999112e+02[39m
     20 Linear |R| = [32m9.164999e+01[39m
     21 Linear |R| = [32m4.430702e+01[39m
     22 Linear |R| = [32m2.268265e+01[39m
     23 Linear |R| = [32m1.274932e+01[39m
     24 Linear |R| = [32m7.164761e+00[39m
     25 Linear |R| = [32m3.933508e+00[39m
 4 Nonlinear |R| = [33m5.416597e+05[39m
      0 Linear |R| = [32m5.416597e+05[39m
      1 Linear |R| = [32m4.568398e+05[39m
      2 Linear |R| = [32m3.968361e+05[39m
      3 Linear |R| = [32m2.853241e+05[39m
      4 Linear |R| = [32m2.050912e+05[39m
      5 Linear |R| = [32m1.413621e+05[39m
      6 Linear |R| = [32m8.570357e+04[39m
      7 Linear |R| = [32m4.530219e+04[39m
      8 Linear |R| = [32m2.557112e+04[39m
      9 Linear |R| = [32m1.309587e+04[39m
     10 Linear |R| = [32m6.175840e+03[39m
     11 Linear |R| = [32m3.354274e+03[39m
     12 Linear |R| = [32m1.788708e+03[39m
     13 Linear |R| = [32m1.122726e+03[39m
     14 Linear |R| = [32m7.715774e+02[39m
     15 Linear |R| = [32m4.919336e+02[39m
     16 Linear |R| = [32m2.723373e+02[39m
     17 Linear |R| = [32m1.361669e+02[39m
     18 Linear |R| = [32m5.739731e+01[39m
     19 Linear |R| = [32m2.279391e+01[39m
     20 Linear |R| = [32m1.009029e+01[39m
     21 Linear |R| = [32m4.273272e+00[39m
 5 Nonlinear |R| = [32m4.495726e+05[39m
      0 Linear |R| = [32m4.495726e+05[39m
      1 Linear |R| = [32m4.417430e+04[39m
      2 Linear |R| = [32m1.434968e+04[39m
      3 Linear |R| = [32m5.106431e+03[39m
      4 Linear |R| = [32m1.477076e+03[39m
      5 Linear |R| = [32m5.521827e+02[39m
      6 Linear |R| = [32m1.571025e+02[39m
      7 Linear |R| = [32m5.319264e+01[39m
      8 Linear |R| = [32m1.954793e+01[39m
      9 Linear |R| = [32m6.717077e+00[39m
     10 Linear |R| = [32m2.043736e+00[39m
 6 Nonlinear |R| = [32m2.043726e+00[39m
[32m Solve Converged![39m
  Finished Solving                                                                       [[33m 11.81 s[39m] [[33m  222 MB[39m]

Postprocessor Values:
+----------------+----------------+----------------+----------------+------------------+----------------+----------------+
| time           | base_shear_x   | damage_c_max   | damage_t_max   | damage_total_max | top_disp_x     | top_disp_y     |
+----------------+----------------+----------------+----------------+------------------+----------------+----------------+
|   0.000000e+00 |   0.000000e+00 |   0.000000e+00 |   0.000000e+00 |     0.000000e+00 |   0.000000e+00 |   0.000000e+00 |
|   4.000000e+00 |  -2.483338e+05 |   0.000000e+00 |   9.697034e-01 |     9.697034e-01 |  -3.930000e-03 |   1.120145e-03 |
|   8.000000e+00 |  -8.271337e+04 |   0.000000e+00 |   8.564370e-01 |     8.564370e-01 |  -1.310000e-03 |   1.120145e-03 |
|   1.200000e+01 |   8.290632e+04 |   0.000000e+00 |   8.759365e-01 |     8.759365e-01 |   1.310000e-03 |   1.120145e-03 |
+----------------+----------------+----------------+----------------+------------------+----------------+----------------+


Time Step 4, time = 16, dt = 4
 0 Nonlinear |R| = [32m5.757581e+05[39m
      0 Linear |R| = [32m5.757581e+05[39m
      1 Linear |R| = [33m5.638957e+05[39m
      2 Linear |R| = [32m4.974348e+05[39m
      3 Linear |R| = [33m4.936033e+05[39m
      4 Linear |R| = [32m4.570707e+05[39m
      5 Linear |R| = [33m4.358648e+05[39m
      6 Linear |R| = [32m3.860476e+05[39m
      7 Linear |R| = [32m3.392505e+05[39m
      8 Linear |R| = [32m2.535827e+05[39m
      9 Linear |R| = [32m1.655814e+05[39m
     10 Linear |R| = [32m1.354435e+05[39m
     11 Linear |R| = [32m1.131674e+05[39m
     12 Linear |R| = [32m9.445822e+04[39m
     13 Linear |R| = [32m7.338620e+04[39m
     14 Linear |R| = [32m5.263396e+04[39m
     15 Linear |R| = [32m4.305154e+04[39m
     16 Linear |R| = [32m3.298953e+04[39m
     17 Linear |R| = [32m2.489824e+04[39m
     18 Linear |R| = [32m2.016814e+04[39m
     19 Linear |R| = [32m1.336443e+04[39m
     20 Linear |R| = [32m8.520417e+03[39m
     21 Linear |R| = [32m5.953068e+03[39m
     22 Linear |R| = [32m3.564450e+03[39m
     23 Linear |R| = [32m1.736205e+03[39m
     24 Linear |R| = [32m9.530767e+02[39m
     25 Linear |R| = [32m5.488884e+02[39m
     26 Linear |R| = [32m3.209019e+02[39m
     27 Linear |R| = [32m1.928900e+02[39m
     28 Linear |R| = [32m1.233908e+02[39m
     29 Linear |R| = [32m8.648288e+01[39m
     30 Linear |R| = [32m5.130956e+01[39m
     31 Linear |R| = [32m3.502358e+01[39m
     32 Linear |R| = [32m2.458030e+01[39m
     33 Linear |R| = [32m1.578666e+01[39m
     34 Linear |R| = [32m8.897923e+00[39m
     35 Linear |R| = [32m5.279847e+00[39m
 1 Nonlinear |R| = [33m5.684273e+05[39m
      0 Linear |R| = [32m5.684273e+05[39m
      1 Linear |R| = [33m5.566731e+05[39m
      2 Linear |R| = [32m4.911725e+05[39m
      3 Linear |R| = [33m4.874894e+05[39m
      4 Linear |R| = [32m4.510904e+05[39m
      5 Linear |R| = [33m4.302635e+05[39m
      6 Linear |R| = [32m3.811528e+05[39m
      7 Linear |R| = [32m3.354378e+05[39m
      8 Linear |R| = [32m2.496092e+05[39m
      9 Linear |R| = [32m1.629514e+05[39m
     10 Linear |R| = [32m1.339742e+05[39m
     11 Linear |R| = [32m1.119647e+05[39m
     12 Linear |R| = [32m9.329320e+04[39m
     13 Linear |R| = [32m7.217837e+04[39m
     14 Linear |R| = [32m5.203366e+04[39m
     15 Linear |R| = [32m4.259867e+04[39m
     16 Linear |R| = [32m3.244059e+04[39m
     17 Linear |R| = [32m2.468296e+04[39m
     18 Linear |R| = [32m1.994421e+04[39m
     19 Linear |R| = [32m1.304181e+04[39m
     20 Linear |R| = [32m8.468338e+03[39m
     21 Linear |R| = [32m5.914460e+03[39m
     22 Linear |R| = [32m3.457662e+03[39m
     23 Linear |R| = [32m1.696213e+03[39m
     24 Linear |R| = [32m9.386183e+02[39m
     25 Linear |R| = [32m5.392655e+02[39m
     26 Linear |R| = [32m3.131826e+02[39m
     27 Linear |R| = [32m1.880861e+02[39m
     28 Linear |R| = [32m1.222235e+02[39m
     29 Linear |R| = [32m8.526819e+01[39m
     30 Linear |R| = [32m4.947995e+01[39m
     31 Linear |R| = [32m3.350316e+01[39m
     32 Linear |R| = [32m2.341258e+01[39m
     33 Linear |R| = [32m1.507445e+01[39m
     34 Linear |R| = [32m8.554957e+00[39m
     35 Linear |R| = [32m5.139181e+00[39m
 2 Nonlinear |R| = [33m5.619876e+05[39m
      0 Linear |R| = [32m5.619876e+05[39m
      1 Linear |R| = [33m5.503131e+05[39m
      2 Linear |R| = [32m4.856970e+05[39m
      3 Linear |R| = [33m4.821737e+05[39m
      4 Linear |R| = [32m4.457890e+05[39m
      5 Linear |R| = [33m4.253228e+05[39m
      6 Linear |R| = [32m3.768971e+05[39m
      7 Linear |R| = [32m3.322368e+05[39m
      8 Linear |R| = [32m2.457924e+05[39m
      9 Linear |R| = [32m1.605904e+05[39m
     10 Linear |R| = [32m1.328324e+05[39m
     11 Linear |R| = [32m1.110112e+05[39m
     12 Linear |R| = [32m9.228431e+04[39m
     13 Linear |R| = [32m7.105299e+04[39m
     14 Linear |R| = [32m5.156809e+04[39m
     15 Linear |R| = [32m4.221782e+04[39m
     16 Linear |R| = [32m3.193731e+04[39m
     17 Linear |R| = [32m2.454106e+04[39m
     18 Linear |R| = [32m1.973280e+04[39m
     19 Linear |R| = [32m1.273856e+04[39m
     20 Linear |R| = [32m8.457892e+03[39m
     21 Linear |R| = [32m5.873785e+03[39m
     22 Linear |R| = [32m3.343247e+03[39m
     23 Linear |R| = [32m1.660436e+03[39m
     24 Linear |R| = [32m9.248214e+02[39m
     25 Linear |R| = [32m5.295100e+02[39m
     26 Linear |R| = [32m3.048908e+02[39m
     27 Linear |R| = [32m1.835184e+02[39m
     28 Linear |R| = [32m1.215133e+02[39m
     29 Linear |R| = [32m8.388484e+01[39m
     30 Linear |R| = [32m4.764485e+01[39m
     31 Linear |R| = [32m3.204288e+01[39m
     32 Linear |R| = [32m2.220836e+01[39m
     33 Linear |R| = [32m1.432998e+01[39m
     34 Linear |R| = [32m8.231344e+00[39m
     35 Linear |R| = [32m5.022878e+00[39m
 3 Nonlinear |R| = [33m5.559306e+05[39m
      0 Linear |R| = [32m5.559306e+05[39m
      1 Linear |R| = [33m5.443128e+05[39m
      2 Linear |R| = [32m4.805867e+05[39m
      3 Linear |R| = [33m4.772552e+05[39m
      4 Linear |R| = [32m4.407363e+05[39m
      5 Linear |R| = [33m4.206442e+05[39m
      6 Linear |R| = [32m3.729777e+05[39m
      7 Linear |R| = [32m3.294027e+05[39m
      8 Linear |R| = [32m2.416839e+05[39m
      9 Linear |R| = [32m1.583734e+05[39m
     10 Linear |R| = [32m1.320043e+05[39m
     11 Linear |R| = [32m1.102687e+05[39m
     12 Linear |R| = [32m9.135078e+04[39m
     13 Linear |R| = [32m6.992695e+04[39m
     14 Linear |R| = [32m5.123146e+04[39m
     15 Linear |R| = [32m4.186759e+04[39m
     16 Linear |R| = [32m3.145653e+04[39m
     17 Linear |R| = [32m2.447479e+04[39m
     18 Linear |R| = [32m1.949459e+04[39m
     19 Linear |R| = [32m1.245170e+04[39m
     20 Linear |R| = [32m8.498268e+03[39m
     21 Linear |R| = [32m5.811251e+03[39m
     22 Linear |R| = [32m3.211099e+03[39m
     23 Linear |R| = [32m1.626840e+03[39m
     24 Linear |R| = [32m9.096459e+02[39m
     25 Linear |R| = [32m5.181380e+02[39m
     26 Linear |R| = [32m2.948336e+02[39m
     27 Linear |R| = [32m1.791286e+02[39m
     28 Linear |R| = [32m1.212223e+02[39m
     29 Linear |R| = [32m8.194536e+01[39m
     30 Linear |R| = [32m4.563917e+01[39m
     31 Linear |R| = [32m3.067017e+01[39m
     32 Linear |R| = [32m2.092754e+01[39m
     33 Linear |R| = [32m1.352233e+01[39m
     34 Linear |R| = [32m7.898480e+00[39m
     35 Linear |R| = [32m4.932140e+00[39m
 4 Nonlinear |R| = [33m5.500166e+05[39m
      0 Linear |R| = [32m5.500166e+05[39m
      1 Linear |R| = [33m5.384278e+05[39m
      2 Linear |R| = [32m4.756664e+05[39m
      3 Linear |R| = [33m4.725893e+05[39m
      4 Linear |R| = [32m4.356913e+05[39m
      5 Linear |R| = [33m4.160133e+05[39m
      6 Linear |R| = [32m3.693233e+05[39m
      7 Linear |R| = [32m3.268171e+05[39m
      8 Linear |R| = [32m2.367243e+05[39m
      9 Linear |R| = [32m1.563829e+05[39m
     10 Linear |R| = [32m1.316634e+05[39m
     11 Linear |R| = [32m1.098049e+05[39m
     12 Linear |R| = [32m9.045147e+04[39m
     13 Linear |R| = [32m6.878234e+04[39m
     14 Linear |R| = [32m5.108069e+04[39m
     15 Linear |R| = [32m4.150162e+04[39m
     16 Linear |R| = [32m3.103018e+04[39m
     17 Linear |R| = [32m2.450772e+04[39m
     18 Linear |R| = [32m1.916512e+04[39m
     19 Linear |R| = [32m1.222135e+04[39m
     20 Linear |R| = [32m8.605548e+03[39m
     21 Linear |R| = [32m5.684134e+03[39m
     22 Linear |R| = [32m3.053994e+03[39m
     23 Linear |R| = [32m1.593606e+03[39m
     24 Linear |R| = [32m8.899807e+02[39m
     25 Linear |R| = [32m5.023783e+02[39m
     26 Linear |R| = [32m2.816317e+02[39m
     27 Linear |R| = [32m1.755153e+02[39m
     28 Linear |R| = [32m1.211569e+02[39m
     29 Linear |R| = [32m7.880461e+01[39m
     30 Linear |R| = [32m4.354578e+01[39m
     31 Linear |R| = [32m2.955972e+01[39m
     32 Linear |R| = [32m1.959420e+01[39m
     33 Linear |R| = [32m1.263483e+01[39m
     34 Linear |R| = [32m7.561173e+00[39m
     35 Linear |R| = [32m4.860983e+00[39m
 5 Nonlinear |R| = [33m5.442294e+05[39m
      0 Linear |R| = [32m5.442294e+05[39m
      1 Linear |R| = [33m5.326246e+05[39m
      2 Linear |R| = [32m4.709824e+05[39m
      3 Linear |R| = [33m4.682764e+05[39m
      4 Linear |R| = [32m4.305249e+05[39m
      5 Linear |R| = [33m4.113313e+05[39m
      6 Linear |R| = [32m3.661154e+05[39m
      7 Linear |R| = [32m3.242057e+05[39m
      8 Linear |R| = [32m2.300205e+05[39m
      9 Linear |R| = [32m1.551876e+05[39m
     10 Linear |R| = [32m1.323071e+05[39m
     11 Linear |R| = [32m1.098154e+05[39m
     12 Linear |R| = [32m8.957344e+04[39m
     13 Linear |R| = [32m6.778093e+04[39m
     14 Linear |R| = [32m5.121955e+04[39m
     15 Linear |R| = [32m4.102860e+04[39m
     16 Linear |R| = [32m3.082190e+04[39m
     17 Linear |R| = [32m2.464083e+04[39m
     18 Linear |R| = [32m1.864512e+04[39m
     19 Linear |R| = [32m1.216554e+04[39m
     20 Linear |R| = [32m8.752796e+03[39m
     21 Linear |R| = [32m5.408460e+03[39m
     22 Linear |R| = [32m2.872485e+03[39m
     23 Linear |R| = [32m1.554679e+03[39m
     24 Linear |R| = [32m8.580572e+02[39m
     25 Linear |R| = [32m4.752991e+02[39m
     26 Linear |R| = [32m2.657488e+02[39m
     27 Linear |R| = [32m1.743616e+02[39m
     28 Linear |R| = [32m1.199552e+02[39m
     29 Linear |R| = [32m7.381533e+01[39m
     30 Linear |R| = [32m4.177962e+01[39m
     31 Linear |R| = [32m2.875925e+01[39m
     32 Linear |R| = [32m1.813070e+01[39m
     33 Linear |R| = [32m1.159080e+01[39m
     34 Linear |R| = [32m7.203738e+00[39m
     35 Linear |R| = [32m4.700708e+00[39m
 6 Nonlinear |R| = [33m5.382553e+05[39m
      0 Linear |R| = [32m5.382553e+05[39m
      1 Linear |R| = [33m5.265566e+05[39m
      2 Linear |R| = [32m4.664945e+05[39m
      3 Linear |R| = [33m4.644580e+05[39m
      4 Linear |R| = [32m4.246718e+05[39m
      5 Linear |R| = [33m4.062437e+05[39m
      6 Linear |R| = [32m3.637606e+05[39m
      7 Linear |R| = [32m3.194601e+05[39m
      8 Linear |R| = [32m2.201217e+05[39m
      9 Linear |R| = [32m1.572719e+05[39m
     10 Linear |R| = [32m1.355252e+05[39m
     11 Linear |R| = [32m1.108793e+05[39m
     12 Linear |R| = [32m8.900085e+04[39m
     13 Linear |R| = [32m6.774559e+04[39m
     14 Linear |R| = [32m5.164306e+04[39m
     15 Linear |R| = [32m4.050293e+04[39m
     16 Linear |R| = [32m3.128359e+04[39m
     17 Linear |R| = [32m2.465165e+04[39m
     18 Linear |R| = [32m1.800881e+04[39m
     19 Linear |R| = [32m1.240109e+04[39m
     20 Linear |R| = [32m8.620351e+03[39m
     21 Linear |R| = [32m4.839454e+03[39m
     22 Linear |R| = [32m2.661147e+03[39m
     23 Linear |R| = [32m1.473388e+03[39m
     24 Linear |R| = [32m7.771774e+02[39m
     25 Linear |R| = [32m4.276497e+02[39m
     26 Linear |R| = [32m2.561697e+02[39m
     27 Linear |R| = [32m1.759776e+02[39m
     28 Linear |R| = [32m1.127049e+02[39m
     29 Linear |R| = [32m6.769872e+01[39m
     30 Linear |R| = [32m3.994214e+01[39m
     31 Linear |R| = [32m2.701636e+01[39m
     32 Linear |R| = [32m1.629538e+01[39m
     33 Linear |R| = [32m1.014288e+01[39m
     34 Linear |R| = [32m6.562007e+00[39m
     35 Linear |R| = [32m4.119627e+00[39m
 7 Nonlinear |R| = [33m5.311521e+05[39m
      0 Linear |R| = [32m5.311521e+05[39m
      1 Linear |R| = [33m5.192686e+05[39m
      2 Linear |R| = [32m4.613443e+05[39m
      3 Linear |R| = [33m4.610146e+05[39m
      4 Linear |R| = [32m4.142414e+05[39m
      5 Linear |R| = [33m3.984429e+05[39m
      6 Linear |R| = [32m3.527123e+05[39m
      7 Linear |R| = [32m2.909457e+05[39m
      8 Linear |R| = [32m2.125481e+05[39m
      9 Linear |R| = [32m1.684498e+05[39m
     10 Linear |R| = [32m1.415440e+05[39m
     11 Linear |R| = [32m1.123105e+05[39m
     12 Linear |R| = [32m9.040180e+04[39m
     13 Linear |R| = [32m6.728015e+04[39m
     14 Linear |R| = [32m5.147934e+04[39m
     15 Linear |R| = [32m4.017131e+04[39m
     16 Linear |R| = [32m3.085706e+04[39m
     17 Linear |R| = [32m2.346936e+04[39m
     18 Linear |R| = [32m1.681145e+04[39m
     19 Linear |R| = [32m1.063137e+04[39m
     20 Linear |R| = [32m6.486228e+03[39m
     21 Linear |R| = [32m3.745340e+03[39m
     22 Linear |R| = [32m1.963630e+03[39m
     23 Linear |R| = [32m1.070623e+03[39m
     24 Linear |R| = [32m6.273361e+02[39m
     25 Linear |R| = [32m3.809450e+02[39m
     26 Linear |R| = [32m2.386825e+02[39m
     27 Linear |R| = [32m1.561287e+02[39m
     28 Linear |R| = [32m9.514988e+01[39m
     29 Linear |R| = [32m5.065817e+01[39m
     30 Linear |R| = [32m2.717369e+01[39m
     31 Linear |R| = [32m1.596206e+01[39m
     32 Linear |R| = [32m9.383657e+00[39m
     33 Linear |R| = [32m5.335539e+00[39m
     34 Linear |R| = [32m3.170208e+00[39m
 8 Nonlinear |R| = [32m4.603593e+05[39m
      0 Linear |R| = [32m4.603593e+05[39m
      1 Linear |R| = [32m4.047788e+05[39m
      2 Linear |R| = [32m3.515809e+05[39m
      3 Linear |R| = [32m2.615716e+05[39m
      4 Linear |R| = [32m2.009484e+05[39m
      5 Linear |R| = [32m1.432720e+05[39m
      6 Linear |R| = [32m8.710809e+04[39m
      7 Linear |R| = [32m5.077571e+04[39m
      8 Linear |R| = [32m2.933908e+04[39m
      9 Linear |R| = [32m1.527613e+04[39m
     10 Linear |R| = [32m7.349463e+03[39m
     11 Linear |R| = [32m4.228455e+03[39m
     12 Linear |R| = [32m2.234996e+03[39m
     13 Linear |R| = [32m1.389940e+03[39m
     14 Linear |R| = [32m9.803809e+02[39m
     15 Linear |R| = [32m6.445026e+02[39m
     16 Linear |R| = [32m3.895263e+02[39m
     17 Linear |R| = [32m2.084301e+02[39m
     18 Linear |R| = [32m9.120155e+01[39m
     19 Linear |R| = [32m3.704967e+01[39m
     20 Linear |R| = [32m1.751757e+01[39m
     21 Linear |R| = [32m7.310381e+00[39m
     22 Linear |R| = [32m3.158778e+00[39m
 9 Nonlinear |R| = [33m4.508389e+05[39m
      0 Linear |R| = [32m4.508389e+05[39m
      1 Linear |R| = [32m3.788646e+05[39m
      2 Linear |R| = [32m3.274655e+05[39m
      3 Linear |R| = [32m2.299753e+05[39m
      4 Linear |R| = [32m1.709338e+05[39m
      5 Linear |R| = [32m1.179241e+05[39m
      6 Linear |R| = [32m6.690479e+04[39m
      7 Linear |R| = [32m3.692997e+04[39m
      8 Linear |R| = [32m2.100410e+04[39m
      9 Linear |R| = [32m9.822913e+03[39m
     10 Linear |R| = [32m4.638733e+03[39m
     11 Linear |R| = [32m2.568057e+03[39m
     12 Linear |R| = [32m1.251459e+03[39m
     13 Linear |R| = [32m7.655160e+02[39m
     14 Linear |R| = [32m5.284168e+02[39m
     15 Linear |R| = [32m3.355305e+02[39m
     16 Linear |R| = [32m1.916240e+02[39m
     17 Linear |R| = [32m9.681060e+01[39m
     18 Linear |R| = [32m3.903409e+01[39m
     19 Linear |R| = [32m1.547871e+01[39m
     20 Linear |R| = [32m6.901661e+00[39m
     21 Linear |R| = [32m2.852962e+00[39m
10 Nonlinear |R| = [33m4.403304e+05[39m
      0 Linear |R| = [32m4.403304e+05[39m
      1 Linear |R| = [32m3.427766e+05[39m
      2 Linear |R| = [32m2.926751e+05[39m
      3 Linear |R| = [32m1.909412e+05[39m
      4 Linear |R| = [32m1.334952e+05[39m
      5 Linear |R| = [32m8.682482e+04[39m
      6 Linear |R| = [32m4.684450e+04[39m
      7 Linear |R| = [32m2.281536e+04[39m
      8 Linear |R| = [32m1.244794e+04[39m
      9 Linear |R| = [32m5.704954e+03[39m
     10 Linear |R| = [32m2.384743e+03[39m
     11 Linear |R| = [32m1.198326e+03[39m
     12 Linear |R| = [32m6.184365e+02[39m
     13 Linear |R| = [32m3.477183e+02[39m
     14 Linear |R| = [32m2.306457e+02[39m
     15 Linear |R| = [32m1.439816e+02[39m
     16 Linear |R| = [32m6.730247e+01[39m
     17 Linear |R| = [32m3.075468e+01[39m
     18 Linear |R| = [32m1.336501e+01[39m
     19 Linear |R| = [32m4.718405e+00[39m
     20 Linear |R| = [32m1.766624e+00[39m
11 Nonlinear |R| = [33m4.238148e+05[39m
      0 Linear |R| = [32m4.238148e+05[39m
      1 Linear |R| = [32m2.765530e+05[39m
      2 Linear |R| = [32m2.268624e+05[39m
      3 Linear |R| = [32m1.206585e+05[39m
      4 Linear |R| = [32m7.299837e+04[39m
      5 Linear |R| = [32m4.364621e+04[39m
      6 Linear |R| = [32m1.832496e+04[39m
      7 Linear |R| = [32m7.246376e+03[39m
      8 Linear |R| = [32m3.763079e+03[39m
      9 Linear |R| = [32m1.445995e+03[39m
     10 Linear |R| = [32m5.300350e+02[39m
     11 Linear |R| = [32m2.229417e+02[39m
     12 Linear |R| = [32m1.176026e+02[39m
     13 Linear |R| = [32m6.360767e+01[39m
     14 Linear |R| = [32m3.608591e+01[39m
     15 Linear |R| = [32m1.914963e+01[39m
     16 Linear |R| = [32m7.438768e+00[39m
     17 Linear |R| = [32m2.939174e+00[39m
12 Nonlinear |R| = [32m3.533835e+05[39m
      0 Linear |R| = [32m3.533835e+05[39m
      1 Linear |R| = [32m3.515894e+04[39m
      2 Linear |R| = [32m1.030346e+04[39m
      3 Linear |R| = [32m3.901979e+03[39m
      4 Linear |R| = [32m1.134697e+03[39m
      5 Linear |R| = [32m3.873506e+02[39m
      6 Linear |R| = [32m1.190080e+02[39m
      7 Linear |R| = [32m3.845568e+01[39m
      8 Linear |R| = [32m1.257871e+01[39m
      9 Linear |R| = [32m4.480431e+00[39m
     10 Linear |R| = [32m1.581257e+00[39m
13 Nonlinear |R| = [32m4.621525e+02[39m
      0 Linear |R| = [32m4.621525e+02[39m
      1 Linear |R| = [32m1.560603e+02[39m
      2 Linear |R| = [32m4.871828e+01[39m
      3 Linear |R| = [32m1.420932e+01[39m
      4 Linear |R| = [32m4.328522e+00[39m
      5 Linear |R| = [32m1.208495e+00[39m
      6 Linear |R| = [32m3.552011e-01[39m
      7 Linear |R| = [32m1.018471e-01[39m
      8 Linear |R| = [32m3.405656e-02[39m
      9 Linear |R| = [32m1.117467e-02[39m
     10 Linear |R| = [32m4.073335e-03[39m
14 Nonlinear |R| = [32m1.277690e+01[39m
      0 Linear |R| = [32m1.277690e+01[39m
      1 Linear |R| = [32m3.599283e+00[39m
      2 Linear |R| = [32m9.590909e-01[39m
      3 Linear |R| = [32m3.051038e-01[39m
      4 Linear |R| = [32m1.143573e-01[39m
      5 Linear |R| = [32m3.339411e-02[39m
      6 Linear |R| = [32m1.025905e-02[39m
      7 Linear |R| = [32m2.905736e-03[39m
      8 Linear |R| = [32m9.329016e-04[39m
      9 Linear |R| = [32m2.559238e-04[39m
     10 Linear |R| = [32m8.633542e-05[39m
15 Nonlinear |R| = [32m3.530309e-04[39m
[32m Solve Converged![39m
  Finished Solving                                                                       [[33m 27.85 s[39m] [[33m  221 MB[39m]

Postprocessor Values:
+----------------+----------------+----------------+----------------+------------------+----------------+----------------+
| time           | base_shear_x   | damage_c_max   | damage_t_max   | damage_total_max | top_disp_x     | top_disp_y     |
+----------------+----------------+----------------+----------------+------------------+----------------+----------------+
|   0.000000e+00 |   0.000000e+00 |   0.000000e+00 |   0.000000e+00 |     0.000000e+00 |   0.000000e+00 |   0.000000e+00 |
|   4.000000e+00 |  -2.483338e+05 |   0.000000e+00 |   9.697034e-01 |     9.697034e-01 |  -3.930000e-03 |   1.120145e-03 |
|   8.000000e+00 |  -8.271337e+04 |   0.000000e+00 |   8.564370e-01 |     8.564370e-01 |  -1.310000e-03 |   1.120145e-03 |
|   1.200000e+01 |   8.290632e+04 |   0.000000e+00 |   8.759365e-01 |     8.759365e-01 |   1.310000e-03 |   1.120145e-03 |
|   1.600000e+01 |   2.484306e+05 |   0.000000e+00 |   9.697011e-01 |     9.697011e-01 |   3.930000e-03 |   1.120407e-03 |
+----------------+----------------+----------------+----------------+------------------+----------------+----------------+


Time Step 5, time = 20, dt = 4
 0 Nonlinear |R| = [32m5.101167e+05[39m
      0 Linear |R| = [32m5.101167e+05[39m
      1 Linear |R| = [33m4.980888e+05[39m
      2 Linear |R| = [32m4.384437e+05[39m
      3 Linear |R| = [33m4.352150e+05[39m
      4 Linear |R| = [32m4.090291e+05[39m
      5 Linear |R| = [33m3.980023e+05[39m
      6 Linear |R| = [32m3.709538e+05[39m
      7 Linear |R| = [32m3.512599e+05[39m
      8 Linear |R| = [32m2.973603e+05[39m
      9 Linear |R| = [32m2.244881e+05[39m
     10 Linear |R| = [32m1.851783e+05[39m
     11 Linear |R| = [32m1.390916e+05[39m
     12 Linear |R| = [32m1.007012e+05[39m
     13 Linear |R| = [32m7.241492e+04[39m
     14 Linear |R| = [32m5.347456e+04[39m
     15 Linear |R| = [32m4.583570e+04[39m
     16 Linear |R| = [32m3.748256e+04[39m
     17 Linear |R| = [32m3.037610e+04[39m
     18 Linear |R| = [32m2.471998e+04[39m
     19 Linear |R| = [32m1.520591e+04[39m
     20 Linear |R| = [32m9.189297e+03[39m
     21 Linear |R| = [32m6.134603e+03[39m
     22 Linear |R| = [32m3.486865e+03[39m
     23 Linear |R| = [32m1.665159e+03[39m
     24 Linear |R| = [32m9.219786e+02[39m
     25 Linear |R| = [32m5.395429e+02[39m
     26 Linear |R| = [32m3.148354e+02[39m
     27 Linear |R| = [32m1.901075e+02[39m
     28 Linear |R| = [32m1.222052e+02[39m
     29 Linear |R| = [32m8.515271e+01[39m
    Linear solve did not converge due to DIVERGED_BREAKDOWN iterations 30
 1 Nonlinear |R| = [33m4.925749e+05[39m
      0 Linear |R| = [32m4.925749e+05[39m
      1 Linear |R| = [32m4.063257e+05[39m
      2 Linear |R| = [32m2.952275e+05[39m
      3 Linear |R| = [32m2.036592e+05[39m
      4 Linear |R| = [32m1.353863e+05[39m
      5 Linear |R| = [32m8.268259e+04[39m
      6 Linear |R| = [32m5.010848e+04[39m
      7 Linear |R| = [32m3.333594e+04[39m
      8 Linear |R| = [32m2.468559e+04[39m
      9 Linear |R| = [32m1.823380e+04[39m
     10 Linear |R| = [32m1.215546e+04[39m
     11 Linear |R| = [32m8.097781e+03[39m
     12 Linear |R| = [32m4.552619e+03[39m
     13 Linear |R| = [32m2.508105e+03[39m
     14 Linear |R| = [32m1.421368e+03[39m
     15 Linear |R| = [32m7.586355e+02[39m
     16 Linear |R| = [32m4.182155e+02[39m
     17 Linear |R| = [32m2.205249e+02[39m
     18 Linear |R| = [32m1.202913e+02[39m
     19 Linear |R| = [32m6.224499e+01[39m
     20 Linear |R| = [32m3.400534e+01[39m
     21 Linear |R| = [32m1.977987e+01[39m
     22 Linear |R| = [32m1.124687e+01[39m
     23 Linear |R| = [32m6.344674e+00[39m
     24 Linear |R| = [32m3.291128e+00[39m
 2 Nonlinear |R| = [33m4.729173e+05[39m
      0 Linear |R| = [32m4.729173e+05[39m
      1 Linear |R| = [32m3.716490e+05[39m
      2 Linear |R| = [32m2.682511e+05[39m
      3 Linear |R| = [32m1.903106e+05[39m
      4 Linear |R| = [32m1.066002e+05[39m
      5 Linear |R| = [32m6.939835e+04[39m
      6 Linear |R| = [32m3.510921e+04[39m
      7 Linear |R| = [32m2.219322e+04[39m
      8 Linear |R| = [32m1.728160e+04[39m
      9 Linear |R| = [32m1.318010e+04[39m
     10 Linear |R| = [32m8.881489e+03[39m
     11 Linear |R| = [32m5.655044e+03[39m
     12 Linear |R| = [32m3.400990e+03[39m
     13 Linear |R| = [32m1.824124e+03[39m
     14 Linear |R| = [32m9.504226e+02[39m
     15 Linear |R| = [32m5.138237e+02[39m
     16 Linear |R| = [32m2.846604e+02[39m
     17 Linear |R| = [32m1.513315e+02[39m
     18 Linear |R| = [32m8.266867e+01[39m
     19 Linear |R| = [32m4.487530e+01[39m
     20 Linear |R| = [32m2.360804e+01[39m
     21 Linear |R| = [32m1.212933e+01[39m
     22 Linear |R| = [32m6.631807e+00[39m
     23 Linear |R| = [32m3.385853e+00[39m
 3 Nonlinear |R| = [33m4.501158e+05[39m
      0 Linear |R| = [32m4.501158e+05[39m
      1 Linear |R| = [32m3.934060e+05[39m
      2 Linear |R| = [32m2.639035e+05[39m
      3 Linear |R| = [32m1.832676e+05[39m
      4 Linear |R| = [32m1.175928e+05[39m
      5 Linear |R| = [32m7.744685e+04[39m
      6 Linear |R| = [32m5.023054e+04[39m
      7 Linear |R| = [32m3.675432e+04[39m
      8 Linear |R| = [32m2.557277e+04[39m
      9 Linear |R| = [32m1.714530e+04[39m
     10 Linear |R| = [32m1.086421e+04[39m
     11 Linear |R| = [32m6.327820e+03[39m
     12 Linear |R| = [32m3.360674e+03[39m
     13 Linear |R| = [32m1.791212e+03[39m
     14 Linear |R| = [32m9.230891e+02[39m
     15 Linear |R| = [32m4.721153e+02[39m
     16 Linear |R| = [32m2.650086e+02[39m
     17 Linear |R| = [32m1.504670e+02[39m
     18 Linear |R| = [32m7.854029e+01[39m
     19 Linear |R| = [32m3.800788e+01[39m
     20 Linear |R| = [32m1.905668e+01[39m
     21 Linear |R| = [32m1.102833e+01[39m
     22 Linear |R| = [32m6.054951e+00[39m
     23 Linear |R| = [32m3.209655e+00[39m
 4 Nonlinear |R| = [32m4.140019e+05[39m
      0 Linear |R| = [32m4.140019e+05[39m
      1 Linear |R| = [32m3.445885e+05[39m
      2 Linear |R| = [32m2.317717e+05[39m
      3 Linear |R| = [32m1.604274e+05[39m
      4 Linear |R| = [32m9.644044e+04[39m
      5 Linear |R| = [32m6.458808e+04[39m
      6 Linear |R| = [32m3.770265e+04[39m
      7 Linear |R| = [32m2.864662e+04[39m
      8 Linear |R| = [32m2.150519e+04[39m
      9 Linear |R| = [32m1.383235e+04[39m
     10 Linear |R| = [32m7.857900e+03[39m
     11 Linear |R| = [32m4.557307e+03[39m
     12 Linear |R| = [32m2.444517e+03[39m
     13 Linear |R| = [32m1.194492e+03[39m
     14 Linear |R| = [32m6.088044e+02[39m
     15 Linear |R| = [32m3.119338e+02[39m
     16 Linear |R| = [32m1.687607e+02[39m
     17 Linear |R| = [32m9.677789e+01[39m
     18 Linear |R| = [32m5.445797e+01[39m
     19 Linear |R| = [32m2.765321e+01[39m
     20 Linear |R| = [32m1.458811e+01[39m
     21 Linear |R| = [32m8.744521e+00[39m
     22 Linear |R| = [32m4.880028e+00[39m
     23 Linear |R| = [32m2.621367e+00[39m
 5 Nonlinear |R| = [33m3.937436e+05[39m
      0 Linear |R| = [32m3.937436e+05[39m
      1 Linear |R| = [32m3.322408e+05[39m
      2 Linear |R| = [32m2.308380e+05[39m
      3 Linear |R| = [32m1.671691e+05[39m
      4 Linear |R| = [32m1.143966e+05[39m
      5 Linear |R| = [32m8.204754e+04[39m
      6 Linear |R| = [32m5.362649e+04[39m
      7 Linear |R| = [32m3.063252e+04[39m
      8 Linear |R| = [32m1.912153e+04[39m
      9 Linear |R| = [32m1.106001e+04[39m
     10 Linear |R| = [32m5.246010e+03[39m
     11 Linear |R| = [32m2.554167e+03[39m
     12 Linear |R| = [32m1.294195e+03[39m
     13 Linear |R| = [32m6.301662e+02[39m
     14 Linear |R| = [32m2.825521e+02[39m
     15 Linear |R| = [32m1.394979e+02[39m
     16 Linear |R| = [32m7.464872e+01[39m
     17 Linear |R| = [32m4.130370e+01[39m
     18 Linear |R| = [32m2.220408e+01[39m
     19 Linear |R| = [32m1.192153e+01[39m
     20 Linear |R| = [32m6.233711e+00[39m
     21 Linear |R| = [32m3.119533e+00[39m
 6 Nonlinear |R| = [32m3.693604e+05[39m
      0 Linear |R| = [32m3.693604e+05[39m
      1 Linear |R| = [32m2.972759e+05[39m
      2 Linear |R| = [32m2.078668e+05[39m
      3 Linear |R| = [32m1.525386e+05[39m
      4 Linear |R| = [32m1.016308e+05[39m
      5 Linear |R| = [32m6.626942e+04[39m
      6 Linear |R| = [32m3.865422e+04[39m
      7 Linear |R| = [32m2.220951e+04[39m
      8 Linear |R| = [32m1.113912e+04[39m
      9 Linear |R| = [32m5.769316e+03[39m
     10 Linear |R| = [32m2.913108e+03[39m
     11 Linear |R| = [32m1.303815e+03[39m
     12 Linear |R| = [32m6.316764e+02[39m
     13 Linear |R| = [32m3.227169e+02[39m
     14 Linear |R| = [32m1.559108e+02[39m
     15 Linear |R| = [32m7.026729e+01[39m
     16 Linear |R| = [32m3.455883e+01[39m
     17 Linear |R| = [32m1.961101e+01[39m
     18 Linear |R| = [32m1.133018e+01[39m
     19 Linear |R| = [32m6.810687e+00[39m
     20 Linear |R| = [32m4.053382e+00[39m
     21 Linear |R| = [32m2.395966e+00[39m
 7 Nonlinear |R| = [32m3.366604e+05[39m
      0 Linear |R| = [32m3.366604e+05[39m
      1 Linear |R| = [32m2.825949e+05[39m
      2 Linear |R| = [32m2.036955e+05[39m
      3 Linear |R| = [32m1.484300e+05[39m
      4 Linear |R| = [32m8.764472e+04[39m
      5 Linear |R| = [32m5.009915e+04[39m
      6 Linear |R| = [32m2.600336e+04[39m
      7 Linear |R| = [32m1.257469e+04[39m
      8 Linear |R| = [32m5.971421e+03[39m
      9 Linear |R| = [32m3.228266e+03[39m
     10 Linear |R| = [32m1.729189e+03[39m
     11 Linear |R| = [32m9.047488e+02[39m
     12 Linear |R| = [32m4.779926e+02[39m
     13 Linear |R| = [32m2.657755e+02[39m
     14 Linear |R| = [32m1.336598e+02[39m
     15 Linear |R| = [32m6.460024e+01[39m
     16 Linear |R| = [32m3.143982e+01[39m
     17 Linear |R| = [32m1.676787e+01[39m
     18 Linear |R| = [32m9.449866e+00[39m
     19 Linear |R| = [32m5.557084e+00[39m
     20 Linear |R| = [32m3.520136e+00[39m
     21 Linear |R| = [32m2.079750e+00[39m
 8 Nonlinear |R| = [32m3.117650e+05[39m
      0 Linear |R| = [32m3.117650e+05[39m
      1 Linear |R| = [32m2.552729e+05[39m
      2 Linear |R| = [32m1.725112e+05[39m
      3 Linear |R| = [32m1.136229e+05[39m
      4 Linear |R| = [32m6.510776e+04[39m
      5 Linear |R| = [32m3.554638e+04[39m
      6 Linear |R| = [32m1.412859e+04[39m
      7 Linear |R| = [32m6.645213e+03[39m
      8 Linear |R| = [32m3.254178e+03[39m
      9 Linear |R| = [32m1.801854e+03[39m
     10 Linear |R| = [32m8.921213e+02[39m
     11 Linear |R| = [32m4.151358e+02[39m
     12 Linear |R| = [32m2.216109e+02[39m
     13 Linear |R| = [32m1.305839e+02[39m
     14 Linear |R| = [32m6.832288e+01[39m
     15 Linear |R| = [32m3.541734e+01[39m
     16 Linear |R| = [32m1.938779e+01[39m
     17 Linear |R| = [32m1.077744e+01[39m
     18 Linear |R| = [32m6.021992e+00[39m
     19 Linear |R| = [32m3.757489e+00[39m
     20 Linear |R| = [32m2.354858e+00[39m
 9 Nonlinear |R| = [33m2.997757e+05[39m
      0 Linear |R| = [32m2.997757e+05[39m
      1 Linear |R| = [32m2.743426e+05[39m
      2 Linear |R| = [32m1.795869e+05[39m
      3 Linear |R| = [32m1.235476e+05[39m
      4 Linear |R| = [32m7.625979e+04[39m
      5 Linear |R| = [32m4.144349e+04[39m
      6 Linear |R| = [32m1.744150e+04[39m
      7 Linear |R| = [32m8.644500e+03[39m
      8 Linear |R| = [32m4.890381e+03[39m
      9 Linear |R| = [32m2.688806e+03[39m
     10 Linear |R| = [32m1.413423e+03[39m
     11 Linear |R| = [32m7.084107e+02[39m
     12 Linear |R| = [32m3.876344e+02[39m
     13 Linear |R| = [32m2.080846e+02[39m
     14 Linear |R| = [32m1.006169e+02[39m
     15 Linear |R| = [32m4.666417e+01[39m
     16 Linear |R| = [32m2.326433e+01[39m
     17 Linear |R| = [32m1.146387e+01[39m
     18 Linear |R| = [32m5.790074e+00[39m
     19 Linear |R| = [32m3.372262e+00[39m
     20 Linear |R| = [32m2.109643e+00[39m
10 Nonlinear |R| = [33m2.873934e+05[39m
      0 Linear |R| = [32m2.873934e+05[39m
      1 Linear |R| = [32m2.393931e+05[39m
      2 Linear |R| = [32m1.530733e+05[39m
      3 Linear |R| = [32m1.070669e+05[39m
      4 Linear |R| = [32m5.552242e+04[39m
      5 Linear |R| = [32m2.816571e+04[39m
      6 Linear |R| = [32m1.395503e+04[39m
      7 Linear |R| = [32m5.781133e+03[39m
      8 Linear |R| = [32m2.733345e+03[39m
      9 Linear |R| = [32m1.479477e+03[39m
     10 Linear |R| = [32m7.355924e+02[39m
     11 Linear |R| = [32m3.335651e+02[39m
     12 Linear |R| = [32m1.890188e+02[39m
     13 Linear |R| = [32m1.050069e+02[39m
     14 Linear |R| = [32m4.955682e+01[39m
     15 Linear |R| = [32m2.554879e+01[39m
     16 Linear |R| = [32m1.305247e+01[39m
     17 Linear |R| = [32m6.264781e+00[39m
     18 Linear |R| = [32m3.679388e+00[39m
     19 Linear |R| = [32m2.596655e+00[39m
11 Nonlinear |R| = [32m1.090738e+05[39m
      0 Linear |R| = [32m1.090738e+05[39m
      1 Linear |R| = [32m2.106339e+04[39m
      2 Linear |R| = [32m5.279187e+03[39m
      3 Linear |R| = [32m1.452448e+03[39m
      4 Linear |R| = [32m5.758397e+02[39m
      5 Linear |R| = [32m3.592875e+02[39m
      6 Linear |R| = [32m2.445947e+02[39m
      7 Linear |R| = [32m1.565935e+02[39m
      8 Linear |R| = [32m9.147505e+01[39m
      9 Linear |R| = [32m5.201683e+01[39m
     10 Linear |R| = [32m2.820812e+01[39m
     11 Linear |R| = [32m1.362252e+01[39m
     12 Linear |R| = [32m7.078279e+00[39m
     13 Linear |R| = [32m3.920745e+00[39m
     14 Linear |R| = [32m2.195973e+00[39m
     15 Linear |R| = [32m1.230967e+00[39m
     16 Linear |R| = [32m7.358602e-01[39m
12 Nonlinear |R| = [32m1.332071e+02[39m
      0 Linear |R| = [32m1.332071e+02[39m
      1 Linear |R| = [32m4.471137e+01[39m
      2 Linear |R| = [32m1.986732e+01[39m
      3 Linear |R| = [32m1.110170e+01[39m
      4 Linear |R| = [32m6.372427e+00[39m
      5 Linear |R| = [32m4.284546e+00[39m
      6 Linear |R| = [32m2.665899e+00[39m
      7 Linear |R| = [32m1.440717e+00[39m
      8 Linear |R| = [32m6.907993e-01[39m
      9 Linear |R| = [32m3.380392e-01[39m
     10 Linear |R| = [32m1.707318e-01[39m
     11 Linear |R| = [32m9.415369e-02[39m
     12 Linear |R| = [32m5.120311e-02[39m
     13 Linear |R| = [32m2.647471e-02[39m
     14 Linear |R| = [32m1.516686e-02[39m
     15 Linear |R| = [32m8.224658e-03[39m
     16 Linear |R| = [32m4.438121e-03[39m
     17 Linear |R| = [32m2.225423e-03[39m
     18 Linear |R| = [32m1.235650e-03[39m
13 Nonlinear |R| = [32m2.882973e-02[39m
[32m Solve Converged![39m
  Finished Solving                                                                       [[33m 22.33 s[39m] [[33m  217 MB[39m]

Postprocessor Values:
+----------------+----------------+----------------+----------------+------------------+----------------+----------------+
| time           | base_shear_x   | damage_c_max   | damage_t_max   | damage_total_max | top_disp_x     | top_disp_y     |
+----------------+----------------+----------------+----------------+------------------+----------------+----------------+
|   0.000000e+00 |   0.000000e+00 |   0.000000e+00 |   0.000000e+00 |     0.000000e+00 |   0.000000e+00 |   0.000000e+00 |
|   4.000000e+00 |  -2.483338e+05 |   0.000000e+00 |   9.697034e-01 |     9.697034e-01 |  -3.930000e-03 |   1.120145e-03 |
|   8.000000e+00 |  -8.271337e+04 |   0.000000e+00 |   8.564370e-01 |     8.564370e-01 |  -1.310000e-03 |   1.120145e-03 |
|   1.200000e+01 |   8.290632e+04 |   0.000000e+00 |   8.759365e-01 |     8.759365e-01 |   1.310000e-03 |   1.120145e-03 |
|   1.600000e+01 |   2.484306e+05 |   0.000000e+00 |   9.697011e-01 |     9.697011e-01 |   3.930000e-03 |   1.120407e-03 |
|   2.000000e+01 |   4.099492e+05 |   0.000000e+00 |   9.790604e-01 |     9.790604e-01 |   6.550000e-03 |   1.130874e-03 |
+----------------+----------------+----------------+----------------+------------------+----------------+----------------+


Time Step 6, time = 24, dt = 4
 0 Nonlinear |R| = [32m7.836780e+05[39m
      0 Linear |R| = [32m7.836780e+05[39m
      1 Linear |R| = [33m7.685311e+05[39m
      2 Linear |R| = [32m6.699087e+05[39m
      3 Linear |R| = [33m6.668073e+05[39m
      4 Linear |R| = [32m5.964760e+05[39m
      5 Linear |R| = [32m5.628576e+05[39m
      6 Linear |R| = [32m5.084992e+05[39m
      7 Linear |R| = [32m4.543326e+05[39m
      8 Linear |R| = [32m3.593540e+05[39m
      9 Linear |R| = [32m3.006483e+05[39m
     10 Linear |R| = [32m2.446977e+05[39m
     11 Linear |R| = [32m1.729484e+05[39m
     12 Linear |R| = [32m1.164222e+05[39m
     13 Linear |R| = [32m8.161256e+04[39m
     14 Linear |R| = [32m5.970627e+04[39m
     15 Linear |R| = [32m5.023096e+04[39m
     16 Linear |R| = [32m4.114793e+04[39m
     17 Linear |R| = [32m3.347868e+04[39m
     18 Linear |R| = [32m2.789754e+04[39m
     19 Linear |R| = [32m1.887920e+04[39m
     20 Linear |R| = [32m1.224544e+04[39m
     21 Linear |R| = [32m7.527886e+03[39m
     22 Linear |R| = [32m4.459134e+03[39m
     23 Linear |R| = [32m2.606004e+03[39m
     24 Linear |R| = [32m1.262806e+03[39m
     25 Linear |R| = [32m6.802835e+02[39m
     26 Linear |R| = [32m3.940134e+02[39m
     27 Linear |R| = [32m2.384706e+02[39m
     28 Linear |R| = [32m1.504656e+02[39m
     29 Linear |R| = [32m9.520581e+01[39m
    Linear solve did not converge due to DIVERGED_BREAKDOWN iterations 30
 1 Nonlinear |R| = [32m6.150335e+05[39m
      0 Linear |R| = [32m6.150335e+05[39m
      1 Linear |R| = [33m5.996185e+05[39m
      2 Linear |R| = [32m5.454889e+05[39m
      3 Linear |R| = [33m5.454865e+05[39m
      4 Linear |R| = [33m5.196525e+05[39m
      5 Linear |R| = [33m5.044153e+05[39m
      6 Linear |R| = [32m4.777272e+05[39m
      7 Linear |R| = [32m4.398185e+05[39m
      8 Linear |R| = [32m3.811064e+05[39m
      9 Linear |R| = [32m3.024801e+05[39m
     10 Linear |R| = [32m2.366017e+05[39m
     11 Linear |R| = [32m1.797031e+05[39m
     12 Linear |R| = [32m1.229251e+05[39m
     13 Linear |R| = [32m8.167859e+04[39m
     14 Linear |R| = [32m5.542597e+04[39m
     15 Linear |R| = [32m4.451830e+04[39m
     16 Linear |R| = [32m3.705333e+04[39m
     17 Linear |R| = [32m3.032225e+04[39m
     18 Linear |R| = [32m2.553265e+04[39m
     19 Linear |R| = [32m2.013337e+04[39m
     20 Linear |R| = [32m1.232614e+04[39m
     21 Linear |R| = [32m7.748964e+03[39m
     22 Linear |R| = [32m5.011998e+03[39m
     23 Linear |R| = [32m2.640249e+03[39m
     24 Linear |R| = [32m1.279790e+03[39m
     25 Linear |R| = [32m7.018249e+02[39m
     26 Linear |R| = [32m4.276238e+02[39m
     27 Linear |R| = [32m2.477839e+02[39m
     28 Linear |R| = [32m1.436001e+02[39m
     29 Linear |R| = [32m9.945540e+01[39m
     30 Linear |R| = [32m6.655891e+01[39m
     31 Linear |R| = [32m4.987539e+01[39m
     32 Linear |R| = [32m3.442608e+01[39m
     33 Linear |R| = [32m2.082479e+01[39m
     34 Linear |R| = [32m1.183660e+01[39m
     35 Linear |R| = [32m6.693821e+00[39m
     36 Linear |R| = [32m3.784687e+00[39m
 2 Nonlinear |R| = [32m4.187708e+05[39m
      0 Linear |R| = [32m4.187708e+05[39m
      1 Linear |R| = [32m3.038510e+05[39m
      2 Linear |R| = [32m2.684436e+05[39m
      3 Linear |R| = [32m2.012285e+05[39m
      4 Linear |R| = [32m1.491965e+05[39m
      5 Linear |R| = [32m1.069160e+05[39m
      6 Linear |R| = [32m7.245512e+04[39m
      7 Linear |R| = [32m3.953570e+04[39m
      8 Linear |R| = [32m2.302523e+04[39m
      9 Linear |R| = [32m1.410910e+04[39m
     10 Linear |R| = [32m8.225962e+03[39m
     11 Linear |R| = [32m4.720622e+03[39m
     12 Linear |R| = [32m2.466548e+03[39m
     13 Linear |R| = [32m1.217905e+03[39m
     14 Linear |R| = [32m5.494133e+02[39m
     15 Linear |R| = [32m2.695372e+02[39m
     16 Linear |R| = [32m1.315159e+02[39m
     17 Linear |R| = [32m6.009436e+01[39m
     18 Linear |R| = [32m2.768735e+01[39m
     19 Linear |R| = [32m1.270688e+01[39m
     20 Linear |R| = [32m5.709914e+00[39m
     21 Linear |R| = [32m2.285158e+00[39m
 3 Nonlinear |R| = [32m3.478996e+05[39m
      0 Linear |R| = [32m3.478996e+05[39m
      1 Linear |R| = [32m6.101211e+04[39m
      2 Linear |R| = [32m1.964522e+04[39m
      3 Linear |R| = [32m6.760563e+03[39m
      4 Linear |R| = [32m2.012251e+03[39m
      5 Linear |R| = [32m7.038531e+02[39m
      6 Linear |R| = [32m2.248473e+02[39m
      7 Linear |R| = [32m7.521065e+01[39m
      8 Linear |R| = [32m2.546794e+01[39m
      9 Linear |R| = [32m8.752981e+00[39m
     10 Linear |R| = [32m2.786651e+00[39m
 4 Nonlinear |R| = [32m2.786687e+00[39m
  Finished Solving                                                                       [[33m  7.98 s[39m] [[33m  217 MB[39m]
[32m Solve Converged![39m

Postprocessor Values:
+----------------+----------------+----------------+----------------+------------------+----------------+----------------+
| time           | base_shear_x   | damage_c_max   | damage_t_max   | damage_total_max | top_disp_x     | top_disp_y     |
+----------------+----------------+----------------+----------------+------------------+----------------+----------------+
|   0.000000e+00 |   0.000000e+00 |   0.000000e+00 |   0.000000e+00 |     0.000000e+00 |   0.000000e+00 |   0.000000e+00 |
|   4.000000e+00 |  -2.483338e+05 |   0.000000e+00 |   9.697034e-01 |     9.697034e-01 |  -3.930000e-03 |   1.120145e-03 |
|   8.000000e+00 |  -8.271337e+04 |   0.000000e+00 |   8.564370e-01 |     8.564370e-01 |  -1.310000e-03 |   1.120145e-03 |
|   1.200000e+01 |   8.290632e+04 |   0.000000e+00 |   8.759365e-01 |     8.759365e-01 |   1.310000e-03 |   1.120145e-03 |
|   1.600000e+01 |   2.484306e+05 |   0.000000e+00 |   9.697011e-01 |     9.697011e-01 |   3.930000e-03 |   1.120407e-03 |
|   2.000000e+01 |   4.099492e+05 |   0.000000e+00 |   9.790604e-01 |     9.790604e-01 |   6.550000e-03 |   1.130874e-03 |
|   2.400000e+01 |   2.443276e+05 |   0.000000e+00 |   9.306723e-01 |     9.306723e-01 |   3.930000e-03 |   1.130874e-03 |
+----------------+----------------+----------------+----------------+------------------+----------------+----------------+


Time Step 7, time = 28, dt = 4
 0 Nonlinear |R| = [32m7.123264e+05[39m
      0 Linear |R| = [32m7.123264e+05[39m
      1 Linear |R| = [33m6.988234e+05[39m
      2 Linear |R| = [32m6.127044e+05[39m
      3 Linear |R| = [33m6.092654e+05[39m
      4 Linear |R| = [32m5.478541e+05[39m
      5 Linear |R| = [32m5.142040e+05[39m
      6 Linear |R| = [32m4.506608e+05[39m
      7 Linear |R| = [32m3.859995e+05[39m
      8 Linear |R| = [32m2.840757e+05[39m
      9 Linear |R| = [32m2.250048e+05[39m
     10 Linear |R| = [32m1.859044e+05[39m
     11 Linear |R| = [32m1.430809e+05[39m
     12 Linear |R| = [32m1.051576e+05[39m
     13 Linear |R| = [32m7.756075e+04[39m
     14 Linear |R| = [32m5.682269e+04[39m
     15 Linear |R| = [32m4.783138e+04[39m
     16 Linear |R| = [32m3.786860e+04[39m
     17 Linear |R| = [32m3.003087e+04[39m
     18 Linear |R| = [32m2.523637e+04[39m
     19 Linear |R| = [32m1.638371e+04[39m
     20 Linear |R| = [32m1.010134e+04[39m
     21 Linear |R| = [32m6.717678e+03[39m
     22 Linear |R| = [32m3.837079e+03[39m
     23 Linear |R| = [32m1.861394e+03[39m
     24 Linear |R| = [32m1.003612e+03[39m
     25 Linear |R| = [32m5.745085e+02[39m
     26 Linear |R| = [32m3.342002e+02[39m
     27 Linear |R| = [32m1.990324e+02[39m
     28 Linear |R| = [32m1.229382e+02[39m
     29 Linear |R| = [32m8.565107e+01[39m
     30 Linear |R| = [32m5.327788e+01[39m
     31 Linear |R| = [32m3.699603e+01[39m
     32 Linear |R| = [32m2.684229e+01[39m
     33 Linear |R| = [32m1.742593e+01[39m
     34 Linear |R| = [32m9.651972e+00[39m
     35 Linear |R| = [32m5.502073e+00[39m
 1 Nonlinear |R| = [32m6.503803e+05[39m
      0 Linear |R| = [32m6.503803e+05[39m
      1 Linear |R| = [33m6.427482e+05[39m
      2 Linear |R| = [32m5.647354e+05[39m
      3 Linear |R| = [33m5.612887e+05[39m
      4 Linear |R| = [32m5.254898e+05[39m
      5 Linear |R| = [33m5.067646e+05[39m
      6 Linear |R| = [32m4.599670e+05[39m
      7 Linear |R| = [32m4.195918e+05[39m
      8 Linear |R| = [32m3.344283e+05[39m
      9 Linear |R| = [32m2.309991e+05[39m
     10 Linear |R| = [32m1.854250e+05[39m
     11 Linear |R| = [32m1.421143e+05[39m
     12 Linear |R| = [32m1.058712e+05[39m
     13 Linear |R| = [32m7.480083e+04[39m
     14 Linear |R| = [32m5.175562e+04[39m
     15 Linear |R| = [32m4.308261e+04[39m
     16 Linear |R| = [32m3.497540e+04[39m
     17 Linear |R| = [32m2.851311e+04[39m
     18 Linear |R| = [32m2.416883e+04[39m
     19 Linear |R| = [32m1.657757e+04[39m
     20 Linear |R| = [32m1.043054e+04[39m
     21 Linear |R| = [32m7.152355e+03[39m
     22 Linear |R| = [32m4.224483e+03[39m
     23 Linear |R| = [32m2.008777e+03[39m
     24 Linear |R| = [32m1.087778e+03[39m
     25 Linear |R| = [32m6.206378e+02[39m
     26 Linear |R| = [32m3.558649e+02[39m
     27 Linear |R| = [32m2.080680e+02[39m
     28 Linear |R| = [32m1.278492e+02[39m
     29 Linear |R| = [32m9.078625e+01[39m
     30 Linear |R| = [32m5.698590e+01[39m
     31 Linear |R| = [32m4.040898e+01[39m
     32 Linear |R| = [32m2.863397e+01[39m
     33 Linear |R| = [32m1.812062e+01[39m
     34 Linear |R| = [32m9.960353e+00[39m
     35 Linear |R| = [32m5.682000e+00[39m
 2 Nonlinear |R| = [33m6.223471e+05[39m
      0 Linear |R| = [32m6.223471e+05[39m
      1 Linear |R| = [33m6.152062e+05[39m
      2 Linear |R| = [32m5.409386e+05[39m
      3 Linear |R| = [33m5.381474e+05[39m
      4 Linear |R| = [32m5.023780e+05[39m
      5 Linear |R| = [33m4.850313e+05[39m
      6 Linear |R| = [32m4.409980e+05[39m
      7 Linear |R| = [32m4.040478e+05[39m
      8 Linear |R| = [32m3.158200e+05[39m
      9 Linear |R| = [32m2.185876e+05[39m
     10 Linear |R| = [32m1.782677e+05[39m
     11 Linear |R| = [32m1.353979e+05[39m
     12 Linear |R| = [32m1.005800e+05[39m
     13 Linear |R| = [32m6.990874e+04[39m
     14 Linear |R| = [32m4.980158e+04[39m
     15 Linear |R| = [32m4.167486e+04[39m
     16 Linear |R| = [32m3.324729e+04[39m
     17 Linear |R| = [32m2.785284e+04[39m
     18 Linear |R| = [32m2.315565e+04[39m
     19 Linear |R| = [32m1.516275e+04[39m
     20 Linear |R| = [32m1.030346e+04[39m
     21 Linear |R| = [32m6.856959e+03[39m
     22 Linear |R| = [32m3.703222e+03[39m
     23 Linear |R| = [32m1.851947e+03[39m
     24 Linear |R| = [32m1.025069e+03[39m
     25 Linear |R| = [32m5.811521e+02[39m
     26 Linear |R| = [32m3.201895e+02[39m
     27 Linear |R| = [32m1.854722e+02[39m
     28 Linear |R| = [32m1.229006e+02[39m
     29 Linear |R| = [32m8.572648e+01[39m
     30 Linear |R| = [32m5.043555e+01[39m
     31 Linear |R| = [32m3.495132e+01[39m
     32 Linear |R| = [32m2.386974e+01[39m
     33 Linear |R| = [32m1.546214e+01[39m
     34 Linear |R| = [32m8.887710e+00[39m
     35 Linear |R| = [32m5.364816e+00[39m
 3 Nonlinear |R| = [33m6.052255e+05[39m
      0 Linear |R| = [32m6.052255e+05[39m
      1 Linear |R| = [33m5.986081e+05[39m
      2 Linear |R| = [32m5.271676e+05[39m
      3 Linear |R| = [33m5.257196e+05[39m
      4 Linear |R| = [32m4.864675e+05[39m
      5 Linear |R| = [33m4.704180e+05[39m
      6 Linear |R| = [32m4.304676e+05[39m
      7 Linear |R| = [32m3.920882e+05[39m
      8 Linear |R| = [32m2.885667e+05[39m
      9 Linear |R| = [32m2.075397e+05[39m
     10 Linear |R| = [32m1.708072e+05[39m
     11 Linear |R| = [32m1.289004e+05[39m
     12 Linear |R| = [32m9.413959e+04[39m
     13 Linear |R| = [32m6.507680e+04[39m
     14 Linear |R| = [32m4.982673e+04[39m
     15 Linear |R| = [32m4.065595e+04[39m
     16 Linear |R| = [32m3.314381e+04[39m
     17 Linear |R| = [32m2.803530e+04[39m
     18 Linear |R| = [32m2.166647e+04[39m
     19 Linear |R| = [32m1.471678e+04[39m
     20 Linear |R| = [32m1.019829e+04[39m
     21 Linear |R| = [32m5.988538e+03[39m
     22 Linear |R| = [32m3.149571e+03[39m
     23 Linear |R| = [32m1.695095e+03[39m
     24 Linear |R| = [32m9.189790e+02[39m
     25 Linear |R| = [32m4.817352e+02[39m
     26 Linear |R| = [32m2.629739e+02[39m
     27 Linear |R| = [32m1.741595e+02[39m
     28 Linear |R| = [32m1.188918e+02[39m
     29 Linear |R| = [32m7.459412e+01[39m
     30 Linear |R| = [32m4.335521e+01[39m
     31 Linear |R| = [32m3.042072e+01[39m
     32 Linear |R| = [32m1.998540e+01[39m
     33 Linear |R| = [32m1.255313e+01[39m
     34 Linear |R| = [32m7.786508e+00[39m
     35 Linear |R| = [32m4.815211e+00[39m
 4 Nonlinear |R| = [33m5.904292e+05[39m
      0 Linear |R| = [32m5.904292e+05[39m
      1 Linear |R| = [33m5.846257e+05[39m
      2 Linear |R| = [32m5.070411e+05[39m
      3 Linear |R| = [33m5.044514e+05[39m
      4 Linear |R| = [32m4.363303e+05[39m
      5 Linear |R| = [33m4.172510e+05[39m
      6 Linear |R| = [32m3.504328e+05[39m
      7 Linear |R| = [32m2.505001e+05[39m
      8 Linear |R| = [32m1.740503e+05[39m
      9 Linear |R| = [32m1.397181e+05[39m
     10 Linear |R| = [32m1.129469e+05[39m
     11 Linear |R| = [32m8.797964e+04[39m
     12 Linear |R| = [32m6.762878e+04[39m
     13 Linear |R| = [32m5.023823e+04[39m
     14 Linear |R| = [32m3.859535e+04[39m
     15 Linear |R| = [32m3.225572e+04[39m
     16 Linear |R| = [32m2.500193e+04[39m
     17 Linear |R| = [32m1.852409e+04[39m
     18 Linear |R| = [32m1.341773e+04[39m
     19 Linear |R| = [32m8.262583e+03[39m
     20 Linear |R| = [32m4.903380e+03[39m
     21 Linear |R| = [32m2.705307e+03[39m
     22 Linear |R| = [32m1.360762e+03[39m
     23 Linear |R| = [32m6.668281e+02[39m
     24 Linear |R| = [32m3.474837e+02[39m
     25 Linear |R| = [32m1.938006e+02[39m
     26 Linear |R| = [32m1.144064e+02[39m
     27 Linear |R| = [32m7.616508e+01[39m
     28 Linear |R| = [32m4.986567e+01[39m
     29 Linear |R| = [32m2.908955e+01[39m
     30 Linear |R| = [32m1.846947e+01[39m
     31 Linear |R| = [32m1.032489e+01[39m
     32 Linear |R| = [32m6.941735e+00[39m
     33 Linear |R| = [32m3.975202e+00[39m
 5 Nonlinear |R| = [32m3.185140e+05[39m
      0 Linear |R| = [32m3.185140e+05[39m
      1 Linear |R| = [32m1.880698e+05[39m
      2 Linear |R| = [32m1.493689e+05[39m
      3 Linear |R| = [32m9.098447e+04[39m
      4 Linear |R| = [32m4.818106e+04[39m
      5 Linear |R| = [32m2.479210e+04[39m
      6 Linear |R| = [32m1.132430e+04[39m
      7 Linear |R| = [32m4.967468e+03[39m
      8 Linear |R| = [32m2.643657e+03[39m
      9 Linear |R| = [32m1.433071e+03[39m
     10 Linear |R| = [32m7.172790e+02[39m
     11 Linear |R| = [32m3.395735e+02[39m
     12 Linear |R| = [32m1.663400e+02[39m
     13 Linear |R| = [32m7.362559e+01[39m
     14 Linear |R| = [32m2.775077e+01[39m
     15 Linear |R| = [32m1.047935e+01[39m
     16 Linear |R| = [32m4.341416e+00[39m
     17 Linear |R| = [32m2.071915e+00[39m
 6 Nonlinear |R| = [33m3.159693e+05[39m
      0 Linear |R| = [32m3.159693e+05[39m
      1 Linear |R| = [32m2.377483e+05[39m
      2 Linear |R| = [32m1.634215e+05[39m
      3 Linear |R| = [32m9.506444e+04[39m
      4 Linear |R| = [32m5.224857e+04[39m
      5 Linear |R| = [32m2.577306e+04[39m
      6 Linear |R| = [32m1.061469e+04[39m
      7 Linear |R| = [32m4.486771e+03[39m
      8 Linear |R| = [32m2.458865e+03[39m
      9 Linear |R| = [32m1.397193e+03[39m
     10 Linear |R| = [32m6.791420e+02[39m
     11 Linear |R| = [32m3.424000e+02[39m
     12 Linear |R| = [32m1.951898e+02[39m
     13 Linear |R| = [32m8.819114e+01[39m
     14 Linear |R| = [32m3.612653e+01[39m
     15 Linear |R| = [32m1.411271e+01[39m
     16 Linear |R| = [32m6.266873e+00[39m
     17 Linear |R| = [32m3.019297e+00[39m
 7 Nonlinear |R| = [32m2.361050e+05[39m
      0 Linear |R| = [32m2.361050e+05[39m
      1 Linear |R| = [32m2.087114e+05[39m
      2 Linear |R| = [32m1.403589e+05[39m
      3 Linear |R| = [32m8.431406e+04[39m
      4 Linear |R| = [32m4.681764e+04[39m
      5 Linear |R| = [32m2.208401e+04[39m
      6 Linear |R| = [32m9.628878e+03[39m
      7 Linear |R| = [32m4.490966e+03[39m
      8 Linear |R| = [32m2.431053e+03[39m
      9 Linear |R| = [32m1.424020e+03[39m
     10 Linear |R| = [32m6.695192e+02[39m
     11 Linear |R| = [32m3.529872e+02[39m
     12 Linear |R| = [32m2.017600e+02[39m
     13 Linear |R| = [32m8.566164e+01[39m
     14 Linear |R| = [32m3.294638e+01[39m
     15 Linear |R| = [32m1.325852e+01[39m
     16 Linear |R| = [32m6.280373e+00[39m
     17 Linear |R| = [32m3.122178e+00[39m
     18 Linear |R| = [32m1.483263e+00[39m
 8 Nonlinear |R| = [32m1.251491e+05[39m
      0 Linear |R| = [32m1.251491e+05[39m
      1 Linear |R| = [32m3.171458e+04[39m
      2 Linear |R| = [32m8.399289e+03[39m
      3 Linear |R| = [32m2.926137e+03[39m
      4 Linear |R| = [32m8.744693e+02[39m
      5 Linear |R| = [32m2.986431e+02[39m
      6 Linear |R| = [32m8.591766e+01[39m
      7 Linear |R| = [32m2.879641e+01[39m
      8 Linear |R| = [32m8.594982e+00[39m
      9 Linear |R| = [32m3.071960e+00[39m
     10 Linear |R| = [32m9.513213e-01[39m
 9 Nonlinear |R| = [32m9.513171e-01[39m
  Finished Solving                                                                       [[33m 16.90 s[39m] [[33m  221 MB[39m]
[32m Solve Converged![39m

Postprocessor Values:
+----------------+----------------+----------------+----------------+------------------+----------------+----------------+
| time           | base_shear_x   | damage_c_max   | damage_t_max   | damage_total_max | top_disp_x     | top_disp_y     |
+----------------+----------------+----------------+----------------+------------------+----------------+----------------+
|   0.000000e+00 |   0.000000e+00 |   0.000000e+00 |   0.000000e+00 |     0.000000e+00 |   0.000000e+00 |   0.000000e+00 |
|   4.000000e+00 |  -2.483338e+05 |   0.000000e+00 |   9.697034e-01 |     9.697034e-01 |  -3.930000e-03 |   1.120145e-03 |
|   8.000000e+00 |  -8.271337e+04 |   0.000000e+00 |   8.564370e-01 |     8.564370e-01 |  -1.310000e-03 |   1.120145e-03 |
|   1.200000e+01 |   8.290632e+04 |   0.000000e+00 |   8.759365e-01 |     8.759365e-01 |   1.310000e-03 |   1.120145e-03 |
|   1.600000e+01 |   2.484306e+05 |   0.000000e+00 |   9.697011e-01 |     9.697011e-01 |   3.930000e-03 |   1.120407e-03 |
|   2.000000e+01 |   4.099492e+05 |   0.000000e+00 |   9.790604e-01 |     9.790604e-01 |   6.550000e-03 |   1.130874e-03 |
|   2.400000e+01 |   2.443276e+05 |   0.000000e+00 |   9.306723e-01 |     9.306723e-01 |   3.930000e-03 |   1.130874e-03 |
|   2.800000e+01 |   7.870841e+04 |   0.000000e+00 |   8.021362e-01 |     8.021362e-01 |   1.310000e-03 |   1.130874e-03 |
+----------------+----------------+----------------+----------------+------------------+----------------+----------------+


Time Step 8, time = 32, dt = 4
 0 Nonlinear |R| = [32m6.423157e+05[39m
      0 Linear |R| = [32m6.423157e+05[39m
      1 Linear |R| = [33m6.299421e+05[39m
      2 Linear |R| = [32m5.548031e+05[39m
      3 Linear |R| = [33m5.510062e+05[39m
      4 Linear |R| = [32m5.018546e+05[39m
      5 Linear |R| = [32m4.720392e+05[39m
      6 Linear |R| = [32m4.067012e+05[39m
      7 Linear |R| = [32m3.394300e+05[39m
      8 Linear |R| = [32m2.316976e+05[39m
      9 Linear |R| = [32m1.556245e+05[39m
     10 Linear |R| = [32m1.259485e+05[39m
     11 Linear |R| = [32m1.082701e+05[39m
     12 Linear |R| = [32m9.209057e+04[39m
     13 Linear |R| = [32m7.527845e+04[39m
     14 Linear |R| = [32m5.423289e+04[39m
     15 Linear |R| = [32m4.225903e+04[39m
     16 Linear |R| = [32m2.841121e+04[39m
     17 Linear |R| = [32m1.863759e+04[39m
     18 Linear |R| = [32m1.482304e+04[39m
     19 Linear |R| = [32m1.059549e+04[39m
     20 Linear |R| = [32m7.168865e+03[39m
     21 Linear |R| = [32m5.117801e+03[39m
     22 Linear |R| = [32m3.188412e+03[39m
     23 Linear |R| = [32m1.653154e+03[39m
     24 Linear |R| = [32m9.324546e+02[39m
     25 Linear |R| = [32m5.526628e+02[39m
     26 Linear |R| = [32m3.241263e+02[39m
     27 Linear |R| = [32m1.943078e+02[39m
     28 Linear |R| = [32m1.215199e+02[39m
     29 Linear |R| = [32m8.425455e+01[39m
     30 Linear |R| = [32m5.149302e+01[39m
     31 Linear |R| = [32m3.541689e+01[39m
     32 Linear |R| = [32m2.573962e+01[39m
     33 Linear |R| = [32m1.689822e+01[39m
     34 Linear |R| = [32m9.558821e+00[39m
     35 Linear |R| = [32m5.530707e+00[39m
 1 Nonlinear |R| = [33m6.189992e+05[39m
      0 Linear |R| = [32m6.189992e+05[39m
      1 Linear |R| = [33m6.072237e+05[39m
      2 Linear |R| = [32m5.351264e+05[39m
      3 Linear |R| = [33m5.321202e+05[39m
      4 Linear |R| = [32m4.825392e+05[39m
      5 Linear |R| = [32m4.542910e+05[39m
      6 Linear |R| = [32m3.910793e+05[39m
      7 Linear |R| = [32m3.284830e+05[39m
      8 Linear |R| = [32m2.183572e+05[39m
      9 Linear |R| = [32m1.488773e+05[39m
     10 Linear |R| = [32m1.234165e+05[39m
     11 Linear |R| = [32m1.059184e+05[39m
     12 Linear |R| = [32m8.948495e+04[39m
     13 Linear |R| = [32m7.179119e+04[39m
     14 Linear |R| = [32m5.273556e+04[39m
     15 Linear |R| = [32m4.078876e+04[39m
     16 Linear |R| = [32m2.618680e+04[39m
     17 Linear |R| = [32m1.841242e+04[39m
     18 Linear |R| = [32m1.459046e+04[39m
     19 Linear |R| = [32m9.837650e+03[39m
     20 Linear |R| = [32m7.058981e+03[39m
     21 Linear |R| = [32m4.923852e+03[39m
     22 Linear |R| = [32m2.828117e+03[39m
     23 Linear |R| = [32m1.540499e+03[39m
     24 Linear |R| = [32m8.845813e+02[39m
     25 Linear |R| = [32m5.160687e+02[39m
     26 Linear |R| = [32m2.885262e+02[39m
     27 Linear |R| = [32m1.733510e+02[39m
     28 Linear |R| = [32m1.163614e+02[39m
     29 Linear |R| = [32m7.756875e+01[39m
     30 Linear |R| = [32m4.432666e+01[39m
     31 Linear |R| = [32m3.038825e+01[39m
     32 Linear |R| = [32m2.131474e+01[39m
     33 Linear |R| = [32m1.410931e+01[39m
     34 Linear |R| = [32m8.398095e+00[39m
     35 Linear |R| = [32m5.143464e+00[39m
 2 Nonlinear |R| = [33m6.033998e+05[39m
      0 Linear |R| = [32m6.033998e+05[39m
      1 Linear |R| = [33m5.922217e+05[39m
      2 Linear |R| = [32m5.229737e+05[39m
      3 Linear |R| = [33m5.214676e+05[39m
      4 Linear |R| = [32m4.670048e+05[39m
      5 Linear |R| = [32m4.400171e+05[39m
      6 Linear |R| = [32m3.803344e+05[39m
      7 Linear |R| = [32m3.157247e+05[39m
      8 Linear |R| = [32m1.976711e+05[39m
      9 Linear |R| = [32m1.500252e+05[39m
     10 Linear |R| = [32m1.286706e+05[39m
     11 Linear |R| = [32m1.091809e+05[39m
     12 Linear |R| = [32m9.059946e+04[39m
     13 Linear |R| = [32m7.118843e+04[39m
     14 Linear |R| = [32m5.250438e+04[39m
     15 Linear |R| = [32m3.741226e+04[39m
     16 Linear |R| = [32m2.453058e+04[39m
     17 Linear |R| = [32m1.768888e+04[39m
     18 Linear |R| = [32m1.254936e+04[39m
     19 Linear |R| = [32m8.847480e+03[39m
     20 Linear |R| = [32m6.599600e+03[39m
     21 Linear |R| = [32m4.112073e+03[39m
     22 Linear |R| = [32m2.409682e+03[39m
     23 Linear |R| = [32m1.390889e+03[39m
     24 Linear |R| = [32m7.376590e+02[39m
     25 Linear |R| = [32m4.054405e+02[39m
     26 Linear |R| = [32m2.326223e+02[39m
     27 Linear |R| = [32m1.567247e+02[39m
     28 Linear |R| = [32m1.007366e+02[39m
     29 Linear |R| = [32m6.251791e+01[39m
     30 Linear |R| = [32m3.827555e+01[39m
     31 Linear |R| = [32m2.635395e+01[39m
     32 Linear |R| = [32m1.671471e+01[39m
     33 Linear |R| = [32m1.067684e+01[39m
     34 Linear |R| = [32m6.939064e+00[39m
     35 Linear |R| = [32m4.206963e+00[39m
 3 Nonlinear |R| = [33m5.831514e+05[39m
      0 Linear |R| = [32m5.831514e+05[39m
      1 Linear |R| = [33m5.619486e+05[39m
      2 Linear |R| = [32m5.115054e+05[39m
      3 Linear |R| = [32m4.407444e+05[39m
      4 Linear |R| = [32m3.715986e+05[39m
      5 Linear |R| = [32m3.079355e+05[39m
      6 Linear |R| = [32m2.381601e+05[39m
      7 Linear |R| = [32m1.841882e+05[39m
      8 Linear |R| = [32m1.381647e+05[39m
      9 Linear |R| = [32m1.013179e+05[39m
     10 Linear |R| = [32m7.195745e+04[39m
     11 Linear |R| = [32m5.316181e+04[39m
     12 Linear |R| = [32m3.807973e+04[39m
     13 Linear |R| = [32m2.729165e+04[39m
     14 Linear |R| = [32m1.867143e+04[39m
     15 Linear |R| = [32m1.308890e+04[39m
     16 Linear |R| = [32m8.476239e+03[39m
     17 Linear |R| = [32m4.856643e+03[39m
     18 Linear |R| = [32m2.868308e+03[39m
     19 Linear |R| = [32m1.492583e+03[39m
     20 Linear |R| = [32m8.349886e+02[39m
     21 Linear |R| = [32m4.738956e+02[39m
     22 Linear |R| = [32m2.869324e+02[39m
     23 Linear |R| = [32m1.668128e+02[39m
     24 Linear |R| = [32m9.011109e+01[39m
     25 Linear |R| = [32m4.851643e+01[39m
     26 Linear |R| = [32m2.331154e+01[39m
     27 Linear |R| = [32m1.151229e+01[39m
     28 Linear |R| = [32m5.656809e+00[39m
 4 Nonlinear |R| = [32m5.466959e+05[39m
      0 Linear |R| = [32m5.466959e+05[39m
      1 Linear |R| = [32m4.749657e+05[39m
      2 Linear |R| = [32m4.200156e+05[39m
      3 Linear |R| = [32m3.057815e+05[39m
      4 Linear |R| = [32m2.259302e+05[39m
      5 Linear |R| = [32m1.627106e+05[39m
      6 Linear |R| = [32m9.576291e+04[39m
      7 Linear |R| = [32m5.537935e+04[39m
      8 Linear |R| = [32m3.162100e+04[39m
      9 Linear |R| = [32m1.590911e+04[39m
     10 Linear |R| = [32m8.188999e+03[39m
     11 Linear |R| = [32m4.347101e+03[39m
     12 Linear |R| = [32m2.183590e+03[39m
     13 Linear |R| = [32m1.358120e+03[39m
     14 Linear |R| = [32m9.146540e+02[39m
     15 Linear |R| = [32m6.319913e+02[39m
     16 Linear |R| = [32m3.982281e+02[39m
     17 Linear |R| = [32m2.081762e+02[39m
     18 Linear |R| = [32m9.496782e+01[39m
     19 Linear |R| = [32m4.139990e+01[39m
     20 Linear |R| = [32m1.783387e+01[39m
     21 Linear |R| = [32m7.395035e+00[39m
     22 Linear |R| = [32m3.431281e+00[39m
 5 Nonlinear |R| = [32m4.910599e+05[39m
      0 Linear |R| = [32m4.910599e+05[39m
      1 Linear |R| = [32m2.992333e+05[39m
      2 Linear |R| = [32m2.448955e+05[39m
      3 Linear |R| = [32m1.282739e+05[39m
      4 Linear |R| = [32m6.273487e+04[39m
      5 Linear |R| = [32m3.475431e+04[39m
      6 Linear |R| = [32m1.605030e+04[39m
      7 Linear |R| = [32m5.446417e+03[39m
      8 Linear |R| = [32m2.228689e+03[39m
      9 Linear |R| = [32m9.099178e+02[39m
     10 Linear |R| = [32m3.796276e+02[39m
     11 Linear |R| = [32m1.317219e+02[39m
     12 Linear |R| = [32m6.109589e+01[39m
     13 Linear |R| = [32m3.316657e+01[39m
     14 Linear |R| = [32m1.591563e+01[39m
     15 Linear |R| = [32m7.232199e+00[39m
     16 Linear |R| = [32m3.277021e+00[39m
 6 Nonlinear |R| = [32m3.536284e+05[39m
      0 Linear |R| = [32m3.536284e+05[39m
      1 Linear |R| = [32m5.163641e+04[39m
      2 Linear |R| = [32m1.468724e+04[39m
      3 Linear |R| = [32m4.787805e+03[39m
      4 Linear |R| = [32m1.466527e+03[39m
      5 Linear |R| = [32m5.511670e+02[39m
      6 Linear |R| = [32m1.671439e+02[39m
      7 Linear |R| = [32m5.305211e+01[39m
      8 Linear |R| = [32m1.798368e+01[39m
      9 Linear |R| = [32m5.910127e+00[39m
     10 Linear |R| = [32m1.835410e+00[39m
 7 Nonlinear |R| = [32m1.835392e+00[39m
[32m Solve Converged![39m
  Finished Solving                                                                       [[33m 12.93 s[39m] [[33m  222 MB[39m]

Postprocessor Values:
+----------------+----------------+----------------+----------------+------------------+----------------+----------------+
| time           | base_shear_x   | damage_c_max   | damage_t_max   | damage_total_max | top_disp_x     | top_disp_y     |
+----------------+----------------+----------------+----------------+------------------+----------------+----------------+
|   0.000000e+00 |   0.000000e+00 |   0.000000e+00 |   0.000000e+00 |     0.000000e+00 |   0.000000e+00 |   0.000000e+00 |
|   4.000000e+00 |  -2.483338e+05 |   0.000000e+00 |   9.697034e-01 |     9.697034e-01 |  -3.930000e-03 |   1.120145e-03 |
|   8.000000e+00 |  -8.271337e+04 |   0.000000e+00 |   8.564370e-01 |     8.564370e-01 |  -1.310000e-03 |   1.120145e-03 |
|   1.200000e+01 |   8.290632e+04 |   0.000000e+00 |   8.759365e-01 |     8.759365e-01 |   1.310000e-03 |   1.120145e-03 |
|   1.600000e+01 |   2.484306e+05 |   0.000000e+00 |   9.697011e-01 |     9.697011e-01 |   3.930000e-03 |   1.120407e-03 |
|   2.000000e+01 |   4.099492e+05 |   0.000000e+00 |   9.790604e-01 |     9.790604e-01 |   6.550000e-03 |   1.130874e-03 |
|   2.400000e+01 |   2.443276e+05 |   0.000000e+00 |   9.306723e-01 |     9.306723e-01 |   3.930000e-03 |   1.130874e-03 |
|   2.800000e+01 |   7.870841e+04 |   0.000000e+00 |   8.021362e-01 |     8.021362e-01 |   1.310000e-03 |   1.130874e-03 |
|   3.200000e+01 |  -8.691146e+04 |   0.000000e+00 |   8.888914e-01 |     8.888914e-01 |  -1.310000e-03 |   1.130873e-03 |
+----------------+----------------+----------------+----------------+------------------+----------------+----------------+


Time Step 9, time = 36, dt = 4
 0 Nonlinear |R| = [32m5.741387e+05[39m
      0 Linear |R| = [32m5.741387e+05[39m
      1 Linear |R| = [33m5.622952e+05[39m
      2 Linear |R| = [32m4.961003e+05[39m
      3 Linear |R| = [33m4.922991e+05[39m
      4 Linear |R| = [32m4.559511e+05[39m
      5 Linear |R| = [33m4.349813e+05[39m
      6 Linear |R| = [32m3.852017e+05[39m
      7 Linear |R| = [32m3.402094e+05[39m
      8 Linear |R| = [32m2.538723e+05[39m
      9 Linear |R| = [32m1.686733e+05[39m
     10 Linear |R| = [32m1.373585e+05[39m
     11 Linear |R| = [32m1.158207e+05[39m
     12 Linear |R| = [32m9.574821e+04[39m
     13 Linear |R| = [32m7.456022e+04[39m
     14 Linear |R| = [32m5.314202e+04[39m
     15 Linear |R| = [32m4.356536e+04[39m
     16 Linear |R| = [32m3.352918e+04[39m
     17 Linear |R| = [32m2.525891e+04[39m
     18 Linear |R| = [32m2.055807e+04[39m
     19 Linear |R| = [32m1.344161e+04[39m
     20 Linear |R| = [32m8.579318e+03[39m
     21 Linear |R| = [32m5.974488e+03[39m
     22 Linear |R| = [32m3.535985e+03[39m
     23 Linear |R| = [32m1.723183e+03[39m
     24 Linear |R| = [32m9.355751e+02[39m
     25 Linear |R| = [32m5.423372e+02[39m
     26 Linear |R| = [32m3.150391e+02[39m
     27 Linear |R| = [32m1.892294e+02[39m
     28 Linear |R| = [32m1.201660e+02[39m
     29 Linear |R| = [32m8.350428e+01[39m
     30 Linear |R| = [32m5.020139e+01[39m
     31 Linear |R| = [32m3.415963e+01[39m
     32 Linear |R| = [32m2.447923e+01[39m
     33 Linear |R| = [32m1.578171e+01[39m
     34 Linear |R| = [32m8.859246e+00[39m
     35 Linear |R| = [32m5.156728e+00[39m
 1 Nonlinear |R| = [33m5.671477e+05[39m
      0 Linear |R| = [32m5.671477e+05[39m
      1 Linear |R| = [33m5.554061e+05[39m
      2 Linear |R| = [32m4.901261e+05[39m
      3 Linear |R| = [33m4.864645e+05[39m
      4 Linear |R| = [32m4.502464e+05[39m
      5 Linear |R| = [33m4.296370e+05[39m
      6 Linear |R| = [32m3.805336e+05[39m
      7 Linear |R| = [32m3.365470e+05[39m
      8 Linear |R| = [32m2.500718e+05[39m
      9 Linear |R| = [32m1.661352e+05[39m
     10 Linear |R| = [32m1.359404e+05[39m
     11 Linear |R| = [32m1.146365e+05[39m
     12 Linear |R| = [32m9.460056e+04[39m
     13 Linear |R| = [32m7.338070e+04[39m
     14 Linear |R| = [32m5.256245e+04[39m
     15 Linear |R| = [32m4.312281e+04[39m
     16 Linear |R| = [32m3.299942e+04[39m
     17 Linear |R| = [32m2.505264e+04[39m
     18 Linear |R| = [32m2.033655e+04[39m
     19 Linear |R| = [32m1.313268e+04[39m
     20 Linear |R| = [32m8.530602e+03[39m
     21 Linear |R| = [32m5.936018e+03[39m
     22 Linear |R| = [32m3.434203e+03[39m
     23 Linear |R| = [32m1.685638e+03[39m
     24 Linear |R| = [32m9.221932e+02[39m
     25 Linear |R| = [32m5.334533e+02[39m
     26 Linear |R| = [32m3.077714e+02[39m
     27 Linear |R| = [32m1.845523e+02[39m
     28 Linear |R| = [32m1.189698e+02[39m
     29 Linear |R| = [32m8.236961e+01[39m
     30 Linear |R| = [32m4.856514e+01[39m
     31 Linear |R| = [32m3.275619e+01[39m
     32 Linear |R| = [32m2.340031e+01[39m
     33 Linear |R| = [32m1.512912e+01[39m
     34 Linear |R| = [32m8.550044e+00[39m
     35 Linear |R| = [32m5.031202e+00[39m
 2 Nonlinear |R| = [33m5.609851e+05[39m
      0 Linear |R| = [32m5.609851e+05[39m
      1 Linear |R| = [33m5.493193e+05[39m
      2 Linear |R| = [32m4.849353e+05[39m
      3 Linear |R| = [33m4.814310e+05[39m
      4 Linear |R| = [32m4.453463e+05[39m
      5 Linear |R| = [33m4.251083e+05[39m
      6 Linear |R| = [32m3.767675e+05[39m
      7 Linear |R| = [32m3.338458e+05[39m
      8 Linear |R| = [32m2.468354e+05[39m
      9 Linear |R| = [32m1.642157e+05[39m
     10 Linear |R| = [32m1.350913e+05[39m
     11 Linear |R| = [32m1.139036e+05[39m
     12 Linear |R| = [32m9.377860e+04[39m
     13 Linear |R| = [32m7.240708e+04[39m
     14 Linear |R| = [32m5.220140e+04[39m
     15 Linear |R| = [32m4.283851e+04[39m
     16 Linear |R| = [32m3.259821e+04[39m
     17 Linear |R| = [32m2.497548e+04[39m
     18 Linear |R| = [32m2.018449e+04[39m
     19 Linear |R| = [32m1.287191e+04[39m
     20 Linear |R| = [32m8.542185e+03[39m
     21 Linear |R| = [32m5.908743e+03[39m
     22 Linear |R| = [32m3.334617e+03[39m
     23 Linear |R| = [32m1.656637e+03[39m
     24 Linear |R| = [32m9.111800e+02[39m
     25 Linear |R| = [32m5.257213e+02[39m
     26 Linear |R| = [32m3.007614e+02[39m
     27 Linear |R| = [32m1.804540e+02[39m
     28 Linear |R| = [32m1.184330e+02[39m
     29 Linear |R| = [32m8.128977e+01[39m
     30 Linear |R| = [32m4.691604e+01[39m
     31 Linear |R| = [32m3.150413e+01[39m
     32 Linear |R| = [32m2.235216e+01[39m
     33 Linear |R| = [32m1.446974e+01[39m
     34 Linear |R| = [32m8.264287e+00[39m
     35 Linear |R| = [32m4.944079e+00[39m
 3 Nonlinear |R| = [33m5.550218e+05[39m
      0 Linear |R| = [32m5.550218e+05[39m
      1 Linear |R| = [33m5.434125e+05[39m
      2 Linear |R| = [32m4.799563e+05[39m
      3 Linear |R| = [33m4.766365e+05[39m
      4 Linear |R| = [32m4.405229e+05[39m
      5 Linear |R| = [33m4.206903e+05[39m
      6 Linear |R| = [32m3.732265e+05[39m
      7 Linear |R| = [32m3.314362e+05[39m
      8 Linear |R| = [32m2.432665e+05[39m
      9 Linear |R| = [32m1.624120e+05[39m
     10 Linear |R| = [32m1.345721e+05[39m
     11 Linear |R| = [32m1.133786e+05[39m
     12 Linear |R| = [32m9.300858e+04[39m
     13 Linear |R| = [32m7.145410e+04[39m
     14 Linear |R| = [32m5.198007e+04[39m
     15 Linear |R| = [32m4.258255e+04[39m
     16 Linear |R| = [32m3.221621e+04[39m
     17 Linear |R| = [32m2.496976e+04[39m
     18 Linear |R| = [32m2.000315e+04[39m
     19 Linear |R| = [32m1.262821e+04[39m
     20 Linear |R| = [32m8.604694e+03[39m
     21 Linear |R| = [32m5.862490e+03[39m
     22 Linear |R| = [32m3.220213e+03[39m
     23 Linear |R| = [32m1.629408e+03[39m
     24 Linear |R| = [32m8.984951e+02[39m
     25 Linear |R| = [32m5.162229e+02[39m
     26 Linear |R| = [32m2.914813e+02[39m
     27 Linear |R| = [32m1.762020e+02[39m
     28 Linear |R| = [32m1.182156e+02[39m
     29 Linear |R| = [32m7.965317e+01[39m
     30 Linear |R| = [32m4.510522e+01[39m
     31 Linear |R| = [32m3.026907e+01[39m
     32 Linear |R| = [32m2.117945e+01[39m
     33 Linear |R| = [32m1.373600e+01[39m
     34 Linear |R| = [32m7.973367e+00[39m
     35 Linear |R| = [32m4.876113e+00[39m
 4 Nonlinear |R| = [33m5.491254e+05[39m
      0 Linear |R| = [32m5.491254e+05[39m
      1 Linear |R| = [33m5.375480e+05[39m
      2 Linear |R| = [32m4.750387e+05[39m
      3 Linear |R| = [33m4.719596e+05[39m
      4 Linear |R| = [32m4.355017e+05[39m
      5 Linear |R| = [33m4.160741e+05[39m
      6 Linear |R| = [32m3.695638e+05[39m
      7 Linear |R| = [32m3.288268e+05[39m
      8 Linear |R| = [32m2.384346e+05[39m
      9 Linear |R| = [32m1.603617e+05[39m
     10 Linear |R| = [32m1.341455e+05[39m
     11 Linear |R| = [32m1.128278e+05[39m
     12 Linear |R| = [32m9.203037e+04[39m
     13 Linear |R| = [32m7.026410e+04[39m
     14 Linear |R| = [32m5.179584e+04[39m
     15 Linear |R| = [32m4.220686e+04[39m
     16 Linear |R| = [32m3.177979e+04[39m
     17 Linear |R| = [32m2.498677e+04[39m
     18 Linear |R| = [32m1.967408e+04[39m
     19 Linear |R| = [32m1.239567e+04[39m
     20 Linear |R| = [32m8.704428e+03[39m
     21 Linear |R| = [32m5.744821e+03[39m
     22 Linear |R| = [32m3.069506e+03[39m
     23 Linear |R| = [32m1.596224e+03[39m
     24 Linear |R| = [32m8.802618e+02[39m
     25 Linear |R| = [32m5.017202e+02[39m
     26 Linear |R| = [32m2.784582e+02[39m
     27 Linear |R| = [32m1.720296e+02[39m
     28 Linear |R| = [32m1.180355e+02[39m
     29 Linear |R| = [32m7.680426e+01[39m
     30 Linear |R| = [32m4.317917e+01[39m
     31 Linear |R| = [32m2.917591e+01[39m
     32 Linear |R| = [32m1.987725e+01[39m
     33 Linear |R| = [32m1.287716e+01[39m
     34 Linear |R| = [32m7.669263e+00[39m
     35 Linear |R| = [32m4.824131e+00[39m
 5 Nonlinear |R| = [33m5.433510e+05[39m
      0 Linear |R| = [32m5.433510e+05[39m
      1 Linear |R| = [33m5.317632e+05[39m
      2 Linear |R| = [32m4.703433e+05[39m
      3 Linear |R| = [33m4.676123e+05[39m
      4 Linear |R| = [32m4.303761e+05[39m
      5 Linear |R| = [33m4.114262e+05[39m
      6 Linear |R| = [32m3.663105e+05[39m
      7 Linear |R| = [32m3.262760e+05[39m
      8 Linear |R| = [32m2.320020e+05[39m
      9 Linear |R| = [32m1.589941e+05[39m
     10 Linear |R| = [32m1.345918e+05[39m
     11 Linear |R| = [32m1.126891e+05[39m
     12 Linear |R| = [32m9.102626e+04[39m
     13 Linear |R| = [32m6.916462e+04[39m
     14 Linear |R| = [32m5.187661e+04[39m
     15 Linear |R| = [32m4.173211e+04[39m
     16 Linear |R| = [32m3.153128e+04[39m
     17 Linear |R| = [32m2.509971e+04[39m
     18 Linear |R| = [32m1.915647e+04[39m
     19 Linear |R| = [32m1.232054e+04[39m
     20 Linear |R| = [32m8.848508e+03[39m
     21 Linear |R| = [32m5.491171e+03[39m
     22 Linear |R| = [32m2.892587e+03[39m
     23 Linear |R| = [32m1.557564e+03[39m
     24 Linear |R| = [32m8.517328e+02[39m
     25 Linear |R| = [32m4.766634e+02[39m
     26 Linear |R| = [32m2.620801e+02[39m
     27 Linear |R| = [32m1.699716e+02[39m
     28 Linear |R| = [32m1.171031e+02[39m
     29 Linear |R| = [32m7.228475e+01[39m
     30 Linear |R| = [32m4.142323e+01[39m
     31 Linear |R| = [32m2.839553e+01[39m
     32 Linear |R| = [32m1.844088e+01[39m
     33 Linear |R| = [32m1.183436e+01[39m
     34 Linear |R| = [32m7.311088e+00[39m
     35 Linear |R| = [32m4.693644e+00[39m
 6 Nonlinear |R| = [33m5.374348e+05[39m
      0 Linear |R| = [32m5.374348e+05[39m
      1 Linear |R| = [33m5.257641e+05[39m
      2 Linear |R| = [32m4.657931e+05[39m
      3 Linear |R| = [33m4.636693e+05[39m
      4 Linear |R| = [32m4.245386e+05[39m
      5 Linear |R| = [33m4.062886e+05[39m
      6 Linear |R| = [32m3.635911e+05[39m
      7 Linear |R| = [32m3.218944e+05[39m
      8 Linear |R| = [32m2.222165e+05[39m
      9 Linear |R| = [32m1.600871e+05[39m
     10 Linear |R| = [32m1.369534e+05[39m
     11 Linear |R| = [32m1.132092e+05[39m
     12 Linear |R| = [32m8.999385e+04[39m
     13 Linear |R| = [32m6.870089e+04[39m
     14 Linear |R| = [32m5.214519e+04[39m
     15 Linear |R| = [32m4.107962e+04[39m
     16 Linear |R| = [32m3.180766e+04[39m
     17 Linear |R| = [32m2.507092e+04[39m
     18 Linear |R| = [32m1.842046e+04[39m
     19 Linear |R| = [32m1.250572e+04[39m
     20 Linear |R| = [32m8.759933e+03[39m
     21 Linear |R| = [32m4.945489e+03[39m
     22 Linear |R| = [32m2.674002e+03[39m
     23 Linear |R| = [32m1.484697e+03[39m
     24 Linear |R| = [32m7.787063e+02[39m
     25 Linear |R| = [32m4.284558e+02[39m
     26 Linear |R| = [32m2.495816e+02[39m
     27 Linear |R| = [32m1.710375e+02[39m
     28 Linear |R| = [32m1.112412e+02[39m
     29 Linear |R| = [32m6.652746e+01[39m
     30 Linear |R| = [32m3.990458e+01[39m
     31 Linear |R| = [32m2.706136e+01[39m
     32 Linear |R| = [32m1.664100e+01[39m
     33 Linear |R| = [32m1.040232e+01[39m
     34 Linear |R| = [32m6.732605e+00[39m
     35 Linear |R| = [32m4.204119e+00[39m
 7 Nonlinear |R| = [33m5.305987e+05[39m
      0 Linear |R| = [32m5.305987e+05[39m
      1 Linear |R| = [33m5.187331e+05[39m
      2 Linear |R| = [32m4.609345e+05[39m
      3 Linear |R| = [33m4.603242e+05[39m
      4 Linear |R| = [32m4.150475e+05[39m
      5 Linear |R| = [33m3.991103e+05[39m
      6 Linear |R| = [32m3.560327e+05[39m
      7 Linear |R| = [32m2.991034e+05[39m
      8 Linear |R| = [32m2.127800e+05[39m
      9 Linear |R| = [32m1.697022e+05[39m
     10 Linear |R| = [32m1.421204e+05[39m
     11 Linear |R| = [32m1.141418e+05[39m
     12 Linear |R| = [32m9.060320e+04[39m
     13 Linear |R| = [32m6.863085e+04[39m
     14 Linear |R| = [32m5.183781e+04[39m
     15 Linear |R| = [32m4.093866e+04[39m
     16 Linear |R| = [32m3.161457e+04[39m
     17 Linear |R| = [32m2.398641e+04[39m
     18 Linear |R| = [32m1.748885e+04[39m
     19 Linear |R| = [32m1.132749e+04[39m
     20 Linear |R| = [32m6.857438e+03[39m
     21 Linear |R| = [32m3.975295e+03[39m
     22 Linear |R| = [32m2.111161e+03[39m
     23 Linear |R| = [32m1.114589e+03[39m
     24 Linear |R| = [32m6.281856e+02[39m
     25 Linear |R| = [32m3.860572e+02[39m
     26 Linear |R| = [32m2.402208e+02[39m
     27 Linear |R| = [32m1.572938e+02[39m
     28 Linear |R| = [32m9.846258e+01[39m
     29 Linear |R| = [32m5.501765e+01[39m
     30 Linear |R| = [32m2.890511e+01[39m
     31 Linear |R| = [32m1.733376e+01[39m
     32 Linear |R| = [32m1.039236e+01[39m
     33 Linear |R| = [32m6.172525e+00[39m
     34 Linear |R| = [32m3.735885e+00[39m
 8 Nonlinear |R| = [32m4.770318e+05[39m
      0 Linear |R| = [32m4.770318e+05[39m
      1 Linear |R| = [32m4.277675e+05[39m
      2 Linear |R| = [32m3.729095e+05[39m
      3 Linear |R| = [32m2.891297e+05[39m
      4 Linear |R| = [32m2.320883e+05[39m
      5 Linear |R| = [32m1.723494e+05[39m
      6 Linear |R| = [32m1.088300e+05[39m
      7 Linear |R| = [32m6.803889e+04[39m
      8 Linear |R| = [32m3.941340e+04[39m
      9 Linear |R| = [32m2.116309e+04[39m
     10 Linear |R| = [32m1.131614e+04[39m
     11 Linear |R| = [32m6.505335e+03[39m
     12 Linear |R| = [32m3.557447e+03[39m
     13 Linear |R| = [32m2.371921e+03[39m
     14 Linear |R| = [32m1.667579e+03[39m
     15 Linear |R| = [32m1.140874e+03[39m
     16 Linear |R| = [32m7.539813e+02[39m
     17 Linear |R| = [32m3.895447e+02[39m
     18 Linear |R| = [32m1.871038e+02[39m
     19 Linear |R| = [32m8.808585e+01[39m
     20 Linear |R| = [32m3.788246e+01[39m
     21 Linear |R| = [32m1.639768e+01[39m
     22 Linear |R| = [32m7.914955e+00[39m
     23 Linear |R| = [32m4.192543e+00[39m
 9 Nonlinear |R| = [33m4.676395e+05[39m
      0 Linear |R| = [32m4.676395e+05[39m
      1 Linear |R| = [32m4.019699e+05[39m
      2 Linear |R| = [32m3.492055e+05[39m
      3 Linear |R| = [32m2.589312e+05[39m
      4 Linear |R| = [32m2.005222e+05[39m
      5 Linear |R| = [32m1.431910e+05[39m
      6 Linear |R| = [32m8.786910e+04[39m
      7 Linear |R| = [32m5.084485e+04[39m
      8 Linear |R| = [32m2.894670e+04[39m
      9 Linear |R| = [32m1.501783e+04[39m
     10 Linear |R| = [32m7.318040e+03[39m
     11 Linear |R| = [32m4.142875e+03[39m
     12 Linear |R| = [32m2.195863e+03[39m
     13 Linear |R| = [32m1.367565e+03[39m
     14 Linear |R| = [32m9.663838e+02[39m
     15 Linear |R| = [32m6.333150e+02[39m
     16 Linear |R| = [32m3.878307e+02[39m
     17 Linear |R| = [32m2.052805e+02[39m
     18 Linear |R| = [32m8.888910e+01[39m
     19 Linear |R| = [32m3.786285e+01[39m
     20 Linear |R| = [32m1.710062e+01[39m
     21 Linear |R| = [32m7.051615e+00[39m
     22 Linear |R| = [32m3.135369e+00[39m
10 Nonlinear |R| = [33m4.568950e+05[39m
      0 Linear |R| = [32m4.568950e+05[39m
      1 Linear |R| = [32m3.692684e+05[39m
      2 Linear |R| = [32m3.168471e+05[39m
      3 Linear |R| = [32m2.138539e+05[39m
      4 Linear |R| = [32m1.612292e+05[39m
      5 Linear |R| = [32m1.079609e+05[39m
      6 Linear |R| = [32m5.889648e+04[39m
      7 Linear |R| = [32m3.312712e+04[39m
      8 Linear |R| = [32m1.760594e+04[39m
      9 Linear |R| = [32m7.966369e+03[39m
     10 Linear |R| = [32m3.999447e+03[39m
     11 Linear |R| = [32m2.101693e+03[39m
     12 Linear |R| = [32m1.049247e+03[39m
     13 Linear |R| = [32m6.701673e+02[39m
     14 Linear |R| = [32m4.504821e+02[39m
     15 Linear |R| = [32m2.806635e+02[39m
     16 Linear |R| = [32m1.573573e+02[39m
     17 Linear |R| = [32m7.309299e+01[39m
     18 Linear |R| = [32m2.943600e+01[39m
     19 Linear |R| = [32m1.221628e+01[39m
     20 Linear |R| = [32m5.131936e+00[39m
     21 Linear |R| = [32m2.073849e+00[39m
11 Nonlinear |R| = [33m4.437651e+05[39m
      0 Linear |R| = [32m4.437651e+05[39m
      1 Linear |R| = [32m3.201197e+05[39m
      2 Linear |R| = [32m2.692650e+05[39m
      3 Linear |R| = [32m1.657429e+05[39m
      4 Linear |R| = [32m1.113443e+05[39m
      5 Linear |R| = [32m6.953130e+04[39m
      6 Linear |R| = [32m3.548440e+04[39m
      7 Linear |R| = [32m1.623101e+04[39m
      8 Linear |R| = [32m8.335924e+03[39m
      9 Linear |R| = [32m3.743632e+03[39m
     10 Linear |R| = [32m1.501316e+03[39m
     11 Linear |R| = [32m7.089576e+02[39m
     12 Linear |R| = [32m3.746515e+02[39m
     13 Linear |R| = [32m2.108149e+02[39m
     14 Linear |R| = [32m1.359761e+02[39m
     15 Linear |R| = [32m7.991911e+01[39m
     16 Linear |R| = [32m3.514039e+01[39m
     17 Linear |R| = [32m1.448015e+01[39m
     18 Linear |R| = [32m6.037880e+00[39m
     19 Linear |R| = [32m2.225824e+00[39m
12 Nonlinear |R| = [32m4.120945e+05[39m
      0 Linear |R| = [32m4.120945e+05[39m
      1 Linear |R| = [32m7.772933e+04[39m
      2 Linear |R| = [32m4.222331e+04[39m
      3 Linear |R| = [32m1.887604e+04[39m
      4 Linear |R| = [32m6.402584e+03[39m
      5 Linear |R| = [32m1.814263e+03[39m
      6 Linear |R| = [32m5.098776e+02[39m
      7 Linear |R| = [32m1.529622e+02[39m
      8 Linear |R| = [32m5.461811e+01[39m
      9 Linear |R| = [32m2.016709e+01[39m
     10 Linear |R| = [32m6.501478e+00[39m
     11 Linear |R| = [32m1.815517e+00[39m
13 Nonlinear |R| = [32m1.807196e+05[39m
      0 Linear |R| = [32m1.807196e+05[39m
      1 Linear |R| = [32m1.075705e+05[39m
      2 Linear |R| = [32m3.604448e+04[39m
      3 Linear |R| = [32m8.236266e+03[39m
      4 Linear |R| = [32m2.043214e+03[39m
      5 Linear |R| = [32m4.691610e+02[39m
      6 Linear |R| = [32m1.285005e+02[39m
      7 Linear |R| = [32m3.990649e+01[39m
      8 Linear |R| = [32m1.576138e+01[39m
      9 Linear |R| = [32m5.934738e+00[39m
     10 Linear |R| = [32m1.715169e+00[39m
14 Nonlinear |R| = [33m1.759187e+05[39m
      0 Linear |R| = [32m1.759187e+05[39m
      1 Linear |R| = [32m1.057151e+05[39m
      2 Linear |R| = [32m3.777609e+04[39m
      3 Linear |R| = [32m1.166638e+04[39m
      4 Linear |R| = [32m2.536184e+03[39m
      5 Linear |R| = [32m7.632770e+02[39m
      6 Linear |R| = [32m1.874244e+02[39m
      7 Linear |R| = [32m5.918659e+01[39m
      8 Linear |R| = [32m1.680376e+01[39m
      9 Linear |R| = [32m7.172398e+00[39m
     10 Linear |R| = [32m2.431047e+00[39m
     11 Linear |R| = [32m7.516517e-01[39m
15 Nonlinear |R| = [32m1.061956e+05[39m
      0 Linear |R| = [32m1.061956e+05[39m
      1 Linear |R| = [32m3.667492e+04[39m
      2 Linear |R| = [32m9.287945e+03[39m
      3 Linear |R| = [32m2.202804e+03[39m
      4 Linear |R| = [32m5.023102e+02[39m
      5 Linear |R| = [32m1.226079e+02[39m
      6 Linear |R| = [32m3.111700e+01[39m
      7 Linear |R| = [32m9.938790e+00[39m
      8 Linear |R| = [32m3.678291e+00[39m
      9 Linear |R| = [32m1.412108e+00[39m
     10 Linear |R| = [32m4.081959e-01[39m
16 Nonlinear |R| = [32m6.494687e+04[39m
      0 Linear |R| = [32m6.494687e+04[39m
      1 Linear |R| = [32m1.483625e+04[39m
      2 Linear |R| = [32m2.979894e+03[39m
      3 Linear |R| = [32m6.907891e+02[39m
      4 Linear |R| = [32m1.630481e+02[39m
      5 Linear |R| = [32m3.965434e+01[39m
      6 Linear |R| = [32m1.068061e+01[39m
      7 Linear |R| = [32m3.619578e+00[39m
      8 Linear |R| = [32m1.317904e+00[39m
      9 Linear |R| = [32m5.182565e-01[39m
17 Nonlinear |R| = [32m5.166791e-01[39m
[32m Solve Converged![39m
  Finished Solving                                                                       [[33m 30.45 s[39m] [[33m  221 MB[39m]

Postprocessor Values:
+----------------+----------------+----------------+----------------+------------------+----------------+----------------+
| time           | base_shear_x   | damage_c_max   | damage_t_max   | damage_total_max | top_disp_x     | top_disp_y     |
+----------------+----------------+----------------+----------------+------------------+----------------+----------------+
|   0.000000e+00 |   0.000000e+00 |   0.000000e+00 |   0.000000e+00 |     0.000000e+00 |   0.000000e+00 |   0.000000e+00 |
|   4.000000e+00 |  -2.483338e+05 |   0.000000e+00 |   9.697034e-01 |     9.697034e-01 |  -3.930000e-03 |   1.120145e-03 |
|   8.000000e+00 |  -8.271337e+04 |   0.000000e+00 |   8.564370e-01 |     8.564370e-01 |  -1.310000e-03 |   1.120145e-03 |
|   1.200000e+01 |   8.290632e+04 |   0.000000e+00 |   8.759365e-01 |     8.759365e-01 |   1.310000e-03 |   1.120145e-03 |
|   1.600000e+01 |   2.484306e+05 |   0.000000e+00 |   9.697011e-01 |     9.697011e-01 |   3.930000e-03 |   1.120407e-03 |
|   2.000000e+01 |   4.099492e+05 |   0.000000e+00 |   9.790604e-01 |     9.790604e-01 |   6.550000e-03 |   1.130874e-03 |
|   2.400000e+01 |   2.443276e+05 |   0.000000e+00 |   9.306723e-01 |     9.306723e-01 |   3.930000e-03 |   1.130874e-03 |
|   2.800000e+01 |   7.870841e+04 |   0.000000e+00 |   8.021362e-01 |     8.021362e-01 |   1.310000e-03 |   1.130874e-03 |
|   3.200000e+01 |  -8.691146e+04 |   0.000000e+00 |   8.888914e-01 |     8.888914e-01 |  -1.310000e-03 |   1.130873e-03 |
|   3.600000e+01 |  -2.521481e+05 |   0.000000e+00 |   9.695962e-01 |     9.695962e-01 |  -3.930000e-03 |   1.130799e-03 |
+----------------+----------------+----------------+----------------+------------------+----------------+----------------+


Time Step 10, time = 40, dt = 4
 0 Nonlinear |R| = [32m4.896554e+05[39m
      0 Linear |R| = [32m4.896554e+05[39m
      1 Linear |R| = [33m4.763109e+05[39m
      2 Linear |R| = [32m4.190120e+05[39m
      3 Linear |R| = [33m4.156689e+05[39m
      4 Linear |R| = [32m3.914399e+05[39m
      5 Linear |R| = [33m3.811467e+05[39m
      6 Linear |R| = [32m3.561453e+05[39m
      7 Linear |R| = [32m3.383320e+05[39m
      8 Linear |R| = [32m2.899142e+05[39m
      9 Linear |R| = [32m2.224913e+05[39m
     10 Linear |R| = [32m1.819128e+05[39m
     11 Linear |R| = [32m1.385632e+05[39m
     12 Linear |R| = [32m1.002305e+05[39m
     13 Linear |R| = [32m7.333340e+04[39m
     14 Linear |R| = [32m5.373867e+04[39m
     15 Linear |R| = [32m4.598122e+04[39m
     16 Linear |R| = [32m3.809471e+04[39m
     17 Linear |R| = [32m3.000211e+04[39m
     18 Linear |R| = [32m2.453544e+04[39m
     19 Linear |R| = [32m1.547948e+04[39m
     20 Linear |R| = [32m8.851403e+03[39m
     21 Linear |R| = [32m5.812609e+03[39m
     22 Linear |R| = [32m3.517728e+03[39m
     23 Linear |R| = [32m1.683525e+03[39m
     24 Linear |R| = [32m8.908140e+02[39m
     25 Linear |R| = [32m5.287289e+02[39m
     26 Linear |R| = [32m3.154656e+02[39m
     27 Linear |R| = [32m1.929547e+02[39m
     28 Linear |R| = [32m1.199333e+02[39m
     29 Linear |R| = [32m8.224561e+01[39m
    Linear solve did not converge due to DIVERGED_BREAKDOWN iterations 30
 1 Nonlinear |R| = [32m4.437647e+05[39m
      0 Linear |R| = [32m4.437647e+05[39m
      1 Linear |R| = [33m4.303218e+05[39m
      2 Linear |R| = [32m3.810032e+05[39m
      3 Linear |R| = [33m3.781051e+05[39m
      4 Linear |R| = [33m3.602536e+05[39m
      5 Linear |R| = [33m3.517576e+05[39m
      6 Linear |R| = [32m3.336089e+05[39m
      7 Linear |R| = [33m3.228814e+05[39m
      8 Linear |R| = [32m2.781536e+05[39m
      9 Linear |R| = [32m2.231862e+05[39m
     10 Linear |R| = [32m1.918687e+05[39m
     11 Linear |R| = [32m1.468685e+05[39m
     12 Linear |R| = [32m1.085161e+05[39m
     13 Linear |R| = [32m7.861993e+04[39m
     14 Linear |R| = [32m5.664752e+04[39m
     15 Linear |R| = [32m4.702618e+04[39m
     16 Linear |R| = [32m3.945195e+04[39m
     17 Linear |R| = [32m3.300739e+04[39m
     18 Linear |R| = [32m2.639187e+04[39m
     19 Linear |R| = [32m1.692074e+04[39m
     20 Linear |R| = [32m1.095169e+04[39m
     21 Linear |R| = [32m6.755644e+03[39m
     22 Linear |R| = [32m3.985268e+03[39m
     23 Linear |R| = [32m2.345232e+03[39m
     24 Linear |R| = [32m1.212651e+03[39m
     25 Linear |R| = [32m6.534316e+02[39m
     26 Linear |R| = [32m3.857194e+02[39m
     27 Linear |R| = [32m2.371980e+02[39m
     28 Linear |R| = [32m1.447185e+02[39m
     29 Linear |R| = [32m9.151599e+01[39m
     30 Linear |R| = [32m5.770354e+01[39m
     31 Linear |R| = [32m4.229232e+01[39m
     32 Linear |R| = [32m2.907333e+01[39m
     33 Linear |R| = [32m1.792911e+01[39m
     34 Linear |R| = [32m1.057725e+01[39m
     35 Linear |R| = [32m6.471648e+00[39m
     36 Linear |R| = [32m3.719249e+00[39m
 2 Nonlinear |R| = [33m4.391854e+05[39m
      0 Linear |R| = [32m4.391854e+05[39m
      1 Linear |R| = [33m4.259328e+05[39m
      2 Linear |R| = [32m3.770759e+05[39m
      3 Linear |R| = [33m3.742353e+05[39m
      4 Linear |R| = [33m3.568457e+05[39m
      5 Linear |R| = [33m3.492563e+05[39m
      6 Linear |R| = [33m3.318291e+05[39m
      7 Linear |R| = [33m3.212434e+05[39m
      8 Linear |R| = [32m2.790062e+05[39m
      9 Linear |R| = [32m2.249388e+05[39m
     10 Linear |R| = [32m1.920095e+05[39m
     11 Linear |R| = [32m1.479125e+05[39m
     12 Linear |R| = [32m1.105973e+05[39m
     13 Linear |R| = [32m8.049051e+04[39m
     14 Linear |R| = [32m5.913976e+04[39m
     15 Linear |R| = [32m4.842230e+04[39m
     16 Linear |R| = [32m3.952064e+04[39m
     17 Linear |R| = [32m3.343266e+04[39m
     18 Linear |R| = [32m2.742680e+04[39m
     19 Linear |R| = [32m1.808686e+04[39m
     20 Linear |R| = [32m1.230139e+04[39m
     21 Linear |R| = [32m7.497460e+03[39m
     22 Linear |R| = [32m4.009236e+03[39m
     23 Linear |R| = [32m2.306594e+03[39m
     24 Linear |R| = [32m1.276332e+03[39m
     25 Linear |R| = [32m6.909634e+02[39m
     26 Linear |R| = [32m3.820787e+02[39m
     27 Linear |R| = [32m2.385316e+02[39m
     28 Linear |R| = [32m1.529775e+02[39m
     29 Linear |R| = [32m9.374278e+01[39m
     30 Linear |R| = [32m5.715699e+01[39m
     31 Linear |R| = [32m4.170822e+01[39m
     32 Linear |R| = [32m2.869001e+01[39m
     33 Linear |R| = [32m1.766197e+01[39m
     34 Linear |R| = [32m1.035295e+01[39m
     35 Linear |R| = [32m6.226991e+00[39m
     36 Linear |R| = [32m3.436321e+00[39m
 3 Nonlinear |R| = [33m4.347614e+05[39m
      0 Linear |R| = [32m4.347614e+05[39m
      1 Linear |R| = [33m4.216454e+05[39m
      2 Linear |R| = [32m3.733098e+05[39m
      3 Linear |R| = [33m3.704576e+05[39m
      4 Linear |R| = [33m3.533546e+05[39m
      5 Linear |R| = [33m3.463015e+05[39m
      6 Linear |R| = [33m3.300586e+05[39m
      7 Linear |R| = [33m3.200767e+05[39m
      8 Linear |R| = [32m2.784925e+05[39m
      9 Linear |R| = [32m2.270198e+05[39m
     10 Linear |R| = [32m1.933245e+05[39m
     11 Linear |R| = [32m1.485562e+05[39m
     12 Linear |R| = [32m1.114794e+05[39m
     13 Linear |R| = [32m8.098986e+04[39m
     14 Linear |R| = [32m6.013170e+04[39m
     15 Linear |R| = [32m4.989556e+04[39m
     16 Linear |R| = [32m4.004889e+04[39m
     17 Linear |R| = [32m3.323892e+04[39m
     18 Linear |R| = [32m2.741667e+04[39m
     19 Linear |R| = [32m1.898225e+04[39m
     20 Linear |R| = [32m1.348617e+04[39m
     21 Linear |R| = [32m8.657577e+03[39m
     22 Linear |R| = [32m4.742764e+03[39m
     23 Linear |R| = [32m2.647106e+03[39m
     24 Linear |R| = [32m1.441823e+03[39m
     25 Linear |R| = [32m8.564111e+02[39m
     26 Linear |R| = [32m5.079306e+02[39m
     27 Linear |R| = [32m3.028140e+02[39m
     28 Linear |R| = [32m1.837263e+02[39m
     29 Linear |R| = [32m1.123311e+02[39m
     30 Linear |R| = [32m6.577093e+01[39m
     31 Linear |R| = [32m4.467521e+01[39m
     32 Linear |R| = [32m2.944548e+01[39m
     33 Linear |R| = [32m1.872291e+01[39m
     34 Linear |R| = [32m1.095107e+01[39m
     35 Linear |R| = [32m6.673425e+00[39m
     36 Linear |R| = [32m4.203257e+00[39m
 4 Nonlinear |R| = [33m4.303876e+05[39m
      0 Linear |R| = [32m4.303876e+05[39m
      1 Linear |R| = [33m4.173792e+05[39m
      2 Linear |R| = [32m3.696991e+05[39m
      3 Linear |R| = [33m3.668761e+05[39m
      4 Linear |R| = [33m3.501048e+05[39m
      5 Linear |R| = [33m3.435259e+05[39m
      6 Linear |R| = [33m3.287345e+05[39m
      7 Linear |R| = [33m3.196163e+05[39m
      8 Linear |R| = [32m2.784563e+05[39m
      9 Linear |R| = [32m2.297882e+05[39m
     10 Linear |R| = [32m1.964613e+05[39m
     11 Linear |R| = [32m1.497557e+05[39m
     12 Linear |R| = [32m1.120260e+05[39m
     13 Linear |R| = [32m8.210059e+04[39m
     14 Linear |R| = [32m6.131342e+04[39m
     15 Linear |R| = [32m5.100181e+04[39m
     16 Linear |R| = [32m4.129295e+04[39m
     17 Linear |R| = [32m3.404783e+04[39m
     18 Linear |R| = [32m2.739015e+04[39m
     19 Linear |R| = [32m1.933684e+04[39m
     20 Linear |R| = [32m1.417210e+04[39m
     21 Linear |R| = [32m9.570427e+03[39m
     22 Linear |R| = [32m5.865397e+03[39m
     23 Linear |R| = [32m3.518332e+03[39m
     24 Linear |R| = [32m1.935200e+03[39m
     25 Linear |R| = [32m1.168339e+03[39m
     26 Linear |R| = [32m7.054243e+02[39m
     27 Linear |R| = [32m4.222247e+02[39m
     28 Linear |R| = [32m2.402423e+02[39m
     29 Linear |R| = [32m1.315968e+02[39m
     30 Linear |R| = [32m7.567534e+01[39m
     31 Linear |R| = [32m5.224204e+01[39m
     32 Linear |R| = [32m3.292606e+01[39m
     33 Linear |R| = [32m2.037716e+01[39m
     34 Linear |R| = [32m1.234130e+01[39m
     35 Linear |R| = [32m7.806578e+00[39m
     36 Linear |R| = [32m5.005608e+00[39m
     37 Linear |R| = [32m3.227943e+00[39m
 5 Nonlinear |R| = [33m4.259985e+05[39m
      0 Linear |R| = [32m4.259985e+05[39m
      1 Linear |R| = [33m4.130660e+05[39m
      2 Linear |R| = [32m3.661570e+05[39m
      3 Linear |R| = [33m3.633932e+05[39m
      4 Linear |R| = [33m3.468642e+05[39m
      5 Linear |R| = [33m3.407126e+05[39m
      6 Linear |R| = [33m3.271795e+05[39m
      7 Linear |R| = [33m3.187485e+05[39m
      8 Linear |R| = [32m2.783281e+05[39m
      9 Linear |R| = [32m2.326518e+05[39m
     10 Linear |R| = [32m1.995029e+05[39m
     11 Linear |R| = [32m1.520087e+05[39m
     12 Linear |R| = [32m1.127154e+05[39m
     13 Linear |R| = [32m8.284936e+04[39m
     14 Linear |R| = [32m6.255366e+04[39m
     15 Linear |R| = [32m5.163008e+04[39m
     16 Linear |R| = [32m4.230868e+04[39m
     17 Linear |R| = [32m3.541604e+04[39m
     18 Linear |R| = [32m2.756620e+04[39m
     19 Linear |R| = [32m1.889667e+04[39m
     20 Linear |R| = [32m1.421676e+04[39m
     21 Linear |R| = [32m9.522974e+03[39m
     22 Linear |R| = [32m6.064110e+03[39m
     23 Linear |R| = [32m4.149091e+03[39m
     24 Linear |R| = [32m2.559357e+03[39m
     25 Linear |R| = [32m1.516099e+03[39m
     26 Linear |R| = [32m8.971506e+02[39m
     27 Linear |R| = [32m5.497883e+02[39m
     28 Linear |R| = [32m3.089033e+02[39m
     29 Linear |R| = [32m1.582610e+02[39m
     30 Linear |R| = [32m8.802347e+01[39m
     31 Linear |R| = [32m6.022280e+01[39m
     32 Linear |R| = [32m3.679032e+01[39m
     33 Linear |R| = [32m2.273806e+01[39m
     34 Linear |R| = [32m1.430967e+01[39m
     35 Linear |R| = [32m9.013051e+00[39m
     36 Linear |R| = [32m5.673874e+00[39m
     37 Linear |R| = [32m3.554473e+00[39m
 6 Nonlinear |R| = [33m4.215886e+05[39m
      0 Linear |R| = [32m4.215886e+05[39m
      1 Linear |R| = [33m4.086915e+05[39m
      2 Linear |R| = [32m3.626622e+05[39m
      3 Linear |R| = [33m3.600040e+05[39m
      4 Linear |R| = [33m3.434376e+05[39m
      5 Linear |R| = [33m3.377383e+05[39m
      6 Linear |R| = [33m3.255349e+05[39m
      7 Linear |R| = [33m3.176417e+05[39m
      8 Linear |R| = [32m2.766138e+05[39m
      9 Linear |R| = [32m2.343952e+05[39m
     10 Linear |R| = [32m2.023763e+05[39m
     11 Linear |R| = [32m1.538264e+05[39m
     12 Linear |R| = [32m1.121069e+05[39m
     13 Linear |R| = [32m8.234974e+04[39m
     14 Linear |R| = [32m6.316982e+04[39m
     15 Linear |R| = [32m5.225326e+04[39m
     16 Linear |R| = [32m4.281135e+04[39m
     17 Linear |R| = [32m3.581083e+04[39m
     18 Linear |R| = [32m2.802468e+04[39m
     19 Linear |R| = [32m1.908148e+04[39m
     20 Linear |R| = [32m1.379600e+04[39m
     21 Linear |R| = [32m9.059247e+03[39m
     22 Linear |R| = [32m5.797859e+03[39m
     23 Linear |R| = [32m3.909843e+03[39m
     24 Linear |R| = [32m2.646120e+03[39m
     25 Linear |R| = [32m1.793735e+03[39m
     26 Linear |R| = [32m1.107323e+03[39m
     27 Linear |R| = [32m6.634370e+02[39m
     28 Linear |R| = [32m3.814420e+02[39m
     29 Linear |R| = [32m2.092786e+02[39m
     30 Linear |R| = [32m1.171640e+02[39m
     31 Linear |R| = [32m8.157639e+01[39m
     32 Linear |R| = [32m5.180817e+01[39m
     33 Linear |R| = [32m3.210624e+01[39m
     34 Linear |R| = [32m1.915009e+01[39m
     35 Linear |R| = [32m1.164796e+01[39m
     36 Linear |R| = [32m7.363101e+00[39m
     37 Linear |R| = [32m4.944893e+00[39m
     38 Linear |R| = [32m3.438904e+00[39m
 7 Nonlinear |R| = [33m4.170373e+05[39m
      0 Linear |R| = [32m4.170373e+05[39m
      1 Linear |R| = [33m4.040855e+05[39m
      2 Linear |R| = [32m3.593875e+05[39m
      3 Linear |R| = [33m3.569546e+05[39m
      4 Linear |R| = [33m3.398783e+05[39m
      5 Linear |R| = [33m3.346142e+05[39m
      6 Linear |R| = [33m3.239604e+05[39m
      7 Linear |R| = [33m3.162439e+05[39m
      8 Linear |R| = [32m2.744933e+05[39m
      9 Linear |R| = [32m2.359943e+05[39m
     10 Linear |R| = [32m2.034699e+05[39m
     11 Linear |R| = [32m1.548386e+05[39m
     12 Linear |R| = [32m1.122460e+05[39m
     13 Linear |R| = [32m8.350096e+04[39m
     14 Linear |R| = [32m6.399991e+04[39m
     15 Linear |R| = [32m5.283450e+04[39m
     16 Linear |R| = [32m4.429043e+04[39m
     17 Linear |R| = [32m3.635915e+04[39m
     18 Linear |R| = [32m2.804715e+04[39m
     19 Linear |R| = [32m2.011913e+04[39m
     20 Linear |R| = [32m1.421063e+04[39m
     21 Linear |R| = [32m8.592726e+03[39m
     22 Linear |R| = [32m5.424480e+03[39m
     23 Linear |R| = [32m3.557458e+03[39m
     24 Linear |R| = [32m2.209908e+03[39m
     25 Linear |R| = [32m1.500538e+03[39m
     26 Linear |R| = [32m1.052777e+03[39m
     27 Linear |R| = [32m7.262648e+02[39m
     28 Linear |R| = [32m4.435352e+02[39m
     29 Linear |R| = [32m2.806832e+02[39m
     30 Linear |R| = [32m1.849665e+02[39m
     31 Linear |R| = [32m1.387811e+02[39m
     32 Linear |R| = [32m9.403034e+01[39m
     33 Linear |R| = [32m5.847625e+01[39m
     34 Linear |R| = [32m3.655003e+01[39m
     35 Linear |R| = [32m2.343441e+01[39m
     36 Linear |R| = [32m1.489469e+01[39m
     37 Linear |R| = [32m9.882365e+00[39m
     38 Linear |R| = [32m6.833278e+00[39m
     39 Linear |R| = [32m4.862030e+00[39m
     40 Linear |R| = [32m3.633755e+00[39m
 8 Nonlinear |R| = [33m4.118349e+05[39m
      0 Linear |R| = [32m4.118349e+05[39m
      1 Linear |R| = [33m3.986510e+05[39m
      2 Linear |R| = [32m3.562087e+05[39m
      3 Linear |R| = [33m3.549765e+05[39m
      4 Linear |R| = [32m3.344835e+05[39m
      5 Linear |R| = [33m3.299573e+05[39m
      6 Linear |R| = [33m3.194663e+05[39m
      7 Linear |R| = [33m3.085554e+05[39m
      8 Linear |R| = [32m2.679379e+05[39m
      9 Linear |R| = [32m2.308062e+05[39m
     10 Linear |R| = [32m1.927402e+05[39m
     11 Linear |R| = [32m1.463043e+05[39m
     12 Linear |R| = [32m1.109128e+05[39m
     13 Linear |R| = [32m8.336855e+04[39m
     14 Linear |R| = [32m6.386169e+04[39m
     15 Linear |R| = [32m5.302947e+04[39m
     16 Linear |R| = [32m4.407016e+04[39m
     17 Linear |R| = [32m3.560405e+04[39m
     18 Linear |R| = [32m2.672130e+04[39m
     19 Linear |R| = [32m1.837391e+04[39m
     20 Linear |R| = [32m1.247203e+04[39m
     21 Linear |R| = [32m8.105244e+03[39m
     22 Linear |R| = [32m5.168520e+03[39m
     23 Linear |R| = [32m3.247865e+03[39m
     24 Linear |R| = [32m2.002342e+03[39m
     25 Linear |R| = [32m1.193095e+03[39m
     26 Linear |R| = [32m6.599687e+02[39m
     27 Linear |R| = [32m4.054567e+02[39m
     28 Linear |R| = [32m2.577708e+02[39m
     29 Linear |R| = [32m1.693062e+02[39m
     30 Linear |R| = [32m1.184361e+02[39m
     31 Linear |R| = [32m9.606332e+01[39m
     32 Linear |R| = [32m7.161891e+01[39m
     33 Linear |R| = [32m4.761246e+01[39m
     34 Linear |R| = [32m2.939794e+01[39m
     35 Linear |R| = [32m1.759099e+01[39m
     36 Linear |R| = [32m1.053071e+01[39m
     37 Linear |R| = [32m6.397361e+00[39m
     38 Linear |R| = [32m3.951827e+00[39m
 9 Nonlinear |R| = [32m3.904810e+05[39m
      0 Linear |R| = [32m3.904810e+05[39m
      1 Linear |R| = [32m3.614088e+05[39m
      2 Linear |R| = [32m3.242207e+05[39m
      3 Linear |R| = [32m3.008230e+05[39m
      4 Linear |R| = [32m2.672285e+05[39m
      5 Linear |R| = [32m2.319024e+05[39m
      6 Linear |R| = [32m1.915298e+05[39m
      7 Linear |R| = [32m1.461903e+05[39m
      8 Linear |R| = [32m9.932694e+04[39m
      9 Linear |R| = [32m6.517537e+04[39m
     10 Linear |R| = [32m4.106991e+04[39m
     11 Linear |R| = [32m2.659062e+04[39m
     12 Linear |R| = [32m1.838968e+04[39m
     13 Linear |R| = [32m1.260324e+04[39m
     14 Linear |R| = [32m9.317181e+03[39m
     15 Linear |R| = [32m6.925788e+03[39m
     16 Linear |R| = [32m4.921930e+03[39m
     17 Linear |R| = [32m3.304950e+03[39m
     18 Linear |R| = [32m1.979516e+03[39m
     19 Linear |R| = [32m1.225627e+03[39m
     20 Linear |R| = [32m7.152571e+02[39m
     21 Linear |R| = [32m4.645912e+02[39m
     22 Linear |R| = [32m3.068938e+02[39m
     23 Linear |R| = [32m2.039097e+02[39m
     24 Linear |R| = [32m1.424887e+02[39m
     25 Linear |R| = [32m1.005244e+02[39m
     26 Linear |R| = [32m7.219240e+01[39m
     27 Linear |R| = [32m4.984141e+01[39m
     28 Linear |R| = [32m2.989340e+01[39m
     29 Linear |R| = [32m1.739184e+01[39m
     30 Linear |R| = [32m1.071380e+01[39m
     31 Linear |R| = [32m7.122742e+00[39m
     32 Linear |R| = [32m5.062037e+00[39m
     33 Linear |R| = [32m3.279952e+00[39m
10 Nonlinear |R| = [33m3.840087e+05[39m
      0 Linear |R| = [32m3.840087e+05[39m
      1 Linear |R| = [32m3.496739e+05[39m
      2 Linear |R| = [32m3.128118e+05[39m
      3 Linear |R| = [32m2.808333e+05[39m
      4 Linear |R| = [32m2.487802e+05[39m
      5 Linear |R| = [32m2.130542e+05[39m
      6 Linear |R| = [32m1.664560e+05[39m
      7 Linear |R| = [32m1.219785e+05[39m
      8 Linear |R| = [32m8.024394e+04[39m
      9 Linear |R| = [32m4.882001e+04[39m
     10 Linear |R| = [32m3.052385e+04[39m
     11 Linear |R| = [32m1.881105e+04[39m
     12 Linear |R| = [32m1.247437e+04[39m
     13 Linear |R| = [32m8.581619e+03[39m
     14 Linear |R| = [32m6.160592e+03[39m
     15 Linear |R| = [32m4.543157e+03[39m
     16 Linear |R| = [32m3.128412e+03[39m
     17 Linear |R| = [32m2.055111e+03[39m
     18 Linear |R| = [32m1.218294e+03[39m
     19 Linear |R| = [32m7.370427e+02[39m
     20 Linear |R| = [32m4.448310e+02[39m
     21 Linear |R| = [32m2.844419e+02[39m
     22 Linear |R| = [32m1.754126e+02[39m
     23 Linear |R| = [32m1.073873e+02[39m
     24 Linear |R| = [32m6.298208e+01[39m
     25 Linear |R| = [32m3.884622e+01[39m
     26 Linear |R| = [32m2.590851e+01[39m
     27 Linear |R| = [32m1.839121e+01[39m
     28 Linear |R| = [32m1.269065e+01[39m
     29 Linear |R| = [32m8.300120e+00[39m
     30 Linear |R| = [32m6.616726e+00[39m
     31 Linear |R| = [32m4.522130e+00[39m
     32 Linear |R| = [32m3.708112e+00[39m
11 Nonlinear |R| = [33m3.781745e+05[39m
      0 Linear |R| = [32m3.781745e+05[39m
      1 Linear |R| = [32m3.385412e+05[39m
      2 Linear |R| = [32m3.021944e+05[39m
      3 Linear |R| = [32m2.661339e+05[39m
      4 Linear |R| = [32m2.332782e+05[39m
      5 Linear |R| = [32m1.969483e+05[39m
      6 Linear |R| = [32m1.493460e+05[39m
      7 Linear |R| = [32m1.060185e+05[39m
      8 Linear |R| = [32m6.747545e+04[39m
      9 Linear |R| = [32m4.030081e+04[39m
     10 Linear |R| = [32m2.443583e+04[39m
     11 Linear |R| = [32m1.473255e+04[39m
     12 Linear |R| = [32m9.572229e+03[39m
     13 Linear |R| = [32m6.555763e+03[39m
     14 Linear |R| = [32m4.674531e+03[39m
     15 Linear |R| = [32m3.419811e+03[39m
     16 Linear |R| = [32m2.328240e+03[39m
     17 Linear |R| = [32m1.506290e+03[39m
     18 Linear |R| = [32m9.002811e+02[39m
     19 Linear |R| = [32m5.683789e+02[39m
     20 Linear |R| = [32m3.691067e+02[39m
     21 Linear |R| = [32m2.502797e+02[39m
     22 Linear |R| = [32m1.616027e+02[39m
     23 Linear |R| = [32m1.013421e+02[39m
     24 Linear |R| = [32m6.154244e+01[39m
     25 Linear |R| = [32m3.976501e+01[39m
     26 Linear |R| = [32m2.758870e+01[39m
     27 Linear |R| = [32m1.926019e+01[39m
     28 Linear |R| = [32m1.309986e+01[39m
     29 Linear |R| = [32m8.482289e+00[39m
     30 Linear |R| = [32m6.860848e+00[39m
     31 Linear |R| = [32m4.698632e+00[39m
     32 Linear |R| = [32m3.778589e+00[39m
12 Nonlinear |R| = [32m3.411886e+05[39m
      0 Linear |R| = [32m3.411886e+05[39m
      1 Linear |R| = [32m2.804075e+05[39m
      2 Linear |R| = [32m2.481011e+05[39m
      3 Linear |R| = [32m1.987266e+05[39m
      4 Linear |R| = [32m1.558938e+05[39m
      5 Linear |R| = [32m1.186520e+05[39m
      6 Linear |R| = [32m7.812416e+04[39m
      7 Linear |R| = [32m4.680450e+04[39m
      8 Linear |R| = [32m2.719953e+04[39m
      9 Linear |R| = [32m1.546930e+04[39m
     10 Linear |R| = [32m8.347132e+03[39m
     11 Linear |R| = [32m5.234616e+03[39m
     12 Linear |R| = [32m3.459854e+03[39m
     13 Linear |R| = [32m2.436234e+03[39m
     14 Linear |R| = [32m1.776645e+03[39m
     15 Linear |R| = [32m1.177599e+03[39m
     16 Linear |R| = [32m7.948710e+02[39m
     17 Linear |R| = [32m5.476586e+02[39m
     18 Linear |R| = [32m4.017798e+02[39m
     19 Linear |R| = [32m2.925056e+02[39m
     20 Linear |R| = [32m1.960788e+02[39m
     21 Linear |R| = [32m1.244335e+02[39m
     22 Linear |R| = [32m7.778721e+01[39m
     23 Linear |R| = [32m5.091524e+01[39m
     24 Linear |R| = [32m3.349417e+01[39m
     25 Linear |R| = [32m2.028987e+01[39m
     26 Linear |R| = [32m1.144106e+01[39m
     27 Linear |R| = [32m6.851208e+00[39m
     28 Linear |R| = [32m4.606858e+00[39m
     29 Linear |R| = [32m3.290064e+00[39m
13 Nonlinear |R| = [32m2.344394e+05[39m
      0 Linear |R| = [32m2.344394e+05[39m
      1 Linear |R| = [32m1.251083e+05[39m
      2 Linear |R| = [32m9.351244e+04[39m
      3 Linear |R| = [32m4.793699e+04[39m
      4 Linear |R| = [32m2.183473e+04[39m
      5 Linear |R| = [32m1.172274e+04[39m
      6 Linear |R| = [32m7.703007e+03[39m
      7 Linear |R| = [32m5.761067e+03[39m
      8 Linear |R| = [32m4.577787e+03[39m
      9 Linear |R| = [32m3.232544e+03[39m
     10 Linear |R| = [32m2.094559e+03[39m
     11 Linear |R| = [32m1.476305e+03[39m
     12 Linear |R| = [32m1.000716e+03[39m
     13 Linear |R| = [32m6.857277e+02[39m
     14 Linear |R| = [32m4.725360e+02[39m
     15 Linear |R| = [32m3.166890e+02[39m
     16 Linear |R| = [32m1.999197e+02[39m
     17 Linear |R| = [32m1.223649e+02[39m
     18 Linear |R| = [32m8.032763e+01[39m
     19 Linear |R| = [32m4.979950e+01[39m
     20 Linear |R| = [32m3.004181e+01[39m
     21 Linear |R| = [32m1.856469e+01[39m
     22 Linear |R| = [32m1.211676e+01[39m
     23 Linear |R| = [32m8.001150e+00[39m
     24 Linear |R| = [32m5.629781e+00[39m
     25 Linear |R| = [32m4.248122e+00[39m
     26 Linear |R| = [32m3.027220e+00[39m
     27 Linear |R| = [32m2.064467e+00[39m
14 Nonlinear |R| = [32m1.707417e+05[39m
      0 Linear |R| = [32m1.707417e+05[39m
      1 Linear |R| = [32m4.517001e+04[39m
      2 Linear |R| = [32m2.533228e+04[39m
      3 Linear |R| = [32m1.764086e+04[39m
      4 Linear |R| = [32m1.189233e+04[39m
      5 Linear |R| = [32m8.407380e+03[39m
      6 Linear |R| = [32m6.010919e+03[39m
      7 Linear |R| = [32m4.256320e+03[39m
      8 Linear |R| = [32m3.190469e+03[39m
      9 Linear |R| = [32m2.336371e+03[39m
     10 Linear |R| = [32m1.690015e+03[39m
     11 Linear |R| = [32m1.158256e+03[39m
     12 Linear |R| = [32m7.805633e+02[39m
     13 Linear |R| = [32m5.433916e+02[39m
     14 Linear |R| = [32m3.586070e+02[39m
     15 Linear |R| = [32m2.465747e+02[39m
     16 Linear |R| = [32m1.591651e+02[39m
     17 Linear |R| = [32m9.678688e+01[39m
     18 Linear |R| = [32m6.292331e+01[39m
     19 Linear |R| = [32m3.922880e+01[39m
     20 Linear |R| = [32m2.406467e+01[39m
     21 Linear |R| = [32m1.478599e+01[39m
     22 Linear |R| = [32m9.750212e+00[39m
     23 Linear |R| = [32m6.809157e+00[39m
     24 Linear |R| = [32m4.870735e+00[39m
     25 Linear |R| = [32m3.697491e+00[39m
     26 Linear |R| = [32m2.636596e+00[39m
     27 Linear |R| = [32m1.705477e+00[39m
15 Nonlinear |R| = [32m1.009755e+04[39m
      0 Linear |R| = [32m1.009755e+04[39m
      1 Linear |R| = [32m3.050772e+03[39m
      2 Linear |R| = [32m1.889111e+03[39m
      3 Linear |R| = [32m1.235177e+03[39m
      4 Linear |R| = [32m8.349320e+02[39m
      5 Linear |R| = [32m6.069967e+02[39m
      6 Linear |R| = [32m4.175396e+02[39m
      7 Linear |R| = [32m3.059960e+02[39m
      8 Linear |R| = [32m2.299028e+02[39m
      9 Linear |R| = [32m1.705638e+02[39m
     10 Linear |R| = [32m1.236587e+02[39m
     11 Linear |R| = [32m8.362824e+01[39m
     12 Linear |R| = [32m5.765950e+01[39m
     13 Linear |R| = [32m3.897682e+01[39m
     14 Linear |R| = [32m2.494605e+01[39m
     15 Linear |R| = [32m1.662717e+01[39m
     16 Linear |R| = [32m1.058825e+01[39m
     17 Linear |R| = [32m6.875675e+00[39m
     18 Linear |R| = [32m4.413725e+00[39m
     19 Linear |R| = [32m2.779431e+00[39m
     20 Linear |R| = [32m1.771015e+00[39m
     21 Linear |R| = [32m1.136429e+00[39m
     22 Linear |R| = [32m7.741835e-01[39m
     23 Linear |R| = [32m5.512893e-01[39m
     24 Linear |R| = [32m3.961805e-01[39m
     25 Linear |R| = [32m2.894369e-01[39m
     26 Linear |R| = [32m2.102906e-01[39m
     27 Linear |R| = [32m1.468968e-01[39m
     28 Linear |R| = [32m9.311058e-02[39m
16 Nonlinear |R| = [32m2.597523e+02[39m
      0 Linear |R| = [32m2.597523e+02[39m
      1 Linear |R| = [32m9.496976e+01[39m
      2 Linear |R| = [32m5.177041e+01[39m
      3 Linear |R| = [32m3.137949e+01[39m
      4 Linear |R| = [32m1.865598e+01[39m
      5 Linear |R| = [32m1.197864e+01[39m
      6 Linear |R| = [32m8.081460e+00[39m
      7 Linear |R| = [32m5.652384e+00[39m
      8 Linear |R| = [32m3.959504e+00[39m
      9 Linear |R| = [32m2.745134e+00[39m
     10 Linear |R| = [32m1.937972e+00[39m
     11 Linear |R| = [32m1.378803e+00[39m
     12 Linear |R| = [32m9.728409e-01[39m
     13 Linear |R| = [32m6.930187e-01[39m
     14 Linear |R| = [32m4.805661e-01[39m
     15 Linear |R| = [32m3.361579e-01[39m
     16 Linear |R| = [32m2.263167e-01[39m
     17 Linear |R| = [32m1.451671e-01[39m
     18 Linear |R| = [32m9.252121e-02[39m
     19 Linear |R| = [32m5.607111e-02[39m
     20 Linear |R| = [32m3.414264e-02[39m
     21 Linear |R| = [32m2.127214e-02[39m
     22 Linear |R| = [32m1.486015e-02[39m
     23 Linear |R| = [32m1.113810e-02[39m
     24 Linear |R| = [32m8.136526e-03[39m
     25 Linear |R| = [32m5.710980e-03[39m
     26 Linear |R| = [32m3.972541e-03[39m
     27 Linear |R| = [32m2.755249e-03[39m
     28 Linear |R| = [32m1.745234e-03[39m
17 Nonlinear |R| = [32m2.646876e-01[39m
[32m Solve Converged![39m
  Finished Solving                                                                       [[33m 38.43 s[39m] [[33m  221 MB[39m]

Postprocessor Values:
+----------------+----------------+----------------+----------------+------------------+----------------+----------------+
| time           | base_shear_x   | damage_c_max   | damage_t_max   | damage_total_max | top_disp_x     | top_disp_y     |
+----------------+----------------+----------------+----------------+------------------+----------------+----------------+
|   0.000000e+00 |   0.000000e+00 |   0.000000e+00 |   0.000000e+00 |     0.000000e+00 |   0.000000e+00 |   0.000000e+00 |
|   4.000000e+00 |  -2.483338e+05 |   0.000000e+00 |   9.697034e-01 |     9.697034e-01 |  -3.930000e-03 |   1.120145e-03 |
|   8.000000e+00 |  -8.271337e+04 |   0.000000e+00 |   8.564370e-01 |     8.564370e-01 |  -1.310000e-03 |   1.120145e-03 |
|   1.200000e+01 |   8.290632e+04 |   0.000000e+00 |   8.759365e-01 |     8.759365e-01 |   1.310000e-03 |   1.120145e-03 |
|   1.600000e+01 |   2.484306e+05 |   0.000000e+00 |   9.697011e-01 |     9.697011e-01 |   3.930000e-03 |   1.120407e-03 |
|   2.000000e+01 |   4.099492e+05 |   0.000000e+00 |   9.790604e-01 |     9.790604e-01 |   6.550000e-03 |   1.130874e-03 |
|   2.400000e+01 |   2.443276e+05 |   0.000000e+00 |   9.306723e-01 |     9.306723e-01 |   3.930000e-03 |   1.130874e-03 |
|   2.800000e+01 |   7.870841e+04 |   0.000000e+00 |   8.021362e-01 |     8.021362e-01 |   1.310000e-03 |   1.130874e-03 |
|   3.200000e+01 |  -8.691146e+04 |   0.000000e+00 |   8.888914e-01 |     8.888914e-01 |  -1.310000e-03 |   1.130873e-03 |
|   3.600000e+01 |  -2.521481e+05 |   0.000000e+00 |   9.695962e-01 |     9.695962e-01 |  -3.930000e-03 |   1.130799e-03 |
|   4.000000e+01 |  -5.434801e+05 |   6.712171e-02 |   9.838376e-01 |     9.838376e-01 |  -9.000000e-03 |   1.181317e-03 |
+----------------+----------------+----------------+----------------+------------------+----------------+----------------+

Finished Executing                                                                       [[33m210.43 s[39m] [[33m  221 MB[39m]
