
[33m
*** Deprecation Warning ***
/home/kevin/gt/demo/polecats/chrome/demo/inputs/aac_wall_tests/w06_large_plate_pseudo_static.i:68.3: The 'Kernels/TensorMechanics' syntax is deprecated. Please use 'Physics/SolidMechanics/QuasiStatic' instead.[39m
Stack frames: 14
0: libMesh::print_trace(std::ostream&)
1: void moose::internal::mooseDeprecatedStream<libMesh::BasicOStreamProxy<char, std::char_traits<char> >, std::__cxx11::basic_string<char, std::char_traits<char>, std::allocator<char> > >(libMesh::BasicOStreamProxy<char, std::char_traits<char> >&, bool, bool, bool, std::__cxx11::basic_string<char, std::char_traits<char>, std::allocator<char> >&&)
2: Moose::Builder::walkRaw(std::__cxx11::basic_string<char, std::char_traits<char>, std::allocator<char> >, std::__cxx11::basic_string<char, std::char_traits<char>, std::allocator<char> >, hit::Node*)
3: Moose::Builder::walk(std::__cxx11::basic_string<char, std::char_traits<char>, std::allocator<char> > const&, std::__cxx11::basic_string<char, std::char_traits<char>, std::allocator<char> > const&, hit::Node*)
4: hit::Node::walk(hit::Walker*, hit::NodeType, hit::TraversalOrder)
5: hit::Node::walk(hit::Walker*, hit::NodeType, hit::TraversalOrder)
6: hit::Node::walk(hit::Walker*, hit::NodeType, hit::TraversalOrder)
7: Moose::Builder::build()
8: MooseApp::setupOptions()
9: MooseApp::run()
10: /home/kevin/gt/demo/mayor/rig/build/moose/modules/solid_mechanics/solid_mechanics-opt(+0x50f2) [0x5591bd7440f2]
11: /lib/libc.so.6(+0x27741) [0x7efea1827741]
12: __libc_start_main
13: /home/kevin/gt/demo/mayor/rig/build/moose/modules/solid_mechanics/solid_mechanics-opt(+0x5365) [0x5591bd744365]


[36m
*** Info ***
/home/kevin/gt/demo/polecats/chrome/demo/inputs/aac_wall_tests/w06_large_plate_pseudo_static.i:68.3:
The following occurred in the Action 'TensorMechanics' of type LegacyTensorMechanicsAction.

SolidMechanics Action: selecting 'total small strain' formulation. Use `incremental = true` to select 'incremental small strain' instead.[39m
sh: line 1: mpicxx: command not found
JIT compile failed.
sh: line 1: mpicxx: command not found
JIT compile failed.
sh: line 1: mpicxx: command not found
JIT compile failed.
Framework Information:
MOOSE Version:           git commit dd5a8961 on 2026-05-01
LibMesh Version:         
PETSc Version:           3.24.6
SLEPc Version:           3.24.0
Current Time:            Tue May 19 17:50:41 2026
Executable Timestamp:    Wed May 13 15:08:44 2026

Input File(s):
  /home/kevin/gt/demo/polecats/chrome/demo/inputs/aac_wall_tests/w06_large_plate_pseudo_static.i

Checkpoint:
  Wall Time Interval:      Every 3600 s
  User Checkpoint:         Disabled
  # Checkpoints Kept:      2
  Execute On:              TIMESTEP_END 

Parallelism:
  Num Processors:          1
  Num Threads:             1

Mesh: 
  Parallel Type:           replicated
  Mesh Dimension:          2
  Spatial Dimension:       2
  Nodes:                   7373
  Elems:                   7200
  Num Subdomains:          1

Nonlinear System:
  Num DOFs:                14746
  Num Local DOFs:          14746
  Variables:               { "disp_x" "disp_y" } 
  Finite Element Types:    "LAGRANGE" 
  Approximation Orders:    "FIRST" 

Auxiliary System:
  Num DOFs:                50400
  Num Local DOFs:          50400
  Variables:               { "vonmises" "max_princ" "min_princ" "damage_t" "damage_c" "damage_total" 
                             "stress_xy" } 
  Finite Element Types:    "MONOMIAL" 
  Approximation Orders:    "CONSTANT" 

Execution Information:
  Executioner:             Transient
  TimeStepper:             ConstantDT
  TimeIntegrator(s):       ImplicitEuler
  Solver Mode:             Preconditioned JFNK 
  PETSc Preconditioner:    hypre boomeramg 


Time Step 0, time = 0

Postprocessor Values:
+----------------+----------------+----------------+----------------+------------------+----------------+----------------+
| time           | base_shear_x   | damage_c_max   | damage_t_max   | damage_total_max | top_disp_x     | top_disp_y     |
+----------------+----------------+----------------+----------------+------------------+----------------+----------------+
|   0.000000e+00 |   0.000000e+00 |   0.000000e+00 |   0.000000e+00 |     0.000000e+00 |   0.000000e+00 |   0.000000e+00 |
+----------------+----------------+----------------+----------------+------------------+----------------+----------------+


Time Step 1, time = 4, dt = 4
 0 Nonlinear |R| = [32m9.815972e+05[39m
      0 Linear |R| = [32m9.815972e+05[39m
      1 Linear |R| = [33m9.569603e+05[39m
      2 Linear |R| = [32m9.007360e+05[39m
      3 Linear |R| = [33m8.979552e+05[39m
      4 Linear |R| = [33m8.683314e+05[39m
      5 Linear |R| = [32m7.660961e+05[39m
      6 Linear |R| = [32m6.743445e+05[39m
      7 Linear |R| = [32m5.308928e+05[39m
      8 Linear |R| = [32m3.727509e+05[39m
      9 Linear |R| = [32m2.606468e+05[39m
     10 Linear |R| = [32m1.850076e+05[39m
     11 Linear |R| = [32m1.397353e+05[39m
     12 Linear |R| = [32m1.146041e+05[39m
     13 Linear |R| = [32m9.106296e+04[39m
     14 Linear |R| = [32m7.137494e+04[39m
     15 Linear |R| = [32m5.316749e+04[39m
     16 Linear |R| = [32m3.926883e+04[39m
     17 Linear |R| = [32m3.177425e+04[39m
     18 Linear |R| = [32m2.619635e+04[39m
     19 Linear |R| = [32m2.287760e+04[39m
     20 Linear |R| = [32m1.968829e+04[39m
     21 Linear |R| = [32m1.629605e+04[39m
     22 Linear |R| = [32m1.321718e+04[39m
     23 Linear |R| = [32m1.046427e+04[39m
     24 Linear |R| = [32m6.786492e+03[39m
     25 Linear |R| = [32m4.075700e+03[39m
     26 Linear |R| = [32m2.509959e+03[39m
     27 Linear |R| = [32m1.525322e+03[39m
     28 Linear |R| = [32m7.928836e+02[39m
     29 Linear |R| = [32m3.975332e+02[39m
     30 Linear |R| = [32m2.296873e+02[39m
     31 Linear |R| = [32m1.640185e+02[39m
     32 Linear |R| = [32m9.365067e+01[39m
     33 Linear |R| = [32m5.478184e+01[39m
     34 Linear |R| = [32m3.483768e+01[39m
     35 Linear |R| = [32m2.390251e+01[39m
     36 Linear |R| = [32m1.628926e+01[39m
     37 Linear |R| = [32m1.219514e+01[39m
     38 Linear |R| = [32m9.348624e+00[39m
 1 Nonlinear |R| = [33m9.531109e+05[39m
      0 Linear |R| = [32m9.531109e+05[39m
      1 Linear |R| = [33m9.288903e+05[39m
      2 Linear |R| = [32m8.747654e+05[39m
      3 Linear |R| = [33m8.720541e+05[39m
      4 Linear |R| = [33m8.424419e+05[39m
      5 Linear |R| = [32m7.422715e+05[39m
      6 Linear |R| = [32m6.536927e+05[39m
      7 Linear |R| = [32m5.133095e+05[39m
      8 Linear |R| = [32m3.610117e+05[39m
      9 Linear |R| = [32m2.523679e+05[39m
     10 Linear |R| = [32m1.785781e+05[39m
     11 Linear |R| = [32m1.354707e+05[39m
     12 Linear |R| = [32m1.113771e+05[39m
     13 Linear |R| = [32m8.820860e+04[39m
     14 Linear |R| = [32m6.889184e+04[39m
     15 Linear |R| = [32m5.132325e+04[39m
     16 Linear |R| = [32m3.807349e+04[39m
     17 Linear |R| = [32m3.071687e+04[39m
     18 Linear |R| = [32m2.537040e+04[39m
     19 Linear |R| = [32m2.225763e+04[39m
     20 Linear |R| = [32m1.907276e+04[39m
     21 Linear |R| = [32m1.578527e+04[39m
     22 Linear |R| = [32m1.288298e+04[39m
     23 Linear |R| = [32m1.010655e+04[39m
     24 Linear |R| = [32m6.505692e+03[39m
     25 Linear |R| = [32m3.949617e+03[39m
     26 Linear |R| = [32m2.452922e+03[39m
     27 Linear |R| = [32m1.472870e+03[39m
     28 Linear |R| = [32m7.546910e+02[39m
     29 Linear |R| = [32m3.846606e+02[39m
     30 Linear |R| = [32m2.247090e+02[39m
     31 Linear |R| = [32m1.596350e+02[39m
     32 Linear |R| = [32m9.035645e+01[39m
     33 Linear |R| = [32m5.240474e+01[39m
     34 Linear |R| = [32m3.298663e+01[39m
     35 Linear |R| = [32m2.233483e+01[39m
     36 Linear |R| = [32m1.531314e+01[39m
     37 Linear |R| = [32m1.169335e+01[39m
     38 Linear |R| = [32m9.173545e+00[39m
 2 Nonlinear |R| = [33m9.305970e+05[39m
      0 Linear |R| = [32m9.305970e+05[39m
      1 Linear |R| = [33m9.065776e+05[39m
      2 Linear |R| = [32m8.543064e+05[39m
      3 Linear |R| = [33m8.516417e+05[39m
      4 Linear |R| = [33m8.216545e+05[39m
      5 Linear |R| = [32m7.227453e+05[39m
      6 Linear |R| = [32m6.368381e+05[39m
      7 Linear |R| = [32m4.983834e+05[39m
      8 Linear |R| = [32m3.512260e+05[39m
      9 Linear |R| = [32m2.452720e+05[39m
     10 Linear |R| = [32m1.729775e+05[39m
     11 Linear |R| = [32m1.320275e+05[39m
     12 Linear |R| = [32m1.088169e+05[39m
     13 Linear |R| = [32m8.576447e+04[39m
     14 Linear |R| = [32m6.670025e+04[39m
     15 Linear |R| = [32m4.976284e+04[39m
     16 Linear |R| = [32m3.710476e+04[39m
     17 Linear |R| = [32m2.981969e+04[39m
     18 Linear |R| = [32m2.473064e+04[39m
     19 Linear |R| = [32m2.179623e+04[39m
     20 Linear |R| = [32m1.855967e+04[39m
     21 Linear |R| = [32m1.538765e+04[39m
     22 Linear |R| = [32m1.262760e+04[39m
     23 Linear |R| = [32m9.780004e+03[39m
     24 Linear |R| = [32m6.261941e+03[39m
     25 Linear |R| = [32m3.853016e+03[39m
     26 Linear |R| = [32m2.412658e+03[39m
     27 Linear |R| = [32m1.422529e+03[39m
     28 Linear |R| = [32m7.192365e+02[39m
     29 Linear |R| = [32m3.763406e+02[39m
     30 Linear |R| = [32m2.214707e+02[39m
     31 Linear |R| = [32m1.556721e+02[39m
     32 Linear |R| = [32m8.803130e+01[39m
     33 Linear |R| = [32m5.036940e+01[39m
     34 Linear |R| = [32m3.110776e+01[39m
     35 Linear |R| = [32m2.071591e+01[39m
     36 Linear |R| = [32m1.428899e+01[39m
     37 Linear |R| = [32m1.110352e+01[39m
     38 Linear |R| = [32m8.912847e+00[39m
 3 Nonlinear |R| = [33m9.119382e+05[39m
      0 Linear |R| = [32m9.119382e+05[39m
      1 Linear |R| = [33m8.879075e+05[39m
      2 Linear |R| = [32m8.374394e+05[39m
      3 Linear |R| = [33m8.347984e+05[39m
      4 Linear |R| = [33m8.039430e+05[39m
      5 Linear |R| = [32m7.055598e+05[39m
      6 Linear |R| = [32m6.220546e+05[39m
      7 Linear |R| = [32m4.844931e+05[39m
      8 Linear |R| = [32m3.422717e+05[39m
      9 Linear |R| = [32m2.383785e+05[39m
     10 Linear |R| = [32m1.675904e+05[39m
     11 Linear |R| = [32m1.290838e+05[39m
     12 Linear |R| = [32m1.066081e+05[39m
     13 Linear |R| = [32m8.337936e+04[39m
     14 Linear |R| = [32m6.454783e+04[39m
     15 Linear |R| = [32m4.835868e+04[39m
     16 Linear |R| = [32m3.625964e+04[39m
     17 Linear |R| = [32m2.900536e+04[39m
     18 Linear |R| = [32m2.425586e+04[39m
     19 Linear |R| = [32m2.145250e+04[39m
     20 Linear |R| = [32m1.809919e+04[39m
     21 Linear |R| = [32m1.507973e+04[39m
     22 Linear |R| = [32m1.240851e+04[39m
     23 Linear |R| = [32m9.440700e+03[39m
     24 Linear |R| = [32m6.037927e+03[39m
     25 Linear |R| = [32m3.778974e+03[39m
     26 Linear |R| = [32m2.381015e+03[39m
     27 Linear |R| = [32m1.363017e+03[39m
     28 Linear |R| = [32m6.857100e+02[39m
     29 Linear |R| = [32m3.730337e+02[39m
     30 Linear |R| = [32m2.174478e+02[39m
     31 Linear |R| = [32m1.497057e+02[39m
     32 Linear |R| = [32m8.543173e+01[39m
     33 Linear |R| = [32m4.829128e+01[39m
     34 Linear |R| = [32m2.893870e+01[39m
     35 Linear |R| = [32m1.883861e+01[39m
     36 Linear |R| = [32m1.310884e+01[39m
     37 Linear |R| = [32m1.037047e+01[39m
     38 Linear |R| = [32m8.540575e+00[39m
 4 Nonlinear |R| = [33m8.959844e+05[39m
      0 Linear |R| = [32m8.959844e+05[39m
      1 Linear |R| = [33m8.716624e+05[39m
      2 Linear |R| = [32m8.231482e+05[39m
      3 Linear |R| = [33m8.204957e+05[39m
      4 Linear |R| = [33m7.879596e+05[39m
      5 Linear |R| = [32m6.891847e+05[39m
      6 Linear |R| = [32m6.079652e+05[39m
      7 Linear |R| = [32m4.700246e+05[39m
      8 Linear |R| = [32m3.328577e+05[39m
      9 Linear |R| = [32m2.303168e+05[39m
     10 Linear |R| = [32m1.618302e+05[39m
     11 Linear |R| = [32m1.264018e+05[39m
     12 Linear |R| = [32m1.043427e+05[39m
     13 Linear |R| = [32m8.056902e+04[39m
     14 Linear |R| = [32m6.220162e+04[39m
     15 Linear |R| = [32m4.705158e+04[39m
     16 Linear |R| = [32m3.544936e+04[39m
     17 Linear |R| = [32m2.827450e+04[39m
     18 Linear |R| = [32m2.400373e+04[39m
     19 Linear |R| = [32m2.119787e+04[39m
     20 Linear |R| = [32m1.767375e+04[39m
     21 Linear |R| = [32m1.485954e+04[39m
     22 Linear |R| = [32m1.216307e+04[39m
     23 Linear |R| = [32m9.041485e+03[39m
     24 Linear |R| = [32m5.821876e+03[39m
     25 Linear |R| = [32m3.725793e+03[39m
     26 Linear |R| = [32m2.335556e+03[39m
     27 Linear |R| = [32m1.277772e+03[39m
     28 Linear |R| = [32m6.591675e+02[39m
     29 Linear |R| = [32m3.735788e+02[39m
     30 Linear |R| = [32m2.079259e+02[39m
     31 Linear |R| = [32m1.372803e+02[39m
     32 Linear |R| = [32m7.999696e+01[39m
     33 Linear |R| = [32m4.548929e+01[39m
     34 Linear |R| = [32m2.650341e+01[39m
     35 Linear |R| = [32m1.693336e+01[39m
     36 Linear |R| = [32m1.221194e+01[39m
     37 Linear |R| = [32m9.964279e+00[39m
     38 Linear |R| = [32m8.553681e+00[39m
 5 Nonlinear |R| = [33m8.812598e+05[39m
      0 Linear |R| = [32m8.812598e+05[39m
      1 Linear |R| = [33m8.560835e+05[39m
      2 Linear |R| = [32m8.102036e+05[39m
      3 Linear |R| = [33m8.074380e+05[39m
      4 Linear |R| = [33m7.711097e+05[39m
      5 Linear |R| = [32m6.701377e+05[39m
      6 Linear |R| = [32m5.914800e+05[39m
      7 Linear |R| = [32m4.503113e+05[39m
      8 Linear |R| = [32m3.181078e+05[39m
      9 Linear |R| = [32m2.167266e+05[39m
     10 Linear |R| = [32m1.544394e+05[39m
     11 Linear |R| = [32m1.229859e+05[39m
     12 Linear |R| = [32m1.003173e+05[39m
     13 Linear |R| = [32m7.603933e+04[39m
     14 Linear |R| = [32m5.933229e+04[39m
     15 Linear |R| = [32m4.577805e+04[39m
     16 Linear |R| = [32m3.459055e+04[39m
     17 Linear |R| = [32m2.793641e+04[39m
     18 Linear |R| = [32m2.413121e+04[39m
     19 Linear |R| = [32m2.092565e+04[39m
     20 Linear |R| = [32m1.734377e+04[39m
     21 Linear |R| = [32m1.469287e+04[39m
     22 Linear |R| = [32m1.171078e+04[39m
     23 Linear |R| = [32m8.477816e+03[39m
     24 Linear |R| = [32m5.594546e+03[39m
     25 Linear |R| = [32m3.633102e+03[39m
     26 Linear |R| = [32m2.161165e+03[39m
     27 Linear |R| = [32m1.157325e+03[39m
     28 Linear |R| = [32m6.399499e+02[39m
     29 Linear |R| = [32m3.522434e+02[39m
     30 Linear |R| = [32m1.778642e+02[39m
     31 Linear |R| = [32m1.123481e+02[39m
     32 Linear |R| = [32m6.616882e+01[39m
     33 Linear |R| = [32m3.992380e+01[39m
     34 Linear |R| = [32m2.519530e+01[39m
     35 Linear |R| = [32m1.713944e+01[39m
     36 Linear |R| = [32m1.361174e+01[39m
     37 Linear |R| = [32m1.150869e+01[39m
     38 Linear |R| = [32m1.026147e+01[39m
     39 Linear |R| = [32m9.474383e+00[39m
     40 Linear |R| = [32m8.263856e+00[39m
 6 Nonlinear |R| = [33m8.673805e+05[39m
      0 Linear |R| = [32m8.673805e+05[39m
      1 Linear |R| = [33m8.396557e+05[39m
      2 Linear |R| = [33m7.987709e+05[39m
      3 Linear |R| = [33m7.946743e+05[39m
      4 Linear |R| = [32m7.439390e+05[39m
      5 Linear |R| = [32m6.419380e+05[39m
      6 Linear |R| = [32m5.605537e+05[39m
      7 Linear |R| = [32m3.905897e+05[39m
      8 Linear |R| = [32m2.667028e+05[39m
      9 Linear |R| = [32m1.849201e+05[39m
     10 Linear |R| = [32m1.364449e+05[39m
     11 Linear |R| = [32m1.068852e+05[39m
     12 Linear |R| = [32m8.656109e+04[39m
     13 Linear |R| = [32m6.937380e+04[39m
     14 Linear |R| = [32m5.743609e+04[39m
     15 Linear |R| = [32m4.632357e+04[39m
     16 Linear |R| = [32m3.610661e+04[39m
     17 Linear |R| = [32m2.916508e+04[39m
     18 Linear |R| = [32m2.435364e+04[39m
     19 Linear |R| = [32m2.087477e+04[39m
     20 Linear |R| = [32m1.713811e+04[39m
     21 Linear |R| = [32m1.387391e+04[39m
     22 Linear |R| = [32m1.026820e+04[39m
     23 Linear |R| = [32m7.149633e+03[39m
     24 Linear |R| = [32m4.527264e+03[39m
     25 Linear |R| = [32m2.722299e+03[39m
     26 Linear |R| = [32m1.603387e+03[39m
     27 Linear |R| = [32m8.349732e+02[39m
     28 Linear |R| = [32m4.282158e+02[39m
     29 Linear |R| = [32m2.261805e+02[39m
     30 Linear |R| = [32m1.203837e+02[39m
     31 Linear |R| = [32m8.142479e+01[39m
     32 Linear |R| = [32m5.211330e+01[39m
     33 Linear |R| = [32m3.592539e+01[39m
     34 Linear |R| = [32m2.591194e+01[39m
     35 Linear |R| = [32m1.753880e+01[39m
     36 Linear |R| = [32m1.280015e+01[39m
     37 Linear |R| = [32m9.251092e+00[39m
     38 Linear |R| = [32m7.610555e+00[39m
 7 Nonlinear |R| = [33m8.294330e+05[39m
      0 Linear |R| = [32m8.294330e+05[39m
      1 Linear |R| = [32m7.668105e+05[39m
      2 Linear |R| = [32m7.021930e+05[39m
      3 Linear |R| = [32m6.665683e+05[39m
      4 Linear |R| = [32m5.512802e+05[39m
      5 Linear |R| = [32m4.297450e+05[39m
      6 Linear |R| = [32m3.502356e+05[39m
      7 Linear |R| = [32m2.407714e+05[39m
      8 Linear |R| = [32m1.781609e+05[39m
      9 Linear |R| = [32m1.227188e+05[39m
     10 Linear |R| = [32m8.264431e+04[39m
     11 Linear |R| = [32m5.371168e+04[39m
     12 Linear |R| = [32m3.537040e+04[39m
     13 Linear |R| = [32m2.461405e+04[39m
     14 Linear |R| = [32m1.641512e+04[39m
     15 Linear |R| = [32m1.187210e+04[39m
     16 Linear |R| = [32m8.539206e+03[39m
     17 Linear |R| = [32m6.662661e+03[39m
     18 Linear |R| = [32m5.313842e+03[39m
     19 Linear |R| = [32m3.894445e+03[39m
     20 Linear |R| = [32m2.477044e+03[39m
     21 Linear |R| = [32m1.369604e+03[39m
     22 Linear |R| = [32m7.410349e+02[39m
     23 Linear |R| = [32m3.887530e+02[39m
     24 Linear |R| = [32m2.013016e+02[39m
     25 Linear |R| = [32m1.111748e+02[39m
     26 Linear |R| = [32m6.555984e+01[39m
     27 Linear |R| = [32m3.986694e+01[39m
     28 Linear |R| = [32m2.583472e+01[39m
     29 Linear |R| = [32m1.596063e+01[39m
     30 Linear |R| = [32m1.083088e+01[39m
     31 Linear |R| = [32m6.523007e+00[39m
 8 Nonlinear |R| = [33m8.137642e+05[39m
      0 Linear |R| = [32m8.137642e+05[39m
      1 Linear |R| = [32m7.376561e+05[39m
      2 Linear |R| = [32m6.744495e+05[39m
      3 Linear |R| = [32m6.230631e+05[39m
      4 Linear |R| = [32m5.032618e+05[39m
      5 Linear |R| = [32m3.984346e+05[39m
      6 Linear |R| = [32m3.156678e+05[39m
      7 Linear |R| = [32m2.090253e+05[39m
      8 Linear |R| = [32m1.517126e+05[39m
      9 Linear |R| = [32m9.990418e+04[39m
     10 Linear |R| = [32m6.410082e+04[39m
     11 Linear |R| = [32m4.085402e+04[39m
     12 Linear |R| = [32m2.505511e+04[39m
     13 Linear |R| = [32m1.604296e+04[39m
     14 Linear |R| = [32m1.012195e+04[39m
     15 Linear |R| = [32m6.742478e+03[39m
     16 Linear |R| = [32m4.626731e+03[39m
     17 Linear |R| = [32m3.598036e+03[39m
     18 Linear |R| = [32m2.900232e+03[39m
     19 Linear |R| = [32m2.159515e+03[39m
     20 Linear |R| = [32m1.392499e+03[39m
     21 Linear |R| = [32m7.487460e+02[39m
     22 Linear |R| = [32m3.975676e+02[39m
     23 Linear |R| = [32m2.002023e+02[39m
     24 Linear |R| = [32m1.004330e+02[39m
     25 Linear |R| = [32m5.299139e+01[39m
     26 Linear |R| = [32m2.958087e+01[39m
     27 Linear |R| = [32m1.754699e+01[39m
     28 Linear |R| = [32m1.105438e+01[39m
     29 Linear |R| = [32m6.814079e+00[39m
 9 Nonlinear |R| = [33m7.937450e+05[39m
      0 Linear |R| = [32m7.937450e+05[39m
      1 Linear |R| = [32m6.953176e+05[39m
      2 Linear |R| = [32m6.346575e+05[39m
      3 Linear |R| = [32m5.642789e+05[39m
      4 Linear |R| = [32m4.431079e+05[39m
      5 Linear |R| = [32m3.497432e+05[39m
      6 Linear |R| = [32m2.646891e+05[39m
      7 Linear |R| = [32m1.701970e+05[39m
      8 Linear |R| = [32m1.182549e+05[39m
      9 Linear |R| = [32m7.428617e+04[39m
     10 Linear |R| = [32m4.600085e+04[39m
     11 Linear |R| = [32m2.786527e+04[39m
     12 Linear |R| = [32m1.618811e+04[39m
     13 Linear |R| = [32m9.697672e+03[39m
     14 Linear |R| = [32m5.794008e+03[39m
     15 Linear |R| = [32m3.690429e+03[39m
     16 Linear |R| = [32m2.434936e+03[39m
     17 Linear |R| = [32m1.836413e+03[39m
     18 Linear |R| = [32m1.448821e+03[39m
     19 Linear |R| = [32m1.049884e+03[39m
     20 Linear |R| = [32m6.593918e+02[39m
     21 Linear |R| = [32m3.363408e+02[39m
     22 Linear |R| = [32m1.714828e+02[39m
     23 Linear |R| = [32m8.171392e+01[39m
     24 Linear |R| = [32m4.011794e+01[39m
     25 Linear |R| = [32m2.038379e+01[39m
     26 Linear |R| = [32m1.117456e+01[39m
     27 Linear |R| = [32m6.623127e+00[39m
10 Nonlinear |R| = [33m7.718590e+05[39m
      0 Linear |R| = [32m7.718590e+05[39m
      1 Linear |R| = [32m6.466999e+05[39m
      2 Linear |R| = [32m5.880455e+05[39m
      3 Linear |R| = [32m5.021881e+05[39m
      4 Linear |R| = [32m3.819413e+05[39m
      5 Linear |R| = [32m2.959227e+05[39m
      6 Linear |R| = [32m2.129129e+05[39m
      7 Linear |R| = [32m1.327135e+05[39m
      8 Linear |R| = [32m8.736733e+04[39m
      9 Linear |R| = [32m5.287935e+04[39m
     10 Linear |R| = [32m3.108749e+04[39m
     11 Linear |R| = [32m1.791820e+04[39m
     12 Linear |R| = [32m9.973197e+03[39m
     13 Linear |R| = [32m5.611060e+03[39m
     14 Linear |R| = [32m3.271963e+03[39m
     15 Linear |R| = [32m2.053831e+03[39m
     16 Linear |R| = [32m1.356720e+03[39m
     17 Linear |R| = [32m9.955498e+02[39m
     18 Linear |R| = [32m7.405861e+02[39m
     19 Linear |R| = [32m4.992082e+02[39m
     20 Linear |R| = [32m2.881688e+02[39m
     21 Linear |R| = [32m1.391478e+02[39m
     22 Linear |R| = [32m6.617846e+01[39m
     23 Linear |R| = [32m2.976372e+01[39m
     24 Linear |R| = [32m1.463722e+01[39m
     25 Linear |R| = [32m7.295949e+00[39m
11 Nonlinear |R| = [33m7.488710e+05[39m
      0 Linear |R| = [32m7.488710e+05[39m
      1 Linear |R| = [32m5.919163e+05[39m
      2 Linear |R| = [32m5.348943e+05[39m
      3 Linear |R| = [32m4.365548e+05[39m
      4 Linear |R| = [32m3.200076e+05[39m
      5 Linear |R| = [32m2.398682e+05[39m
      6 Linear |R| = [32m1.631099e+05[39m
      7 Linear |R| = [32m9.766456e+04[39m
      8 Linear |R| = [32m6.008745e+04[39m
      9 Linear |R| = [32m3.523045e+04[39m
     10 Linear |R| = [32m1.920157e+04[39m
     11 Linear |R| = [32m1.050558e+04[39m
     12 Linear |R| = [32m5.566741e+03[39m
     13 Linear |R| = [32m2.947424e+03[39m
     14 Linear |R| = [32m1.706298e+03[39m
     15 Linear |R| = [32m1.087272e+03[39m
     16 Linear |R| = [32m7.325656e+02[39m
     17 Linear |R| = [32m5.137283e+02[39m
     18 Linear |R| = [32m3.465796e+02[39m
     19 Linear |R| = [32m2.033851e+02[39m
     20 Linear |R| = [32m1.042050e+02[39m
     21 Linear |R| = [32m4.786941e+01[39m
     22 Linear |R| = [32m2.132894e+01[39m
     23 Linear |R| = [32m9.212018e+00[39m
     24 Linear |R| = [32m4.436427e+00[39m
12 Nonlinear |R| = [33m7.249507e+05[39m
      0 Linear |R| = [32m7.249507e+05[39m
      1 Linear |R| = [32m5.300446e+05[39m
      2 Linear |R| = [32m4.748048e+05[39m
      3 Linear |R| = [32m3.659860e+05[39m
      4 Linear |R| = [32m2.559334e+05[39m
      5 Linear |R| = [32m1.827970e+05[39m
      6 Linear |R| = [32m1.159144e+05[39m
      7 Linear |R| = [32m6.485522e+04[39m
      8 Linear |R| = [32m3.698612e+04[39m
      9 Linear |R| = [32m2.059452e+04[39m
     10 Linear |R| = [32m1.031975e+04[39m
     11 Linear |R| = [32m5.243487e+03[39m
     12 Linear |R| = [32m2.615805e+03[39m
     13 Linear |R| = [32m1.315236e+03[39m
     14 Linear |R| = [32m7.578213e+02[39m
     15 Linear |R| = [32m4.980526e+02[39m
     16 Linear |R| = [32m3.365549e+02[39m
     17 Linear |R| = [32m2.146871e+02[39m
     18 Linear |R| = [32m1.251160e+02[39m
     19 Linear |R| = [32m6.130110e+01[39m
     20 Linear |R| = [32m2.735250e+01[39m
     21 Linear |R| = [32m1.194610e+01[39m
     22 Linear |R| = [32m5.191605e+00[39m
13 Nonlinear |R| = [33m6.946088e+05[39m
      0 Linear |R| = [32m6.946088e+05[39m
      1 Linear |R| = [32m4.355132e+05[39m
      2 Linear |R| = [32m3.814262e+05[39m
      3 Linear |R| = [32m2.663864e+05[39m
      4 Linear |R| = [32m1.666408e+05[39m
      5 Linear |R| = [32m1.076831e+05[39m
      6 Linear |R| = [32m6.015461e+04[39m
      7 Linear |R| = [32m2.879619e+04[39m
      8 Linear |R| = [32m1.432980e+04[39m
      9 Linear |R| = [32m7.140294e+03[39m
     10 Linear |R| = [32m3.175208e+03[39m
     11 Linear |R| = [32m1.371356e+03[39m
     12 Linear |R| = [32m6.267368e+02[39m
     13 Linear |R| = [32m3.068823e+02[39m
     14 Linear |R| = [32m1.818956e+02[39m
     15 Linear |R| = [32m1.209378e+02[39m
     16 Linear |R| = [32m7.404574e+01[39m
     17 Linear |R| = [32m3.492235e+01[39m
     18 Linear |R| = [32m1.577608e+01[39m
     19 Linear |R| = [32m6.453922e+00[39m
14 Nonlinear |R| = [32m6.017657e+05[39m
      0 Linear |R| = [32m6.017657e+05[39m
      1 Linear |R| = [32m7.127185e+04[39m
      2 Linear |R| = [32m2.915685e+04[39m
      3 Linear |R| = [32m1.180881e+04[39m
      4 Linear |R| = [32m3.470902e+03[39m
      5 Linear |R| = [32m1.218372e+03[39m
      6 Linear |R| = [32m4.576837e+02[39m
      7 Linear |R| = [32m1.548983e+02[39m
      8 Linear |R| = [32m5.109645e+01[39m
      9 Linear |R| = [32m1.669415e+01[39m
     10 Linear |R| = [32m5.475004e+00[39m
15 Nonlinear |R| = [32m5.524252e+03[39m
      0 Linear |R| = [32m5.524252e+03[39m
      1 Linear |R| = [32m1.387241e+03[39m
      2 Linear |R| = [32m4.426420e+02[39m
      3 Linear |R| = [32m1.078570e+02[39m
      4 Linear |R| = [32m3.415533e+01[39m
      5 Linear |R| = [32m8.911597e+00[39m
      6 Linear |R| = [32m2.985851e+00[39m
      7 Linear |R| = [32m7.496204e-01[39m
      8 Linear |R| = [32m2.560532e-01[39m
      9 Linear |R| = [32m6.818820e-02[39m
     10 Linear |R| = [32m2.307753e-02[39m
16 Nonlinear |R| = [32m1.200921e+01[39m
      0 Linear |R| = [32m1.200921e+01[39m
      1 Linear |R| = [32m1.865699e+00[39m
      2 Linear |R| = [32m6.299025e-01[39m
      3 Linear |R| = [32m1.614680e-01[39m
      4 Linear |R| = [32m4.348688e-02[39m
      5 Linear |R| = [32m1.203994e-02[39m
      6 Linear |R| = [32m3.897826e-03[39m
      7 Linear |R| = [32m1.078406e-03[39m
      8 Linear |R| = [32m3.368347e-04[39m
      9 Linear |R| = [32m9.966477e-05[39m
17 Nonlinear |R| = [32m1.648033e-04[39m
[32m Solve Converged![39m
Currently Executing
  Finished Solving                                                                       [[33m 46.96 s[39m] [[33m  236 MB[39m]

Postprocessor Values:
+----------------+----------------+----------------+----------------+------------------+----------------+----------------+
| time           | base_shear_x   | damage_c_max   | damage_t_max   | damage_total_max | top_disp_x     | top_disp_y     |
+----------------+----------------+----------------+----------------+------------------+----------------+----------------+
|   0.000000e+00 |   0.000000e+00 |   0.000000e+00 |   0.000000e+00 |     0.000000e+00 |   0.000000e+00 |   0.000000e+00 |
|   4.000000e+00 |  -4.029078e+05 |   0.000000e+00 |   9.846350e-01 |     9.846350e-01 |  -3.930000e-03 |   9.656832e-04 |
+----------------+----------------+----------------+----------------+------------------+----------------+----------------+


Time Step 2, time = 8, dt = 4
 0 Nonlinear |R| = [32m1.188670e+06[39m
      0 Linear |R| = [32m1.188670e+06[39m
      1 Linear |R| = [33m1.153086e+06[39m
      2 Linear |R| = [32m1.025160e+06[39m
      3 Linear |R| = [33m1.025147e+06[39m
      4 Linear |R| = [32m8.685720e+05[39m
      5 Linear |R| = [32m7.686078e+05[39m
      6 Linear |R| = [32m6.797929e+05[39m
      7 Linear |R| = [32m6.003538e+05[39m
      8 Linear |R| = [32m4.789382e+05[39m
      9 Linear |R| = [32m4.004812e+05[39m
     10 Linear |R| = [32m3.386991e+05[39m
     11 Linear |R| = [32m2.360701e+05[39m
     12 Linear |R| = [32m1.541653e+05[39m
     13 Linear |R| = [32m9.612243e+04[39m
     14 Linear |R| = [32m6.125796e+04[39m
     15 Linear |R| = [32m4.934271e+04[39m
     16 Linear |R| = [32m3.949015e+04[39m
     17 Linear |R| = [32m3.263927e+04[39m
     18 Linear |R| = [32m2.937885e+04[39m
     19 Linear |R| = [32m2.463839e+04[39m
     20 Linear |R| = [32m2.008726e+04[39m
     21 Linear |R| = [32m1.668120e+04[39m
     22 Linear |R| = [32m1.189606e+04[39m
     23 Linear |R| = [32m7.470101e+03[39m
     24 Linear |R| = [32m4.842089e+03[39m
     25 Linear |R| = [32m3.002916e+03[39m
     26 Linear |R| = [32m1.648624e+03[39m
     27 Linear |R| = [32m8.936953e+02[39m
     28 Linear |R| = [32m5.253520e+02[39m
     29 Linear |R| = [32m3.368788e+02[39m
    Linear solve did not converge due to DIVERGED_BREAKDOWN iterations 30
 1 Nonlinear |R| = [33m1.157221e+06[39m
      0 Linear |R| = [32m1.157221e+06[39m
      1 Linear |R| = [33m1.140140e+06[39m
      2 Linear |R| = [32m1.009511e+06[39m
      3 Linear |R| = [33m1.009320e+06[39m
      4 Linear |R| = [32m9.120710e+05[39m
      5 Linear |R| = [32m8.045303e+05[39m
      6 Linear |R| = [32m6.679374e+05[39m
      7 Linear |R| = [32m5.148799e+05[39m
      8 Linear |R| = [32m3.580094e+05[39m
      9 Linear |R| = [32m2.035573e+05[39m
     10 Linear |R| = [32m1.401174e+05[39m
     11 Linear |R| = [32m1.057263e+05[39m
     12 Linear |R| = [32m8.515337e+04[39m
     13 Linear |R| = [32m6.862809e+04[39m
     14 Linear |R| = [32m5.124370e+04[39m
     15 Linear |R| = [32m4.248064e+04[39m
     16 Linear |R| = [32m3.411412e+04[39m
     17 Linear |R| = [32m2.541995e+04[39m
     18 Linear |R| = [32m2.110045e+04[39m
     19 Linear |R| = [32m1.763497e+04[39m
     20 Linear |R| = [32m1.431933e+04[39m
     21 Linear |R| = [32m1.233575e+04[39m
     22 Linear |R| = [32m1.048591e+04[39m
     23 Linear |R| = [32m7.533932e+03[39m
     24 Linear |R| = [32m5.169847e+03[39m
     25 Linear |R| = [32m3.407894e+03[39m
     26 Linear |R| = [32m1.939852e+03[39m
     27 Linear |R| = [32m1.034566e+03[39m
     28 Linear |R| = [32m5.492801e+02[39m
     29 Linear |R| = [32m3.422567e+02[39m
     30 Linear |R| = [32m2.090568e+02[39m
     31 Linear |R| = [32m1.516075e+02[39m
     32 Linear |R| = [32m1.059291e+02[39m
     33 Linear |R| = [32m7.208870e+01[39m
     34 Linear |R| = [32m4.756718e+01[39m
     35 Linear |R| = [32m3.231273e+01[39m
     36 Linear |R| = [32m2.229518e+01[39m
     37 Linear |R| = [32m1.382177e+01[39m
     38 Linear |R| = [32m7.844621e+00[39m
 2 Nonlinear |R| = [32m1.034139e+06[39m
      0 Linear |R| = [32m1.034139e+06[39m
      1 Linear |R| = [33m1.018062e+06[39m
      2 Linear |R| = [32m9.027571e+05[39m
      3 Linear |R| = [33m9.027550e+05[39m
      4 Linear |R| = [32m8.156407e+05[39m
      5 Linear |R| = [32m7.298258e+05[39m
      6 Linear |R| = [32m6.054782e+05[39m
      7 Linear |R| = [32m4.650650e+05[39m
      8 Linear |R| = [32m3.192415e+05[39m
      9 Linear |R| = [32m1.780141e+05[39m
     10 Linear |R| = [32m1.247989e+05[39m
     11 Linear |R| = [32m9.603820e+04[39m
     12 Linear |R| = [32m7.712954e+04[39m
     13 Linear |R| = [32m6.146962e+04[39m
     14 Linear |R| = [32m4.618407e+04[39m
     15 Linear |R| = [32m3.864403e+04[39m
     16 Linear |R| = [32m3.035927e+04[39m
     17 Linear |R| = [32m2.304741e+04[39m
     18 Linear |R| = [32m1.945072e+04[39m
     19 Linear |R| = [32m1.567569e+04[39m
     20 Linear |R| = [32m1.293774e+04[39m
     21 Linear |R| = [32m1.132638e+04[39m
     22 Linear |R| = [32m9.299798e+03[39m
     23 Linear |R| = [32m6.728499e+03[39m
     24 Linear |R| = [32m4.757742e+03[39m
     25 Linear |R| = [32m3.025241e+03[39m
     26 Linear |R| = [32m1.667512e+03[39m
     27 Linear |R| = [32m8.972769e+02[39m
     28 Linear |R| = [32m5.026620e+02[39m
     29 Linear |R| = [32m3.117801e+02[39m
     30 Linear |R| = [32m1.746129e+02[39m
     31 Linear |R| = [32m1.221414e+02[39m
     32 Linear |R| = [32m8.745955e+01[39m
     33 Linear |R| = [32m5.938997e+01[39m
     34 Linear |R| = [32m3.866232e+01[39m
     35 Linear |R| = [32m2.646059e+01[39m
     36 Linear |R| = [32m1.798649e+01[39m
     37 Linear |R| = [32m1.099186e+01[39m
     38 Linear |R| = [32m5.956285e+00[39m
 3 Nonlinear |R| = [33m9.868659e+05[39m
      0 Linear |R| = [32m9.868659e+05[39m
      1 Linear |R| = [33m9.722740e+05[39m
      2 Linear |R| = [32m8.625510e+05[39m
      3 Linear |R| = [33m8.620482e+05[39m
      4 Linear |R| = [32m7.707686e+05[39m
      5 Linear |R| = [32m6.929387e+05[39m
      6 Linear |R| = [32m5.753762e+05[39m
      7 Linear |R| = [32m4.472145e+05[39m
      8 Linear |R| = [32m2.851738e+05[39m
      9 Linear |R| = [32m1.603703e+05[39m
     10 Linear |R| = [32m1.188236e+05[39m
     11 Linear |R| = [32m9.244688e+04[39m
     12 Linear |R| = [32m7.489787e+04[39m
     13 Linear |R| = [32m5.877377e+04[39m
     14 Linear |R| = [32m4.634581e+04[39m
     15 Linear |R| = [32m3.905166e+04[39m
     16 Linear |R| = [32m2.981449e+04[39m
     17 Linear |R| = [32m2.434253e+04[39m
     18 Linear |R| = [32m2.003237e+04[39m
     19 Linear |R| = [32m1.570526e+04[39m
     20 Linear |R| = [32m1.362933e+04[39m
     21 Linear |R| = [32m1.148126e+04[39m
     22 Linear |R| = [32m9.000924e+03[39m
     23 Linear |R| = [32m6.717311e+03[39m
     24 Linear |R| = [32m4.483256e+03[39m
     25 Linear |R| = [32m2.637254e+03[39m
     26 Linear |R| = [32m1.443532e+03[39m
     27 Linear |R| = [32m8.425587e+02[39m
     28 Linear |R| = [32m4.807562e+02[39m
     29 Linear |R| = [32m2.649681e+02[39m
     30 Linear |R| = [32m1.455847e+02[39m
     31 Linear |R| = [32m1.069263e+02[39m
     32 Linear |R| = [32m7.666653e+01[39m
     33 Linear |R| = [32m5.185238e+01[39m
     34 Linear |R| = [32m3.531647e+01[39m
     35 Linear |R| = [32m2.381632e+01[39m
     36 Linear |R| = [32m1.429508e+01[39m
     37 Linear |R| = [32m8.302620e+00[39m
 4 Nonlinear |R| = [32m8.563914e+05[39m
      0 Linear |R| = [32m8.563914e+05[39m
      1 Linear |R| = [32m7.238621e+05[39m
      2 Linear |R| = [32m5.876972e+05[39m
      3 Linear |R| = [32m4.714128e+05[39m
      4 Linear |R| = [32m3.700203e+05[39m
      5 Linear |R| = [32m2.981740e+05[39m
      6 Linear |R| = [32m2.277970e+05[39m
      7 Linear |R| = [32m1.854009e+05[39m
      8 Linear |R| = [32m1.526847e+05[39m
      9 Linear |R| = [32m1.265444e+05[39m
     10 Linear |R| = [32m9.712122e+04[39m
     11 Linear |R| = [32m7.374230e+04[39m
     12 Linear |R| = [32m5.145311e+04[39m
     13 Linear |R| = [32m3.579148e+04[39m
     14 Linear |R| = [32m2.391582e+04[39m
     15 Linear |R| = [32m1.585694e+04[39m
     16 Linear |R| = [32m1.065657e+04[39m
     17 Linear |R| = [32m6.716573e+03[39m
     18 Linear |R| = [32m3.830083e+03[39m
     19 Linear |R| = [32m2.020966e+03[39m
     20 Linear |R| = [32m9.893326e+02[39m
     21 Linear |R| = [32m4.949200e+02[39m
     22 Linear |R| = [32m2.100292e+02[39m
     23 Linear |R| = [32m1.053583e+02[39m
     24 Linear |R| = [32m5.144211e+01[39m
     25 Linear |R| = [32m2.433283e+01[39m
     26 Linear |R| = [32m1.258150e+01[39m
     27 Linear |R| = [32m6.660671e+00[39m
 5 Nonlinear |R| = [32m5.218924e+05[39m
      0 Linear |R| = [32m5.218924e+05[39m
      1 Linear |R| = [32m6.325628e+04[39m
      2 Linear |R| = [32m1.657359e+04[39m
      3 Linear |R| = [32m5.858082e+03[39m
      4 Linear |R| = [32m1.800945e+03[39m
      5 Linear |R| = [32m6.294708e+02[39m
      6 Linear |R| = [32m2.021644e+02[39m
      7 Linear |R| = [32m6.680203e+01[39m
      8 Linear |R| = [32m2.115483e+01[39m
      9 Linear |R| = [32m7.094910e+00[39m
     10 Linear |R| = [32m2.118941e+00[39m
 6 Nonlinear |R| = [32m2.119007e+00[39m
  Finished Solving                                                                       [[33m 18.64 s[39m] [[33m  235 MB[39m]
[32m Solve Converged![39m

Postprocessor Values:
+----------------+----------------+----------------+----------------+------------------+----------------+----------------+
| time           | base_shear_x   | damage_c_max   | damage_t_max   | damage_total_max | top_disp_x     | top_disp_y     |
+----------------+----------------+----------------+----------------+------------------+----------------+----------------+
|   0.000000e+00 |   0.000000e+00 |   0.000000e+00 |   0.000000e+00 |     0.000000e+00 |   0.000000e+00 |   0.000000e+00 |
|   4.000000e+00 |  -4.029078e+05 |   0.000000e+00 |   9.846350e-01 |     9.846350e-01 |  -3.930000e-03 |   9.656832e-04 |
|   8.000000e+00 |  -1.342720e+05 |   0.000000e+00 |   9.001824e-01 |     9.001824e-01 |  -1.310000e-03 |   9.656832e-04 |
+----------------+----------------+----------------+----------------+------------------+----------------+----------------+


Time Step 3, time = 12, dt = 4
 0 Nonlinear |R| = [32m1.052859e+06[39m
      0 Linear |R| = [32m1.052859e+06[39m
      1 Linear |R| = [33m1.025369e+06[39m
      2 Linear |R| = [32m9.180497e+05[39m
      3 Linear |R| = [33m9.178018e+05[39m
      4 Linear |R| = [32m7.898885e+05[39m
      5 Linear |R| = [32m6.863348e+05[39m
      6 Linear |R| = [32m5.765545e+05[39m
      7 Linear |R| = [32m4.728408e+05[39m
      8 Linear |R| = [32m3.449565e+05[39m
      9 Linear |R| = [32m2.637125e+05[39m
     10 Linear |R| = [32m2.252014e+05[39m
     11 Linear |R| = [32m1.743436e+05[39m
     12 Linear |R| = [32m1.273932e+05[39m
     13 Linear |R| = [32m8.742855e+04[39m
     14 Linear |R| = [32m5.941251e+04[39m
     15 Linear |R| = [32m4.856088e+04[39m
     16 Linear |R| = [32m3.889196e+04[39m
     17 Linear |R| = [32m3.192221e+04[39m
     18 Linear |R| = [32m2.852301e+04[39m
     19 Linear |R| = [32m2.368542e+04[39m
     20 Linear |R| = [32m1.933681e+04[39m
     21 Linear |R| = [32m1.611536e+04[39m
     22 Linear |R| = [32m1.152052e+04[39m
     23 Linear |R| = [32m7.225752e+03[39m
     24 Linear |R| = [32m4.687904e+03[39m
     25 Linear |R| = [32m2.894741e+03[39m
     26 Linear |R| = [32m1.574486e+03[39m
     27 Linear |R| = [32m8.632926e+02[39m
     28 Linear |R| = [32m5.124516e+02[39m
     29 Linear |R| = [32m3.306513e+02[39m
     30 Linear |R| = [32m2.047504e+02[39m
     31 Linear |R| = [32m1.562041e+02[39m
     32 Linear |R| = [32m1.214863e+02[39m
     33 Linear |R| = [32m8.372659e+01[39m
     34 Linear |R| = [32m4.914331e+01[39m
     35 Linear |R| = [32m2.877109e+01[39m
     36 Linear |R| = [32m1.769968e+01[39m
     37 Linear |R| = [32m1.052591e+01[39m
 1 Nonlinear |R| = [32m9.979468e+05[39m
      0 Linear |R| = [32m9.979468e+05[39m
      1 Linear |R| = [33m9.727707e+05[39m
      2 Linear |R| = [32m8.712014e+05[39m
      3 Linear |R| = [33m8.711561e+05[39m
      4 Linear |R| = [32m7.407237e+05[39m
      5 Linear |R| = [32m6.463868e+05[39m
      6 Linear |R| = [32m5.432799e+05[39m
      7 Linear |R| = [32m4.486567e+05[39m
      8 Linear |R| = [32m3.164211e+05[39m
      9 Linear |R| = [32m2.522727e+05[39m
     10 Linear |R| = [32m2.176080e+05[39m
     11 Linear |R| = [32m1.595391e+05[39m
     12 Linear |R| = [32m1.145532e+05[39m
     13 Linear |R| = [32m7.970925e+04[39m
     14 Linear |R| = [32m5.906350e+04[39m
     15 Linear |R| = [32m4.831412e+04[39m
     16 Linear |R| = [32m3.860891e+04[39m
     17 Linear |R| = [32m3.365632e+04[39m
     18 Linear |R| = [32m2.907344e+04[39m
     19 Linear |R| = [32m2.361718e+04[39m
     20 Linear |R| = [32m2.010232e+04[39m
     21 Linear |R| = [32m1.518203e+04[39m
     22 Linear |R| = [32m1.030258e+04[39m
     23 Linear |R| = [32m7.098181e+03[39m
     24 Linear |R| = [32m4.271051e+03[39m
     25 Linear |R| = [32m2.438182e+03[39m
     26 Linear |R| = [32m1.375128e+03[39m
     27 Linear |R| = [32m8.184552e+02[39m
     28 Linear |R| = [32m4.730701e+02[39m
     29 Linear |R| = [32m2.699363e+02[39m
     30 Linear |R| = [32m1.752880e+02[39m
     31 Linear |R| = [32m1.414734e+02[39m
     32 Linear |R| = [32m1.051513e+02[39m
     33 Linear |R| = [32m7.051847e+01[39m
     34 Linear |R| = [32m4.360121e+01[39m
     35 Linear |R| = [32m2.515333e+01[39m
     36 Linear |R| = [32m1.333851e+01[39m
     37 Linear |R| = [32m7.483011e+00[39m
 2 Nonlinear |R| = [32m8.519353e+05[39m
      0 Linear |R| = [32m8.519353e+05[39m
      1 Linear |R| = [32m7.466458e+05[39m
      2 Linear |R| = [32m6.542928e+05[39m
      3 Linear |R| = [32m5.019490e+05[39m
      4 Linear |R| = [32m4.037308e+05[39m
      5 Linear |R| = [32m2.948730e+05[39m
      6 Linear |R| = [32m1.930725e+05[39m
      7 Linear |R| = [32m1.095182e+05[39m
      8 Linear |R| = [32m6.463933e+04[39m
      9 Linear |R| = [32m3.937153e+04[39m
     10 Linear |R| = [32m2.160395e+04[39m
     11 Linear |R| = [32m1.320979e+04[39m
     12 Linear |R| = [32m7.260186e+03[39m
     13 Linear |R| = [32m3.814695e+03[39m
     14 Linear |R| = [32m2.026173e+03[39m
     15 Linear |R| = [32m1.249595e+03[39m
     16 Linear |R| = [32m8.465161e+02[39m
     17 Linear |R| = [32m5.995920e+02[39m
     18 Linear |R| = [32m4.210424e+02[39m
     19 Linear |R| = [32m2.553238e+02[39m
     20 Linear |R| = [32m1.458181e+02[39m
     21 Linear |R| = [32m7.926421e+01[39m
     22 Linear |R| = [32m4.134083e+01[39m
     23 Linear |R| = [32m2.156956e+01[39m
     24 Linear |R| = [32m1.037210e+01[39m
     25 Linear |R| = [32m5.084185e+00[39m
 3 Nonlinear |R| = [32m7.416819e+05[39m
      0 Linear |R| = [32m7.416819e+05[39m
      1 Linear |R| = [32m4.882677e+05[39m
      2 Linear |R| = [32m4.260477e+05[39m
      3 Linear |R| = [32m2.461562e+05[39m
      4 Linear |R| = [32m1.366876e+05[39m
      5 Linear |R| = [32m8.637414e+04[39m
      6 Linear |R| = [32m3.840552e+04[39m
      7 Linear |R| = [32m1.616539e+04[39m
      8 Linear |R| = [32m8.343403e+03[39m
      9 Linear |R| = [32m3.307426e+03[39m
     10 Linear |R| = [32m1.337304e+03[39m
     11 Linear |R| = [32m4.773374e+02[39m
     12 Linear |R| = [32m2.238517e+02[39m
     13 Linear |R| = [32m1.027956e+02[39m
     14 Linear |R| = [32m5.823670e+01[39m
     15 Linear |R| = [32m3.520428e+01[39m
     16 Linear |R| = [32m1.859240e+01[39m
     17 Linear |R| = [32m8.674831e+00[39m
     18 Linear |R| = [32m3.391924e+00[39m
 4 Nonlinear |R| = [32m5.136922e+05[39m
      0 Linear |R| = [32m5.136922e+05[39m
      1 Linear |R| = [32m9.028496e+04[39m
      2 Linear |R| = [32m2.252710e+04[39m
      3 Linear |R| = [32m7.227218e+03[39m
      4 Linear |R| = [32m2.321105e+03[39m
      5 Linear |R| = [32m7.788981e+02[39m
      6 Linear |R| = [32m2.411684e+02[39m
      7 Linear |R| = [32m8.670721e+01[39m
      8 Linear |R| = [32m2.706676e+01[39m
      9 Linear |R| = [32m9.315818e+00[39m
     10 Linear |R| = [32m2.945388e+00[39m
 5 Nonlinear |R| = [32m2.945421e+00[39m
[32m Solve Converged![39m
  Finished Solving                                                                       [[33m 12.70 s[39m] [[33m  235 MB[39m]

Postprocessor Values:
+----------------+----------------+----------------+----------------+------------------+----------------+----------------+
| time           | base_shear_x   | damage_c_max   | damage_t_max   | damage_total_max | top_disp_x     | top_disp_y     |
+----------------+----------------+----------------+----------------+------------------+----------------+----------------+
|   0.000000e+00 |   0.000000e+00 |   0.000000e+00 |   0.000000e+00 |     0.000000e+00 |   0.000000e+00 |   0.000000e+00 |
|   4.000000e+00 |  -4.029078e+05 |   0.000000e+00 |   9.846350e-01 |     9.846350e-01 |  -3.930000e-03 |   9.656832e-04 |
|   8.000000e+00 |  -1.342720e+05 |   0.000000e+00 |   9.001824e-01 |     9.001824e-01 |  -1.310000e-03 |   9.656832e-04 |
|   1.200000e+01 |   1.343635e+05 |   0.000000e+00 |   9.070615e-01 |     9.070615e-01 |   1.310000e-03 |   9.656829e-04 |
+----------------+----------------+----------------+----------------+------------------+----------------+----------------+


Time Step 4, time = 16, dt = 4
 0 Nonlinear |R| = [32m9.206563e+05[39m
      0 Linear |R| = [32m9.206563e+05[39m
      1 Linear |R| = [33m8.991431e+05[39m
      2 Linear |R| = [32m8.077035e+05[39m
      3 Linear |R| = [33m8.069985e+05[39m
      4 Linear |R| = [32m7.142150e+05[39m
      5 Linear |R| = [32m6.215199e+05[39m
      6 Linear |R| = [32m5.092315e+05[39m
      7 Linear |R| = [32m3.926359e+05[39m
      8 Linear |R| = [32m2.607660e+05[39m
      9 Linear |R| = [32m1.440219e+05[39m
     10 Linear |R| = [32m1.056193e+05[39m
     11 Linear |R| = [32m8.397870e+04[39m
     12 Linear |R| = [32m7.271258e+04[39m
     13 Linear |R| = [32m6.253971e+04[39m
     14 Linear |R| = [32m5.264776e+04[39m
     15 Linear |R| = [32m4.643750e+04[39m
     16 Linear |R| = [32m3.819554e+04[39m
     17 Linear |R| = [32m2.763990e+04[39m
     18 Linear |R| = [32m2.068509e+04[39m
     19 Linear |R| = [32m1.268408e+04[39m
     20 Linear |R| = [32m6.720674e+03[39m
     21 Linear |R| = [32m4.204291e+03[39m
     22 Linear |R| = [32m2.960767e+03[39m
     23 Linear |R| = [32m1.933436e+03[39m
     24 Linear |R| = [32m1.422607e+03[39m
     25 Linear |R| = [32m1.118566e+03[39m
     26 Linear |R| = [32m8.203381e+02[39m
     27 Linear |R| = [32m5.623718e+02[39m
     28 Linear |R| = [32m3.778373e+02[39m
     29 Linear |R| = [32m2.607304e+02[39m
     30 Linear |R| = [32m1.694844e+02[39m
     31 Linear |R| = [32m1.455946e+02[39m
     32 Linear |R| = [32m1.138819e+02[39m
     33 Linear |R| = [32m8.322508e+01[39m
     34 Linear |R| = [32m5.835920e+01[39m
     35 Linear |R| = [32m3.612021e+01[39m
     36 Linear |R| = [32m2.675833e+01[39m
     37 Linear |R| = [32m1.992530e+01[39m
     38 Linear |R| = [32m1.537646e+01[39m
     39 Linear |R| = [32m1.281807e+01[39m
     40 Linear |R| = [32m1.106578e+01[39m
     41 Linear |R| = [32m9.240071e+00[39m
     42 Linear |R| = [32m8.569939e+00[39m
 1 Nonlinear |R| = [33m9.028314e+05[39m
      0 Linear |R| = [32m9.028314e+05[39m
      1 Linear |R| = [33m8.817052e+05[39m
      2 Linear |R| = [32m7.923228e+05[39m
      3 Linear |R| = [33m7.917621e+05[39m
      4 Linear |R| = [32m6.993425e+05[39m
      5 Linear |R| = [32m6.091391e+05[39m
      6 Linear |R| = [32m4.988726e+05[39m
      7 Linear |R| = [32m3.859342e+05[39m
      8 Linear |R| = [32m2.538663e+05[39m
      9 Linear |R| = [32m1.395377e+05[39m
     10 Linear |R| = [32m1.037125e+05[39m
     11 Linear |R| = [32m8.290737e+04[39m
     12 Linear |R| = [32m7.175080e+04[39m
     13 Linear |R| = [32m6.148569e+04[39m
     14 Linear |R| = [32m5.192873e+04[39m
     15 Linear |R| = [32m4.588150e+04[39m
     16 Linear |R| = [32m3.731814e+04[39m
     17 Linear |R| = [32m2.727883e+04[39m
     18 Linear |R| = [32m2.043546e+04[39m
     19 Linear |R| = [32m1.200939e+04[39m
     20 Linear |R| = [32m6.472383e+03[39m
     21 Linear |R| = [32m4.160914e+03[39m
     22 Linear |R| = [32m2.849830e+03[39m
     23 Linear |R| = [32m1.842604e+03[39m
     24 Linear |R| = [32m1.371711e+03[39m
     25 Linear |R| = [32m1.075908e+03[39m
     26 Linear |R| = [32m7.843325e+02[39m
     27 Linear |R| = [32m5.415528e+02[39m
     28 Linear |R| = [32m3.691318e+02[39m
     29 Linear |R| = [32m2.514884e+02[39m
     30 Linear |R| = [32m1.609873e+02[39m
     31 Linear |R| = [32m1.395613e+02[39m
     32 Linear |R| = [32m1.095019e+02[39m
     33 Linear |R| = [32m7.961099e+01[39m
     34 Linear |R| = [32m5.569899e+01[39m
     35 Linear |R| = [32m3.477066e+01[39m
     36 Linear |R| = [32m2.516036e+01[39m
     37 Linear |R| = [32m1.856957e+01[39m
     38 Linear |R| = [32m1.449903e+01[39m
     39 Linear |R| = [32m1.197222e+01[39m
     40 Linear |R| = [32m1.013069e+01[39m
     41 Linear |R| = [32m8.388285e+00[39m
 2 Nonlinear |R| = [33m8.875764e+05[39m
      0 Linear |R| = [32m8.875764e+05[39m
      1 Linear |R| = [33m8.667644e+05[39m
      2 Linear |R| = [32m7.793030e+05[39m
      3 Linear |R| = [33m7.789033e+05[39m
      4 Linear |R| = [32m6.862083e+05[39m
      5 Linear |R| = [32m5.983929e+05[39m
      6 Linear |R| = [32m4.901180e+05[39m
      7 Linear |R| = [32m3.805538e+05[39m
      8 Linear |R| = [32m2.464857e+05[39m
      9 Linear |R| = [32m1.353293e+05[39m
     10 Linear |R| = [32m1.024906e+05[39m
     11 Linear |R| = [32m8.243009e+04[39m
     12 Linear |R| = [32m7.127325e+04[39m
     13 Linear |R| = [32m6.082029e+04[39m
     14 Linear |R| = [32m5.165492e+04[39m
     15 Linear |R| = [32m4.563818e+04[39m
     16 Linear |R| = [32m3.658793e+04[39m
     17 Linear |R| = [32m2.716596e+04[39m
     18 Linear |R| = [32m2.015196e+04[39m
     19 Linear |R| = [32m1.123263e+04[39m
     20 Linear |R| = [32m6.288853e+03[39m
     21 Linear |R| = [32m4.111345e+03[39m
     22 Linear |R| = [32m2.690737e+03[39m
     23 Linear |R| = [32m1.733812e+03[39m
     24 Linear |R| = [32m1.301555e+03[39m
     25 Linear |R| = [32m1.011905e+03[39m
     26 Linear |R| = [32m7.330655e+02[39m
     27 Linear |R| = [32m5.139115e+02[39m
     28 Linear |R| = [32m3.556194e+02[39m
     29 Linear |R| = [32m2.365427e+02[39m
     30 Linear |R| = [32m1.511072e+02[39m
     31 Linear |R| = [32m1.338860e+02[39m
     32 Linear |R| = [32m1.046866e+02[39m
     33 Linear |R| = [32m7.581998e+01[39m
     34 Linear |R| = [32m5.358422e+01[39m
     35 Linear |R| = [32m3.383649e+01[39m
     36 Linear |R| = [32m2.356998e+01[39m
     37 Linear |R| = [32m1.724344e+01[39m
     38 Linear |R| = [32m1.370589e+01[39m
     39 Linear |R| = [32m1.111979e+01[39m
     40 Linear |R| = [32m9.221595e+00[39m
     41 Linear |R| = [32m7.661418e+00[39m
 3 Nonlinear |R| = [33m8.731943e+05[39m
      0 Linear |R| = [32m8.731943e+05[39m
      1 Linear |R| = [33m8.526609e+05[39m
      2 Linear |R| = [32m7.673004e+05[39m
      3 Linear |R| = [33m7.670966e+05[39m
      4 Linear |R| = [32m6.731432e+05[39m
      5 Linear |R| = [32m5.880248e+05[39m
      6 Linear |R| = [32m4.825091e+05[39m
      7 Linear |R| = [32m3.755416e+05[39m
      8 Linear |R| = [32m2.362378e+05[39m
      9 Linear |R| = [32m1.314612e+05[39m
     10 Linear |R| = [32m1.024984e+05[39m
     11 Linear |R| = [32m8.298537e+04[39m
     12 Linear |R| = [32m7.164095e+04[39m
     13 Linear |R| = [32m6.092139e+04[39m
     14 Linear |R| = [32m5.223570e+04[39m
     15 Linear |R| = [32m4.588095e+04[39m
     16 Linear |R| = [32m3.617826e+04[39m
     17 Linear |R| = [32m2.739073e+04[39m
     18 Linear |R| = [32m1.949143e+04[39m
     19 Linear |R| = [32m1.033290e+04[39m
     20 Linear |R| = [32m6.202063e+03[39m
     21 Linear |R| = [32m3.971761e+03[39m
     22 Linear |R| = [32m2.422321e+03[39m
     23 Linear |R| = [32m1.569058e+03[39m
     24 Linear |R| = [32m1.165572e+03[39m
     25 Linear |R| = [32m8.802028e+02[39m
     26 Linear |R| = [32m6.327698e+02[39m
     27 Linear |R| = [32m4.564277e+02[39m
     28 Linear |R| = [32m3.163747e+02[39m
     29 Linear |R| = [32m2.038095e+02[39m
     30 Linear |R| = [32m1.352559e+02[39m
     31 Linear |R| = [32m1.245334e+02[39m
     32 Linear |R| = [32m9.640816e+01[39m
     33 Linear |R| = [32m7.081207e+01[39m
     34 Linear |R| = [32m5.138050e+01[39m
     35 Linear |R| = [32m3.262084e+01[39m
     36 Linear |R| = [32m2.156953e+01[39m
     37 Linear |R| = [32m1.574224e+01[39m
     38 Linear |R| = [32m1.256023e+01[39m
     39 Linear |R| = [32m9.968581e+00[39m
     40 Linear |R| = [32m8.393535e+00[39m
 4 Nonlinear |R| = [33m8.593372e+05[39m
      0 Linear |R| = [32m8.593372e+05[39m
      1 Linear |R| = [33m8.390411e+05[39m
      2 Linear |R| = [32m7.564079e+05[39m
      3 Linear |R| = [33m7.563981e+05[39m
      4 Linear |R| = [32m6.590317e+05[39m
      5 Linear |R| = [32m5.779578e+05[39m
      6 Linear |R| = [32m4.777032e+05[39m
      7 Linear |R| = [32m3.661830e+05[39m
      8 Linear |R| = [32m2.186956e+05[39m
      9 Linear |R| = [32m1.313113e+05[39m
     10 Linear |R| = [32m1.065497e+05[39m
     11 Linear |R| = [32m8.679389e+04[39m
     12 Linear |R| = [32m7.499911e+04[39m
     13 Linear |R| = [32m6.415476e+04[39m
     14 Linear |R| = [32m5.533565e+04[39m
     15 Linear |R| = [32m4.755142e+04[39m
     16 Linear |R| = [32m3.715105e+04[39m
     17 Linear |R| = [32m2.743069e+04[39m
     18 Linear |R| = [32m1.760200e+04[39m
     19 Linear |R| = [32m9.694989e+03[39m
     20 Linear |R| = [32m6.176852e+03[39m
     21 Linear |R| = [32m3.557882e+03[39m
     22 Linear |R| = [32m2.061500e+03[39m
     23 Linear |R| = [32m1.352210e+03[39m
     24 Linear |R| = [32m9.108255e+02[39m
     25 Linear |R| = [32m6.148463e+02[39m
     26 Linear |R| = [32m4.203091e+02[39m
     27 Linear |R| = [32m2.870473e+02[39m
     28 Linear |R| = [32m1.728975e+02[39m
     29 Linear |R| = [32m9.744916e+01[39m
     30 Linear |R| = [32m5.331378e+01[39m
     31 Linear |R| = [32m3.965190e+01[39m
     32 Linear |R| = [32m2.482395e+01[39m
     33 Linear |R| = [32m1.676819e+01[39m
     34 Linear |R| = [32m1.356984e+01[39m
     35 Linear |R| = [32m1.001110e+01[39m
     36 Linear |R| = [32m7.599980e+00[39m
 5 Nonlinear |R| = [33m8.464871e+05[39m
      0 Linear |R| = [32m8.464871e+05[39m
      1 Linear |R| = [33m8.264966e+05[39m
      2 Linear |R| = [32m7.471284e+05[39m
      3 Linear |R| = [33m7.456605e+05[39m
      4 Linear |R| = [32m6.440498e+05[39m
      5 Linear |R| = [32m5.728017e+05[39m
      6 Linear |R| = [32m4.548491e+05[39m
      7 Linear |R| = [32m3.152173e+05[39m
      8 Linear |R| = [32m2.117219e+05[39m
      9 Linear |R| = [32m1.526167e+05[39m
     10 Linear |R| = [32m1.274538e+05[39m
     11 Linear |R| = [32m1.076914e+05[39m
     12 Linear |R| = [32m9.555584e+04[39m
     13 Linear |R| = [32m8.037059e+04[39m
     14 Linear |R| = [32m6.724558e+04[39m
     15 Linear |R| = [32m5.395655e+04[39m
     16 Linear |R| = [32m3.662662e+04[39m
     17 Linear |R| = [32m2.562562e+04[39m
     18 Linear |R| = [32m1.696680e+04[39m
     19 Linear |R| = [32m1.089452e+04[39m
     20 Linear |R| = [32m8.027469e+03[39m
     21 Linear |R| = [32m5.922614e+03[39m
     22 Linear |R| = [32m4.476925e+03[39m
     23 Linear |R| = [32m3.408542e+03[39m
     24 Linear |R| = [32m2.366796e+03[39m
     25 Linear |R| = [32m1.525707e+03[39m
     26 Linear |R| = [32m9.308223e+02[39m
     27 Linear |R| = [32m6.140898e+02[39m
     28 Linear |R| = [32m4.132002e+02[39m
     29 Linear |R| = [32m2.916120e+02[39m
     30 Linear |R| = [32m2.132030e+02[39m
     31 Linear |R| = [32m1.734309e+02[39m
     32 Linear |R| = [32m1.268865e+02[39m
     33 Linear |R| = [32m8.547606e+01[39m
     34 Linear |R| = [32m5.464186e+01[39m
     35 Linear |R| = [32m3.291679e+01[39m
     36 Linear |R| = [32m2.252750e+01[39m
     37 Linear |R| = [32m1.524249e+01[39m
     38 Linear |R| = [32m1.135717e+01[39m
     39 Linear |R| = [32m8.563832e+00[39m
     40 Linear |R| = [32m6.276324e+00[39m
 6 Nonlinear |R| = [32m7.859063e+05[39m
      0 Linear |R| = [32m7.859063e+05[39m
      1 Linear |R| = [32m7.241360e+05[39m
      2 Linear |R| = [32m6.481712e+05[39m
      3 Linear |R| = [32m5.445616e+05[39m
      4 Linear |R| = [32m4.615947e+05[39m
      5 Linear |R| = [32m3.682851e+05[39m
      6 Linear |R| = [32m2.675322e+05[39m
      7 Linear |R| = [32m1.921136e+05[39m
      8 Linear |R| = [32m1.290226e+05[39m
      9 Linear |R| = [32m8.378821e+04[39m
     10 Linear |R| = [32m5.300767e+04[39m
     11 Linear |R| = [32m3.311961e+04[39m
     12 Linear |R| = [32m1.947104e+04[39m
     13 Linear |R| = [32m1.184981e+04[39m
     14 Linear |R| = [32m7.746127e+03[39m
     15 Linear |R| = [32m5.237199e+03[39m
     16 Linear |R| = [32m4.044367e+03[39m
     17 Linear |R| = [32m3.188283e+03[39m
     18 Linear |R| = [32m2.337814e+03[39m
     19 Linear |R| = [32m1.605104e+03[39m
     20 Linear |R| = [32m8.691643e+02[39m
     21 Linear |R| = [32m4.850174e+02[39m
     22 Linear |R| = [32m2.437270e+02[39m
     23 Linear |R| = [32m1.157364e+02[39m
     24 Linear |R| = [32m6.315154e+01[39m
     25 Linear |R| = [32m3.382771e+01[39m
     26 Linear |R| = [32m1.952218e+01[39m
     27 Linear |R| = [32m1.239331e+01[39m
     28 Linear |R| = [32m7.823665e+00[39m
 7 Nonlinear |R| = [33m7.692612e+05[39m
      0 Linear |R| = [32m7.692612e+05[39m
      1 Linear |R| = [32m6.878046e+05[39m
      2 Linear |R| = [32m6.158325e+05[39m
      3 Linear |R| = [32m4.991778e+05[39m
      4 Linear |R| = [32m4.185102e+05[39m
      5 Linear |R| = [32m3.288307e+05[39m
      6 Linear |R| = [32m2.323428e+05[39m
      7 Linear |R| = [32m1.610940e+05[39m
      8 Linear |R| = [32m1.049101e+05[39m
      9 Linear |R| = [32m6.543883e+04[39m
     10 Linear |R| = [32m3.962024e+04[39m
     11 Linear |R| = [32m2.414195e+04[39m
     12 Linear |R| = [32m1.317783e+04[39m
     13 Linear |R| = [32m7.755495e+03[39m
     14 Linear |R| = [32m4.824511e+03[39m
     15 Linear |R| = [32m3.084045e+03[39m
     16 Linear |R| = [32m2.340599e+03[39m
     17 Linear |R| = [32m1.795371e+03[39m
     18 Linear |R| = [32m1.305536e+03[39m
     19 Linear |R| = [32m8.632937e+02[39m
     20 Linear |R| = [32m4.487210e+02[39m
     21 Linear |R| = [32m2.399044e+02[39m
     22 Linear |R| = [32m1.157151e+02[39m
     23 Linear |R| = [32m5.330458e+01[39m
     24 Linear |R| = [32m2.716112e+01[39m
     25 Linear |R| = [32m1.467551e+01[39m
     26 Linear |R| = [32m8.138205e+00[39m
     27 Linear |R| = [32m5.142679e+00[39m
 8 Nonlinear |R| = [33m7.497764e+05[39m
      0 Linear |R| = [32m7.497764e+05[39m
      1 Linear |R| = [32m6.367460e+05[39m
      2 Linear |R| = [32m5.694957e+05[39m
      3 Linear |R| = [32m4.426350e+05[39m
      4 Linear |R| = [32m3.577843e+05[39m
      5 Linear |R| = [32m2.740871e+05[39m
      6 Linear |R| = [32m1.863855e+05[39m
      7 Linear |R| = [32m1.205394e+05[39m
      8 Linear |R| = [32m7.651599e+04[39m
      9 Linear |R| = [32m4.495621e+04[39m
     10 Linear |R| = [32m2.527650e+04[39m
     11 Linear |R| = [32m1.513355e+04[39m
     12 Linear |R| = [32m7.457106e+03[39m
     13 Linear |R| = [32m4.156607e+03[39m
     14 Linear |R| = [32m2.451677e+03[39m
     15 Linear |R| = [32m1.486939e+03[39m
     16 Linear |R| = [32m1.093382e+03[39m
     17 Linear |R| = [32m8.179022e+02[39m
     18 Linear |R| = [32m5.738589e+02[39m
     19 Linear |R| = [32m3.592188e+02[39m
     20 Linear |R| = [32m1.790670e+02[39m
     21 Linear |R| = [32m8.508041e+01[39m
     22 Linear |R| = [32m4.103143e+01[39m
     23 Linear |R| = [32m1.827313e+01[39m
     24 Linear |R| = [32m8.311058e+00[39m
     25 Linear |R| = [32m4.600272e+00[39m
 9 Nonlinear |R| = [33m7.296609e+05[39m
      0 Linear |R| = [32m7.296609e+05[39m
      1 Linear |R| = [32m5.807110e+05[39m
      2 Linear |R| = [32m5.148884e+05[39m
      3 Linear |R| = [32m3.737628e+05[39m
      4 Linear |R| = [32m2.952675e+05[39m
      5 Linear |R| = [32m2.140860e+05[39m
      6 Linear |R| = [32m1.365109e+05[39m
      7 Linear |R| = [32m8.411246e+04[39m
      8 Linear |R| = [32m5.029624e+04[39m
      9 Linear |R| = [32m2.765310e+04[39m
     10 Linear |R| = [32m1.467015e+04[39m
     11 Linear |R| = [32m8.327072e+03[39m
     12 Linear |R| = [32m3.839478e+03[39m
     13 Linear |R| = [32m2.044881e+03[39m
     14 Linear |R| = [32m1.196137e+03[39m
     15 Linear |R| = [32m7.504816e+02[39m
     16 Linear |R| = [32m5.447982e+02[39m
     17 Linear |R| = [32m3.911012e+02[39m
     18 Linear |R| = [32m2.396600e+02[39m
     19 Linear |R| = [32m1.316671e+02[39m
     20 Linear |R| = [32m6.044416e+01[39m
     21 Linear |R| = [32m2.459031e+01[39m
     22 Linear |R| = [32m1.155883e+01[39m
     23 Linear |R| = [32m5.144147e+00[39m
10 Nonlinear |R| = [33m7.070395e+05[39m
      0 Linear |R| = [32m7.070395e+05[39m
      1 Linear |R| = [32m5.087933e+05[39m
      2 Linear |R| = [32m4.452943e+05[39m
      3 Linear |R| = [32m2.962459e+05[39m
      4 Linear |R| = [32m2.210641e+05[39m
      5 Linear |R| = [32m1.501013e+05[39m
      6 Linear |R| = [32m8.753288e+04[39m
      7 Linear |R| = [32m4.835427e+04[39m
      8 Linear |R| = [32m2.747241e+04[39m
      9 Linear |R| = [32m1.351680e+04[39m
     10 Linear |R| = [32m6.431829e+03[39m
     11 Linear |R| = [32m3.388382e+03[39m
     12 Linear |R| = [32m1.494018e+03[39m
     13 Linear |R| = [32m7.163898e+02[39m
     14 Linear |R| = [32m4.248586e+02[39m
     15 Linear |R| = [32m2.772727e+02[39m
     16 Linear |R| = [32m1.905194e+02[39m
     17 Linear |R| = [32m1.231695e+02[39m
     18 Linear |R| = [32m5.981906e+01[39m
     19 Linear |R| = [32m2.620566e+01[39m
     20 Linear |R| = [32m1.176164e+01[39m
     21 Linear |R| = [32m4.405239e+00[39m
11 Nonlinear |R| = [33m6.789852e+05[39m
      0 Linear |R| = [32m6.789852e+05[39m
      1 Linear |R| = [32m3.947651e+05[39m
      2 Linear |R| = [32m3.336662e+05[39m
      3 Linear |R| = [32m1.855610e+05[39m
      4 Linear |R| = [32m1.190205e+05[39m
      5 Linear |R| = [32m7.217438e+04[39m
      6 Linear |R| = [32m3.496482e+04[39m
      7 Linear |R| = [32m1.468545e+04[39m
      8 Linear |R| = [32m7.477906e+03[39m
      9 Linear |R| = [32m3.219445e+03[39m
     10 Linear |R| = [32m1.210739e+03[39m
     11 Linear |R| = [32m4.855916e+02[39m
     12 Linear |R| = [32m2.239762e+02[39m
     13 Linear |R| = [32m1.039131e+02[39m
     14 Linear |R| = [32m5.788909e+01[39m
     15 Linear |R| = [32m3.769638e+01[39m
     16 Linear |R| = [32m1.922891e+01[39m
     17 Linear |R| = [32m8.540876e+00[39m
     18 Linear |R| = [32m3.658028e+00[39m
12 Nonlinear |R| = [32m5.716005e+05[39m
      0 Linear |R| = [32m5.716005e+05[39m
      1 Linear |R| = [32m4.692585e+04[39m
      2 Linear |R| = [32m1.387714e+04[39m
      3 Linear |R| = [32m5.249969e+03[39m
      4 Linear |R| = [32m1.550966e+03[39m
      5 Linear |R| = [32m5.304786e+02[39m
      6 Linear |R| = [32m1.396306e+02[39m
      7 Linear |R| = [32m4.420930e+01[39m
      8 Linear |R| = [32m1.624262e+01[39m
      9 Linear |R| = [32m5.582895e+00[39m
13 Nonlinear |R| = [32m6.220362e+00[39m
  Finished Solving                                                                       [[33m 37.68 s[39m] [[33m  235 MB[39m]
[32m Solve Converged![39m

Postprocessor Values:
+----------------+----------------+----------------+----------------+------------------+----------------+----------------+
| time           | base_shear_x   | damage_c_max   | damage_t_max   | damage_total_max | top_disp_x     | top_disp_y     |
+----------------+----------------+----------------+----------------+------------------+----------------+----------------+
|   0.000000e+00 |   0.000000e+00 |   0.000000e+00 |   0.000000e+00 |     0.000000e+00 |   0.000000e+00 |   0.000000e+00 |
|   4.000000e+00 |  -4.029078e+05 |   0.000000e+00 |   9.846350e-01 |     9.846350e-01 |  -3.930000e-03 |   9.656832e-04 |
|   8.000000e+00 |  -1.342720e+05 |   0.000000e+00 |   9.001824e-01 |     9.001824e-01 |  -1.310000e-03 |   9.656832e-04 |
|   1.200000e+01 |   1.343635e+05 |   0.000000e+00 |   9.070615e-01 |     9.070615e-01 |   1.310000e-03 |   9.656829e-04 |
|   1.600000e+01 |   4.029545e+05 |   0.000000e+00 |   9.846349e-01 |     9.846349e-01 |   3.930000e-03 |   9.657763e-04 |
+----------------+----------------+----------------+----------------+------------------+----------------+----------------+


Time Step 5, time = 20, dt = 4
 0 Nonlinear |R| = [32m7.938904e+05[39m
      0 Linear |R| = [32m7.938904e+05[39m
      1 Linear |R| = [33m7.762355e+05[39m
      2 Linear |R| = [32m6.954143e+05[39m
      3 Linear |R| = [33m6.944571e+05[39m
      4 Linear |R| = [32m6.343362e+05[39m
      5 Linear |R| = [32m5.739694e+05[39m
      6 Linear |R| = [32m5.049655e+05[39m
      7 Linear |R| = [32m4.368985e+05[39m
      8 Linear |R| = [32m3.529512e+05[39m
      9 Linear |R| = [32m2.527846e+05[39m
     10 Linear |R| = [32m2.075165e+05[39m
     11 Linear |R| = [32m1.641341e+05[39m
     12 Linear |R| = [32m1.235442e+05[39m
     13 Linear |R| = [32m8.627416e+04[39m
     14 Linear |R| = [32m5.969842e+04[39m
     15 Linear |R| = [32m4.815015e+04[39m
     16 Linear |R| = [32m3.763754e+04[39m
     17 Linear |R| = [32m3.082488e+04[39m
     18 Linear |R| = [32m2.744186e+04[39m
     19 Linear |R| = [32m2.308306e+04[39m
     20 Linear |R| = [32m1.923763e+04[39m
     21 Linear |R| = [32m1.617027e+04[39m
     22 Linear |R| = [32m1.131910e+04[39m
     23 Linear |R| = [32m6.920382e+03[39m
     24 Linear |R| = [32m4.449740e+03[39m
     25 Linear |R| = [32m2.698961e+03[39m
     26 Linear |R| = [32m1.439705e+03[39m
     27 Linear |R| = [32m8.076791e+02[39m
     28 Linear |R| = [32m4.889106e+02[39m
     29 Linear |R| = [32m3.204389e+02[39m
    Linear solve did not converge due to DIVERGED_BREAKDOWN iterations 30
 1 Nonlinear |R| = [33m7.831485e+05[39m
      0 Linear |R| = [32m7.831485e+05[39m
      1 Linear |R| = [33m7.656831e+05[39m
      2 Linear |R| = [32m6.861450e+05[39m
      3 Linear |R| = [33m6.852620e+05[39m
      4 Linear |R| = [32m6.254860e+05[39m
      5 Linear |R| = [32m5.662738e+05[39m
      6 Linear |R| = [32m4.984165e+05[39m
      7 Linear |R| = [32m4.319553e+05[39m
      8 Linear |R| = [32m3.480249e+05[39m
      9 Linear |R| = [32m2.492526e+05[39m
     10 Linear |R| = [32m2.052408e+05[39m
     11 Linear |R| = [32m1.619441e+05[39m
     12 Linear |R| = [32m1.216095e+05[39m
     13 Linear |R| = [32m8.485575e+04[39m
     14 Linear |R| = [32m5.904565e+04[39m
     15 Linear |R| = [32m4.765805e+04[39m
     16 Linear |R| = [32m3.708060e+04[39m
     17 Linear |R| = [32m3.054998e+04[39m
     18 Linear |R| = [32m2.718648e+04[39m
     19 Linear |R| = [32m2.274751e+04[39m
     20 Linear |R| = [32m1.908726e+04[39m
     21 Linear |R| = [32m1.600409e+04[39m
     22 Linear |R| = [32m1.104763e+04[39m
     23 Linear |R| = [32m6.844909e+03[39m
     24 Linear |R| = [32m4.413819e+03[39m
     25 Linear |R| = [32m2.642774e+03[39m
     26 Linear |R| = [32m1.404965e+03[39m
     27 Linear |R| = [32m7.960392e+02[39m
     28 Linear |R| = [32m4.865829e+02[39m
     29 Linear |R| = [32m3.157797e+02[39m
     30 Linear |R| = [32m1.977318e+02[39m
     31 Linear |R| = [32m1.529098e+02[39m
     32 Linear |R| = [32m1.191769e+02[39m
     33 Linear |R| = [32m7.976815e+01[39m
     34 Linear |R| = [32m4.586058e+01[39m
     35 Linear |R| = [32m2.693957e+01[39m
     36 Linear |R| = [32m1.566543e+01[39m
     37 Linear |R| = [32m8.838750e+00[39m
     38 Linear |R| = [32m4.540631e+00[39m
 2 Nonlinear |R| = [33m7.727643e+05[39m
      0 Linear |R| = [32m7.727643e+05[39m
      1 Linear |R| = [33m7.554659e+05[39m
      2 Linear |R| = [32m6.773059e+05[39m
      3 Linear |R| = [33m6.765005e+05[39m
      4 Linear |R| = [32m6.171001e+05[39m
      5 Linear |R| = [32m5.591940e+05[39m
      6 Linear |R| = [32m4.927843e+05[39m
      7 Linear |R| = [32m4.281409e+05[39m
      8 Linear |R| = [32m3.437917e+05[39m
      9 Linear |R| = [32m2.464211e+05[39m
     10 Linear |R| = [32m2.037653e+05[39m
     11 Linear |R| = [32m1.602083e+05[39m
     12 Linear |R| = [32m1.199351e+05[39m
     13 Linear |R| = [32m8.363800e+04[39m
     14 Linear |R| = [32m5.857783e+04[39m
     15 Linear |R| = [32m4.730189e+04[39m
     16 Linear |R| = [32m3.658647e+04[39m
     17 Linear |R| = [32m3.037384e+04[39m
     18 Linear |R| = [32m2.699166e+04[39m
     19 Linear |R| = [32m2.245949e+04[39m
     20 Linear |R| = [32m1.901380e+04[39m
     21 Linear |R| = [32m1.585349e+04[39m
     22 Linear |R| = [32m1.078931e+04[39m
     23 Linear |R| = [32m6.805361e+03[39m
     24 Linear |R| = [32m4.384477e+03[39m
     25 Linear |R| = [32m2.582461e+03[39m
     26 Linear |R| = [32m1.372731e+03[39m
     27 Linear |R| = [32m7.891855e+02[39m
     28 Linear |R| = [32m4.871563e+02[39m
     29 Linear |R| = [32m3.115596e+02[39m
     30 Linear |R| = [32m1.940025e+02[39m
     31 Linear |R| = [32m1.512175e+02[39m
     32 Linear |R| = [32m1.178372e+02[39m
     33 Linear |R| = [32m7.789591e+01[39m
     34 Linear |R| = [32m4.512959e+01[39m
     35 Linear |R| = [32m2.680029e+01[39m
     36 Linear |R| = [32m1.514199e+01[39m
     37 Linear |R| = [32m8.318686e+00[39m
     38 Linear |R| = [32m4.366252e+00[39m
 3 Nonlinear |R| = [33m7.626216e+05[39m
      0 Linear |R| = [32m7.626216e+05[39m
      1 Linear |R| = [33m7.454730e+05[39m
      2 Linear |R| = [32m6.687107e+05[39m
      3 Linear |R| = [33m6.679905e+05[39m
      4 Linear |R| = [32m6.088821e+05[39m
      5 Linear |R| = [32m5.522661e+05[39m
      6 Linear |R| = [32m4.873652e+05[39m
      7 Linear |R| = [32m4.247060e+05[39m
      8 Linear |R| = [32m3.392790e+05[39m
      9 Linear |R| = [32m2.437402e+05[39m
     10 Linear |R| = [32m2.026267e+05[39m
     11 Linear |R| = [32m1.583380e+05[39m
     12 Linear |R| = [32m1.180434e+05[39m
     13 Linear |R| = [32m8.253168e+04[39m
     14 Linear |R| = [32m5.831719e+04[39m
     15 Linear |R| = [32m4.690318e+04[39m
     16 Linear |R| = [32m3.617581e+04[39m
     17 Linear |R| = [32m3.035005e+04[39m
     18 Linear |R| = [32m2.682113e+04[39m
     19 Linear |R| = [32m2.225834e+04[39m
     20 Linear |R| = [32m1.901987e+04[39m
     21 Linear |R| = [32m1.567505e+04[39m
     22 Linear |R| = [32m1.062014e+04[39m
     23 Linear |R| = [32m6.899146e+03[39m
     24 Linear |R| = [32m4.354854e+03[39m
     25 Linear |R| = [32m2.518589e+03[39m
     26 Linear |R| = [32m1.375169e+03[39m
     27 Linear |R| = [32m7.974550e+02[39m
     28 Linear |R| = [32m4.886936e+02[39m
     29 Linear |R| = [32m3.082884e+02[39m
     30 Linear |R| = [32m1.943585e+02[39m
     31 Linear |R| = [32m1.528371e+02[39m
     32 Linear |R| = [32m1.181854e+02[39m
     33 Linear |R| = [32m7.742150e+01[39m
     34 Linear |R| = [32m4.580687e+01[39m
     35 Linear |R| = [32m2.718613e+01[39m
     36 Linear |R| = [32m1.482151e+01[39m
     37 Linear |R| = [32m8.263244e+00[39m
     38 Linear |R| = [32m4.558285e+00[39m
 4 Nonlinear |R| = [33m7.527753e+05[39m
      0 Linear |R| = [32m7.527753e+05[39m
      1 Linear |R| = [33m7.357467e+05[39m
      2 Linear |R| = [32m6.604416e+05[39m
      3 Linear |R| = [33m6.598415e+05[39m
      4 Linear |R| = [32m6.008465e+05[39m
      5 Linear |R| = [32m5.458392e+05[39m
      6 Linear |R| = [32m4.828185e+05[39m
      7 Linear |R| = [32m4.220005e+05[39m
      8 Linear |R| = [32m3.346242e+05[39m
      9 Linear |R| = [32m2.417647e+05[39m
     10 Linear |R| = [32m2.019934e+05[39m
     11 Linear |R| = [32m1.567404e+05[39m
     12 Linear |R| = [32m1.161417e+05[39m
     13 Linear |R| = [32m8.126950e+04[39m
     14 Linear |R| = [32m5.829147e+04[39m
     15 Linear |R| = [32m4.665843e+04[39m
     16 Linear |R| = [32m3.592929e+04[39m
     17 Linear |R| = [32m3.053242e+04[39m
     18 Linear |R| = [32m2.676577e+04[39m
     19 Linear |R| = [32m2.218878e+04[39m
     20 Linear |R| = [32m1.916264e+04[39m
     21 Linear |R| = [32m1.547361e+04[39m
     22 Linear |R| = [32m1.034391e+04[39m
     23 Linear |R| = [32m6.883903e+03[39m
     24 Linear |R| = [32m4.287413e+03[39m
     25 Linear |R| = [32m2.420449e+03[39m
     26 Linear |R| = [32m1.323574e+03[39m
     27 Linear |R| = [32m7.954850e+02[39m
     28 Linear |R| = [32m4.897710e+02[39m
     29 Linear |R| = [32m2.977005e+02[39m
     30 Linear |R| = [32m1.912249e+02[39m
     31 Linear |R| = [32m1.530991e+02[39m
     32 Linear |R| = [32m1.168478e+02[39m
     33 Linear |R| = [32m7.570549e+01[39m
     34 Linear |R| = [32m4.555181e+01[39m
     35 Linear |R| = [32m2.691291e+01[39m
     36 Linear |R| = [32m1.388019e+01[39m
     37 Linear |R| = [32m7.492249e+00[39m
 5 Nonlinear |R| = [33m7.431767e+05[39m
      0 Linear |R| = [32m7.431767e+05[39m
      1 Linear |R| = [33m7.262101e+05[39m
      2 Linear |R| = [32m6.525293e+05[39m
      3 Linear |R| = [33m6.520833e+05[39m
      4 Linear |R| = [32m5.926584e+05[39m
      5 Linear |R| = [32m5.394397e+05[39m
      6 Linear |R| = [32m4.788818e+05[39m
      7 Linear |R| = [32m4.191147e+05[39m
      8 Linear |R| = [32m3.284066e+05[39m
      9 Linear |R| = [32m2.402148e+05[39m
     10 Linear |R| = [32m2.014706e+05[39m
     11 Linear |R| = [32m1.546275e+05[39m
     12 Linear |R| = [32m1.139249e+05[39m
     13 Linear |R| = [32m8.006895e+04[39m
     14 Linear |R| = [32m5.838286e+04[39m
     15 Linear |R| = [32m4.635288e+04[39m
     16 Linear |R| = [32m3.598509e+04[39m
     17 Linear |R| = [32m3.092253e+04[39m
     18 Linear |R| = [32m2.674344e+04[39m
     19 Linear |R| = [32m2.232572e+04[39m
     20 Linear |R| = [32m1.939933e+04[39m
     21 Linear |R| = [32m1.516982e+04[39m
     22 Linear |R| = [32m1.015933e+04[39m
     23 Linear |R| = [32m6.911228e+03[39m
     24 Linear |R| = [32m4.134836e+03[39m
     25 Linear |R| = [32m2.307489e+03[39m
     26 Linear |R| = [32m1.304693e+03[39m
     27 Linear |R| = [32m8.014114e+02[39m
     28 Linear |R| = [32m4.806700e+02[39m
     29 Linear |R| = [32m2.890552e+02[39m
     30 Linear |R| = [32m1.943438e+02[39m
     31 Linear |R| = [32m1.577798e+02[39m
     32 Linear |R| = [32m1.183112e+02[39m
     33 Linear |R| = [32m7.724001e+01[39m
     34 Linear |R| = [32m4.625832e+01[39m
     35 Linear |R| = [32m2.629092e+01[39m
     36 Linear |R| = [32m1.342447e+01[39m
     37 Linear |R| = [32m7.453411e+00[39m
     38 Linear |R| = [32m4.384330e+00[39m
 6 Nonlinear |R| = [33m7.340367e+05[39m
      0 Linear |R| = [32m7.340367e+05[39m
      1 Linear |R| = [33m7.170423e+05[39m
      2 Linear |R| = [32m6.454050e+05[39m
      3 Linear |R| = [33m6.451559e+05[39m
      4 Linear |R| = [32m5.848843e+05[39m
      5 Linear |R| = [32m5.344803e+05[39m
      6 Linear |R| = [32m4.777889e+05[39m
      7 Linear |R| = [32m4.165069e+05[39m
      8 Linear |R| = [32m3.222315e+05[39m
      9 Linear |R| = [32m2.423087e+05[39m
     10 Linear |R| = [32m2.024771e+05[39m
     11 Linear |R| = [32m1.531658e+05[39m
     12 Linear |R| = [32m1.126761e+05[39m
     13 Linear |R| = [32m8.020202e+04[39m
     14 Linear |R| = [32m5.887375e+04[39m
     15 Linear |R| = [32m4.656917e+04[39m
     16 Linear |R| = [32m3.710902e+04[39m
     17 Linear |R| = [32m3.180138e+04[39m
     18 Linear |R| = [32m2.718000e+04[39m
     19 Linear |R| = [32m2.312570e+04[39m
     20 Linear |R| = [32m1.985432e+04[39m
     21 Linear |R| = [32m1.493812e+04[39m
     22 Linear |R| = [32m1.029226e+04[39m
     23 Linear |R| = [32m6.961860e+03[39m
     24 Linear |R| = [32m3.873028e+03[39m
     25 Linear |R| = [32m2.239748e+03[39m
     26 Linear |R| = [32m1.339347e+03[39m
     27 Linear |R| = [32m7.977927e+02[39m
     28 Linear |R| = [32m4.652081e+02[39m
     29 Linear |R| = [32m2.941605e+02[39m
     30 Linear |R| = [32m2.087434e+02[39m
     31 Linear |R| = [32m1.702886e+02[39m
     32 Linear |R| = [32m1.273102e+02[39m
     33 Linear |R| = [32m8.359248e+01[39m
     34 Linear |R| = [32m4.651678e+01[39m
     35 Linear |R| = [32m2.588215e+01[39m
     36 Linear |R| = [32m1.420299e+01[39m
     37 Linear |R| = [32m7.914199e+00[39m
     38 Linear |R| = [32m4.848480e+00[39m
 7 Nonlinear |R| = [33m7.254007e+05[39m
      0 Linear |R| = [32m7.254007e+05[39m
      1 Linear |R| = [33m7.081920e+05[39m
      2 Linear |R| = [32m6.391707e+05[39m
      3 Linear |R| = [33m6.391670e+05[39m
      4 Linear |R| = [32m5.759715e+05[39m
      5 Linear |R| = [32m5.305281e+05[39m
      6 Linear |R| = [32m4.758781e+05[39m
      7 Linear |R| = [32m4.032022e+05[39m
      8 Linear |R| = [32m3.156920e+05[39m
      9 Linear |R| = [32m2.469786e+05[39m
     10 Linear |R| = [32m2.013921e+05[39m
     11 Linear |R| = [32m1.507802e+05[39m
     12 Linear |R| = [32m1.122139e+05[39m
     13 Linear |R| = [32m8.156576e+04[39m
     14 Linear |R| = [32m5.996927e+04[39m
     15 Linear |R| = [32m4.879840e+04[39m
     16 Linear |R| = [32m3.934963e+04[39m
     17 Linear |R| = [32m3.365363e+04[39m
     18 Linear |R| = [32m2.910850e+04[39m
     19 Linear |R| = [32m2.464320e+04[39m
     20 Linear |R| = [32m2.025119e+04[39m
     21 Linear |R| = [32m1.486914e+04[39m
     22 Linear |R| = [32m1.005923e+04[39m
     23 Linear |R| = [32m6.265185e+03[39m
     24 Linear |R| = [32m3.614756e+03[39m
     25 Linear |R| = [32m2.214988e+03[39m
     26 Linear |R| = [32m1.232308e+03[39m
     27 Linear |R| = [32m7.289124e+02[39m
     28 Linear |R| = [32m4.760422e+02[39m
     29 Linear |R| = [32m3.215624e+02[39m
     30 Linear |R| = [32m2.297396e+02[39m
     31 Linear |R| = [32m1.844914e+02[39m
     32 Linear |R| = [32m1.359874e+02[39m
     33 Linear |R| = [32m8.948606e+01[39m
     34 Linear |R| = [32m5.166214e+01[39m
     35 Linear |R| = [32m3.025508e+01[39m
     36 Linear |R| = [32m1.759072e+01[39m
     37 Linear |R| = [32m1.086243e+01[39m
     38 Linear |R| = [32m7.792098e+00[39m
     39 Linear |R| = [32m6.011247e+00[39m
 8 Nonlinear |R| = [33m7.152135e+05[39m
      0 Linear |R| = [32m7.152135e+05[39m
      1 Linear |R| = [33m6.914143e+05[39m
      2 Linear |R| = [32m6.351767e+05[39m
      3 Linear |R| = [33m6.035232e+05[39m
      4 Linear |R| = [32m5.349942e+05[39m
      5 Linear |R| = [32m4.587757e+05[39m
      6 Linear |R| = [32m4.034002e+05[39m
      7 Linear |R| = [32m3.368725e+05[39m
      8 Linear |R| = [32m2.670313e+05[39m
      9 Linear |R| = [32m2.097555e+05[39m
     10 Linear |R| = [32m1.489224e+05[39m
     11 Linear |R| = [32m1.010943e+05[39m
     12 Linear |R| = [32m7.606459e+04[39m
     13 Linear |R| = [32m5.251102e+04[39m
     14 Linear |R| = [32m3.779292e+04[39m
     15 Linear |R| = [32m3.032146e+04[39m
     16 Linear |R| = [32m2.458719e+04[39m
     17 Linear |R| = [32m2.090021e+04[39m
     18 Linear |R| = [32m1.758973e+04[39m
     19 Linear |R| = [32m1.328954e+04[39m
     20 Linear |R| = [32m9.564280e+03[39m
     21 Linear |R| = [32m6.100383e+03[39m
     22 Linear |R| = [32m3.519514e+03[39m
     23 Linear |R| = [32m1.996920e+03[39m
     24 Linear |R| = [32m1.207715e+03[39m
     25 Linear |R| = [32m7.318991e+02[39m
     26 Linear |R| = [32m4.728217e+02[39m
     27 Linear |R| = [32m3.205860e+02[39m
     28 Linear |R| = [32m2.124233e+02[39m
     29 Linear |R| = [32m1.352640e+02[39m
     30 Linear |R| = [32m7.881009e+01[39m
     31 Linear |R| = [32m5.422719e+01[39m
     32 Linear |R| = [32m3.470308e+01[39m
     33 Linear |R| = [32m2.136083e+01[39m
     34 Linear |R| = [32m1.452000e+01[39m
     35 Linear |R| = [32m9.583299e+00[39m
     36 Linear |R| = [32m6.093916e+00[39m
 9 Nonlinear |R| = [33m6.898286e+05[39m
      0 Linear |R| = [32m6.898286e+05[39m
      1 Linear |R| = [32m6.337448e+05[39m
      2 Linear |R| = [32m5.792516e+05[39m
      3 Linear |R| = [32m5.142206e+05[39m
      4 Linear |R| = [32m4.538660e+05[39m
      5 Linear |R| = [32m3.959167e+05[39m
      6 Linear |R| = [32m3.164496e+05[39m
      7 Linear |R| = [32m2.437283e+05[39m
      8 Linear |R| = [32m1.821507e+05[39m
      9 Linear |R| = [32m1.249165e+05[39m
     10 Linear |R| = [32m8.202836e+04[39m
     11 Linear |R| = [32m5.350289e+04[39m
     12 Linear |R| = [32m3.297741e+04[39m
     13 Linear |R| = [32m2.051524e+04[39m
     14 Linear |R| = [32m1.303882e+04[39m
     15 Linear |R| = [32m8.964173e+03[39m
     16 Linear |R| = [32m6.686107e+03[39m
     17 Linear |R| = [32m5.400036e+03[39m
     18 Linear |R| = [32m4.286659e+03[39m
     19 Linear |R| = [32m3.176382e+03[39m
     20 Linear |R| = [32m2.018858e+03[39m
     21 Linear |R| = [32m1.220824e+03[39m
     22 Linear |R| = [32m6.393065e+02[39m
     23 Linear |R| = [32m3.257199e+02[39m
     24 Linear |R| = [32m1.792274e+02[39m
     25 Linear |R| = [32m9.790048e+01[39m
     26 Linear |R| = [32m5.738298e+01[39m
     27 Linear |R| = [32m3.703071e+01[39m
     28 Linear |R| = [32m2.363545e+01[39m
     29 Linear |R| = [32m1.426281e+01[39m
     30 Linear |R| = [32m9.433476e+00[39m
     31 Linear |R| = [32m5.218761e+00[39m
10 Nonlinear |R| = [33m6.779289e+05[39m
      0 Linear |R| = [32m6.779289e+05[39m
      1 Linear |R| = [32m6.001408e+05[39m
      2 Linear |R| = [32m5.499306e+05[39m
      3 Linear |R| = [32m4.757570e+05[39m
      4 Linear |R| = [32m4.113469e+05[39m
      5 Linear |R| = [32m3.547961e+05[39m
      6 Linear |R| = [32m2.719753e+05[39m
      7 Linear |R| = [32m2.034652e+05[39m
      8 Linear |R| = [32m1.454520e+05[39m
      9 Linear |R| = [32m9.254716e+04[39m
     10 Linear |R| = [32m6.128004e+04[39m
     11 Linear |R| = [32m3.702220e+04[39m
     12 Linear |R| = [32m2.128587e+04[39m
     13 Linear |R| = [32m1.302161e+04[39m
     14 Linear |R| = [32m7.458880e+03[39m
     15 Linear |R| = [32m4.883233e+03[39m
     16 Linear |R| = [32m3.351233e+03[39m
     17 Linear |R| = [32m2.609195e+03[39m
     18 Linear |R| = [32m2.062972e+03[39m
     19 Linear |R| = [32m1.514484e+03[39m
     20 Linear |R| = [32m9.961597e+02[39m
     21 Linear |R| = [32m5.848948e+02[39m
     22 Linear |R| = [32m2.906297e+02[39m
     23 Linear |R| = [32m1.460307e+02[39m
     24 Linear |R| = [32m7.376100e+01[39m
     25 Linear |R| = [32m3.743000e+01[39m
     26 Linear |R| = [32m2.049970e+01[39m
     27 Linear |R| = [32m1.237236e+01[39m
     28 Linear |R| = [32m7.905964e+00[39m
     29 Linear |R| = [32m4.852606e+00[39m
11 Nonlinear |R| = [33m6.675326e+05[39m
      0 Linear |R| = [32m6.675326e+05[39m
      1 Linear |R| = [32m5.730174e+05[39m
      2 Linear |R| = [32m5.254481e+05[39m
      3 Linear |R| = [32m4.450496e+05[39m
      4 Linear |R| = [32m3.792271e+05[39m
      5 Linear |R| = [32m3.219356e+05[39m
      6 Linear |R| = [32m2.400617e+05[39m
      7 Linear |R| = [32m1.753095e+05[39m
      8 Linear |R| = [32m1.207713e+05[39m
      9 Linear |R| = [32m7.465012e+04[39m
     10 Linear |R| = [32m4.872236e+04[39m
     11 Linear |R| = [32m2.827163e+04[39m
     12 Linear |R| = [32m1.593497e+04[39m
     13 Linear |R| = [32m9.518292e+03[39m
     14 Linear |R| = [32m5.292712e+03[39m
     15 Linear |R| = [32m3.423024e+03[39m
     16 Linear |R| = [32m2.311871e+03[39m
     17 Linear |R| = [32m1.781552e+03[39m
     18 Linear |R| = [32m1.386770e+03[39m
     19 Linear |R| = [32m9.908094e+02[39m
     20 Linear |R| = [32m6.248683e+02[39m
     21 Linear |R| = [32m3.498274e+02[39m
     22 Linear |R| = [32m1.722280e+02[39m
     23 Linear |R| = [32m8.268218e+01[39m
     24 Linear |R| = [32m4.080408e+01[39m
     25 Linear |R| = [32m2.053659e+01[39m
     26 Linear |R| = [32m1.099263e+01[39m
     27 Linear |R| = [32m6.653598e+00[39m
12 Nonlinear |R| = [33m6.558053e+05[39m
      0 Linear |R| = [32m6.558053e+05[39m
      1 Linear |R| = [32m5.388785e+05[39m
      2 Linear |R| = [32m4.950058e+05[39m
      3 Linear |R| = [32m4.127593e+05[39m
      4 Linear |R| = [32m3.405917e+05[39m
      5 Linear |R| = [32m2.826130e+05[39m
      6 Linear |R| = [32m2.057810e+05[39m
      7 Linear |R| = [32m1.431234e+05[39m
      8 Linear |R| = [32m9.660773e+04[39m
      9 Linear |R| = [32m5.797985e+04[39m
     10 Linear |R| = [32m3.571196e+04[39m
     11 Linear |R| = [32m2.095177e+04[39m
     12 Linear |R| = [32m1.113709e+04[39m
     13 Linear |R| = [32m6.390307e+03[39m
     14 Linear |R| = [32m3.610880e+03[39m
     15 Linear |R| = [32m2.192577e+03[39m
     16 Linear |R| = [32m1.498397e+03[39m
     17 Linear |R| = [32m1.128787e+03[39m
     18 Linear |R| = [32m8.590083e+02[39m
     19 Linear |R| = [32m5.951423e+02[39m
     20 Linear |R| = [32m3.435168e+02[39m
     21 Linear |R| = [32m1.861860e+02[39m
     22 Linear |R| = [32m8.917677e+01[39m
     23 Linear |R| = [32m4.045690e+01[39m
     24 Linear |R| = [32m1.983551e+01[39m
     25 Linear |R| = [32m9.932006e+00[39m
     26 Linear |R| = [32m5.255334e+00[39m
13 Nonlinear |R| = [33m6.446866e+05[39m
      0 Linear |R| = [32m6.446866e+05[39m
      1 Linear |R| = [32m5.071994e+05[39m
      2 Linear |R| = [32m4.660961e+05[39m
      3 Linear |R| = [32m3.766347e+05[39m
      4 Linear |R| = [32m3.046951e+05[39m
      5 Linear |R| = [32m2.469450e+05[39m
      6 Linear |R| = [32m1.707567e+05[39m
      7 Linear |R| = [32m1.170372e+05[39m
      8 Linear |R| = [32m7.550552e+04[39m
      9 Linear |R| = [32m4.289630e+04[39m
     10 Linear |R| = [32m2.643023e+04[39m
     11 Linear |R| = [32m1.446617e+04[39m
     12 Linear |R| = [32m7.608381e+03[39m
     13 Linear |R| = [32m4.255189e+03[39m
     14 Linear |R| = [32m2.303117e+03[39m
     15 Linear |R| = [32m1.426843e+03[39m
     16 Linear |R| = [32m9.706783e+02[39m
     17 Linear |R| = [32m7.286717e+02[39m
     18 Linear |R| = [32m5.392986e+02[39m
     19 Linear |R| = [32m3.483714e+02[39m
     20 Linear |R| = [32m1.909956e+02[39m
     21 Linear |R| = [32m9.590379e+01[39m
     22 Linear |R| = [32m4.453982e+01[39m
     23 Linear |R| = [32m2.006809e+01[39m
     24 Linear |R| = [32m9.577864e+00[39m
     25 Linear |R| = [32m4.813153e+00[39m
14 Nonlinear |R| = [33m6.334785e+05[39m
      0 Linear |R| = [32m6.334785e+05[39m
      1 Linear |R| = [32m4.747915e+05[39m
      2 Linear |R| = [32m4.360694e+05[39m
      3 Linear |R| = [32m3.471770e+05[39m
      4 Linear |R| = [32m2.709832e+05[39m
      5 Linear |R| = [32m2.133958e+05[39m
      6 Linear |R| = [32m1.459371e+05[39m
      7 Linear |R| = [32m9.375153e+04[39m
      8 Linear |R| = [32m5.978433e+04[39m
      9 Linear |R| = [32m3.383386e+04[39m
     10 Linear |R| = [32m1.884470e+04[39m
     11 Linear |R| = [32m1.070428e+04[39m
     12 Linear |R| = [32m5.298829e+03[39m
     13 Linear |R| = [32m2.758782e+03[39m
     14 Linear |R| = [32m1.547235e+03[39m
     15 Linear |R| = [32m9.149259e+02[39m
     16 Linear |R| = [32m6.265926e+02[39m
     17 Linear |R| = [32m4.656195e+02[39m
     18 Linear |R| = [32m3.272477e+02[39m
     19 Linear |R| = [32m2.024178e+02[39m
     20 Linear |R| = [32m1.040124e+02[39m
     21 Linear |R| = [32m4.686547e+01[39m
     22 Linear |R| = [32m2.219487e+01[39m
     23 Linear |R| = [32m9.646633e+00[39m
     24 Linear |R| = [32m4.362411e+00[39m
15 Nonlinear |R| = [33m6.187147e+05[39m
      0 Linear |R| = [32m6.187147e+05[39m
      1 Linear |R| = [32m4.354195e+05[39m
      2 Linear |R| = [32m3.991708e+05[39m
      3 Linear |R| = [32m3.057290e+05[39m
      4 Linear |R| = [32m2.293189e+05[39m
      5 Linear |R| = [32m1.746168e+05[39m
      6 Linear |R| = [32m1.124366e+05[39m
      7 Linear |R| = [32m6.865282e+04[39m
      8 Linear |R| = [32m4.224083e+04[39m
      9 Linear |R| = [32m2.224040e+04[39m
     10 Linear |R| = [32m1.197257e+04[39m
     11 Linear |R| = [32m6.502921e+03[39m
     12 Linear |R| = [32m3.055083e+03[39m
     13 Linear |R| = [32m1.559596e+03[39m
     14 Linear |R| = [32m8.510876e+02[39m
     15 Linear |R| = [32m5.161944e+02[39m
     16 Linear |R| = [32m3.616339e+02[39m
     17 Linear |R| = [32m2.594932e+02[39m
     18 Linear |R| = [32m1.675047e+02[39m
     19 Linear |R| = [32m9.194915e+01[39m
     20 Linear |R| = [32m4.278061e+01[39m
     21 Linear |R| = [32m1.799573e+01[39m
     22 Linear |R| = [32m8.262115e+00[39m
     23 Linear |R| = [32m3.558710e+00[39m
16 Nonlinear |R| = [33m5.974962e+05[39m
      0 Linear |R| = [32m5.974962e+05[39m
      1 Linear |R| = [32m3.756957e+05[39m
      2 Linear |R| = [32m3.418654e+05[39m
      3 Linear |R| = [32m2.412954e+05[39m
      4 Linear |R| = [32m1.684078e+05[39m
      5 Linear |R| = [32m1.206104e+05[39m
      6 Linear |R| = [32m6.839676e+04[39m
      7 Linear |R| = [32m3.845518e+04[39m
      8 Linear |R| = [32m2.198883e+04[39m
      9 Linear |R| = [32m1.012941e+04[39m
     10 Linear |R| = [32m5.197316e+03[39m
     11 Linear |R| = [32m2.515193e+03[39m
     12 Linear |R| = [32m1.130962e+03[39m
     13 Linear |R| = [32m5.485253e+02[39m
     14 Linear |R| = [32m2.916009e+02[39m
     15 Linear |R| = [32m1.811828e+02[39m
     16 Linear |R| = [32m1.233141e+02[39m
     17 Linear |R| = [32m8.024111e+01[39m
     18 Linear |R| = [32m4.326087e+01[39m
     19 Linear |R| = [32m2.096172e+01[39m
     20 Linear |R| = [32m9.934745e+00[39m
     21 Linear |R| = [32m5.025001e+00[39m
17 Nonlinear |R| = [32m5.560388e+05[39m
      0 Linear |R| = [32m5.560388e+05[39m
      1 Linear |R| = [32m2.504470e+05[39m
      2 Linear |R| = [32m2.164779e+05[39m
      3 Linear |R| = [32m1.260542e+05[39m
      4 Linear |R| = [32m6.355659e+04[39m
      5 Linear |R| = [32m3.656737e+04[39m
      6 Linear |R| = [32m1.759751e+04[39m
      7 Linear |R| = [32m6.562795e+03[39m
      8 Linear |R| = [32m2.800609e+03[39m
      9 Linear |R| = [32m1.175590e+03[39m
     10 Linear |R| = [32m4.978891e+02[39m
     11 Linear |R| = [32m1.925691e+02[39m
     12 Linear |R| = [32m1.002381e+02[39m
     13 Linear |R| = [32m5.520460e+01[39m
     14 Linear |R| = [32m2.857267e+01[39m
     15 Linear |R| = [32m1.390222e+01[39m
     16 Linear |R| = [32m5.785486e+00[39m
     17 Linear |R| = [32m2.544669e+00[39m
18 Nonlinear |R| = [33m5.409544e+05[39m
      0 Linear |R| = [32m5.409544e+05[39m
      1 Linear |R| = [32m7.492619e+04[39m
      2 Linear |R| = [32m1.929720e+04[39m
      3 Linear |R| = [32m5.972445e+03[39m
      4 Linear |R| = [32m2.283248e+03[39m
      5 Linear |R| = [32m1.211391e+03[39m
      6 Linear |R| = [32m6.871661e+02[39m
      7 Linear |R| = [32m4.213884e+02[39m
      8 Linear |R| = [32m1.748379e+02[39m
      9 Linear |R| = [32m8.147689e+01[39m
     10 Linear |R| = [32m4.147824e+01[39m
     11 Linear |R| = [32m2.278845e+01[39m
     12 Linear |R| = [32m1.077918e+01[39m
     13 Linear |R| = [32m4.424109e+00[39m
19 Nonlinear |R| = [32m2.389616e+02[39m
      0 Linear |R| = [32m2.389616e+02[39m
      1 Linear |R| = [32m6.728112e+01[39m
      2 Linear |R| = [32m3.081815e+01[39m
      3 Linear |R| = [32m1.784743e+01[39m
      4 Linear |R| = [32m1.107678e+01[39m
      5 Linear |R| = [32m5.803996e+00[39m
      6 Linear |R| = [32m3.060485e+00[39m
      7 Linear |R| = [32m1.454067e+00[39m
      8 Linear |R| = [32m6.230876e-01[39m
      9 Linear |R| = [32m3.437509e-01[39m
     10 Linear |R| = [32m1.594509e-01[39m
     11 Linear |R| = [32m7.084538e-02[39m
     12 Linear |R| = [32m2.931973e-02[39m
     13 Linear |R| = [32m1.135618e-02[39m
     14 Linear |R| = [32m4.196163e-03[39m
     15 Linear |R| = [32m1.981572e-03[39m
20 Nonlinear |R| = [32m4.234018e-02[39m
[32m Solve Converged![39m
  Finished Solving                                                                       [[33m 58.96 s[39m] [[33m  235 MB[39m]

Postprocessor Values:
+----------------+----------------+----------------+----------------+------------------+----------------+----------------+
| time           | base_shear_x   | damage_c_max   | damage_t_max   | damage_total_max | top_disp_x     | top_disp_y     |
+----------------+----------------+----------------+----------------+------------------+----------------+----------------+
|   0.000000e+00 |   0.000000e+00 |   0.000000e+00 |   0.000000e+00 |     0.000000e+00 |   0.000000e+00 |   0.000000e+00 |
|   4.000000e+00 |  -4.029078e+05 |   0.000000e+00 |   9.846350e-01 |     9.846350e-01 |  -3.930000e-03 |   9.656832e-04 |
|   8.000000e+00 |  -1.342720e+05 |   0.000000e+00 |   9.001824e-01 |     9.001824e-01 |  -1.310000e-03 |   9.656832e-04 |
|   1.200000e+01 |   1.343635e+05 |   0.000000e+00 |   9.070615e-01 |     9.070615e-01 |   1.310000e-03 |   9.656829e-04 |
|   1.600000e+01 |   4.029545e+05 |   0.000000e+00 |   9.846349e-01 |     9.846349e-01 |   3.930000e-03 |   9.657763e-04 |
|   2.000000e+01 |   6.690308e+05 |   3.455494e-01 |   9.917195e-01 |     9.917195e-01 |   6.550000e-03 |   9.704515e-04 |
+----------------+----------------+----------------+----------------+------------------+----------------+----------------+


Time Step 6, time = 24, dt = 4
 0 Nonlinear |R| = [32m1.325685e+06[39m
      0 Linear |R| = [32m1.325685e+06[39m
      1 Linear |R| = [33m1.279885e+06[39m
      2 Linear |R| = [32m1.128311e+06[39m
      3 Linear |R| = [33m1.128280e+06[39m
      4 Linear |R| = [32m9.506473e+05[39m
      5 Linear |R| = [32m8.579975e+05[39m
      6 Linear |R| = [32m7.859136e+05[39m
      7 Linear |R| = [32m7.205367e+05[39m
      8 Linear |R| = [32m5.953843e+05[39m
      9 Linear |R| = [32m5.054492e+05[39m
     10 Linear |R| = [32m4.150490e+05[39m
     11 Linear |R| = [32m2.710536e+05[39m
     12 Linear |R| = [32m1.659272e+05[39m
     13 Linear |R| = [32m9.949497e+04[39m
     14 Linear |R| = [32m5.916554e+04[39m
     15 Linear |R| = [32m4.666289e+04[39m
     16 Linear |R| = [32m3.658101e+04[39m
     17 Linear |R| = [32m2.937630e+04[39m
     18 Linear |R| = [32m2.641648e+04[39m
     19 Linear |R| = [32m2.249864e+04[39m
     20 Linear |R| = [32m1.864250e+04[39m
     21 Linear |R| = [32m1.561459e+04[39m
     22 Linear |R| = [32m1.165975e+04[39m
     23 Linear |R| = [32m7.535693e+03[39m
     24 Linear |R| = [32m4.937256e+03[39m
     25 Linear |R| = [32m3.085967e+03[39m
     26 Linear |R| = [32m1.708367e+03[39m
     27 Linear |R| = [32m8.989151e+02[39m
     28 Linear |R| = [32m5.051556e+02[39m
     29 Linear |R| = [32m3.169206e+02[39m
    Linear solve did not converge due to DIVERGED_BREAKDOWN iterations 30
 1 Nonlinear |R| = [32m1.112099e+06[39m
      0 Linear |R| = [32m1.112099e+06[39m
      1 Linear |R| = [33m1.087700e+06[39m
      2 Linear |R| = [32m9.889214e+05[39m
      3 Linear |R| = [33m9.879283e+05[39m
      4 Linear |R| = [32m9.298370e+05[39m
      5 Linear |R| = [32m8.434402e+05[39m
      6 Linear |R| = [32m7.541336e+05[39m
      7 Linear |R| = [32m6.270338e+05[39m
      8 Linear |R| = [32m4.752877e+05[39m
      9 Linear |R| = [32m3.390455e+05[39m
     10 Linear |R| = [32m2.607207e+05[39m
     11 Linear |R| = [32m2.128184e+05[39m
     12 Linear |R| = [32m1.575885e+05[39m
     13 Linear |R| = [32m1.165535e+05[39m
     14 Linear |R| = [32m8.005486e+04[39m
     15 Linear |R| = [32m5.651402e+04[39m
     16 Linear |R| = [32m4.144481e+04[39m
     17 Linear |R| = [32m3.153967e+04[39m
     18 Linear |R| = [32m2.589904e+04[39m
     19 Linear |R| = [32m2.170290e+04[39m
     20 Linear |R| = [32m1.863635e+04[39m
     21 Linear |R| = [32m1.628241e+04[39m
     22 Linear |R| = [32m1.342374e+04[39m
     23 Linear |R| = [32m1.049872e+04[39m
     24 Linear |R| = [32m7.509686e+03[39m
     25 Linear |R| = [32m4.304256e+03[39m
     26 Linear |R| = [32m2.337491e+03[39m
     27 Linear |R| = [32m1.456479e+03[39m
     28 Linear |R| = [32m8.303655e+02[39m
     29 Linear |R| = [32m4.370431e+02[39m
     30 Linear |R| = [32m2.725836e+02[39m
     31 Linear |R| = [32m2.131763e+02[39m
     32 Linear |R| = [32m1.499050e+02[39m
     33 Linear |R| = [32m1.021016e+02[39m
     34 Linear |R| = [32m6.898598e+01[39m
     35 Linear |R| = [32m4.408509e+01[39m
     36 Linear |R| = [32m2.758505e+01[39m
     37 Linear |R| = [32m1.639891e+01[39m
     38 Linear |R| = [32m1.045779e+01[39m
 2 Nonlinear |R| = [32m9.405424e+05[39m
      0 Linear |R| = [32m9.405424e+05[39m
      1 Linear |R| = [32m8.702223e+05[39m
      2 Linear |R| = [32m7.903731e+05[39m
      3 Linear |R| = [33m7.903634e+05[39m
      4 Linear |R| = [33m7.795188e+05[39m
      5 Linear |R| = [32m7.147251e+05[39m
      6 Linear |R| = [32m6.006940e+05[39m
      7 Linear |R| = [32m4.986859e+05[39m
      8 Linear |R| = [32m3.990531e+05[39m
      9 Linear |R| = [32m2.700762e+05[39m
     10 Linear |R| = [32m2.135521e+05[39m
     11 Linear |R| = [32m1.762703e+05[39m
     12 Linear |R| = [32m1.311779e+05[39m
     13 Linear |R| = [32m8.914266e+04[39m
     14 Linear |R| = [32m6.017980e+04[39m
     15 Linear |R| = [32m4.721293e+04[39m
     16 Linear |R| = [32m3.337743e+04[39m
     17 Linear |R| = [32m2.556002e+04[39m
     18 Linear |R| = [32m2.164093e+04[39m
     19 Linear |R| = [32m1.831368e+04[39m
     20 Linear |R| = [32m1.583599e+04[39m
     21 Linear |R| = [32m1.371115e+04[39m
     22 Linear |R| = [32m1.113746e+04[39m
     23 Linear |R| = [32m8.114626e+03[39m
     24 Linear |R| = [32m5.181447e+03[39m
     25 Linear |R| = [32m3.044011e+03[39m
     26 Linear |R| = [32m1.760653e+03[39m
     27 Linear |R| = [32m1.051156e+03[39m
     28 Linear |R| = [32m5.897105e+02[39m
     29 Linear |R| = [32m3.391627e+02[39m
     30 Linear |R| = [32m2.149120e+02[39m
     31 Linear |R| = [32m1.693946e+02[39m
     32 Linear |R| = [32m1.253338e+02[39m
     33 Linear |R| = [32m8.370278e+01[39m
     34 Linear |R| = [32m5.414220e+01[39m
     35 Linear |R| = [32m3.377777e+01[39m
     36 Linear |R| = [32m1.804265e+01[39m
     37 Linear |R| = [32m9.281207e+00[39m
 3 Nonlinear |R| = [33m9.248711e+05[39m
      0 Linear |R| = [32m9.248711e+05[39m
      1 Linear |R| = [32m8.555860e+05[39m
      2 Linear |R| = [32m7.781899e+05[39m
      3 Linear |R| = [33m7.781304e+05[39m
      4 Linear |R| = [33m7.653835e+05[39m
      5 Linear |R| = [32m6.951584e+05[39m
      6 Linear |R| = [32m5.790718e+05[39m
      7 Linear |R| = [32m4.810325e+05[39m
      8 Linear |R| = [32m3.706556e+05[39m
      9 Linear |R| = [32m2.641658e+05[39m
     10 Linear |R| = [32m2.121158e+05[39m
     11 Linear |R| = [32m1.706775e+05[39m
     12 Linear |R| = [32m1.298080e+05[39m
     13 Linear |R| = [32m8.823962e+04[39m
     14 Linear |R| = [32m6.159488e+04[39m
     15 Linear |R| = [32m4.935852e+04[39m
     16 Linear |R| = [32m3.701608e+04[39m
     17 Linear |R| = [32m2.991141e+04[39m
     18 Linear |R| = [32m2.519800e+04[39m
     19 Linear |R| = [32m2.194023e+04[39m
     20 Linear |R| = [32m1.869777e+04[39m
     21 Linear |R| = [32m1.532588e+04[39m
     22 Linear |R| = [32m1.203931e+04[39m
     23 Linear |R| = [32m8.085587e+03[39m
     24 Linear |R| = [32m4.788220e+03[39m
     25 Linear |R| = [32m2.759434e+03[39m
     26 Linear |R| = [32m1.661452e+03[39m
     27 Linear |R| = [32m9.941657e+02[39m
     28 Linear |R| = [32m5.437459e+02[39m
     29 Linear |R| = [32m3.385243e+02[39m
     30 Linear |R| = [32m2.331518e+02[39m
     31 Linear |R| = [32m1.894280e+02[39m
     32 Linear |R| = [32m1.427416e+02[39m
     33 Linear |R| = [32m8.925221e+01[39m
     34 Linear |R| = [32m5.293222e+01[39m
     35 Linear |R| = [32m3.092171e+01[39m
     36 Linear |R| = [32m1.578079e+01[39m
     37 Linear |R| = [32m8.067545e+00[39m
 4 Nonlinear |R| = [33m9.134508e+05[39m
      0 Linear |R| = [32m9.134508e+05[39m
      1 Linear |R| = [32m8.455278e+05[39m
      2 Linear |R| = [32m7.686146e+05[39m
      3 Linear |R| = [33m7.676558e+05[39m
      4 Linear |R| = [33m7.493516e+05[39m
      5 Linear |R| = [32m6.763977e+05[39m
      6 Linear |R| = [32m5.536885e+05[39m
      7 Linear |R| = [32m4.353861e+05[39m
      8 Linear |R| = [32m3.443570e+05[39m
      9 Linear |R| = [32m2.735416e+05[39m
     10 Linear |R| = [32m2.103411e+05[39m
     11 Linear |R| = [32m1.704832e+05[39m
     12 Linear |R| = [32m1.353908e+05[39m
     13 Linear |R| = [32m9.575028e+04[39m
     14 Linear |R| = [32m7.225380e+04[39m
     15 Linear |R| = [32m6.102627e+04[39m
     16 Linear |R| = [32m5.050297e+04[39m
     17 Linear |R| = [32m4.172892e+04[39m
     18 Linear |R| = [32m3.515908e+04[39m
     19 Linear |R| = [32m2.975030e+04[39m
     20 Linear |R| = [32m2.328655e+04[39m
     21 Linear |R| = [32m1.603482e+04[39m
     22 Linear |R| = [32m1.094637e+04[39m
     23 Linear |R| = [32m6.948305e+03[39m
     24 Linear |R| = [32m3.951116e+03[39m
     25 Linear |R| = [32m2.267740e+03[39m
     26 Linear |R| = [32m1.336779e+03[39m
     27 Linear |R| = [32m8.712206e+02[39m
     28 Linear |R| = [32m5.948973e+02[39m
     29 Linear |R| = [32m4.025234e+02[39m
     30 Linear |R| = [32m2.674598e+02[39m
     31 Linear |R| = [32m2.074435e+02[39m
     32 Linear |R| = [32m1.509458e+02[39m
     33 Linear |R| = [32m1.005118e+02[39m
     34 Linear |R| = [32m6.289917e+01[39m
     35 Linear |R| = [32m3.946112e+01[39m
     36 Linear |R| = [32m2.431380e+01[39m
     37 Linear |R| = [32m1.544453e+01[39m
     38 Linear |R| = [32m1.138528e+01[39m
     39 Linear |R| = [32m9.523915e+00[39m
     40 Linear |R| = [32m8.563564e+00[39m
 5 Nonlinear |R| = [32m7.894242e+05[39m
      0 Linear |R| = [32m7.894242e+05[39m
      1 Linear |R| = [32m6.528315e+05[39m
      2 Linear |R| = [32m5.680593e+05[39m
      3 Linear |R| = [32m5.354659e+05[39m
      4 Linear |R| = [32m4.923082e+05[39m
      5 Linear |R| = [32m3.959903e+05[39m
      6 Linear |R| = [32m3.101286e+05[39m
      7 Linear |R| = [32m2.455289e+05[39m
      8 Linear |R| = [32m1.943743e+05[39m
      9 Linear |R| = [32m1.359105e+05[39m
     10 Linear |R| = [32m9.919255e+04[39m
     11 Linear |R| = [32m7.453738e+04[39m
     12 Linear |R| = [32m5.361992e+04[39m
     13 Linear |R| = [32m3.524906e+04[39m
     14 Linear |R| = [32m2.250215e+04[39m
     15 Linear |R| = [32m1.565309e+04[39m
     16 Linear |R| = [32m1.004861e+04[39m
     17 Linear |R| = [32m5.371322e+03[39m
     18 Linear |R| = [32m2.789056e+03[39m
     19 Linear |R| = [32m1.528399e+03[39m
     20 Linear |R| = [32m9.066343e+02[39m
     21 Linear |R| = [32m5.243956e+02[39m
     22 Linear |R| = [32m2.758238e+02[39m
     23 Linear |R| = [32m1.501560e+02[39m
     24 Linear |R| = [32m8.115381e+01[39m
     25 Linear |R| = [32m4.151354e+01[39m
     26 Linear |R| = [32m2.172795e+01[39m
     27 Linear |R| = [32m1.043644e+01[39m
     28 Linear |R| = [32m4.401281e+00[39m
 6 Nonlinear |R| = [32m6.789359e+05[39m
      0 Linear |R| = [32m6.789359e+05[39m
      1 Linear |R| = [32m2.003579e+05[39m
      2 Linear |R| = [32m1.052515e+05[39m
      3 Linear |R| = [32m3.285534e+04[39m
      4 Linear |R| = [32m1.145547e+04[39m
      5 Linear |R| = [32m4.030234e+03[39m
      6 Linear |R| = [32m1.562466e+03[39m
      7 Linear |R| = [32m5.121625e+02[39m
      8 Linear |R| = [32m1.842556e+02[39m
      9 Linear |R| = [32m6.363206e+01[39m
     10 Linear |R| = [32m2.006340e+01[39m
     11 Linear |R| = [32m5.916007e+00[39m
 7 Nonlinear |R| = [32m3.128569e+05[39m
      0 Linear |R| = [32m3.128569e+05[39m
      1 Linear |R| = [32m5.392325e+04[39m
      2 Linear |R| = [32m1.432434e+04[39m
      3 Linear |R| = [32m3.334799e+03[39m
      4 Linear |R| = [32m9.248909e+02[39m
      5 Linear |R| = [32m2.564392e+02[39m
      6 Linear |R| = [32m8.379660e+01[39m
      7 Linear |R| = [32m2.462552e+01[39m
      8 Linear |R| = [32m8.278202e+00[39m
      9 Linear |R| = [32m2.444424e+00[39m
 8 Nonlinear |R| = [32m2.444425e+00[39m
[32m Solve Converged![39m
  Finished Solving                                                                       [[33m 25.60 s[39m] [[33m  235 MB[39m]

Postprocessor Values:
+----------------+----------------+----------------+----------------+------------------+----------------+----------------+
| time           | base_shear_x   | damage_c_max   | damage_t_max   | damage_total_max | top_disp_x     | top_disp_y     |
+----------------+----------------+----------------+----------------+------------------+----------------+----------------+
|   0.000000e+00 |   0.000000e+00 |   0.000000e+00 |   0.000000e+00 |     0.000000e+00 |   0.000000e+00 |   0.000000e+00 |
|   4.000000e+00 |  -4.029078e+05 |   0.000000e+00 |   9.846350e-01 |     9.846350e-01 |  -3.930000e-03 |   9.656832e-04 |
|   8.000000e+00 |  -1.342720e+05 |   0.000000e+00 |   9.001824e-01 |     9.001824e-01 |  -1.310000e-03 |   9.656832e-04 |
|   1.200000e+01 |   1.343635e+05 |   0.000000e+00 |   9.070615e-01 |     9.070615e-01 |   1.310000e-03 |   9.656829e-04 |
|   1.600000e+01 |   4.029545e+05 |   0.000000e+00 |   9.846349e-01 |     9.846349e-01 |   3.930000e-03 |   9.657763e-04 |
|   2.000000e+01 |   6.690308e+05 |   3.455494e-01 |   9.917195e-01 |     9.917195e-01 |   6.550000e-03 |   9.704515e-04 |
|   2.400000e+01 |   4.003952e+05 |   0.000000e+00 |   9.641355e-01 |     9.641355e-01 |   3.930000e-03 |   9.704513e-04 |
+----------------+----------------+----------------+----------------+------------------+----------------+----------------+


Time Step 7, time = 28, dt = 4
 0 Nonlinear |R| = [32m1.187392e+06[39m
      0 Linear |R| = [32m1.187392e+06[39m
      1 Linear |R| = [33m1.151734e+06[39m
      2 Linear |R| = [32m1.024354e+06[39m
      3 Linear |R| = [33m1.024338e+06[39m
      4 Linear |R| = [32m8.667319e+05[39m
      5 Linear |R| = [32m7.676970e+05[39m
      6 Linear |R| = [32m6.781135e+05[39m
      7 Linear |R| = [32m5.985209e+05[39m
      8 Linear |R| = [32m4.769019e+05[39m
      9 Linear |R| = [32m3.992125e+05[39m
     10 Linear |R| = [32m3.361918e+05[39m
     11 Linear |R| = [32m2.356391e+05[39m
     12 Linear |R| = [32m1.509992e+05[39m
     13 Linear |R| = [32m9.381773e+04[39m
     14 Linear |R| = [32m5.787339e+04[39m
     15 Linear |R| = [32m4.614525e+04[39m
     16 Linear |R| = [32m3.604927e+04[39m
     17 Linear |R| = [32m2.905876e+04[39m
     18 Linear |R| = [32m2.611143e+04[39m
     19 Linear |R| = [32m2.208030e+04[39m
     20 Linear |R| = [32m1.836341e+04[39m
     21 Linear |R| = [32m1.540755e+04[39m
     22 Linear |R| = [32m1.138358e+04[39m
     23 Linear |R| = [32m7.271758e+03[39m
     24 Linear |R| = [32m4.772576e+03[39m
     25 Linear |R| = [32m2.941434e+03[39m
     26 Linear |R| = [32m1.602914e+03[39m
     27 Linear |R| = [32m8.529371e+02[39m
     28 Linear |R| = [32m4.839887e+02[39m
     29 Linear |R| = [32m3.051505e+02[39m
     30 Linear |R| = [32m1.750738e+02[39m
     31 Linear |R| = [32m1.258939e+02[39m
     32 Linear |R| = [32m9.253502e+01[39m
     33 Linear |R| = [32m6.333675e+01[39m
     34 Linear |R| = [32m4.027381e+01[39m
     35 Linear |R| = [32m2.683973e+01[39m
     36 Linear |R| = [32m1.774174e+01[39m
     37 Linear |R| = [32m1.076241e+01[39m
 1 Nonlinear |R| = [33m1.154955e+06[39m
      0 Linear |R| = [32m1.154955e+06[39m
      1 Linear |R| = [33m1.137624e+06[39m
      2 Linear |R| = [32m1.007653e+06[39m
      3 Linear |R| = [33m1.007493e+06[39m
      4 Linear |R| = [32m9.112255e+05[39m
      5 Linear |R| = [32m8.063204e+05[39m
      6 Linear |R| = [32m6.704158e+05[39m
      7 Linear |R| = [32m5.173408e+05[39m
      8 Linear |R| = [32m3.608260e+05[39m
      9 Linear |R| = [32m2.077355e+05[39m
     10 Linear |R| = [32m1.450260e+05[39m
     11 Linear |R| = [32m1.102915e+05[39m
     12 Linear |R| = [32m9.118981e+04[39m
     13 Linear |R| = [32m7.354556e+04[39m
     14 Linear |R| = [32m5.621462e+04[39m
     15 Linear |R| = [32m4.659583e+04[39m
     16 Linear |R| = [32m3.782911e+04[39m
     17 Linear |R| = [32m2.868652e+04[39m
     18 Linear |R| = [32m2.385548e+04[39m
     19 Linear |R| = [32m2.000588e+04[39m
     20 Linear |R| = [32m1.607861e+04[39m
     21 Linear |R| = [32m1.375068e+04[39m
     22 Linear |R| = [32m1.140698e+04[39m
     23 Linear |R| = [32m7.961722e+03[39m
     24 Linear |R| = [32m5.309328e+03[39m
     25 Linear |R| = [32m3.496593e+03[39m
     26 Linear |R| = [32m1.998925e+03[39m
     27 Linear |R| = [32m1.079579e+03[39m
     28 Linear |R| = [32m5.992170e+02[39m
     29 Linear |R| = [32m3.855027e+02[39m
     30 Linear |R| = [32m2.496674e+02[39m
     31 Linear |R| = [32m1.900230e+02[39m
     32 Linear |R| = [32m1.427916e+02[39m
     33 Linear |R| = [32m1.004299e+02[39m
     34 Linear |R| = [32m6.201595e+01[39m
     35 Linear |R| = [32m3.759111e+01[39m
     36 Linear |R| = [32m2.440541e+01[39m
     37 Linear |R| = [32m1.459627e+01[39m
     38 Linear |R| = [32m7.743025e+00[39m
 2 Nonlinear |R| = [32m1.037572e+06[39m
      0 Linear |R| = [32m1.037572e+06[39m
      1 Linear |R| = [33m1.020712e+06[39m
      2 Linear |R| = [32m9.059468e+05[39m
      3 Linear |R| = [33m9.058977e+05[39m
      4 Linear |R| = [32m8.220622e+05[39m
      5 Linear |R| = [32m7.383516e+05[39m
      6 Linear |R| = [32m6.138121e+05[39m
      7 Linear |R| = [32m4.694689e+05[39m
      8 Linear |R| = [32m3.247293e+05[39m
      9 Linear |R| = [32m1.837949e+05[39m
     10 Linear |R| = [32m1.298830e+05[39m
     11 Linear |R| = [32m1.009197e+05[39m
     12 Linear |R| = [32m8.293206e+04[39m
     13 Linear |R| = [32m6.636164e+04[39m
     14 Linear |R| = [32m5.076518e+04[39m
     15 Linear |R| = [32m4.252573e+04[39m
     16 Linear |R| = [32m3.383962e+04[39m
     17 Linear |R| = [32m2.612438e+04[39m
     18 Linear |R| = [32m2.200582e+04[39m
     19 Linear |R| = [32m1.787350e+04[39m
     20 Linear |R| = [32m1.457444e+04[39m
     21 Linear |R| = [32m1.262992e+04[39m
     22 Linear |R| = [32m1.015418e+04[39m
     23 Linear |R| = [32m7.106540e+03[39m
     24 Linear |R| = [32m4.930909e+03[39m
     25 Linear |R| = [32m3.138733e+03[39m
     26 Linear |R| = [32m1.732589e+03[39m
     27 Linear |R| = [32m9.471592e+02[39m
     28 Linear |R| = [32m5.484811e+02[39m
     29 Linear |R| = [32m3.510622e+02[39m
     30 Linear |R| = [32m2.145813e+02[39m
     31 Linear |R| = [32m1.608877e+02[39m
     32 Linear |R| = [32m1.224039e+02[39m
     33 Linear |R| = [32m8.484091e+01[39m
     34 Linear |R| = [32m5.187482e+01[39m
     35 Linear |R| = [32m3.137859e+01[39m
     36 Linear |R| = [32m1.973245e+01[39m
     37 Linear |R| = [32m1.149277e+01[39m
     38 Linear |R| = [32m5.631813e+00[39m
 3 Nonlinear |R| = [33m9.887178e+05[39m
      0 Linear |R| = [32m9.887178e+05[39m
      1 Linear |R| = [33m9.734290e+05[39m
      2 Linear |R| = [32m8.644047e+05[39m
      3 Linear |R| = [33m8.636279e+05[39m
      4 Linear |R| = [32m7.753966e+05[39m
      5 Linear |R| = [32m6.995984e+05[39m
      6 Linear |R| = [32m5.811643e+05[39m
      7 Linear |R| = [32m4.505767e+05[39m
      8 Linear |R| = [32m2.898505e+05[39m
      9 Linear |R| = [32m1.656658e+05[39m
     10 Linear |R| = [32m1.238570e+05[39m
     11 Linear |R| = [32m9.729402e+04[39m
     12 Linear |R| = [32m8.076791e+04[39m
     13 Linear |R| = [32m6.349067e+04[39m
     14 Linear |R| = [32m5.075004e+04[39m
     15 Linear |R| = [32m4.278267e+04[39m
     16 Linear |R| = [32m3.301515e+04[39m
