
[33m
*** Deprecation Warning ***
/home/kevin/gt/demo/polecats/chrome/demo/inputs/aac_wall_tests/w09_hinged_pseudo_static.i:69.3: The 'Kernels/TensorMechanics' syntax is deprecated. Please use 'Physics/SolidMechanics/QuasiStatic' instead.[39m
Stack frames: 14
0: libMesh::print_trace(std::ostream&)
1: void moose::internal::mooseDeprecatedStream<libMesh::BasicOStreamProxy<char, std::char_traits<char> >, std::__cxx11::basic_string<char, std::char_traits<char>, std::allocator<char> > >(libMesh::BasicOStreamProxy<char, std::char_traits<char> >&, bool, bool, bool, std::__cxx11::basic_string<char, std::char_traits<char>, std::allocator<char> >&&)
2: Moose::Builder::walkRaw(std::__cxx11::basic_string<char, std::char_traits<char>, std::allocator<char> >, std::__cxx11::basic_string<char, std::char_traits<char>, std::allocator<char> >, hit::Node*)
3: Moose::Builder::walk(std::__cxx11::basic_string<char, std::char_traits<char>, std::allocator<char> > const&, std::__cxx11::basic_string<char, std::char_traits<char>, std::allocator<char> > const&, hit::Node*)
4: hit::Node::walk(hit::Walker*, hit::NodeType, hit::TraversalOrder)
5: hit::Node::walk(hit::Walker*, hit::NodeType, hit::TraversalOrder)
6: hit::Node::walk(hit::Walker*, hit::NodeType, hit::TraversalOrder)
7: Moose::Builder::build()
8: MooseApp::setupOptions()
9: MooseApp::run()
10: /home/kevin/gt/demo/mayor/rig/build/moose/modules/solid_mechanics/solid_mechanics-opt(+0x50f2) [0x55e9dc82f0f2]
11: /lib/libc.so.6(+0x27741) [0x7f1683427741]
12: __libc_start_main
13: /home/kevin/gt/demo/mayor/rig/build/moose/modules/solid_mechanics/solid_mechanics-opt(+0x5365) [0x55e9dc82f365]


[36m
*** Info ***
/home/kevin/gt/demo/polecats/chrome/demo/inputs/aac_wall_tests/w09_hinged_pseudo_static.i:69.3:
The following occurred in the Action 'TensorMechanics' of type LegacyTensorMechanicsAction.

SolidMechanics Action: selecting 'total small strain' formulation. Use `incremental = true` to select 'incremental small strain' instead.[39m
sh: line 1: mpicxx: command not found
JIT compile failed.
sh: line 1: mpicxx: command not found
JIT compile failed.
sh: line 1: mpicxx: command not found
JIT compile failed.
Framework Information:
MOOSE Version:           git commit dd5a8961 on 2026-05-01
LibMesh Version:         
PETSc Version:           3.24.6
SLEPc Version:           3.24.0
Current Time:            Tue May 19 17:55:50 2026
Executable Timestamp:    Wed May 13 15:08:44 2026

Input File(s):
  /home/kevin/gt/demo/polecats/chrome/demo/inputs/aac_wall_tests/w09_hinged_pseudo_static.i

Checkpoint:
  Wall Time Interval:      Every 3600 s
  User Checkpoint:         Disabled
  # Checkpoints Kept:      2
  Execute On:              TIMESTEP_END 

Parallelism:
  Num Processors:          1
  Num Threads:             1

Mesh: 
  Parallel Type:           replicated
  Mesh Dimension:          2
  Spatial Dimension:       2
  Nodes:                   5329
  Elems:                   5184
  Num Subdomains:          1

Nonlinear System:
  Num DOFs:                10658
  Num Local DOFs:          10658
  Variables:               { "disp_x" "disp_y" } 
  Finite Element Types:    "LAGRANGE" 
  Approximation Orders:    "FIRST" 

Auxiliary System:
  Num DOFs:                36288
  Num Local DOFs:          36288
  Variables:               { "vonmises" "max_princ" "min_princ" "damage_t" "damage_c" "damage_total" 
                             "stress_xy" } 
  Finite Element Types:    "MONOMIAL" 
  Approximation Orders:    "CONSTANT" 

Execution Information:
  Executioner:             Transient
  TimeStepper:             ConstantDT
  TimeIntegrator(s):       ImplicitEuler
  Solver Mode:             Preconditioned JFNK 
  PETSc Preconditioner:    hypre boomeramg 


Time Step 0, time = 0

Postprocessor Values:
+----------------+----------------+----------------+----------------+------------------+----------------+----------------+----------------+
| time           | base_shear_x   | damage_c_max   | damage_t_max   | damage_total_max | top_disp_x     | top_disp_y     | top_rotation   |
+----------------+----------------+----------------+----------------+------------------+----------------+----------------+----------------+
|   0.000000e+00 |   0.000000e+00 |   0.000000e+00 |   0.000000e+00 |     0.000000e+00 |   0.000000e+00 |   0.000000e+00 |   0.000000e+00 |
+----------------+----------------+----------------+----------------+------------------+----------------+----------------+----------------+


Time Step 1, time = 4, dt = 4
 0 Nonlinear |R| = [32m8.339257e+05[39m
      0 Linear |R| = [32m8.339257e+05[39m
      1 Linear |R| = [33m8.208297e+05[39m
      2 Linear |R| = [32m7.696783e+05[39m
      3 Linear |R| = [33m7.690886e+05[39m
      4 Linear |R| = [33m7.544505e+05[39m
      5 Linear |R| = [33m7.344697e+05[39m
      6 Linear |R| = [33m7.009203e+05[39m
      7 Linear |R| = [32m6.364566e+05[39m
      8 Linear |R| = [32m5.162366e+05[39m
      9 Linear |R| = [32m3.711627e+05[39m
     10 Linear |R| = [32m2.425561e+05[39m
     11 Linear |R| = [32m1.627296e+05[39m
     12 Linear |R| = [32m1.348482e+05[39m
     13 Linear |R| = [32m1.141859e+05[39m
     14 Linear |R| = [32m1.022298e+05[39m
     15 Linear |R| = [32m8.362991e+04[39m
     16 Linear |R| = [32m6.090191e+04[39m
     17 Linear |R| = [32m4.455576e+04[39m
     18 Linear |R| = [32m2.816064e+04[39m
     19 Linear |R| = [32m1.806622e+04[39m
     20 Linear |R| = [32m1.292167e+04[39m
     21 Linear |R| = [32m8.714168e+03[39m
     22 Linear |R| = [32m6.062691e+03[39m
     23 Linear |R| = [32m4.719549e+03[39m
     24 Linear |R| = [32m3.416340e+03[39m
     25 Linear |R| = [32m2.049100e+03[39m
     26 Linear |R| = [32m1.126945e+03[39m
     27 Linear |R| = [32m6.433673e+02[39m
     28 Linear |R| = [32m3.583437e+02[39m
     29 Linear |R| = [32m1.867910e+02[39m
     30 Linear |R| = [32m1.116705e+02[39m
     31 Linear |R| = [32m8.814175e+01[39m
     32 Linear |R| = [32m6.112665e+01[39m
     33 Linear |R| = [32m4.109251e+01[39m
     34 Linear |R| = [32m2.513639e+01[39m
     35 Linear |R| = [32m1.456279e+01[39m
     36 Linear |R| = [32m9.368927e+00[39m
     37 Linear |R| = [32m7.317957e+00[39m
 1 Nonlinear |R| = [33m8.225640e+05[39m
      0 Linear |R| = [32m8.225640e+05[39m
      1 Linear |R| = [33m8.093879e+05[39m
      2 Linear |R| = [32m7.593457e+05[39m
      3 Linear |R| = [33m7.587668e+05[39m
      4 Linear |R| = [33m7.438044e+05[39m
      5 Linear |R| = [33m7.236178e+05[39m
      6 Linear |R| = [33m6.907613e+05[39m
      7 Linear |R| = [32m6.266398e+05[39m
      8 Linear |R| = [32m5.083983e+05[39m
      9 Linear |R| = [32m3.638841e+05[39m
     10 Linear |R| = [32m2.356149e+05[39m
     11 Linear |R| = [32m1.590610e+05[39m
     12 Linear |R| = [32m1.327564e+05[39m
     13 Linear |R| = [32m1.124195e+05[39m
     14 Linear |R| = [32m1.003284e+05[39m
     15 Linear |R| = [32m8.187102e+04[39m
     16 Linear |R| = [32m5.991051e+04[39m
     17 Linear |R| = [32m4.349186e+04[39m
     18 Linear |R| = [32m2.738780e+04[39m
     19 Linear |R| = [32m1.787522e+04[39m
     20 Linear |R| = [32m1.268769e+04[39m
     21 Linear |R| = [32m8.428558e+03[39m
     22 Linear |R| = [32m5.985064e+03[39m
     23 Linear |R| = [32m4.683469e+03[39m
     24 Linear |R| = [32m3.340810e+03[39m
     25 Linear |R| = [32m1.986883e+03[39m
     26 Linear |R| = [32m1.099877e+03[39m
     27 Linear |R| = [32m6.251893e+02[39m
     28 Linear |R| = [32m3.391336e+02[39m
     29 Linear |R| = [32m1.753083e+02[39m
     30 Linear |R| = [32m1.070400e+02[39m
     31 Linear |R| = [32m8.454318e+01[39m
     32 Linear |R| = [32m5.811099e+01[39m
     33 Linear |R| = [32m3.895218e+01[39m
     34 Linear |R| = [32m2.399674e+01[39m
     35 Linear |R| = [32m1.372825e+01[39m
     36 Linear |R| = [32m8.667714e+00[39m
     37 Linear |R| = [32m6.756652e+00[39m
 2 Nonlinear |R| = [33m8.124195e+05[39m
      0 Linear |R| = [32m8.124195e+05[39m
      1 Linear |R| = [33m7.990025e+05[39m
      2 Linear |R| = [32m7.502152e+05[39m
      3 Linear |R| = [33m7.496429e+05[39m
      4 Linear |R| = [33m7.340127e+05[39m
      5 Linear |R| = [33m7.133560e+05[39m
      6 Linear |R| = [33m6.812676e+05[39m
      7 Linear |R| = [32m6.171248e+05[39m
      8 Linear |R| = [32m5.007856e+05[39m
      9 Linear |R| = [32m3.552617e+05[39m
     10 Linear |R| = [32m2.271096e+05[39m
     11 Linear |R| = [32m1.552073e+05[39m
     12 Linear |R| = [32m1.308205e+05[39m
     13 Linear |R| = [32m1.106580e+05[39m
     14 Linear |R| = [32m9.824461e+04[39m
     15 Linear |R| = [32m7.996682e+04[39m
     16 Linear |R| = [32m5.886170e+04[39m
     17 Linear |R| = [32m4.215397e+04[39m
     18 Linear |R| = [32m2.663122e+04[39m
     19 Linear |R| = [32m1.777623e+04[39m
     20 Linear |R| = [32m1.238342e+04[39m
     21 Linear |R| = [32m8.130686e+03[39m
     22 Linear |R| = [32m5.961883e+03[39m
     23 Linear |R| = [32m4.669188e+03[39m
     24 Linear |R| = [32m3.252987e+03[39m
     25 Linear |R| = [32m1.911258e+03[39m
     26 Linear |R| = [32m1.067451e+03[39m
     27 Linear |R| = [32m5.980869e+02[39m
     28 Linear |R| = [32m3.107871e+02[39m
     29 Linear |R| = [32m1.603443e+02[39m
     30 Linear |R| = [32m1.008721e+02[39m
     31 Linear |R| = [32m7.874266e+01[39m
     32 Linear |R| = [32m5.359745e+01[39m
     33 Linear |R| = [32m3.555625e+01[39m
     34 Linear |R| = [32m2.237625e+01[39m
     35 Linear |R| = [32m1.260258e+01[39m
     36 Linear |R| = [32m7.677983e+00[39m
 3 Nonlinear |R| = [33m8.032196e+05[39m
      0 Linear |R| = [32m8.032196e+05[39m
      1 Linear |R| = [33m7.892210e+05[39m
      2 Linear |R| = [32m7.421272e+05[39m
      3 Linear |R| = [33m7.415455e+05[39m
      4 Linear |R| = [33m7.244183e+05[39m
      5 Linear |R| = [33m7.027599e+05[39m
      6 Linear |R| = [33m6.716848e+05[39m
      7 Linear |R| = [32m6.068606e+05[39m
      8 Linear |R| = [32m4.920110e+05[39m
      9 Linear |R| = [32m3.415656e+05[39m
     10 Linear |R| = [32m2.150753e+05[39m
     11 Linear |R| = [32m1.511125e+05[39m
     12 Linear |R| = [32m1.289835e+05[39m
     13 Linear |R| = [32m1.085164e+05[39m
     14 Linear |R| = [32m9.548512e+04[39m
     15 Linear |R| = [32m7.763817e+04[39m
     16 Linear |R| = [32m5.733589e+04[39m
     17 Linear |R| = [32m4.015945e+04[39m
     18 Linear |R| = [32m2.609356e+04[39m
     19 Linear |R| = [32m1.772014e+04[39m
     20 Linear |R| = [32m1.186722e+04[39m
     21 Linear |R| = [32m7.928586e+03[39m
     22 Linear |R| = [32m6.076217e+03[39m
     23 Linear |R| = [32m4.682016e+03[39m
     24 Linear |R| = [32m3.118879e+03[39m
     25 Linear |R| = [32m1.800735e+03[39m
     26 Linear |R| = [32m1.013753e+03[39m
     27 Linear |R| = [32m5.375768e+02[39m
     28 Linear |R| = [32m2.625050e+02[39m
     29 Linear |R| = [32m1.382273e+02[39m
     30 Linear |R| = [32m8.961084e+01[39m
     31 Linear |R| = [32m6.718952e+01[39m
     32 Linear |R| = [32m4.530097e+01[39m
     33 Linear |R| = [32m2.914222e+01[39m
     34 Linear |R| = [32m1.883136e+01[39m
     35 Linear |R| = [32m1.072451e+01[39m
     36 Linear |R| = [32m6.031028e+00[39m
 4 Nonlinear |R| = [33m7.947610e+05[39m
      0 Linear |R| = [32m7.947610e+05[39m
      1 Linear |R| = [33m7.791262e+05[39m
      2 Linear |R| = [32m7.352100e+05[39m
      3 Linear |R| = [33m7.344987e+05[39m
      4 Linear |R| = [33m7.125671e+05[39m
      5 Linear |R| = [33m6.885209e+05[39m
      6 Linear |R| = [33m6.594919e+05[39m
      7 Linear |R| = [32m5.912832e+05[39m
      8 Linear |R| = [32m4.707005e+05[39m
      9 Linear |R| = [32m3.060763e+05[39m
     10 Linear |R| = [32m1.976664e+05[39m
     11 Linear |R| = [32m1.477155e+05[39m
     12 Linear |R| = [32m1.261451e+05[39m
     13 Linear |R| = [32m1.041968e+05[39m
     14 Linear |R| = [32m9.062886e+04[39m
     15 Linear |R| = [32m7.351991e+04[39m
     16 Linear |R| = [32m5.332294e+04[39m
     17 Linear |R| = [32m3.759300e+04[39m
     18 Linear |R| = [32m2.575793e+04[39m
     19 Linear |R| = [32m1.685407e+04[39m
     20 Linear |R| = [32m1.156322e+04[39m
     21 Linear |R| = [32m8.544878e+03[39m
     22 Linear |R| = [32m6.545339e+03[39m
     23 Linear |R| = [32m4.579827e+03[39m
     24 Linear |R| = [32m2.767641e+03[39m
     25 Linear |R| = [32m1.530580e+03[39m
     26 Linear |R| = [32m7.741037e+02[39m
     27 Linear |R| = [32m3.658535e+02[39m
     28 Linear |R| = [32m1.806797e+02[39m
     29 Linear |R| = [32m9.102884e+01[39m
     30 Linear |R| = [32m5.604179e+01[39m
     31 Linear |R| = [32m3.182806e+01[39m
     32 Linear |R| = [32m2.006619e+01[39m
     33 Linear |R| = [32m1.156983e+01[39m
     34 Linear |R| = [32m7.583568e+00[39m
 5 Nonlinear |R| = [32m7.109883e+05[39m
      0 Linear |R| = [32m7.109883e+05[39m
      1 Linear |R| = [32m6.254542e+05[39m
      2 Linear |R| = [32m5.537083e+05[39m
      3 Linear |R| = [32m4.649148e+05[39m
      4 Linear |R| = [32m3.427382e+05[39m
      5 Linear |R| = [32m2.618131e+05[39m
      6 Linear |R| = [32m1.743013e+05[39m
      7 Linear |R| = [32m9.854457e+04[39m
      8 Linear |R| = [32m5.951986e+04[39m
      9 Linear |R| = [32m3.255241e+04[39m
     10 Linear |R| = [32m1.713194e+04[39m
     11 Linear |R| = [32m8.934040e+03[39m
     12 Linear |R| = [32m4.751376e+03[39m
     13 Linear |R| = [32m2.620261e+03[39m
     14 Linear |R| = [32m1.722921e+03[39m
     15 Linear |R| = [32m1.229630e+03[39m
     16 Linear |R| = [32m8.205837e+02[39m
     17 Linear |R| = [32m4.991477e+02[39m
     18 Linear |R| = [32m2.677250e+02[39m
     19 Linear |R| = [32m1.272963e+02[39m
     20 Linear |R| = [32m5.688625e+01[39m
     21 Linear |R| = [32m2.511313e+01[39m
     22 Linear |R| = [32m1.098268e+01[39m
     23 Linear |R| = [32m4.991088e+00[39m
 6 Nonlinear |R| = [32m6.662179e+05[39m
      0 Linear |R| = [32m6.662179e+05[39m
      1 Linear |R| = [32m5.112929e+05[39m
      2 Linear |R| = [32m4.426396e+05[39m
      3 Linear |R| = [32m3.276272e+05[39m
      4 Linear |R| = [32m2.121357e+05[39m
      5 Linear |R| = [32m1.401437e+05[39m
      6 Linear |R| = [32m8.198025e+04[39m
      7 Linear |R| = [32m3.847644e+04[39m
      8 Linear |R| = [32m1.923629e+04[39m
      9 Linear |R| = [32m9.912420e+03[39m
     10 Linear |R| = [32m4.370970e+03[39m
     11 Linear |R| = [32m1.904599e+03[39m
     12 Linear |R| = [32m9.085601e+02[39m
     13 Linear |R| = [32m4.824171e+02[39m
     14 Linear |R| = [32m3.011521e+02[39m
     15 Linear |R| = [32m2.025281e+02[39m
     16 Linear |R| = [32m1.179987e+02[39m
     17 Linear |R| = [32m5.200120e+01[39m
     18 Linear |R| = [32m2.239291e+01[39m
     19 Linear |R| = [32m9.260037e+00[39m
     20 Linear |R| = [32m3.638078e+00[39m
 7 Nonlinear |R| = [32m5.165365e+05[39m
      0 Linear |R| = [32m5.165365e+05[39m
      1 Linear |R| = [32m7.773582e+04[39m
      2 Linear |R| = [32m3.013910e+04[39m
      3 Linear |R| = [32m1.194957e+04[39m
      4 Linear |R| = [32m3.545120e+03[39m
      5 Linear |R| = [32m1.214449e+03[39m
      6 Linear |R| = [32m4.677401e+02[39m
      7 Linear |R| = [32m1.637338e+02[39m
      8 Linear |R| = [32m5.608096e+01[39m
      9 Linear |R| = [32m1.767340e+01[39m
     10 Linear |R| = [32m5.581629e+00[39m
     11 Linear |R| = [32m1.842403e+00[39m
 8 Nonlinear |R| = [32m1.843118e+00[39m
[32m Solve Converged![39m
Currently Executing
  Finished Solving                                                                       [[33m 21.87 s[39m] [[33m  218 MB[39m]

Postprocessor Values:
+----------------+----------------+----------------+----------------+------------------+----------------+----------------+----------------+
| time           | base_shear_x   | damage_c_max   | damage_t_max   | damage_total_max | top_disp_x     | top_disp_y     | top_rotation   |
+----------------+----------------+----------------+----------------+------------------+----------------+----------------+----------------+
|   0.000000e+00 |   0.000000e+00 |   0.000000e+00 |   0.000000e+00 |     0.000000e+00 |   0.000000e+00 |   0.000000e+00 |   0.000000e+00 |
|   4.000000e+00 |  -2.467235e+05 |   0.000000e+00 |   9.699589e-01 |     9.699589e-01 |  -3.930000e-03 |   1.142052e-03 |  -3.930000e-03 |
+----------------+----------------+----------------+----------------+------------------+----------------+----------------+----------------+


Time Step 2, time = 8, dt = 4
 0 Nonlinear |R| = [32m9.422188e+05[39m
      0 Linear |R| = [32m9.422188e+05[39m
      1 Linear |R| = [33m9.312186e+05[39m
      2 Linear |R| = [32m8.070153e+05[39m
      3 Linear |R| = [33m7.997700e+05[39m
      4 Linear |R| = [32m7.520738e+05[39m
      5 Linear |R| = [33m7.214399e+05[39m
      6 Linear |R| = [32m6.631693e+05[39m
      7 Linear |R| = [32m6.123993e+05[39m
      8 Linear |R| = [32m4.658969e+05[39m
      9 Linear |R| = [32m3.512616e+05[39m
     10 Linear |R| = [32m2.958030e+05[39m
     11 Linear |R| = [32m2.336149e+05[39m
     12 Linear |R| = [32m1.828424e+05[39m
     13 Linear |R| = [32m1.354846e+05[39m
     14 Linear |R| = [32m9.806408e+04[39m
     15 Linear |R| = [32m7.993013e+04[39m
     16 Linear |R| = [32m6.351202e+04[39m
     17 Linear |R| = [32m5.093000e+04[39m
     18 Linear |R| = [32m4.465995e+04[39m
     19 Linear |R| = [32m3.283186e+04[39m
     20 Linear |R| = [32m2.179293e+04[39m
     21 Linear |R| = [32m1.497108e+04[39m
     22 Linear |R| = [32m8.849657e+03[39m
     23 Linear |R| = [32m4.557326e+03[39m
     24 Linear |R| = [32m2.516066e+03[39m
     25 Linear |R| = [32m1.434247e+03[39m
     26 Linear |R| = [32m8.181758e+02[39m
     27 Linear |R| = [32m4.631559e+02[39m
     28 Linear |R| = [32m2.757701e+02[39m
     29 Linear |R| = [32m1.885115e+02[39m
     30 Linear |R| = [32m1.230588e+02[39m
     31 Linear |R| = [32m9.025316e+01[39m
     32 Linear |R| = [32m6.682270e+01[39m
     33 Linear |R| = [32m4.281807e+01[39m
     34 Linear |R| = [32m2.287151e+01[39m
     35 Linear |R| = [32m1.232894e+01[39m
     36 Linear |R| = [32m7.093003e+00[39m
 1 Nonlinear |R| = [33m9.037190e+05[39m
      0 Linear |R| = [32m9.037190e+05[39m
      1 Linear |R| = [33m8.957691e+05[39m
      2 Linear |R| = [32m7.831095e+05[39m
      3 Linear |R| = [33m7.746549e+05[39m
      4 Linear |R| = [33m7.448996e+05[39m
      5 Linear |R| = [33m7.279389e+05[39m
      6 Linear |R| = [32m6.841187e+05[39m
      7 Linear |R| = [33m6.564377e+05[39m
      8 Linear |R| = [32m5.505398e+05[39m
      9 Linear |R| = [32m3.921807e+05[39m
     10 Linear |R| = [32m3.054973e+05[39m
     11 Linear |R| = [32m2.431663e+05[39m
     12 Linear |R| = [32m1.888205e+05[39m
     13 Linear |R| = [32m1.387473e+05[39m
     14 Linear |R| = [32m8.943031e+04[39m
     15 Linear |R| = [32m7.015748e+04[39m
     16 Linear |R| = [32m5.573584e+04[39m
     17 Linear |R| = [32m4.497623e+04[39m
     18 Linear |R| = [32m3.896972e+04[39m
     19 Linear |R| = [32m3.139431e+04[39m
     20 Linear |R| = [32m2.155231e+04[39m
     21 Linear |R| = [32m1.505324e+04[39m
     22 Linear |R| = [32m1.015624e+04[39m
     23 Linear |R| = [32m5.296536e+03[39m
     24 Linear |R| = [32m2.779330e+03[39m
     25 Linear |R| = [32m1.559915e+03[39m
     26 Linear |R| = [32m8.771098e+02[39m
     27 Linear |R| = [32m5.055647e+02[39m
     28 Linear |R| = [32m2.780348e+02[39m
     29 Linear |R| = [32m1.865316e+02[39m
     30 Linear |R| = [32m1.295027e+02[39m
     31 Linear |R| = [32m1.008184e+02[39m
     32 Linear |R| = [32m6.982971e+01[39m
     33 Linear |R| = [32m4.238037e+01[39m
     34 Linear |R| = [32m2.335561e+01[39m
     35 Linear |R| = [32m1.290598e+01[39m
     36 Linear |R| = [32m7.180213e+00[39m
 2 Nonlinear |R| = [33m8.714274e+05[39m
      0 Linear |R| = [32m8.714274e+05[39m
      1 Linear |R| = [33m8.638040e+05[39m
      2 Linear |R| = [32m7.556333e+05[39m
      3 Linear |R| = [33m7.482205e+05[39m
      4 Linear |R| = [33m7.177339e+05[39m
      5 Linear |R| = [33m7.021216e+05[39m
      6 Linear |R| = [32m6.611522e+05[39m
      7 Linear |R| = [33m6.360746e+05[39m
      8 Linear |R| = [32m5.274377e+05[39m
      9 Linear |R| = [32m3.706909e+05[39m
     10 Linear |R| = [32m2.944177e+05[39m
     11 Linear |R| = [32m2.350895e+05[39m
     12 Linear |R| = [32m1.814286e+05[39m
     13 Linear |R| = [32m1.310400e+05[39m
     14 Linear |R| = [32m8.553038e+04[39m
     15 Linear |R| = [32m6.835259e+04[39m
     16 Linear |R| = [32m5.323608e+04[39m
     17 Linear |R| = [32m4.378656e+04[39m
     18 Linear |R| = [32m3.816739e+04[39m
     19 Linear |R| = [32m2.926519e+04[39m
     20 Linear |R| = [32m2.074376e+04[39m
     21 Linear |R| = [32m1.499720e+04[39m
     22 Linear |R| = [32m9.305257e+03[39m
     23 Linear |R| = [32m4.794845e+03[39m
     24 Linear |R| = [32m2.628662e+03[39m
     25 Linear |R| = [32m1.466116e+03[39m
     26 Linear |R| = [32m8.078321e+02[39m
     27 Linear |R| = [32m4.503802e+02[39m
     28 Linear |R| = [32m2.557985e+02[39m
     29 Linear |R| = [32m1.798045e+02[39m
     30 Linear |R| = [32m1.184690e+02[39m
     31 Linear |R| = [32m8.918957e+01[39m
     32 Linear |R| = [32m6.395316e+01[39m
     33 Linear |R| = [32m3.884246e+01[39m
     34 Linear |R| = [32m2.022536e+01[39m
     35 Linear |R| = [32m1.114562e+01[39m
     36 Linear |R| = [32m6.266567e+00[39m
 3 Nonlinear |R| = [33m8.505896e+05[39m
      0 Linear |R| = [32m8.505896e+05[39m
      1 Linear |R| = [33m8.433691e+05[39m
      2 Linear |R| = [32m7.388433e+05[39m
      3 Linear |R| = [33m7.341896e+05[39m
      4 Linear |R| = [33m6.985203e+05[39m
      5 Linear |R| = [33m6.856105e+05[39m
      6 Linear |R| = [33m6.513573e+05[39m
      7 Linear |R| = [33m6.267789e+05[39m
      8 Linear |R| = [32m4.880071e+05[39m
      9 Linear |R| = [32m3.470225e+05[39m
     10 Linear |R| = [32m2.855035e+05[39m
     11 Linear |R| = [32m2.264432e+05[39m
     12 Linear |R| = [32m1.725058e+05[39m
     13 Linear |R| = [32m1.192924e+05[39m
     14 Linear |R| = [32m8.471613e+04[39m
     15 Linear |R| = [32m6.765580e+04[39m
     16 Linear |R| = [32m5.263168e+04[39m
     17 Linear |R| = [32m4.570912e+04[39m
     18 Linear |R| = [32m3.748172e+04[39m
     19 Linear |R| = [32m2.806001e+04[39m
     20 Linear |R| = [32m2.144486e+04[39m
     21 Linear |R| = [32m1.357623e+04[39m
     22 Linear |R| = [32m7.702818e+03[39m
     23 Linear |R| = [32m4.287410e+03[39m
     24 Linear |R| = [32m2.301986e+03[39m
     25 Linear |R| = [32m1.210335e+03[39m
     26 Linear |R| = [32m6.133239e+02[39m
     27 Linear |R| = [32m3.685442e+02[39m
     28 Linear |R| = [32m2.413378e+02[39m
     29 Linear |R| = [32m1.613823e+02[39m
     30 Linear |R| = [32m9.971143e+01[39m
     31 Linear |R| = [32m7.471687e+01[39m
     32 Linear |R| = [32m5.193695e+01[39m
     33 Linear |R| = [32m3.186476e+01[39m
     34 Linear |R| = [32m1.842985e+01[39m
     35 Linear |R| = [32m1.079644e+01[39m
     36 Linear |R| = [32m5.919554e+00[39m
 4 Nonlinear |R| = [32m5.873973e+05[39m
      0 Linear |R| = [32m5.873973e+05[39m
      1 Linear |R| = [32m4.233117e+04[39m
      2 Linear |R| = [32m1.238185e+04[39m
      3 Linear |R| = [32m4.751969e+03[39m
      4 Linear |R| = [32m1.419518e+03[39m
      5 Linear |R| = [32m4.885324e+02[39m
      6 Linear |R| = [32m1.451250e+02[39m
      7 Linear |R| = [32m5.266365e+01[39m
      8 Linear |R| = [32m1.717174e+01[39m
      9 Linear |R| = [32m6.077627e+00[39m
     10 Linear |R| = [32m2.203919e+00[39m
 5 Nonlinear |R| = [32m2.203891e+00[39m
  Finished Solving                                                                       [[33m 12.11 s[39m] [[33m  218 MB[39m]
[32m Solve Converged![39m

Postprocessor Values:
+----------------+----------------+----------------+----------------+------------------+----------------+----------------+----------------+
| time           | base_shear_x   | damage_c_max   | damage_t_max   | damage_total_max | top_disp_x     | top_disp_y     | top_rotation   |
+----------------+----------------+----------------+----------------+------------------+----------------+----------------+----------------+
|   0.000000e+00 |   0.000000e+00 |   0.000000e+00 |   0.000000e+00 |     0.000000e+00 |   0.000000e+00 |   0.000000e+00 |   0.000000e+00 |
|   4.000000e+00 |  -2.467235e+05 |   0.000000e+00 |   9.699589e-01 |     9.699589e-01 |  -3.930000e-03 |   1.142052e-03 |  -3.930000e-03 |
|   8.000000e+00 |  -8.224141e+04 |   0.000000e+00 |   8.664012e-01 |     8.664012e-01 |  -1.310000e-03 |   1.142051e-03 |  -1.310000e-03 |
+----------------+----------------+----------------+----------------+------------------+----------------+----------------+----------------+


Time Step 3, time = 12, dt = 4
 0 Nonlinear |R| = [32m8.722830e+05[39m
      0 Linear |R| = [32m8.722830e+05[39m
      1 Linear |R| = [33m8.627805e+05[39m
      2 Linear |R| = [32m7.518883e+05[39m
      3 Linear |R| = [33m7.444321e+05[39m
      4 Linear |R| = [32m7.052780e+05[39m
      5 Linear |R| = [33m6.794297e+05[39m
      6 Linear |R| = [32m6.225663e+05[39m
      7 Linear |R| = [32m5.719597e+05[39m
      8 Linear |R| = [32m4.181514e+05[39m
      9 Linear |R| = [32m2.639269e+05[39m
     10 Linear |R| = [32m2.044919e+05[39m
     11 Linear |R| = [32m1.672314e+05[39m
     12 Linear |R| = [32m1.459603e+05[39m
     13 Linear |R| = [32m1.232622e+05[39m
     14 Linear |R| = [32m9.638595e+04[39m
     15 Linear |R| = [32m7.697195e+04[39m
     16 Linear |R| = [32m5.437782e+04[39m
     17 Linear |R| = [32m3.464981e+04[39m
     18 Linear |R| = [32m2.700326e+04[39m
     19 Linear |R| = [32m1.970565e+04[39m
     20 Linear |R| = [32m1.373642e+04[39m
     21 Linear |R| = [32m1.003107e+04[39m
     22 Linear |R| = [32m6.708518e+03[39m
     23 Linear |R| = [32m3.834540e+03[39m
     24 Linear |R| = [32m2.280621e+03[39m
     25 Linear |R| = [32m1.364992e+03[39m
     26 Linear |R| = [32m7.899012e+02[39m
     27 Linear |R| = [32m4.525244e+02[39m
     28 Linear |R| = [32m2.724025e+02[39m
     29 Linear |R| = [32m1.861915e+02[39m
     30 Linear |R| = [32m1.204043e+02[39m
     31 Linear |R| = [32m8.817243e+01[39m
     32 Linear |R| = [32m6.568135e+01[39m
     33 Linear |R| = [32m4.269002e+01[39m
     34 Linear |R| = [32m2.332796e+01[39m
     35 Linear |R| = [32m1.273647e+01[39m
     36 Linear |R| = [32m7.675795e+00[39m
 1 Nonlinear |R| = [33m8.510771e+05[39m
      0 Linear |R| = [32m8.510771e+05[39m
      1 Linear |R| = [33m8.420206e+05[39m
      2 Linear |R| = [32m7.351658e+05[39m
      3 Linear |R| = [33m7.301272e+05[39m
      4 Linear |R| = [32m6.854172e+05[39m
      5 Linear |R| = [33m6.622310e+05[39m
      6 Linear |R| = [32m6.106765e+05[39m
      7 Linear |R| = [32m5.605473e+05[39m
      8 Linear |R| = [32m3.781835e+05[39m
      9 Linear |R| = [32m2.484981e+05[39m
     10 Linear |R| = [32m2.069605e+05[39m
     11 Linear |R| = [32m1.716824e+05[39m
     12 Linear |R| = [32m1.490991e+05[39m
     13 Linear |R| = [32m1.221976e+05[39m
     14 Linear |R| = [32m9.711492e+04[39m
     15 Linear |R| = [32m7.470479e+04[39m
     16 Linear |R| = [32m4.912552e+04[39m
     17 Linear |R| = [32m3.539024e+04[39m
     18 Linear |R| = [32m2.614473e+04[39m
     19 Linear |R| = [32m1.747351e+04[39m
     20 Linear |R| = [32m1.339317e+04[39m
     21 Linear |R| = [32m9.097139e+03[39m
     22 Linear |R| = [32m5.644333e+03[39m
     23 Linear |R| = [32m3.550866e+03[39m
     24 Linear |R| = [32m2.023560e+03[39m
     25 Linear |R| = [32m1.111665e+03[39m
     26 Linear |R| = [32m6.046278e+02[39m
     27 Linear |R| = [32m3.729022e+02[39m
     28 Linear |R| = [32m2.485822e+02[39m
     29 Linear |R| = [32m1.573070e+02[39m
     30 Linear |R| = [32m9.840813e+01[39m
     31 Linear |R| = [32m7.320013e+01[39m
     32 Linear |R| = [32m4.943300e+01[39m
     33 Linear |R| = [32m3.223138e+01[39m
     34 Linear |R| = [32m1.968151e+01[39m
     35 Linear |R| = [32m1.157697e+01[39m
     36 Linear |R| = [32m6.427648e+00[39m
 2 Nonlinear |R| = [32m4.558926e+05[39m
      0 Linear |R| = [32m4.558926e+05[39m
      1 Linear |R| = [32m2.663977e+05[39m
      2 Linear |R| = [32m1.725480e+05[39m
      3 Linear |R| = [32m8.867917e+04[39m
      4 Linear |R| = [32m4.315834e+04[39m
      5 Linear |R| = [32m2.406754e+04[39m
      6 Linear |R| = [32m1.406225e+04[39m
      7 Linear |R| = [32m6.600826e+03[39m
      8 Linear |R| = [32m3.397231e+03[39m
      9 Linear |R| = [32m1.968455e+03[39m
     10 Linear |R| = [32m1.082160e+03[39m
     11 Linear |R| = [32m4.950604e+02[39m
     12 Linear |R| = [32m2.044124e+02[39m
     13 Linear |R| = [32m9.211062e+01[39m
     14 Linear |R| = [32m4.455267e+01[39m
     15 Linear |R| = [32m2.099671e+01[39m
     16 Linear |R| = [32m7.546942e+00[39m
     17 Linear |R| = [32m3.221269e+00[39m
 3 Nonlinear |R| = [32m4.212692e+05[39m
      0 Linear |R| = [32m4.212692e+05[39m
      1 Linear |R| = [32m2.797523e+05[39m
      2 Linear |R| = [32m1.834863e+05[39m
      3 Linear |R| = [32m9.486019e+04[39m
      4 Linear |R| = [32m4.140610e+04[39m
      5 Linear |R| = [32m2.378489e+04[39m
      6 Linear |R| = [32m1.427402e+04[39m
      7 Linear |R| = [32m5.763910e+03[39m
      8 Linear |R| = [32m2.744154e+03[39m
      9 Linear |R| = [32m1.856652e+03[39m
     10 Linear |R| = [32m1.182051e+03[39m
     11 Linear |R| = [32m4.982991e+02[39m
     12 Linear |R| = [32m1.940580e+02[39m
     13 Linear |R| = [32m9.890991e+01[39m
     14 Linear |R| = [32m4.877857e+01[39m
     15 Linear |R| = [32m1.994207e+01[39m
     16 Linear |R| = [32m8.800326e+00[39m
     17 Linear |R| = [32m4.613332e+00[39m
     18 Linear |R| = [32m2.292361e+00[39m
 4 Nonlinear |R| = [32m3.122589e+05[39m
      0 Linear |R| = [32m3.122589e+05[39m
      1 Linear |R| = [32m2.554688e+05[39m
      2 Linear |R| = [32m1.649919e+05[39m
      3 Linear |R| = [32m7.593743e+04[39m
      4 Linear |R| = [32m3.773968e+04[39m
      5 Linear |R| = [32m1.956357e+04[39m
      6 Linear |R| = [32m1.277133e+04[39m
      7 Linear |R| = [32m6.252534e+03[39m
      8 Linear |R| = [32m2.916892e+03[39m
      9 Linear |R| = [32m1.714835e+03[39m
     10 Linear |R| = [32m1.026837e+03[39m
     11 Linear |R| = [32m5.140116e+02[39m
     12 Linear |R| = [32m2.209441e+02[39m
     13 Linear |R| = [32m1.104413e+02[39m
     14 Linear |R| = [32m5.324707e+01[39m
     15 Linear |R| = [32m2.109468e+01[39m
     16 Linear |R| = [32m6.745495e+00[39m
     17 Linear |R| = [32m2.229896e+00[39m
 5 Nonlinear |R| = [32m2.612828e+05[39m
      0 Linear |R| = [32m2.612828e+05[39m
      1 Linear |R| = [32m1.504256e+05[39m
      2 Linear |R| = [32m9.420677e+04[39m
      3 Linear |R| = [32m5.031217e+04[39m
      4 Linear |R| = [32m1.871363e+04[39m
      5 Linear |R| = [32m6.423164e+03[39m
      6 Linear |R| = [32m1.951185e+03[39m
      7 Linear |R| = [32m5.941776e+02[39m
      8 Linear |R| = [32m1.802999e+02[39m
      9 Linear |R| = [32m6.034034e+01[39m
     10 Linear |R| = [32m1.875822e+01[39m
     11 Linear |R| = [32m6.175594e+00[39m
     12 Linear |R| = [32m1.995402e+00[39m
 6 Nonlinear |R| = [33m2.539182e+05[39m
      0 Linear |R| = [32m2.539182e+05[39m
      1 Linear |R| = [32m2.031563e+05[39m
      2 Linear |R| = [32m1.671300e+05[39m
      3 Linear |R| = [32m1.381232e+05[39m
      4 Linear |R| = [32m8.185480e+04[39m
      5 Linear |R| = [32m2.775413e+04[39m
      6 Linear |R| = [32m7.188834e+03[39m
      7 Linear |R| = [32m2.051210e+03[39m
      8 Linear |R| = [32m6.356997e+02[39m
      9 Linear |R| = [32m2.236296e+02[39m
     10 Linear |R| = [32m7.046129e+01[39m
     11 Linear |R| = [32m2.309376e+01[39m
     12 Linear |R| = [32m6.565632e+00[39m
     13 Linear |R| = [32m2.230190e+00[39m
 7 Nonlinear |R| = [32m2.378307e+05[39m
      0 Linear |R| = [32m2.378307e+05[39m
      1 Linear |R| = [32m1.542977e+05[39m
      2 Linear |R| = [32m9.495061e+04[39m
      3 Linear |R| = [32m4.649597e+04[39m
      4 Linear |R| = [32m1.857499e+04[39m
      5 Linear |R| = [32m4.879558e+03[39m
      6 Linear |R| = [32m1.444800e+03[39m
      7 Linear |R| = [32m4.091903e+02[39m
      8 Linear |R| = [32m1.189824e+02[39m
      9 Linear |R| = [32m3.303290e+01[39m
     10 Linear |R| = [32m1.047375e+01[39m
     11 Linear |R| = [32m3.420384e+00[39m
     12 Linear |R| = [32m1.163505e+00[39m
 8 Nonlinear |R| = [32m1.607480e+05[39m
      0 Linear |R| = [32m1.607480e+05[39m
      1 Linear |R| = [32m1.095617e+05[39m
      2 Linear |R| = [32m4.122555e+04[39m
      3 Linear |R| = [32m1.122573e+04[39m
      4 Linear |R| = [32m4.277378e+03[39m
      5 Linear |R| = [32m1.202365e+03[39m
      6 Linear |R| = [32m4.165938e+02[39m
      7 Linear |R| = [32m1.241660e+02[39m
      8 Linear |R| = [32m4.080306e+01[39m
      9 Linear |R| = [32m1.246911e+01[39m
     10 Linear |R| = [32m4.405394e+00[39m
     11 Linear |R| = [32m1.363380e+00[39m
 9 Nonlinear |R| = [32m1.065301e+05[39m
      0 Linear |R| = [32m1.065301e+05[39m
      1 Linear |R| = [32m2.303480e+04[39m
      2 Linear |R| = [32m5.274762e+03[39m
      3 Linear |R| = [32m1.342530e+03[39m
      4 Linear |R| = [32m4.283283e+02[39m
      5 Linear |R| = [32m1.375355e+02[39m
      6 Linear |R| = [32m4.662567e+01[39m
      7 Linear |R| = [32m1.449227e+01[39m
      8 Linear |R| = [32m4.345380e+00[39m
      9 Linear |R| = [32m1.338110e+00[39m
     10 Linear |R| = [32m4.266108e-01[39m
10 Nonlinear |R| = [32m4.266102e-01[39m
[32m Solve Converged![39m
  Finished Solving                                                                       [[33m 15.37 s[39m] [[33m  218 MB[39m]

Postprocessor Values:
+----------------+----------------+----------------+----------------+------------------+----------------+----------------+----------------+
| time           | base_shear_x   | damage_c_max   | damage_t_max   | damage_total_max | top_disp_x     | top_disp_y     | top_rotation   |
+----------------+----------------+----------------+----------------+------------------+----------------+----------------+----------------+
|   0.000000e+00 |   0.000000e+00 |   0.000000e+00 |   0.000000e+00 |     0.000000e+00 |   0.000000e+00 |   0.000000e+00 |   0.000000e+00 |
|   4.000000e+00 |  -2.467235e+05 |   0.000000e+00 |   9.699589e-01 |     9.699589e-01 |  -3.930000e-03 |   1.142052e-03 |  -3.930000e-03 |
|   8.000000e+00 |  -8.224141e+04 |   0.000000e+00 |   8.664012e-01 |     8.664012e-01 |  -1.310000e-03 |   1.142051e-03 |  -1.310000e-03 |
|   1.200000e+01 |   8.224108e+04 |   0.000000e+00 |   8.664016e-01 |     8.664016e-01 |   1.310000e-03 |   1.142052e-03 |   1.310000e-03 |
+----------------+----------------+----------------+----------------+------------------+----------------+----------------+----------------+


Time Step 4, time = 16, dt = 4
 0 Nonlinear |R| = [32m8.035838e+05[39m
      0 Linear |R| = [32m8.035838e+05[39m
      1 Linear |R| = [33m7.951967e+05[39m
      2 Linear |R| = [32m6.957986e+05[39m
      3 Linear |R| = [33m6.884058e+05[39m
      4 Linear |R| = [33m6.575681e+05[39m
      5 Linear |R| = [33m6.386453e+05[39m
      6 Linear |R| = [32m5.933012e+05[39m
      7 Linear |R| = [32m5.593076e+05[39m
      8 Linear |R| = [32m4.381553e+05[39m
      9 Linear |R| = [32m2.816526e+05[39m
     10 Linear |R| = [32m2.187385e+05[39m
     11 Linear |R| = [32m1.816227e+05[39m
     12 Linear |R| = [32m1.569368e+05[39m
     13 Linear |R| = [32m1.277220e+05[39m
     14 Linear |R| = [32m9.476201e+04[39m
     15 Linear |R| = [32m7.568903e+04[39m
     16 Linear |R| = [32m5.835021e+04[39m
     17 Linear |R| = [32m4.411358e+04[39m
     18 Linear |R| = [32m3.625544e+04[39m
     19 Linear |R| = [32m2.639551e+04[39m
     20 Linear |R| = [32m1.788500e+04[39m
     21 Linear |R| = [32m1.315093e+04[39m
     22 Linear |R| = [32m8.323090e+03[39m
     23 Linear |R| = [32m4.340192e+03[39m
     24 Linear |R| = [32m2.389056e+03[39m
     25 Linear |R| = [32m1.357759e+03[39m
     26 Linear |R| = [32m7.705553e+02[39m
     27 Linear |R| = [32m4.423415e+02[39m
     28 Linear |R| = [32m2.702656e+02[39m
     29 Linear |R| = [32m1.863142e+02[39m
     30 Linear |R| = [32m1.196876e+02[39m
     31 Linear |R| = [32m8.718170e+01[39m
     32 Linear |R| = [32m6.383854e+01[39m
     33 Linear |R| = [32m4.062131e+01[39m
     34 Linear |R| = [32m2.173956e+01[39m
     35 Linear |R| = [32m1.189498e+01[39m
     36 Linear |R| = [32m6.891917e+00[39m
 1 Nonlinear |R| = [33m7.944038e+05[39m
      0 Linear |R| = [32m7.944038e+05[39m
      1 Linear |R| = [33m7.860235e+05[39m
      2 Linear |R| = [32m6.882863e+05[39m
      3 Linear |R| = [33m6.813945e+05[39m
      4 Linear |R| = [33m6.495992e+05[39m
      5 Linear |R| = [33m6.313332e+05[39m
      6 Linear |R| = [32m5.874481e+05[39m
      7 Linear |R| = [32m5.547970e+05[39m
      8 Linear |R| = [32m4.287215e+05[39m
      9 Linear |R| = [32m2.739017e+05[39m
     10 Linear |R| = [32m2.168947e+05[39m
     11 Linear |R| = [32m1.812855e+05[39m
     12 Linear |R| = [32m1.561308e+05[39m
     13 Linear |R| = [32m1.255431e+05[39m
     14 Linear |R| = [32m9.388222e+04[39m
     15 Linear |R| = [32m7.523383e+04[39m
     16 Linear |R| = [32m5.708106e+04[39m
     17 Linear |R| = [32m4.412412e+04[39m
     18 Linear |R| = [32m3.605495e+04[39m
     19 Linear |R| = [32m2.535737e+04[39m
     20 Linear |R| = [32m1.795197e+04[39m
     21 Linear |R| = [32m1.318967e+04[39m
     22 Linear |R| = [32m7.824445e+03[39m
     23 Linear |R| = [32m4.164496e+03[39m
     24 Linear |R| = [32m2.332122e+03[39m
     25 Linear |R| = [32m1.300552e+03[39m
     26 Linear |R| = [32m7.246537e+02[39m
     27 Linear |R| = [32m4.169288e+02[39m
     28 Linear |R| = [32m2.663733e+02[39m
     29 Linear |R| = [32m1.829494e+02[39m
     30 Linear |R| = [32m1.116846e+02[39m
     31 Linear |R| = [32m7.997344e+01[39m
     32 Linear |R| = [32m5.854352e+01[39m
     33 Linear |R| = [32m3.714112e+01[39m
     34 Linear |R| = [32m2.024786e+01[39m
     35 Linear |R| = [32m1.159097e+01[39m
     36 Linear |R| = [32m6.705020e+00[39m
 2 Nonlinear |R| = [33m7.858678e+05[39m
      0 Linear |R| = [32m7.858678e+05[39m
      1 Linear |R| = [33m7.774303e+05[39m
      2 Linear |R| = [32m6.817503e+05[39m
      3 Linear |R| = [33m6.757396e+05[39m
      4 Linear |R| = [32m6.417396e+05[39m
      5 Linear |R| = [33m6.244931e+05[39m
      6 Linear |R| = [32m5.833286e+05[39m
      7 Linear |R| = [32m5.514313e+05[39m
      8 Linear |R| = [32m4.123766e+05[39m
      9 Linear |R| = [32m2.660474e+05[39m
     10 Linear |R| = [32m2.179285e+05[39m
     11 Linear |R| = [32m1.830753e+05[39m
     12 Linear |R| = [32m1.563615e+05[39m
     13 Linear |R| = [32m1.233686e+05[39m
     14 Linear |R| = [32m9.391242e+04[39m
     15 Linear |R| = [32m7.465335e+04[39m
     16 Linear |R| = [32m5.605788e+04[39m
     17 Linear |R| = [32m4.487419e+04[39m
     18 Linear |R| = [32m3.529757e+04[39m
     19 Linear |R| = [32m2.456166e+04[39m
     20 Linear |R| = [32m1.854723e+04[39m
     21 Linear |R| = [32m1.266614e+04[39m
     22 Linear |R| = [32m7.059605e+03[39m
     23 Linear |R| = [32m3.999590e+03[39m
     24 Linear |R| = [32m2.180849e+03[39m
     25 Linear |R| = [32m1.174622e+03[39m
     26 Linear |R| = [32m6.436531e+02[39m
     27 Linear |R| = [32m3.905060e+02[39m
     28 Linear |R| = [32m2.642976e+02[39m
     29 Linear |R| = [32m1.705591e+02[39m
     30 Linear |R| = [32m1.022795e+02[39m
     31 Linear |R| = [32m7.427367e+01[39m
     32 Linear |R| = [32m5.142909e+01[39m
     33 Linear |R| = [32m3.271717e+01[39m
     34 Linear |R| = [32m1.925429e+01[39m
     35 Linear |R| = [32m1.156452e+01[39m
     36 Linear |R| = [32m6.372451e+00[39m
 3 Nonlinear |R| = [33m7.763957e+05[39m
      0 Linear |R| = [32m7.763957e+05[39m
      1 Linear |R| = [33m7.678048e+05[39m
      2 Linear |R| = [32m6.758287e+05[39m
      3 Linear |R| = [33m6.726469e+05[39m
      4 Linear |R| = [32m6.303088e+05[39m
      5 Linear |R| = [33m6.161710e+05[39m
      6 Linear |R| = [32m5.809835e+05[39m
      7 Linear |R| = [32m5.320447e+05[39m
      8 Linear |R| = [32m3.679514e+05[39m
      9 Linear |R| = [32m2.712889e+05[39m
     10 Linear |R| = [32m2.297930e+05[39m
     11 Linear |R| = [32m1.916602e+05[39m
     12 Linear |R| = [32m1.601901e+05[39m
     13 Linear |R| = [32m1.232230e+05[39m
     14 Linear |R| = [32m9.442387e+04[39m
     15 Linear |R| = [32m7.400215e+04[39m
     16 Linear |R| = [32m5.740945e+04[39m
     17 Linear |R| = [32m4.481963e+04[39m
     18 Linear |R| = [32m3.386523e+04[39m
     19 Linear |R| = [32m2.482082e+04[39m
     20 Linear |R| = [32m1.683358e+04[39m
     21 Linear |R| = [32m1.013702e+04[39m
     22 Linear |R| = [32m5.821986e+03[39m
     23 Linear |R| = [32m2.998464e+03[39m
     24 Linear |R| = [32m1.544689e+03[39m
     25 Linear |R| = [32m8.972118e+02[39m
     26 Linear |R| = [32m5.509312e+02[39m
     27 Linear |R| = [32m3.605362e+02[39m
     28 Linear |R| = [32m2.359329e+02[39m
     29 Linear |R| = [32m1.480392e+02[39m
     30 Linear |R| = [32m8.055127e+01[39m
     31 Linear |R| = [32m5.200576e+01[39m
     32 Linear |R| = [32m3.353058e+01[39m
     33 Linear |R| = [32m2.128673e+01[39m
     34 Linear |R| = [32m1.369536e+01[39m
     35 Linear |R| = [32m8.746664e+00[39m
     36 Linear |R| = [32m5.693165e+00[39m
 4 Nonlinear |R| = [32m4.741919e+05[39m
      0 Linear |R| = [32m4.741919e+05[39m
      1 Linear |R| = [32m9.916998e+04[39m
      2 Linear |R| = [32m3.633426e+04[39m
      3 Linear |R| = [32m1.164396e+04[39m
      4 Linear |R| = [32m3.302479e+03[39m
      5 Linear |R| = [32m1.110481e+03[39m
      6 Linear |R| = [32m3.814973e+02[39m
      7 Linear |R| = [32m1.404462e+02[39m
      8 Linear |R| = [32m3.938828e+01[39m
      9 Linear |R| = [32m1.352746e+01[39m
     10 Linear |R| = [32m4.238252e+00[39m
 5 Nonlinear |R| = [32m1.348463e+05[39m
      0 Linear |R| = [32m1.348463e+05[39m
      1 Linear |R| = [32m6.445198e+04[39m
      2 Linear |R| = [32m1.875331e+04[39m
      3 Linear |R| = [32m5.994839e+03[39m
      4 Linear |R| = [32m2.051440e+03[39m
      5 Linear |R| = [32m6.522705e+02[39m
      6 Linear |R| = [32m1.949085e+02[39m
      7 Linear |R| = [32m6.255013e+01[39m
      8 Linear |R| = [32m1.997781e+01[39m
      9 Linear |R| = [32m6.550837e+00[39m
     10 Linear |R| = [32m1.967252e+00[39m
     11 Linear |R| = [32m6.694533e-01[39m
 6 Nonlinear |R| = [32m1.401731e+04[39m
      0 Linear |R| = [32m1.401731e+04[39m
      1 Linear |R| = [32m2.824983e+03[39m
      2 Linear |R| = [32m8.895086e+02[39m
      3 Linear |R| = [32m2.211861e+02[39m
      4 Linear |R| = [32m7.289177e+01[39m
      5 Linear |R| = [32m1.979025e+01[39m
      6 Linear |R| = [32m5.981407e+00[39m
      7 Linear |R| = [32m1.765280e+00[39m
      8 Linear |R| = [32m5.453084e-01[39m
      9 Linear |R| = [32m1.642280e-01[39m
     10 Linear |R| = [32m5.226937e-02[39m
 7 Nonlinear |R| = [32m5.226929e-02[39m
[32m Solve Converged![39m
  Finished Solving                                                                       [[33m 13.31 s[39m] [[33m  221 MB[39m]

Postprocessor Values:
+----------------+----------------+----------------+----------------+------------------+----------------+----------------+----------------+
| time           | base_shear_x   | damage_c_max   | damage_t_max   | damage_total_max | top_disp_x     | top_disp_y     | top_rotation   |
+----------------+----------------+----------------+----------------+------------------+----------------+----------------+----------------+
|   0.000000e+00 |   0.000000e+00 |   0.000000e+00 |   0.000000e+00 |     0.000000e+00 |   0.000000e+00 |   0.000000e+00 |   0.000000e+00 |
|   4.000000e+00 |  -2.467235e+05 |   0.000000e+00 |   9.699589e-01 |     9.699589e-01 |  -3.930000e-03 |   1.142052e-03 |  -3.930000e-03 |
|   8.000000e+00 |  -8.224141e+04 |   0.000000e+00 |   8.664012e-01 |     8.664012e-01 |  -1.310000e-03 |   1.142051e-03 |  -1.310000e-03 |
|   1.200000e+01 |   8.224108e+04 |   0.000000e+00 |   8.664016e-01 |     8.664016e-01 |   1.310000e-03 |   1.142052e-03 |   1.310000e-03 |
|   1.600000e+01 |   2.467236e+05 |   0.000000e+00 |   9.699591e-01 |     9.699591e-01 |   3.930000e-03 |   1.142052e-03 |   3.930000e-03 |
+----------------+----------------+----------------+----------------+------------------+----------------+----------------+----------------+


Time Step 5, time = 20, dt = 4
 0 Nonlinear |R| = [32m7.364655e+05[39m
      0 Linear |R| = [32m7.364655e+05[39m
      1 Linear |R| = [33m7.288039e+05[39m
      2 Linear |R| = [32m6.389022e+05[39m
      3 Linear |R| = [33m6.320359e+05[39m
      4 Linear |R| = [33m6.080496e+05[39m
      5 Linear |R| = [33m5.962782e+05[39m
      6 Linear |R| = [33m5.671627e+05[39m
      7 Linear |R| = [33m5.522631e+05[39m
      8 Linear |R| = [32m4.784113e+05[39m
      9 Linear |R| = [32m3.638656e+05[39m
     10 Linear |R| = [32m3.027132e+05[39m
     11 Linear |R| = [32m2.432025e+05[39m
     12 Linear |R| = [32m1.866094e+05[39m
     13 Linear |R| = [32m1.327432e+05[39m
     14 Linear |R| = [32m9.281832e+04[39m
     15 Linear |R| = [32m7.557646e+04[39m
     16 Linear |R| = [32m6.209553e+04[39m
     17 Linear |R| = [32m5.163334e+04[39m
     18 Linear |R| = [32m4.448585e+04[39m
     19 Linear |R| = [32m3.158080e+04[39m
     20 Linear |R| = [32m2.047719e+04[39m
     21 Linear |R| = [32m1.422698e+04[39m
     22 Linear |R| = [32m8.364851e+03[39m
     23 Linear |R| = [32m4.203883e+03[39m
     24 Linear |R| = [32m2.327696e+03[39m
     25 Linear |R| = [32m1.335478e+03[39m
     26 Linear |R| = [32m7.556113e+02[39m
     27 Linear |R| = [32m4.362600e+02[39m
     28 Linear |R| = [32m2.689336e+02[39m
     29 Linear |R| = [32m1.852534e+02[39m
     30 Linear |R| = [32m1.179073e+02[39m
     31 Linear |R| = [32m8.519402e+01[39m
     32 Linear |R| = [32m6.237306e+01[39m
     33 Linear |R| = [32m3.997539e+01[39m
     34 Linear |R| = [32m2.153678e+01[39m
     35 Linear |R| = [32m1.187149e+01[39m
     36 Linear |R| = [32m6.931823e+00[39m
 1 Nonlinear |R| = [33m7.289829e+05[39m
      0 Linear |R| = [32m7.289829e+05[39m
      1 Linear |R| = [33m7.213091e+05[39m
      2 Linear |R| = [32m6.327175e+05[39m
      3 Linear |R| = [33m6.261688e+05[39m
      4 Linear |R| = [33m6.016746e+05[39m
      5 Linear |R| = [33m5.902854e+05[39m
      6 Linear |R| = [33m5.621576e+05[39m
      7 Linear |R| = [33m5.478882e+05[39m
      8 Linear |R| = [32m4.718152e+05[39m
      9 Linear |R| = [32m3.584645e+05[39m
     10 Linear |R| = [32m3.006461e+05[39m
     11 Linear |R| = [32m2.408019e+05[39m
     12 Linear |R| = [32m1.836369e+05[39m
     13 Linear |R| = [32m1.298398e+05[39m
     14 Linear |R| = [32m9.193823e+04[39m
     15 Linear |R| = [32m7.512297e+04[39m
     16 Linear |R| = [32m6.136997e+04[39m
     17 Linear |R| = [32m5.167267e+04[39m
     18 Linear |R| = [32m4.418111e+04[39m
     19 Linear |R| = [32m3.052917e+04[39m
     20 Linear |R| = [32m2.054337e+04[39m
     21 Linear |R| = [32m1.420293e+04[39m
     22 Linear |R| = [32m7.918099e+03[39m
     23 Linear |R| = [32m4.064384e+03[39m
     24 Linear |R| = [32m2.291717e+03[39m
     25 Linear |R| = [32m1.294407e+03[39m
     26 Linear |R| = [32m7.217123e+02[39m
     27 Linear |R| = [32m4.181824e+02[39m
     28 Linear |R| = [32m2.665159e+02[39m
     29 Linear |R| = [32m1.830246e+02[39m
     30 Linear |R| = [32m1.117905e+02[39m
     31 Linear |R| = [32m7.974182e+01[39m
     32 Linear |R| = [32m5.842486e+01[39m
     33 Linear |R| = [32m3.734840e+01[39m
     34 Linear |R| = [32m2.040125e+01[39m
     35 Linear |R| = [32m1.168114e+01[39m
     36 Linear |R| = [32m6.792717e+00[39m
 2 Nonlinear |R| = [33m7.214362e+05[39m
      0 Linear |R| = [32m7.214362e+05[39m
      1 Linear |R| = [33m7.137024e+05[39m
      2 Linear |R| = [32m6.268058e+05[39m
      3 Linear |R| = [33m6.207891e+05[39m
      4 Linear |R| = [33m5.952823e+05[39m
      5 Linear |R| = [33m5.845116e+05[39m
      6 Linear |R| = [33m5.581625e+05[39m
      7 Linear |R| = [33m5.445733e+05[39m
      8 Linear |R| = [32m4.634561e+05[39m
      9 Linear |R| = [32m3.539426e+05[39m
     10 Linear |R| = [32m3.003378e+05[39m
     11 Linear |R| = [32m2.382074e+05[39m
     12 Linear |R| = [32m1.799840e+05[39m
     13 Linear |R| = [32m1.265433e+05[39m
     14 Linear |R| = [32m9.176349e+04[39m
     15 Linear |R| = [32m7.499538e+04[39m
     16 Linear |R| = [32m6.118378e+04[39m
     17 Linear |R| = [32m5.244422e+04[39m
     18 Linear |R| = [32m4.366206e+04[39m
     19 Linear |R| = [32m2.961762e+04[39m
     20 Linear |R| = [32m2.106960e+04[39m
     21 Linear |R| = [32m1.381571e+04[39m
     22 Linear |R| = [32m7.274049e+03[39m
     23 Linear |R| = [32m3.959154e+03[39m
     24 Linear |R| = [32m2.218059e+03[39m
     25 Linear |R| = [32m1.213134e+03[39m
     26 Linear |R| = [32m6.673242e+02[39m
     27 Linear |R| = [32m3.992335e+02[39m
     28 Linear |R| = [32m2.674702e+02[39m
     29 Linear |R| = [32m1.763279e+02[39m
     30 Linear |R| = [32m1.040255e+02[39m
     31 Linear |R| = [32m7.449809e+01[39m
     32 Linear |R| = [32m5.286909e+01[39m
     33 Linear |R| = [32m3.349497e+01[39m
     34 Linear |R| = [32m1.946203e+01[39m
     35 Linear |R| = [32m1.170800e+01[39m
     36 Linear |R| = [32m6.595457e+00[39m
 3 Nonlinear |R| = [33m7.134368e+05[39m
      0 Linear |R| = [32m7.134368e+05[39m
      1 Linear |R| = [33m7.055415e+05[39m
      2 Linear |R| = [32m6.211981e+05[39m
      3 Linear |R| = [33m6.164057e+05[39m
      4 Linear |R| = [33m5.877394e+05[39m
      5 Linear |R| = [33m5.781604e+05[39m
      6 Linear |R| = [33m5.552672e+05[39m
      7 Linear |R| = [33m5.401533e+05[39m
      8 Linear |R| = [32m4.455433e+05[39m
      9 Linear |R| = [32m3.509671e+05[39m
     10 Linear |R| = [32m2.991935e+05[39m
     11 Linear |R| = [32m2.299657e+05[39m
     12 Linear |R| = [32m1.721201e+05[39m
     13 Linear |R| = [32m1.218912e+05[39m
     14 Linear |R| = [32m9.201899e+04[39m
     15 Linear |R| = [32m7.493166e+04[39m
     16 Linear |R| = [32m6.290485e+04[39m
     17 Linear |R| = [32m5.367526e+04[39m
     18 Linear |R| = [32m4.168131e+04[39m
     19 Linear |R| = [32m2.986012e+04[39m
     20 Linear |R| = [32m2.105773e+04[39m
     21 Linear |R| = [32m1.189615e+04[39m
     22 Linear |R| = [32m6.538880e+03[39m
     23 Linear |R| = [32m3.681219e+03[39m
     24 Linear |R| = [32m1.887379e+03[39m
     25 Linear |R| = [32m1.013987e+03[39m
     26 Linear |R| = [32m5.934379e+02[39m
     27 Linear |R| = [32m3.920487e+02[39m
     28 Linear |R| = [32m2.568132e+02[39m
     29 Linear |R| = [32m1.597097e+02[39m
     30 Linear |R| = [32m9.859533e+01[39m
     31 Linear |R| = [32m6.959757e+01[39m
     32 Linear |R| = [32m4.516020e+01[39m
     33 Linear |R| = [32m2.923005e+01[39m
     34 Linear |R| = [32m1.825304e+01[39m
     35 Linear |R| = [32m1.106733e+01[39m
     36 Linear |R| = [32m6.302200e+00[39m
 4 Nonlinear |R| = [33m6.963225e+05[39m
      0 Linear |R| = [32m6.963225e+05[39m
      1 Linear |R| = [33m6.797720e+05[39m
      2 Linear |R| = [32m6.147329e+05[39m
      3 Linear |R| = [32m5.590146e+05[39m
      4 Linear |R| = [32m5.068588e+05[39m
      5 Linear |R| = [32m4.571524e+05[39m
      6 Linear |R| = [32m3.932911e+05[39m
      7 Linear |R| = [32m3.175823e+05[39m
      8 Linear |R| = [32m2.227324e+05[39m
      9 Linear |R| = [32m1.627831e+05[39m
     10 Linear |R| = [32m9.731411e+04[39m
     11 Linear |R| = [32m6.210994e+04[39m
     12 Linear |R| = [32m4.354653e+04[39m
     13 Linear |R| = [32m2.991918e+04[39m
     14 Linear |R| = [32m2.328394e+04[39m
     15 Linear |R| = [32m1.915946e+04[39m
     16 Linear |R| = [32m1.504823e+04[39m
     17 Linear |R| = [32m1.110239e+04[39m
     18 Linear |R| = [32m7.026899e+03[39m
     19 Linear |R| = [32m3.870536e+03[39m
     20 Linear |R| = [32m2.074887e+03[39m
     21 Linear |R| = [32m1.056358e+03[39m
     22 Linear |R| = [32m5.849780e+02[39m
     23 Linear |R| = [32m3.369548e+02[39m
     24 Linear |R| = [32m2.104810e+02[39m
     25 Linear |R| = [32m1.304760e+02[39m
     26 Linear |R| = [32m7.431006e+01[39m
     27 Linear |R| = [32m4.040853e+01[39m
     28 Linear |R| = [32m1.946752e+01[39m
     29 Linear |R| = [32m8.946097e+00[39m
     30 Linear |R| = [32m4.199746e+00[39m
 5 Nonlinear |R| = [32m5.931469e+05[39m
      0 Linear |R| = [32m5.931469e+05[39m
      1 Linear |R| = [32m4.905609e+05[39m
      2 Linear |R| = [32m4.298527e+05[39m
      3 Linear |R| = [32m3.013162e+05[39m
      4 Linear |R| = [32m2.218527e+05[39m
      5 Linear |R| = [32m1.542864e+05[39m
      6 Linear |R| = [32m8.494014e+04[39m
      7 Linear |R| = [32m4.818904e+04[39m
      8 Linear |R| = [32m2.646943e+04[39m
      9 Linear |R| = [32m1.118454e+04[39m
     10 Linear |R| = [32m5.736742e+03[39m
     11 Linear |R| = [32m2.844042e+03[39m
     12 Linear |R| = [32m1.281905e+03[39m
     13 Linear |R| = [32m7.219088e+02[39m
     14 Linear |R| = [32m4.683044e+02[39m
     15 Linear |R| = [32m3.168300e+02[39m
     16 Linear |R| = [32m1.970511e+02[39m
     17 Linear |R| = [32m1.014806e+02[39m
     18 Linear |R| = [32m4.301842e+01[39m
     19 Linear |R| = [32m1.794596e+01[39m
     20 Linear |R| = [32m7.820578e+00[39m
     21 Linear |R| = [32m3.047369e+00[39m
 6 Nonlinear |R| = [33m5.775134e+05[39m
      0 Linear |R| = [32m5.775134e+05[39m
      1 Linear |R| = [32m4.333514e+05[39m
      2 Linear |R| = [32m3.766285e+05[39m
      3 Linear |R| = [32m2.424466e+05[39m
      4 Linear |R| = [32m1.615389e+05[39m
      5 Linear |R| = [32m1.055452e+05[39m
      6 Linear |R| = [32m5.224841e+04[39m
      7 Linear |R| = [32m2.604174e+04[39m
      8 Linear |R| = [32m1.410952e+04[39m
      9 Linear |R| = [32m5.301098e+03[39m
     10 Linear |R| = [32m2.394916e+03[39m
     11 Linear |R| = [32m1.122069e+03[39m
     12 Linear |R| = [32m5.177197e+02[39m
     13 Linear |R| = [32m2.694183e+02[39m
     14 Linear |R| = [32m1.756123e+02[39m
     15 Linear |R| = [32m1.107859e+02[39m
     16 Linear |R| = [32m5.709874e+01[39m
     17 Linear |R| = [32m2.704765e+01[39m
     18 Linear |R| = [32m1.063012e+01[39m
     19 Linear |R| = [32m4.025445e+00[39m
 7 Nonlinear |R| = [33m5.529857e+05[39m
      0 Linear |R| = [32m5.529857e+05[39m
      1 Linear |R| = [32m3.074265e+05[39m
      2 Linear |R| = [32m2.541010e+05[39m
      3 Linear |R| = [32m1.329635e+05[39m
      4 Linear |R| = [32m6.010333e+04[39m
      5 Linear |R| = [32m3.398430e+04[39m
      6 Linear |R| = [32m1.524297e+04[39m
      7 Linear |R| = [32m4.852127e+03[39m
      8 Linear |R| = [32m1.867594e+03[39m
      9 Linear |R| = [32m7.967896e+02[39m
     10 Linear |R| = [32m3.322473e+02[39m
     11 Linear |R| = [32m1.132523e+02[39m
     12 Linear |R| = [32m5.407358e+01[39m
     13 Linear |R| = [32m2.751275e+01[39m
     14 Linear |R| = [32m1.181448e+01[39m
     15 Linear |R| = [32m5.025116e+00[39m
 8 Nonlinear |R| = [32m4.326831e+05[39m
      0 Linear |R| = [32m4.326831e+05[39m
      1 Linear |R| = [32m5.388960e+04[39m
      2 Linear |R| = [32m1.441954e+04[39m
      3 Linear |R| = [32m4.572472e+03[39m
      4 Linear |R| = [32m1.487007e+03[39m
      5 Linear |R| = [32m6.006211e+02[39m
      6 Linear |R| = [32m2.122075e+02[39m
      7 Linear |R| = [32m8.027290e+01[39m
      8 Linear |R| = [32m3.440858e+01[39m
      9 Linear |R| = [32m1.314487e+01[39m
     10 Linear |R| = [32m4.253236e+00[39m
 9 Nonlinear |R| = [32m8.842480e+01[39m
      0 Linear |R| = [32m8.842480e+01[39m
      1 Linear |R| = [32m3.240322e+01[39m
      2 Linear |R| = [32m1.003680e+01[39m
      3 Linear |R| = [32m2.964221e+00[39m
      4 Linear |R| = [32m1.124327e+00[39m
      5 Linear |R| = [32m3.762213e-01[39m
      6 Linear |R| = [32m1.275061e-01[39m
      7 Linear |R| = [32m3.987961e-02[39m
      8 Linear |R| = [32m1.296810e-02[39m
      9 Linear |R| = [32m3.598370e-03[39m
     10 Linear |R| = [32m1.123584e-03[39m
     11 Linear |R| = [32m3.424410e-04[39m
10 Nonlinear |R| = [32m2.341094e-02[39m
  Finished Solving                                                                       [[33m 19.29 s[39m] [[33m  227 MB[39m]
[32m Solve Converged![39m

Postprocessor Values:
+----------------+----------------+----------------+----------------+------------------+----------------+----------------+----------------+
| time           | base_shear_x   | damage_c_max   | damage_t_max   | damage_total_max | top_disp_x     | top_disp_y     | top_rotation   |
+----------------+----------------+----------------+----------------+------------------+----------------+----------------+----------------+
|   0.000000e+00 |   0.000000e+00 |   0.000000e+00 |   0.000000e+00 |     0.000000e+00 |   0.000000e+00 |   0.000000e+00 |   0.000000e+00 |
|   4.000000e+00 |  -2.467235e+05 |   0.000000e+00 |   9.699589e-01 |     9.699589e-01 |  -3.930000e-03 |   1.142052e-03 |  -3.930000e-03 |
|   8.000000e+00 |  -8.224141e+04 |   0.000000e+00 |   8.664012e-01 |     8.664012e-01 |  -1.310000e-03 |   1.142051e-03 |  -1.310000e-03 |
|   1.200000e+01 |   8.224108e+04 |   0.000000e+00 |   8.664016e-01 |     8.664016e-01 |   1.310000e-03 |   1.142052e-03 |   1.310000e-03 |
|   1.600000e+01 |   2.467236e+05 |   0.000000e+00 |   9.699591e-01 |     9.699591e-01 |   3.930000e-03 |   1.142052e-03 |   3.930000e-03 |
|   2.000000e+01 |   4.109591e+05 |   0.000000e+00 |   9.886536e-01 |     9.886536e-01 |   6.550000e-03 |   1.142709e-03 |   6.550000e-03 |
+----------------+----------------+----------------+----------------+------------------+----------------+----------------+----------------+


Time Step 6, time = 24, dt = 4
 0 Nonlinear |R| = [32m1.013027e+06[39m
      0 Linear |R| = [32m1.013027e+06[39m
      1 Linear |R| = [33m1.000060e+06[39m
      2 Linear |R| = [32m8.613239e+05[39m
      3 Linear |R| = [33m8.542421e+05[39m
      4 Linear |R| = [32m7.980758e+05[39m
      5 Linear |R| = [33m7.656405e+05[39m
      6 Linear |R| = [32m7.119750e+05[39m
      7 Linear |R| = [32m6.698109e+05[39m
      8 Linear |R| = [32m5.402572e+05[39m
      9 Linear |R| = [32m4.481138e+05[39m
     10 Linear |R| = [32m3.838601e+05[39m
     11 Linear |R| = [32m2.877962e+05[39m
     12 Linear |R| = [32m2.008268e+05[39m
     13 Linear |R| = [32m1.352083e+05[39m
     14 Linear |R| = [32m8.875090e+04[39m
     15 Linear |R| = [32m7.274616e+04[39m
     16 Linear |R| = [32m5.773858e+04[39m
     17 Linear |R| = [32m4.794493e+04[39m
     18 Linear |R| = [32m4.232507e+04[39m
     19 Linear |R| = [32m3.223126e+04[39m
     20 Linear |R| = [32m2.216050e+04[39m
     21 Linear |R| = [32m1.533141e+04[39m
     22 Linear |R| = [32m9.281000e+03[39m
     23 Linear |R| = [32m4.778461e+03[39m
     24 Linear |R| = [32m2.596556e+03[39m
     25 Linear |R| = [32m1.439403e+03[39m
     26 Linear |R| = [32m7.992789e+02[39m
     27 Linear |R| = [32m4.408273e+02[39m
     28 Linear |R| = [32m2.455726e+02[39m
     29 Linear |R| = [32m1.700647e+02[39m
    Linear solve did not converge due to DIVERGED_BREAKDOWN iterations 30
 1 Nonlinear |R| = [32m8.458779e+05[39m
      0 Linear |R| = [32m8.458779e+05[39m
      1 Linear |R| = [33m8.371166e+05[39m
      2 Linear |R| = [32m7.350960e+05[39m
      3 Linear |R| = [33m7.283007e+05[39m
      4 Linear |R| = [33m7.042273e+05[39m
      5 Linear |R| = [33m6.929384e+05[39m
      6 Linear |R| = [33m6.649513e+05[39m
      7 Linear |R| = [33m6.481921e+05[39m
      8 Linear |R| = [32m5.797121e+05[39m
      9 Linear |R| = [32m4.621304e+05[39m
     10 Linear |R| = [32m3.826691e+05[39m
     11 Linear |R| = [32m3.010083e+05[39m
     12 Linear |R| = [32m2.213964e+05[39m
     13 Linear |R| = [32m1.514738e+05[39m
     14 Linear |R| = [32m9.823992e+04[39m
     15 Linear |R| = [32m7.654900e+04[39m
     16 Linear |R| = [32m6.323188e+04[39m
     17 Linear |R| = [32m5.182678e+04[39m
     18 Linear |R| = [32m4.525947e+04[39m
     19 Linear |R| = [32m3.610420e+04[39m
     20 Linear |R| = [32m2.331078e+04[39m
     21 Linear |R| = [32m1.569882e+04[39m
     22 Linear |R| = [32m1.032493e+04[39m
     23 Linear |R| = [32m5.365910e+03[39m
     24 Linear |R| = [32m2.791956e+03[39m
     25 Linear |R| = [32m1.601626e+03[39m
     26 Linear |R| = [32m9.384335e+02[39m
     27 Linear |R| = [32m5.510999e+02[39m
     28 Linear |R| = [32m3.227820e+02[39m
     29 Linear |R| = [32m2.150250e+02[39m
     30 Linear |R| = [32m1.460752e+02[39m
     31 Linear |R| = [32m1.105681e+02[39m
     32 Linear |R| = [32m7.797026e+01[39m
     33 Linear |R| = [32m4.928892e+01[39m
     34 Linear |R| = [32m2.718682e+01[39m
     35 Linear |R| = [32m1.477382e+01[39m
     36 Linear |R| = [32m8.708548e+00[39m
     37 Linear |R| = [32m5.115208e+00[39m
 2 Nonlinear |R| = [33m8.321548e+05[39m
      0 Linear |R| = [32m8.321548e+05[39m
      1 Linear |R| = [33m8.234982e+05[39m
      2 Linear |R| = [32m7.232834e+05[39m
      3 Linear |R| = [33m7.166966e+05[39m
      4 Linear |R| = [33m6.927086e+05[39m
      5 Linear |R| = [33m6.817046e+05[39m
      6 Linear |R| = [33m6.543337e+05[39m
      7 Linear |R| = [33m6.381201e+05[39m
      8 Linear |R| = [32m5.700569e+05[39m
      9 Linear |R| = [32m4.535121e+05[39m
     10 Linear |R| = [32m3.766332e+05[39m
     11 Linear |R| = [32m2.961474e+05[39m
     12 Linear |R| = [32m2.172660e+05[39m
     13 Linear |R| = [32m1.482380e+05[39m
     14 Linear |R| = [32m9.636959e+04[39m
     15 Linear |R| = [32m7.542181e+04[39m
     16 Linear |R| = [32m6.211063e+04[39m
     17 Linear |R| = [32m5.104202e+04[39m
     18 Linear |R| = [32m4.468200e+04[39m
     19 Linear |R| = [32m3.525488e+04[39m
     20 Linear |R| = [32m2.281004e+04[39m
     21 Linear |R| = [32m1.559122e+04[39m
     22 Linear |R| = [32m1.009232e+04[39m
     23 Linear |R| = [32m5.177254e+03[39m
     24 Linear |R| = [32m2.733795e+03[39m
     25 Linear |R| = [32m1.574121e+03[39m
     26 Linear |R| = [32m9.162872e+02[39m
     27 Linear |R| = [32m5.355030e+02[39m
     28 Linear |R| = [32m3.150611e+02[39m
     29 Linear |R| = [32m2.119275e+02[39m
     30 Linear |R| = [32m1.428299e+02[39m
     31 Linear |R| = [32m1.072799e+02[39m
     32 Linear |R| = [32m7.629357e+01[39m
     33 Linear |R| = [32m4.834322e+01[39m
     34 Linear |R| = [32m2.648042e+01[39m
     35 Linear |R| = [32m1.434341e+01[39m
     36 Linear |R| = [32m8.427255e+00[39m
     37 Linear |R| = [32m5.012934e+00[39m
 3 Nonlinear |R| = [33m8.203971e+05[39m
      0 Linear |R| = [32m8.203971e+05[39m
      1 Linear |R| = [33m8.118142e+05[39m
      2 Linear |R| = [32m7.132145e+05[39m
      3 Linear |R| = [33m7.068538e+05[39m
      4 Linear |R| = [33m6.827993e+05[39m
      5 Linear |R| = [33m6.720857e+05[39m
      6 Linear |R| = [33m6.453320e+05[39m
      7 Linear |R| = [33m6.296963e+05[39m
      8 Linear |R| = [32m5.615656e+05[39m
      9 Linear |R| = [32m4.457152e+05[39m
     10 Linear |R| = [32m3.715977e+05[39m
     11 Linear |R| = [32m2.918738e+05[39m
     12 Linear |R| = [32m2.134651e+05[39m
     13 Linear |R| = [32m1.451312e+05[39m
     14 Linear |R| = [32m9.469833e+04[39m
     15 Linear |R| = [32m7.451966e+04[39m
     16 Linear |R| = [32m6.110870e+04[39m
     17 Linear |R| = [32m5.043557e+04[39m
     18 Linear |R| = [32m4.425218e+04[39m
     19 Linear |R| = [32m3.438500e+04[39m
     20 Linear |R| = [32m2.238978e+04[39m
     21 Linear |R| = [32m1.555268e+04[39m
     22 Linear |R| = [32m9.826505e+03[39m
     23 Linear |R| = [32m4.983949e+03[39m
     24 Linear |R| = [32m2.683437e+03[39m
     25 Linear |R| = [32m1.547246e+03[39m
     26 Linear |R| = [32m8.931561e+02[39m
     27 Linear |R| = [32m5.190589e+02[39m
     28 Linear |R| = [32m3.078032e+02[39m
     29 Linear |R| = [32m2.095318e+02[39m
     30 Linear |R| = [32m1.392665e+02[39m
     31 Linear |R| = [32m1.033441e+02[39m
     32 Linear |R| = [32m7.424068e+01[39m
     33 Linear |R| = [32m4.714741e+01[39m
     34 Linear |R| = [32m2.565697e+01[39m
     35 Linear |R| = [32m1.389716e+01[39m
     36 Linear |R| = [32m8.124050e+00[39m
 4 Nonlinear |R| = [33m8.099794e+05[39m
      0 Linear |R| = [32m8.099794e+05[39m
      1 Linear |R| = [33m8.014385e+05[39m
      2 Linear |R| = [32m7.043734e+05[39m
      3 Linear |R| = [33m6.982903e+05[39m
      4 Linear |R| = [33m6.739580e+05[39m
      5 Linear |R| = [33m6.635741e+05[39m
      6 Linear |R| = [33m6.375208e+05[39m
      7 Linear |R| = [33m6.225483e+05[39m
      8 Linear |R| = [32m5.535925e+05[39m
      9 Linear |R| = [32m4.382638e+05[39m
     10 Linear |R| = [32m3.673601e+05[39m
     11 Linear |R| = [32m2.877977e+05[39m
     12 Linear |R| = [32m2.096847e+05[39m
     13 Linear |R| = [32m1.418630e+05[39m
     14 Linear |R| = [32m9.315688e+04[39m
     15 Linear |R| = [32m7.381926e+04[39m
     16 Linear |R| = [32m6.016350e+04[39m
     17 Linear |R| = [32m5.003171e+04[39m
     18 Linear |R| = [32m4.395420e+04[39m
     19 Linear |R| = [32m3.339511e+04[39m
     20 Linear |R| = [32m2.208318e+04[39m
     21 Linear |R| = [32m1.556945e+04[39m
     22 Linear |R| = [32m9.464780e+03[39m
     23 Linear |R| = [32m4.781947e+03[39m
     24 Linear |R| = [32m2.638467e+03[39m
     25 Linear |R| = [32m1.515458e+03[39m
     26 Linear |R| = [32m8.657715e+02[39m
     27 Linear |R| = [32m4.996168e+02[39m
     28 Linear |R| = [32m3.009662e+02[39m
     29 Linear |R| = [32m2.076865e+02[39m
     30 Linear |R| = [32m1.344541e+02[39m
     31 Linear |R| = [32m9.806952e+01[39m
     32 Linear |R| = [32m7.114476e+01[39m
     33 Linear |R| = [32m4.525012e+01[39m
     34 Linear |R| = [32m2.451467e+01[39m
     35 Linear |R| = [32m1.341200e+01[39m
     36 Linear |R| = [32m7.814298e+00[39m
 5 Nonlinear |R| = [33m8.005423e+05[39m
      0 Linear |R| = [32m8.005423e+05[39m
      1 Linear |R| = [33m7.920037e+05[39m
      2 Linear |R| = [32m6.965030e+05[39m
      3 Linear |R| = [33m6.908190e+05[39m
      4 Linear |R| = [33m6.658395e+05[39m
      5 Linear |R| = [33m6.558840e+05[39m
      6 Linear |R| = [33m6.307740e+05[39m
      7 Linear |R| = [33m6.165996e+05[39m
      8 Linear |R| = [32m5.452773e+05[39m
      9 Linear |R| = [32m4.308033e+05[39m
     10 Linear |R| = [32m3.638607e+05[39m
     11 Linear |R| = [32m2.832954e+05[39m
     12 Linear |R| = [32m2.055257e+05[39m
     13 Linear |R| = [32m1.379779e+05[39m
     14 Linear |R| = [32m9.176259e+04[39m
     15 Linear |R| = [32m7.333855e+04[39m
     16 Linear |R| = [32m5.924540e+04[39m
     17 Linear |R| = [32m4.996496e+04[39m
     18 Linear |R| = [32m4.375742e+04[39m
     19 Linear |R| = [32m3.218415e+04[39m
     20 Linear |R| = [32m2.201629e+04[39m
     21 Linear |R| = [32m1.555259e+04[39m
     22 Linear |R| = [32m8.902715e+03[39m
     23 Linear |R| = [32m4.586994e+03[39m
     24 Linear |R| = [32m2.589635e+03[39m
     25 Linear |R| = [32m1.468050e+03[39m
     26 Linear |R| = [32m8.276582e+02[39m
     27 Linear |R| = [32m4.737199e+02[39m
     28 Linear |R| = [32m2.957479e+02[39m
     29 Linear |R| = [32m2.056344e+02[39m
     30 Linear |R| = [32m1.270206e+02[39m
     31 Linear |R| = [32m9.086714e+01[39m
     32 Linear |R| = [32m6.580060e+01[39m
     33 Linear |R| = [32m4.176049e+01[39m
     34 Linear |R| = [32m2.299841e+01[39m
     35 Linear |R| = [32m1.305249e+01[39m
     36 Linear |R| = [32m7.637688e+00[39m
 6 Nonlinear |R| = [33m7.917925e+05[39m
      0 Linear |R| = [32m7.917925e+05[39m
      1 Linear |R| = [33m7.831941e+05[39m
      2 Linear |R| = [32m6.894666e+05[39m
      3 Linear |R| = [33m6.845002e+05[39m
      4 Linear |R| = [33m6.580565e+05[39m
      5 Linear |R| = [33m6.487739e+05[39m
      6 Linear |R| = [33m6.252940e+05[39m
      7 Linear |R| = [33m6.119368e+05[39m
      8 Linear |R| = [32m5.342197e+05[39m
      9 Linear |R| = [32m4.230931e+05[39m
     10 Linear |R| = [32m3.606521e+05[39m
     11 Linear |R| = [32m2.766553e+05[39m
     12 Linear |R| = [32m2.000399e+05[39m
     13 Linear |R| = [32m1.323622e+05[39m
     14 Linear |R| = [32m9.078130e+04[39m
     15 Linear |R| = [32m7.302739e+04[39m
     16 Linear |R| = [32m5.855267e+04[39m
     17 Linear |R| = [32m5.062545e+04[39m
     18 Linear |R| = [32m4.336085e+04[39m
     19 Linear |R| = [32m3.096048e+04[39m
     20 Linear |R| = [32m2.242889e+04[39m
     21 Linear |R| = [32m1.499809e+04[39m
     22 Linear |R| = [32m8.097448e+03[39m
     23 Linear |R| = [32m4.434992e+03[39m
     24 Linear |R| = [32m2.487658e+03[39m
     25 Linear |R| = [32m1.386066e+03[39m
     26 Linear |R| = [32m7.574354e+02[39m
     27 Linear |R| = [32m4.415352e+02[39m
     28 Linear |R| = [32m2.959044e+02[39m
     29 Linear |R| = [32m1.986690e+02[39m
     30 Linear |R| = [32m1.183976e+02[39m
     31 Linear |R| = [32m8.463827e+01[39m
     32 Linear |R| = [32m5.858524e+01[39m
     33 Linear |R| = [32m3.744360e+01[39m
     34 Linear |R| = [32m2.192546e+01[39m
     35 Linear |R| = [32m1.317996e+01[39m
     36 Linear |R| = [32m7.603705e+00[39m
 7 Nonlinear |R| = [33m7.824869e+05[39m
      0 Linear |R| = [32m7.824869e+05[39m
      1 Linear |R| = [33m7.737550e+05[39m
      2 Linear |R| = [32m6.823562e+05[39m
      3 Linear |R| = [33m6.794138e+05[39m
      4 Linear |R| = [33m6.485508e+05[39m
      5 Linear |R| = [33m6.408385e+05[39m
      6 Linear |R| = [33m6.214421e+05[39m
      7 Linear |R| = [33m6.053044e+05[39m
      8 Linear |R| = [32m5.066620e+05[39m
      9 Linear |R| = [32m4.121310e+05[39m
     10 Linear |R| = [32m3.485405e+05[39m
     11 Linear |R| = [32m2.612257e+05[39m
     12 Linear |R| = [32m1.857207e+05[39m
     13 Linear |R| = [32m1.223622e+05[39m
     14 Linear |R| = [32m9.047201e+04[39m
     15 Linear |R| = [32m7.192684e+04[39m
     16 Linear |R| = [32m6.040025e+04[39m
     17 Linear |R| = [32m5.218565e+04[39m
     18 Linear |R| = [32m4.185102e+04[39m
     19 Linear |R| = [32m3.104702e+04[39m
     20 Linear |R| = [32m2.194521e+04[39m
     21 Linear |R| = [32m1.301758e+04[39m
     22 Linear |R| = [32m7.203283e+03[39m
     23 Linear |R| = [32m4.053919e+03[39m
     24 Linear |R| = [32m2.106335e+03[39m
     25 Linear |R| = [32m1.112665e+03[39m
     26 Linear |R| = [32m6.476114e+02[39m
     27 Linear |R| = [32m4.268723e+02[39m
     28 Linear |R| = [32m2.840637e+02[39m
     29 Linear |R| = [32m1.772332e+02[39m
     30 Linear |R| = [32m1.058371e+02[39m
     31 Linear |R| = [32m7.461446e+01[39m
     32 Linear |R| = [32m5.029780e+01[39m
     33 Linear |R| = [32m3.195079e+01[39m
     34 Linear |R| = [32m1.949419e+01[39m
     35 Linear |R| = [32m1.182147e+01[39m
     36 Linear |R| = [32m6.705971e+00[39m
 8 Nonlinear |R| = [32m4.508351e+05[39m
      0 Linear |R| = [32m4.508351e+05[39m
      1 Linear |R| = [32m2.110157e+05[39m
      2 Linear |R| = [32m1.551209e+05[39m
      3 Linear |R| = [32m9.390374e+04[39m
      4 Linear |R| = [32m4.297298e+04[39m
      5 Linear |R| = [32m1.760732e+04[39m
      6 Linear |R| = [32m9.298762e+03[39m
      7 Linear |R| = [32m5.202162e+03[39m
      8 Linear |R| = [32m2.176485e+03[39m
      9 Linear |R| = [32m8.556229e+02[39m
     10 Linear |R| = [32m4.233476e+02[39m
     11 Linear |R| = [32m1.943967e+02[39m
     12 Linear |R| = [32m8.371018e+01[39m
     13 Linear |R| = [32m2.982136e+01[39m
     14 Linear |R| = [32m9.528768e+00[39m
     15 Linear |R| = [32m2.800989e+00[39m
 9 Nonlinear |R| = [32m3.836546e+05[39m
      0 Linear |R| = [32m3.836546e+05[39m
      1 Linear |R| = [32m3.480283e+05[39m
      2 Linear |R| = [32m2.272443e+05[39m
      3 Linear |R| = [32m1.585123e+05[39m
      4 Linear |R| = [32m9.567482e+04[39m
      5 Linear |R| = [32m5.700927e+04[39m
      6 Linear |R| = [32m3.944341e+04[39m
      7 Linear |R| = [32m2.447164e+04[39m
      8 Linear |R| = [32m1.207301e+04[39m
      9 Linear |R| = [32m4.228716e+03[39m
     10 Linear |R| = [32m2.119603e+03[39m
     11 Linear |R| = [32m1.261024e+03[39m
     12 Linear |R| = [32m6.098495e+02[39m
     13 Linear |R| = [32m2.120545e+02[39m
     14 Linear |R| = [32m9.366299e+01[39m
     15 Linear |R| = [32m4.866277e+01[39m
     16 Linear |R| = [32m2.154194e+01[39m
     17 Linear |R| = [32m8.079649e+00[39m
     18 Linear |R| = [32m2.779974e+00[39m
10 Nonlinear |R| = [32m2.805195e+05[39m
      0 Linear |R| = [32m2.805195e+05[39m
      1 Linear |R| = [32m1.921497e+05[39m
      2 Linear |R| = [32m1.531532e+05[39m
      3 Linear |R| = [32m9.203888e+04[39m
      4 Linear |R| = [32m3.472992e+04[39m
      5 Linear |R| = [32m1.297138e+04[39m
      6 Linear |R| = [32m4.430860e+03[39m
      7 Linear |R| = [32m1.342086e+03[39m
      8 Linear |R| = [32m3.945534e+02[39m
      9 Linear |R| = [32m1.220425e+02[39m
     10 Linear |R| = [32m4.463322e+01[39m
     11 Linear |R| = [32m1.422154e+01[39m
     12 Linear |R| = [32m4.134622e+00[39m
     13 Linear |R| = [32m1.108346e+00[39m
11 Nonlinear |R| = [32m2.484655e+05[39m
      0 Linear |R| = [32m2.484655e+05[39m
      1 Linear |R| = [32m2.305236e+05[39m
      2 Linear |R| = [32m1.747154e+05[39m
      3 Linear |R| = [32m7.694895e+04[39m
      4 Linear |R| = [32m3.082381e+04[39m
      5 Linear |R| = [32m1.230480e+04[39m
      6 Linear |R| = [32m3.725914e+03[39m
      7 Linear |R| = [32m1.198981e+03[39m
      8 Linear |R| = [32m5.284327e+02[39m
      9 Linear |R| = [32m1.933502e+02[39m
     10 Linear |R| = [32m6.291967e+01[39m
     11 Linear |R| = [32m2.119078e+01[39m
     12 Linear |R| = [32m7.093533e+00[39m
     13 Linear |R| = [32m2.079590e+00[39m
12 Nonlinear |R| = [32m2.124348e+05[39m
      0 Linear |R| = [32m2.124348e+05[39m
      1 Linear |R| = [32m1.902828e+05[39m
      2 Linear |R| = [32m1.453545e+05[39m
      3 Linear |R| = [32m7.609236e+04[39m
      4 Linear |R| = [32m2.588055e+04[39m
      5 Linear |R| = [32m8.843218e+03[39m
      6 Linear |R| = [32m3.038366e+03[39m
      7 Linear |R| = [32m1.113339e+03[39m
      8 Linear |R| = [32m3.692408e+02[39m
      9 Linear |R| = [32m1.170800e+02[39m
     10 Linear |R| = [32m3.726213e+01[39m
     11 Linear |R| = [32m1.213711e+01[39m
     12 Linear |R| = [32m4.059935e+00[39m
     13 Linear |R| = [32m1.351716e+00[39m
13 Nonlinear |R| = [33m2.118113e+05[39m
      0 Linear |R| = [32m2.118113e+05[39m
      1 Linear |R| = [33m2.062754e+05[39m
      2 Linear |R| = [32m1.420264e+05[39m
      3 Linear |R| = [32m5.725257e+04[39m
      4 Linear |R| = [32m2.228939e+04[39m
      5 Linear |R| = [32m7.414757e+03[39m
      6 Linear |R| = [32m2.405409e+03[39m
      7 Linear |R| = [32m7.285735e+02[39m
      8 Linear |R| = [32m2.569862e+02[39m
      9 Linear |R| = [32m7.966304e+01[39m
     10 Linear |R| = [32m2.452214e+01[39m
     11 Linear |R| = [32m7.488013e+00[39m
     12 Linear |R| = [32m2.428314e+00[39m
     13 Linear |R| = [32m7.696232e-01[39m
14 Nonlinear |R| = [33m2.050323e+05[39m
      0 Linear |R| = [32m2.050323e+05[39m
      1 Linear |R| = [32m1.898177e+05[39m
      2 Linear |R| = [32m1.376411e+05[39m
      3 Linear |R| = [32m7.755577e+04[39m
      4 Linear |R| = [32m2.628006e+04[39m
      5 Linear |R| = [32m9.211706e+03[39m
      6 Linear |R| = [32m3.197915e+03[39m
      7 Linear |R| = [32m1.221188e+03[39m
      8 Linear |R| = [32m3.701196e+02[39m
      9 Linear |R| = [32m1.116859e+02[39m
     10 Linear |R| = [32m3.215621e+01[39m
     11 Linear |R| = [32m1.048269e+01[39m
     12 Linear |R| = [32m3.470603e+00[39m
     13 Linear |R| = [32m1.228648e+00[39m
15 Nonlinear |R| = [32m1.268922e+05[39m
      0 Linear |R| = [32m1.268922e+05[39m
      1 Linear |R| = [32m3.366122e+04[39m
      2 Linear |R| = [32m6.332851e+03[39m
      3 Linear |R| = [32m2.007077e+03[39m
      4 Linear |R| = [32m7.474511e+02[39m
      5 Linear |R| = [32m2.360755e+02[39m
      6 Linear |R| = [32m6.508099e+01[39m
      7 Linear |R| = [32m2.186295e+01[39m
      8 Linear |R| = [32m7.354424e+00[39m
      9 Linear |R| = [32m2.312328e+00[39m
     10 Linear |R| = [32m6.716080e-01[39m
16 Nonlinear |R| = [32m6.716126e-01[39m
[32m Solve Converged![39m
  Finished Solving                                                                       [[33m 29.48 s[39m] [[33m  221 MB[39m]

Postprocessor Values:
+----------------+----------------+----------------+----------------+------------------+----------------+----------------+----------------+
| time           | base_shear_x   | damage_c_max   | damage_t_max   | damage_total_max | top_disp_x     | top_disp_y     | top_rotation   |
+----------------+----------------+----------------+----------------+------------------+----------------+----------------+----------------+
|   0.000000e+00 |   0.000000e+00 |   0.000000e+00 |   0.000000e+00 |     0.000000e+00 |   0.000000e+00 |   0.000000e+00 |   0.000000e+00 |
|   4.000000e+00 |  -2.467235e+05 |   0.000000e+00 |   9.699589e-01 |     9.699589e-01 |  -3.930000e-03 |   1.142052e-03 |  -3.930000e-03 |
|   8.000000e+00 |  -8.224141e+04 |   0.000000e+00 |   8.664012e-01 |     8.664012e-01 |  -1.310000e-03 |   1.142051e-03 |  -1.310000e-03 |
|   1.200000e+01 |   8.224108e+04 |   0.000000e+00 |   8.664016e-01 |     8.664016e-01 |   1.310000e-03 |   1.142052e-03 |   1.310000e-03 |
|   1.600000e+01 |   2.467236e+05 |   0.000000e+00 |   9.699591e-01 |     9.699591e-01 |   3.930000e-03 |   1.142052e-03 |   3.930000e-03 |
|   2.000000e+01 |   4.109591e+05 |   0.000000e+00 |   9.886536e-01 |     9.886536e-01 |   6.550000e-03 |   1.142709e-03 |   6.550000e-03 |
|   2.400000e+01 |   2.464768e+05 |   0.000000e+00 |   9.606126e-01 |     9.606126e-01 |   3.930000e-03 |   1.142709e-03 |   3.930000e-03 |
+----------------+----------------+----------------+----------------+------------------+----------------+----------------+----------------+


Time Step 7, time = 28, dt = 4
 0 Nonlinear |R| = [32m9.421128e+05[39m
      0 Linear |R| = [32m9.421128e+05[39m
      1 Linear |R| = [33m9.310244e+05[39m
      2 Linear |R| = [32m8.070941e+05[39m
      3 Linear |R| = [33m7.996946e+05[39m
      4 Linear |R| = [32m7.512115e+05[39m
      5 Linear |R| = [33m7.211605e+05[39m
      6 Linear |R| = [32m6.622473e+05[39m
      7 Linear |R| = [32m6.109385e+05[39m
      8 Linear |R| = [32m4.615233e+05[39m
      9 Linear |R| = [32m3.461345e+05[39m
     10 Linear |R| = [32m2.879713e+05[39m
     11 Linear |R| = [32m2.259726e+05[39m
     12 Linear |R| = [32m1.710380e+05[39m
     13 Linear |R| = [32m1.254303e+05[39m
     14 Linear |R| = [32m8.719780e+04[39m
     15 Linear |R| = [32m7.208156e+04[39m
     16 Linear |R| = [32m5.633777e+04[39m
     17 Linear |R| = [32m4.574761e+04[39m
     18 Linear |R| = [32m4.014301e+04[39m
     19 Linear |R| = [32m3.042450e+04[39m
     20 Linear |R| = [32m2.098187e+04[39m
     21 Linear |R| = [32m1.451233e+04[39m
     22 Linear |R| = [32m8.782429e+03[39m
     23 Linear |R| = [32m4.534453e+03[39m
     24 Linear |R| = [32m2.497837e+03[39m
     25 Linear |R| = [32m1.398734e+03[39m
     26 Linear |R| = [32m7.735472e+02[39m
     27 Linear |R| = [32m4.294721e+02[39m
     28 Linear |R| = [32m2.419732e+02[39m
     29 Linear |R| = [32m1.679460e+02[39m
     30 Linear |R| = [32m1.117650e+02[39m
     31 Linear |R| = [32m8.459286e+01[39m
     32 Linear |R| = [32m6.108587e+01[39m
     33 Linear |R| = [32m3.734475e+01[39m
     34 Linear |R| = [32m1.940687e+01[39m
     35 Linear |R| = [32m1.072467e+01[39m
     36 Linear |R| = [32m5.972866e+00[39m
 1 Nonlinear |R| = [33m9.038087e+05[39m
      0 Linear |R| = [32m9.038087e+05[39m
      1 Linear |R| = [33m8.959256e+05[39m
      2 Linear |R| = [32m7.830852e+05[39m
      3 Linear |R| = [33m7.747917e+05[39m
      4 Linear |R| = [33m7.455404e+05[39m
      5 Linear |R| = [33m7.281737e+05[39m
      6 Linear |R| = [32m6.847641e+05[39m
      7 Linear |R| = [33m6.569897e+05[39m
      8 Linear |R| = [32m5.527284e+05[39m
      9 Linear |R| = [32m3.958410e+05[39m
     10 Linear |R| = [32m3.122501e+05[39m
     11 Linear |R| = [32m2.493564e+05[39m
     12 Linear |R| = [32m1.981903e+05[39m
     13 Linear |R| = [32m1.464546e+05[39m
     14 Linear |R| = [32m9.852437e+04[39m
     15 Linear |R| = [32m7.711998e+04[39m
     16 Linear |R| = [32m6.295702e+04[39m
     17 Linear |R| = [32m5.056999e+04[39m
     18 Linear |R| = [32m4.382868e+04[39m
     19 Linear |R| = [32m3.457980e+04[39m
     20 Linear |R| = [32m2.269032e+04[39m
     21 Linear |R| = [32m1.565430e+04[39m
     22 Linear |R| = [32m1.029719e+04[39m
     23 Linear |R| = [32m5.369919e+03[39m
     24 Linear |R| = [32m2.811023e+03[39m
     25 Linear |R| = [32m1.602631e+03[39m
     26 Linear |R| = [32m9.359466e+02[39m
     27 Linear |R| = [32m5.467941e+02[39m
     28 Linear |R| = [32m3.184140e+02[39m
     29 Linear |R| = [32m2.127555e+02[39m
     30 Linear |R| = [32m1.450540e+02[39m
     31 Linear |R| = [32m1.095902e+02[39m
     32 Linear |R| = [32m7.806223e+01[39m
     33 Linear |R| = [32m4.936414e+01[39m
     34 Linear |R| = [32m2.705991e+01[39m
     35 Linear |R| = [32m1.466160e+01[39m
     36 Linear |R| = [32m8.590581e+00[39m
 2 Nonlinear |R| = [33m8.714629e+05[39m
      0 Linear |R| = [32m8.714629e+05[39m
      1 Linear |R| = [33m8.639040e+05[39m
      2 Linear |R| = [32m7.555758e+05[39m
      3 Linear |R| = [33m7.483098e+05[39m
      4 Linear |R| = [33m7.183146e+05[39m
      5 Linear |R| = [33m7.023134e+05[39m
      6 Linear |R| = [32m6.617710e+05[39m
      7 Linear |R| = [33m6.366267e+05[39m
      8 Linear |R| = [32m5.294935e+05[39m
      9 Linear |R| = [32m3.744271e+05[39m
     10 Linear |R| = [32m3.009296e+05[39m
     11 Linear |R| = [32m2.411272e+05[39m
     12 Linear |R| = [32m1.906687e+05[39m
     13 Linear |R| = [32m1.384357e+05[39m
     14 Linear |R| = [32m9.417676e+04[39m
     15 Linear |R| = [32m7.500288e+04[39m
     16 Linear |R| = [32m6.014995e+04[39m
     17 Linear |R| = [32m4.927156e+04[39m
     18 Linear |R| = [32m4.288928e+04[39m
     19 Linear |R| = [32m3.202282e+04[39m
     20 Linear |R| = [32m2.178567e+04[39m
     21 Linear |R| = [32m1.560252e+04[39m
     22 Linear |R| = [32m9.399139e+03[39m
     23 Linear |R| = [32m4.833715e+03[39m
     24 Linear |R| = [32m2.666210e+03[39m
     25 Linear |R| = [32m1.513214e+03[39m
     26 Linear |R| = [32m8.629660e+02[39m
     27 Linear |R| = [32m4.915430e+02[39m
     28 Linear |R| = [32m2.966577e+02[39m
     29 Linear |R| = [32m2.057589e+02[39m
     30 Linear |R| = [32m1.321234e+02[39m
     31 Linear |R| = [32m9.600885e+01[39m
     32 Linear |R| = [32m7.001296e+01[39m
     33 Linear |R| = [32m4.440890e+01[39m
     34 Linear |R| = [32m2.393362e+01[39m
     35 Linear |R| = [32m1.315685e+01[39m
     36 Linear |R| = [32m7.619901e+00[39m
 3 Nonlinear |R| = [33m8.505915e+05[39m
      0 Linear |R| = [32m8.505915e+05[39m
      1 Linear |R| = [33m8.434348e+05[39m
      2 Linear |R| = [32m7.387870e+05[39m
      3 Linear |R| = [33m7.342649e+05[39m
      4 Linear |R| = [33m6.990483e+05[39m
      5 Linear |R| = [33m6.857970e+05[39m
      6 Linear |R| = [33m6.520797e+05[39m
      7 Linear |R| = [33m6.273577e+05[39m
      8 Linear |R| = [32m4.898392e+05[39m
      9 Linear |R| = [32m3.511835e+05[39m
     10 Linear |R| = [32m2.921323e+05[39m
     11 Linear |R| = [32m2.329968e+05[39m
     12 Linear |R| = [32m1.819751e+05[39m
     13 Linear |R| = [32m1.262198e+05[39m
     14 Linear |R| = [32m9.291138e+04[39m
     15 Linear |R| = [32m7.380077e+04[39m
     16 Linear |R| = [32m5.916980e+04[39m
     17 Linear |R| = [32m5.095065e+04[39m
     18 Linear |R| = [32m4.135010e+04[39m
     19 Linear |R| = [32m3.012536e+04[39m
     20 Linear |R| = [32m2.231301e+04[39m
     21 Linear |R| = [32m1.395869e+04[39m
     22 Linear |R| = [32m7.715557e+03[39m
     23 Linear |R| = [32m4.337718e+03[39m
     24 Linear |R| = [32m2.350574e+03[39m
     25 Linear |R| = [32m1.252345e+03[39m
     26 Linear |R| = [32m6.738777e+02[39m
     27 Linear |R| = [32m4.188257e+02[39m
     28 Linear |R| = [32m2.843008e+02[39m
     29 Linear |R| = [32m1.839803e+02[39m
     30 Linear |R| = [32m1.108058e+02[39m
     31 Linear |R| = [32m8.044561e+01[39m
     32 Linear |R| = [32m5.525969e+01[39m
     33 Linear |R| = [32m3.492862e+01[39m
     34 Linear |R| = [32m2.113272e+01[39m
     35 Linear |R| = [32m1.260594e+01[39m
     36 Linear |R| = [32m6.840293e+00[39m
 4 Nonlinear |R| = [32m6.046660e+05[39m
      0 Linear |R| = [32m6.046660e+05[39m
      1 Linear |R| = [32m4.204374e+04[39m
      2 Linear |R| = [32m1.233310e+04[39m
      3 Linear |R| = [32m4.783886e+03[39m
      4 Linear |R| = [32m1.401687e+03[39m
      5 Linear |R| = [32m4.748977e+02[39m
      6 Linear |R| = [32m1.391291e+02[39m
      7 Linear |R| = [32m5.108553e+01[39m
      8 Linear |R| = [32m1.735297e+01[39m
      9 Linear |R| = [32m6.077712e+00[39m
     10 Linear |R| = [32m2.170166e+00[39m
 5 Nonlinear |R| = [32m2.170244e+00[39m
  Finished Solving                                                                       [[33m 11.66 s[39m] [[33m  227 MB[39m]
[32m Solve Converged![39m

Postprocessor Values:
+----------------+----------------+----------------+----------------+------------------+----------------+----------------+----------------+
| time           | base_shear_x   | damage_c_max   | damage_t_max   | damage_total_max | top_disp_x     | top_disp_y     | top_rotation   |
+----------------+----------------+----------------+----------------+------------------+----------------+----------------+----------------+
|   0.000000e+00 |   0.000000e+00 |   0.000000e+00 |   0.000000e+00 |     0.000000e+00 |   0.000000e+00 |   0.000000e+00 |   0.000000e+00 |
|   4.000000e+00 |  -2.467235e+05 |   0.000000e+00 |   9.699589e-01 |     9.699589e-01 |  -3.930000e-03 |   1.142052e-03 |  -3.930000e-03 |
|   8.000000e+00 |  -8.224141e+04 |   0.000000e+00 |   8.664012e-01 |     8.664012e-01 |  -1.310000e-03 |   1.142051e-03 |  -1.310000e-03 |
|   1.200000e+01 |   8.224108e+04 |   0.000000e+00 |   8.664016e-01 |     8.664016e-01 |   1.310000e-03 |   1.142052e-03 |   1.310000e-03 |
|   1.600000e+01 |   2.467236e+05 |   0.000000e+00 |   9.699591e-01 |     9.699591e-01 |   3.930000e-03 |   1.142052e-03 |   3.930000e-03 |
|   2.000000e+01 |   4.109591e+05 |   0.000000e+00 |   9.886536e-01 |     9.886536e-01 |   6.550000e-03 |   1.142709e-03 |   6.550000e-03 |
|   2.400000e+01 |   2.464768e+05 |   0.000000e+00 |   9.606126e-01 |     9.606126e-01 |   3.930000e-03 |   1.142709e-03 |   3.930000e-03 |
|   2.800000e+01 |   8.199432e+04 |   0.000000e+00 |   8.353712e-01 |     8.353712e-01 |   1.310000e-03 |   1.142709e-03 |   1.310000e-03 |
+----------------+----------------+----------------+----------------+------------------+----------------+----------------+----------------+


Time Step 8, time = 32, dt = 4
 0 Nonlinear |R| = [32m8.721788e+05[39m
      0 Linear |R| = [32m8.721788e+05[39m
      1 Linear |R| = [33m8.625938e+05[39m
      2 Linear |R| = [32m7.519031e+05[39m
      3 Linear |R| = [33m7.442801e+05[39m
      4 Linear |R| = [32m7.044435e+05[39m
      5 Linear |R| = [33m6.791594e+05[39m
      6 Linear |R| = [32m6.216378e+05[39m
      7 Linear |R| = [32m5.703753e+05[39m
      8 Linear |R| = [32m4.126553e+05[39m
      9 Linear |R| = [32m2.548599e+05[39m
     10 Linear |R| = [32m1.905577e+05[39m
     11 Linear |R| = [32m1.532330e+05[39m
     12 Linear |R| = [32m1.294057e+05[39m
     13 Linear |R| = [32m1.103264e+05[39m
     14 Linear |R| = [32m8.580664e+04[39m
     15 Linear |R| = [32m7.118416e+04[39m
     16 Linear |R| = [32m5.081362e+04[39m
     17 Linear |R| = [32m3.341244e+04[39m
     18 Linear |R| = [32m2.604345e+04[39m
     19 Linear |R| = [32m1.925871e+04[39m
     20 Linear |R| = [32m1.359501e+04[39m
     21 Linear |R| = [32m9.926136e+03[39m
     22 Linear |R| = [32m6.681144e+03[39m
     23 Linear |R| = [32m3.818044e+03[39m
     24 Linear |R| = [32m2.268047e+03[39m
     25 Linear |R| = [32m1.334253e+03[39m
     26 Linear |R| = [32m7.468272e+02[39m
     27 Linear |R| = [32m4.186914e+02[39m
     28 Linear |R| = [32m2.383767e+02[39m
     29 Linear |R| = [32m1.656071e+02[39m
     30 Linear |R| = [32m1.091496e+02[39m
     31 Linear |R| = [32m8.242216e+01[39m
     32 Linear |R| = [32m5.998537e+01[39m
     33 Linear |R| = [32m3.711134e+01[39m
     34 Linear |R| = [32m1.955261e+01[39m
     35 Linear |R| = [32m1.080625e+01[39m
     36 Linear |R| = [32m6.164585e+00[39m
 1 Nonlinear |R| = [33m8.510073e+05[39m
      0 Linear |R| = [32m8.510073e+05[39m
      1 Linear |R| = [33m8.418727e+05[39m
      2 Linear |R| = [32m7.351641e+05[39m
      3 Linear |R| = [33m7.299995e+05[39m
      4 Linear |R| = [32m6.846218e+05[39m
      5 Linear |R| = [33m6.619778e+05[39m
      6 Linear |R| = [32m6.097207e+05[39m
      7 Linear |R| = [32m5.587518e+05[39m
      8 Linear |R| = [32m3.718264e+05[39m
      9 Linear |R| = [32m2.382009e+05[39m
     10 Linear |R| = [32m1.927263e+05[39m
     11 Linear |R| = [32m1.575963e+05[39m
     12 Linear |R| = [32m1.330266e+05[39m
     13 Linear |R| = [32m1.109715e+05[39m
     14 Linear |R| = [32m8.812407e+04[39m
     15 Linear |R| = [32m7.058668e+04[39m
     16 Linear |R| = [32m4.670023e+04[39m
     17 Linear |R| = [32m3.437458e+04[39m
     18 Linear |R| = [32m2.541716e+04[39m
     19 Linear |R| = [32m1.723820e+04[39m
     20 Linear |R| = [32m1.329208e+04[39m
     21 Linear |R| = [32m9.010217e+03[39m
     22 Linear |R| = [32m5.660591e+03[39m
     23 Linear |R| = [32m3.538572e+03[39m
     24 Linear |R| = [32m1.994206e+03[39m
     25 Linear |R| = [32m1.077353e+03[39m
     26 Linear |R| = [32m5.532708e+02[39m
     27 Linear |R| = [32m3.296954e+02[39m
     28 Linear |R| = [32m2.128607e+02[39m
     29 Linear |R| = [32m1.386295e+02[39m
     30 Linear |R| = [32m8.821154e+01[39m
     31 Linear |R| = [32m6.749042e+01[39m
     32 Linear |R| = [32m4.588015e+01[39m
     33 Linear |R| = [32m2.904465e+01[39m
     34 Linear |R| = [32m1.676786e+01[39m
     35 Linear |R| = [32m9.671535e+00[39m
     36 Linear |R| = [32m5.207234e+00[39m
 2 Nonlinear |R| = [32m4.530312e+05[39m
      0 Linear |R| = [32m4.530312e+05[39m
      1 Linear |R| = [32m2.526129e+05[39m
      2 Linear |R| = [32m1.593858e+05[39m
      3 Linear |R| = [32m8.333713e+04[39m
      4 Linear |R| = [32m3.700574e+04[39m
      5 Linear |R| = [32m1.760140e+04[39m
      6 Linear |R| = [32m1.026734e+04[39m
      7 Linear |R| = [32m4.959995e+03[39m
      8 Linear |R| = [32m2.329787e+03[39m
      9 Linear |R| = [32m1.103752e+03[39m
     10 Linear |R| = [32m6.622720e+02[39m
     11 Linear |R| = [32m3.833242e+02[39m
     12 Linear |R| = [32m1.630759e+02[39m
     13 Linear |R| = [32m5.358857e+01[39m
     14 Linear |R| = [32m2.121400e+01[39m
     15 Linear |R| = [32m1.156733e+01[39m
     16 Linear |R| = [32m5.557984e+00[39m
     17 Linear |R| = [32m2.213448e+00[39m
 3 Nonlinear |R| = [32m3.952108e+05[39m
      0 Linear |R| = [32m3.952108e+05[39m
      1 Linear |R| = [32m2.548591e+05[39m
      2 Linear |R| = [32m1.648982e+05[39m
      3 Linear |R| = [32m7.642337e+04[39m
      4 Linear |R| = [32m3.201222e+04[39m
      5 Linear |R| = [32m1.764150e+04[39m
      6 Linear |R| = [32m1.013028e+04[39m
      7 Linear |R| = [32m3.439517e+03[39m
      8 Linear |R| = [32m9.945958e+02[39m
      9 Linear |R| = [32m3.146260e+02[39m
     10 Linear |R| = [32m1.162425e+02[39m
     11 Linear |R| = [32m5.274788e+01[39m
     12 Linear |R| = [32m2.695408e+01[39m
     13 Linear |R| = [32m1.512711e+01[39m
     14 Linear |R| = [32m7.896610e+00[39m
     15 Linear |R| = [32m3.909018e+00[39m
 4 Nonlinear |R| = [32m2.821011e+05[39m
      0 Linear |R| = [32m2.821011e+05[39m
      1 Linear |R| = [32m2.047224e+05[39m
      2 Linear |R| = [32m1.273258e+05[39m
      3 Linear |R| = [32m5.628309e+04[39m
      4 Linear |R| = [32m2.504484e+04[39m
      5 Linear |R| = [32m9.110925e+03[39m
      6 Linear |R| = [32m2.576811e+03[39m
      7 Linear |R| = [32m7.199088e+02[39m
      8 Linear |R| = [32m2.478848e+02[39m
      9 Linear |R| = [32m1.291127e+02[39m
     10 Linear |R| = [32m8.575938e+01[39m
     11 Linear |R| = [32m4.719629e+01[39m
     12 Linear |R| = [32m1.894095e+01[39m
     13 Linear |R| = [32m6.105059e+00[39m
     14 Linear |R| = [32m2.032036e+00[39m
 5 Nonlinear |R| = [32m2.614211e+05[39m
      0 Linear |R| = [32m2.614211e+05[39m
      1 Linear |R| = [32m1.492665e+05[39m
      2 Linear |R| = [32m8.771951e+04[39m
      3 Linear |R| = [32m4.055444e+04[39m
      4 Linear |R| = [32m2.659759e+04[39m
      5 Linear |R| = [32m1.269057e+04[39m
      6 Linear |R| = [32m4.741925e+03[39m
      7 Linear |R| = [32m1.626713e+03[39m
      8 Linear |R| = [32m5.557762e+02[39m
      9 Linear |R| = [32m1.652931e+02[39m
     10 Linear |R| = [32m5.039328e+01[39m
     11 Linear |R| = [32m1.687035e+01[39m
     12 Linear |R| = [32m5.953625e+00[39m
     13 Linear |R| = [32m1.853353e+00[39m
 6 Nonlinear |R| = [32m1.872071e+05[39m
      0 Linear |R| = [32m1.872071e+05[39m
      1 Linear |R| = [32m1.478112e+05[39m
      2 Linear |R| = [32m9.930927e+04[39m
      3 Linear |R| = [32m3.104737e+04[39m
      4 Linear |R| = [32m1.191687e+04[39m
      5 Linear |R| = [32m4.221780e+03[39m
      6 Linear |R| = [32m1.247932e+03[39m
      7 Linear |R| = [32m3.434919e+02[39m
      8 Linear |R| = [32m1.072260e+02[39m
      9 Linear |R| = [32m3.493507e+01[39m
     10 Linear |R| = [32m1.204205e+01[39m
     11 Linear |R| = [32m3.874852e+00[39m
     12 Linear |R| = [32m1.199437e+00[39m
 7 Nonlinear |R| = [32m1.631629e+05[39m
      0 Linear |R| = [32m1.631629e+05[39m
      1 Linear |R| = [32m1.242103e+05[39m
      2 Linear |R| = [32m7.788241e+04[39m
      3 Linear |R| = [32m2.318155e+04[39m
      4 Linear |R| = [32m7.419297e+03[39m
      5 Linear |R| = [32m2.448932e+03[39m
      6 Linear |R| = [32m8.550549e+02[39m
      7 Linear |R| = [32m2.241667e+02[39m
      8 Linear |R| = [32m7.056137e+01[39m
      9 Linear |R| = [32m2.326785e+01[39m
     10 Linear |R| = [32m8.512389e+00[39m
     11 Linear |R| = [32m2.592541e+00[39m
     12 Linear |R| = [32m8.360279e-01[39m
 8 Nonlinear |R| = [32m1.326129e+05[39m
      0 Linear |R| = [32m1.326129e+05[39m
      1 Linear |R| = [32m5.028726e+04[39m
      2 Linear |R| = [32m1.135168e+04[39m
      3 Linear |R| = [32m3.013890e+03[39m
      4 Linear |R| = [32m1.214599e+03[39m
      5 Linear |R| = [32m3.879275e+02[39m
      6 Linear |R| = [32m1.107702e+02[39m
      7 Linear |R| = [32m3.335310e+01[39m
      8 Linear |R| = [32m1.114144e+01[39m
      9 Linear |R| = [32m3.731990e+00[39m
     10 Linear |R| = [32m1.185568e+00[39m
 9 Nonlinear |R| = [32m6.138829e+04[39m
      0 Linear |R| = [32m6.138829e+04[39m
      1 Linear |R| = [32m1.538619e+04[39m
      2 Linear |R| = [32m3.235437e+03[39m
      3 Linear |R| = [32m1.077037e+03[39m
      4 Linear |R| = [32m3.692041e+02[39m
      5 Linear |R| = [32m1.174275e+02[39m
      6 Linear |R| = [32m3.395345e+01[39m
      7 Linear |R| = [32m1.098145e+01[39m
      8 Linear |R| = [32m3.597337e+00[39m
      9 Linear |R| = [32m1.157977e+00[39m
     10 Linear |R| = [32m3.551811e-01[39m
10 Nonlinear |R| = [32m3.551823e-01[39m
  Finished Solving                                                                       [[33m 13.66 s[39m] [[33m  218 MB[39m]
[32m Solve Converged![39m

Postprocessor Values:
+----------------+----------------+----------------+----------------+------------------+----------------+----------------+----------------+
| time           | base_shear_x   | damage_c_max   | damage_t_max   | damage_total_max | top_disp_x     | top_disp_y     | top_rotation   |
+----------------+----------------+----------------+----------------+------------------+----------------+----------------+----------------+
|   0.000000e+00 |   0.000000e+00 |   0.000000e+00 |   0.000000e+00 |     0.000000e+00 |   0.000000e+00 |   0.000000e+00 |   0.000000e+00 |
|   4.000000e+00 |  -2.467235e+05 |   0.000000e+00 |   9.699589e-01 |     9.699589e-01 |  -3.930000e-03 |   1.142052e-03 |  -3.930000e-03 |
|   8.000000e+00 |  -8.224141e+04 |   0.000000e+00 |   8.664012e-01 |     8.664012e-01 |  -1.310000e-03 |   1.142051e-03 |  -1.310000e-03 |
|   1.200000e+01 |   8.224108e+04 |   0.000000e+00 |   8.664016e-01 |     8.664016e-01 |   1.310000e-03 |   1.142052e-03 |   1.310000e-03 |
|   1.600000e+01 |   2.467236e+05 |   0.000000e+00 |   9.699591e-01 |     9.699591e-01 |   3.930000e-03 |   1.142052e-03 |   3.930000e-03 |
|   2.000000e+01 |   4.109591e+05 |   0.000000e+00 |   9.886536e-01 |     9.886536e-01 |   6.550000e-03 |   1.142709e-03 |   6.550000e-03 |
|   2.400000e+01 |   2.464768e+05 |   0.000000e+00 |   9.606126e-01 |     9.606126e-01 |   3.930000e-03 |   1.142709e-03 |   3.930000e-03 |
|   2.800000e+01 |   8.199432e+04 |   0.000000e+00 |   8.353712e-01 |     8.353712e-01 |   1.310000e-03 |   1.142709e-03 |   1.310000e-03 |
|   3.200000e+01 |  -8.248819e+04 |   0.000000e+00 |   8.663265e-01 |     8.663265e-01 |  -1.310000e-03 |   1.142709e-03 |  -1.310000e-03 |
+----------------+----------------+----------------+----------------+------------------+----------------+----------------+----------------+


Time Step 9, time = 36, dt = 4
 0 Nonlinear |R| = [32m8.034818e+05[39m
      0 Linear |R| = [32m8.034818e+05[39m
      1 Linear |R| = [33m7.950169e+05[39m
      2 Linear |R| = [32m6.957589e+05[39m
      3 Linear |R| = [33m6.881921e+05[39m
      4 Linear |R| = [33m6.567861e+05[39m
      5 Linear |R| = [33m6.383770e+05[39m
      6 Linear |R| = [32m5.925007e+05[39m
      7 Linear |R| = [32m5.583015e+05[39m
      8 Linear |R| = [32m4.343912e+05[39m
      9 Linear |R| = [32m2.745958e+05[39m
     10 Linear |R| = [32m2.074569e+05[39m
     11 Linear |R| = [32m1.707545e+05[39m
     12 Linear |R| = [32m1.438185e+05[39m
     13 Linear |R| = [32m1.180499e+05[39m
     14 Linear |R| = [32m8.617275e+04[39m
     15 Linear |R| = [32m7.036898e+04[39m
     16 Linear |R| = [32m5.374901e+04[39m
     17 Linear |R| = [32m4.143016e+04[39m
     18 Linear |R| = [32m3.412649e+04[39m
     19 Linear |R| = [32m2.515544e+04[39m
     20 Linear |R| = [32m1.744678e+04[39m
     21 Linear |R| = [32m1.286028e+04[39m
     22 Linear |R| = [32m8.280217e+03[39m
     23 Linear |R| = [32m4.316973e+03[39m
     24 Linear |R| = [32m2.359322e+03[39m
     25 Linear |R| = [32m1.317751e+03[39m
     26 Linear |R| = [32m7.224581e+02[39m
     27 Linear |R| = [32m4.063009e+02[39m
     28 Linear |R| = [32m2.347462e+02[39m
     29 Linear |R| = [32m1.645198e+02[39m
     30 Linear |R| = [32m1.081674e+02[39m
     31 Linear |R| = [32m8.159161e+01[39m
     32 Linear |R| = [32m5.876290e+01[39m
     33 Linear |R| = [32m3.591060e+01[39m
     34 Linear |R| = [32m1.854135e+01[39m
     35 Linear |R| = [32m1.025063e+01[39m
     36 Linear |R| = [32m5.842351e+00[39m
 1 Nonlinear |R| = [33m7.943160e+05[39m
      0 Linear |R| = [32m7.943160e+05[39m
      1 Linear |R| = [33m7.858591e+05[39m
      2 Linear |R| = [32m6.882492e+05[39m
      3 Linear |R| = [33m6.811943e+05[39m
      4 Linear |R| = [33m6.488314e+05[39m
      5 Linear |R| = [33m6.310745e+05[39m
      6 Linear |R| = [32m5.866480e+05[39m
      7 Linear |R| = [32m5.537771e+05[39m
      8 Linear |R| = [32m4.249238e+05[39m
      9 Linear |R| = [32m2.666116e+05[39m
     10 Linear |R| = [32m2.056470e+05[39m
     11 Linear |R| = [32m1.704684e+05[39m
     12 Linear |R| = [32m1.431120e+05[39m
     13 Linear |R| = [32m1.161838e+05[39m
     14 Linear |R| = [32m8.555358e+04[39m
     15 Linear |R| = [32m7.010695e+04[39m
     16 Linear |R| = [32m5.268854e+04[39m
     17 Linear |R| = [32m4.146433e+04[39m
     18 Linear |R| = [32m3.397193e+04[39m
     19 Linear |R| = [32m2.424462e+04[39m
     20 Linear |R| = [32m1.753721e+04[39m
     21 Linear |R| = [32m1.289759e+04[39m
     22 Linear |R| = [32m7.801597e+03[39m
     23 Linear |R| = [32m4.146734e+03[39m
     24 Linear |R| = [32m2.294057e+03[39m
     25 Linear |R| = [32m1.260183e+03[39m
     26 Linear |R| = [32m6.773247e+02[39m
     27 Linear |R| = [32m3.786109e+02[39m
     28 Linear |R| = [32m2.298257e+02[39m
     29 Linear |R| = [32m1.616588e+02[39m
     30 Linear |R| = [32m1.008986e+02[39m
     31 Linear |R| = [32m7.497772e+01[39m
     32 Linear |R| = [32m5.444266e+01[39m
     33 Linear |R| = [32m3.327037e+01[39m
     34 Linear |R| = [32m1.708221e+01[39m
     35 Linear |R| = [32m9.666452e+00[39m
     36 Linear |R| = [32m5.561365e+00[39m
 2 Nonlinear |R| = [33m7.857948e+05[39m
      0 Linear |R| = [32m7.857948e+05[39m
      1 Linear |R| = [33m7.772826e+05[39m
      2 Linear |R| = [32m6.817065e+05[39m
      3 Linear |R| = [33m6.755500e+05[39m
      4 Linear |R| = [32m6.409844e+05[39m
      5 Linear |R| = [33m6.242404e+05[39m
      6 Linear |R| = [32m5.825235e+05[39m
      7 Linear |R| = [32m5.503740e+05[39m
      8 Linear |R| = [32m4.083658e+05[39m
      9 Linear |R| = [32m2.583091e+05[39m
     10 Linear |R| = [32m2.066363e+05[39m
     11 Linear |R| = [32m1.722742e+05[39m
     12 Linear |R| = [32m1.435034e+05[39m
     13 Linear |R| = [32m1.145794e+05[39m
     14 Linear |R| = [32m8.600690e+04[39m
     15 Linear |R| = [32m6.996192e+04[39m
     16 Linear |R| = [32m5.199610e+04[39m
     17 Linear |R| = [32m4.228462e+04[39m
     18 Linear |R| = [32m3.341973e+04[39m
     19 Linear |R| = [32m2.362736e+04[39m
     20 Linear |R| = [32m1.815897e+04[39m
     21 Linear |R| = [32m1.240553e+04[39m
     22 Linear |R| = [32m7.056282e+03[39m
     23 Linear |R| = [32m3.969664e+03[39m
     24 Linear |R| = [32m2.134125e+03[39m
     25 Linear |R| = [32m1.135966e+03[39m
     26 Linear |R| = [32m5.919281e+02[39m
     27 Linear |R| = [32m3.466785e+02[39m
     28 Linear |R| = [32m2.267335e+02[39m
     29 Linear |R| = [32m1.512969e+02[39m
     30 Linear |R| = [32m9.254304e+01[39m
     31 Linear |R| = [32m6.944922e+01[39m
     32 Linear |R| = [32m4.833268e+01[39m
     33 Linear |R| = [32m2.994279e+01[39m
     34 Linear |R| = [32m1.682233e+01[39m
     35 Linear |R| = [32m9.914224e+00[39m
     36 Linear |R| = [32m5.462157e+00[39m
 3 Nonlinear |R| = [33m7.763338e+05[39m
      0 Linear |R| = [32m7.763338e+05[39m
      1 Linear |R| = [33m7.676743e+05[39m
      2 Linear |R| = [32m6.757375e+05[39m
      3 Linear |R| = [33m6.724471e+05[39m
      4 Linear |R| = [32m6.295869e+05[39m
      5 Linear |R| = [33m6.159071e+05[39m
      6 Linear |R| = [32m5.802276e+05[39m
      7 Linear |R| = [32m5.305600e+05[39m
      8 Linear |R| = [32m3.624025e+05[39m
      9 Linear |R| = [32m2.629928e+05[39m
     10 Linear |R| = [32m2.185462e+05[39m
     11 Linear |R| = [32m1.815911e+05[39m
     12 Linear |R| = [32m1.488260e+05[39m
     13 Linear |R| = [32m1.164170e+05[39m
     14 Linear |R| = [32m8.808338e+04[39m
     15 Linear |R| = [32m7.062079e+04[39m
     16 Linear |R| = [32m5.427201e+04[39m
     17 Linear |R| = [32m4.306294e+04[39m
     18 Linear |R| = [32m3.275699e+04[39m
     19 Linear |R| = [32m2.426148e+04[39m
     20 Linear |R| = [32m1.666830e+04[39m
     21 Linear |R| = [32m9.996468e+03[39m
     22 Linear |R| = [32m5.793913e+03[39m
     23 Linear |R| = [32m2.950642e+03[39m
     24 Linear |R| = [32m1.483685e+03[39m
     25 Linear |R| = [32m8.349969e+02[39m
     26 Linear |R| = [32m4.839665e+02[39m
     27 Linear |R| = [32m3.155617e+02[39m
     28 Linear |R| = [32m2.050144e+02[39m
     29 Linear |R| = [32m1.359568e+02[39m
     30 Linear |R| = [32m7.716128e+01[39m
     31 Linear |R| = [32m5.177854e+01[39m
     32 Linear |R| = [32m3.403715e+01[39m
     33 Linear |R| = [32m2.184956e+01[39m
     34 Linear |R| = [32m1.374625e+01[39m
     35 Linear |R| = [32m8.543448e+00[39m
     36 Linear |R| = [32m5.161715e+00[39m
 4 Nonlinear |R| = [32m4.772470e+05[39m
      0 Linear |R| = [32m4.772470e+05[39m
      1 Linear |R| = [32m9.841511e+04[39m
      2 Linear |R| = [32m3.598671e+04[39m
      3 Linear |R| = [32m1.144290e+04[39m
      4 Linear |R| = [32m3.258791e+03[39m
      5 Linear |R| = [32m1.085482e+03[39m
      6 Linear |R| = [32m3.701051e+02[39m
      7 Linear |R| = [32m1.338823e+02[39m
      8 Linear |R| = [32m3.734044e+01[39m
      9 Linear |R| = [32m1.264406e+01[39m
     10 Linear |R| = [32m4.090261e+00[39m
 5 Nonlinear |R| = [32m1.348444e+05[39m
      0 Linear |R| = [32m1.348444e+05[39m
      1 Linear |R| = [32m6.444809e+04[39m
      2 Linear |R| = [32m1.903678e+04[39m
      3 Linear |R| = [32m6.069216e+03[39m
      4 Linear |R| = [32m2.086901e+03[39m
      5 Linear |R| = [32m6.575356e+02[39m
      6 Linear |R| = [32m1.980337e+02[39m
      7 Linear |R| = [32m6.215476e+01[39m
      8 Linear |R| = [32m2.003731e+01[39m
      9 Linear |R| = [32m6.486182e+00[39m
     10 Linear |R| = [32m2.008272e+00[39m
     11 Linear |R| = [32m6.832610e-01[39m
 6 Nonlinear |R| = [32m1.408335e+04[39m
      0 Linear |R| = [32m1.408335e+04[39m
      1 Linear |R| = [32m2.837971e+03[39m
      2 Linear |R| = [32m8.980435e+02[39m
      3 Linear |R| = [32m2.246511e+02[39m
      4 Linear |R| = [32m7.429515e+01[39m
      5 Linear |R| = [32m2.020188e+01[39m
      6 Linear |R| = [32m6.180755e+00[39m
      7 Linear |R| = [32m1.824775e+00[39m
      8 Linear |R| = [32m5.705240e-01[39m
      9 Linear |R| = [32m1.692023e-01[39m
     10 Linear |R| = [32m5.501512e-02[39m
 7 Nonlinear |R| = [32m5.501502e-02[39m
  Finished Solving                                                                       [[33m 15.54 s[39m] [[33m  218 MB[39m]
[32m Solve Converged![39m

Postprocessor Values:
+----------------+----------------+----------------+----------------+------------------+----------------+----------------+----------------+
| time           | base_shear_x   | damage_c_max   | damage_t_max   | damage_total_max | top_disp_x     | top_disp_y     | top_rotation   |
+----------------+----------------+----------------+----------------+------------------+----------------+----------------+----------------+
|   0.000000e+00 |   0.000000e+00 |   0.000000e+00 |   0.000000e+00 |     0.000000e+00 |   0.000000e+00 |   0.000000e+00 |   0.000000e+00 |
|   4.000000e+00 |  -2.467235e+05 |   0.000000e+00 |   9.699589e-01 |     9.699589e-01 |  -3.930000e-03 |   1.142052e-03 |  -3.930000e-03 |
|   8.000000e+00 |  -8.224141e+04 |   0.000000e+00 |   8.664012e-01 |     8.664012e-01 |  -1.310000e-03 |   1.142051e-03 |  -1.310000e-03 |
|   1.200000e+01 |   8.224108e+04 |   0.000000e+00 |   8.664016e-01 |     8.664016e-01 |   1.310000e-03 |   1.142052e-03 |   1.310000e-03 |
|   1.600000e+01 |   2.467236e+05 |   0.000000e+00 |   9.699591e-01 |     9.699591e-01 |   3.930000e-03 |   1.142052e-03 |   3.930000e-03 |
|   2.000000e+01 |   4.109591e+05 |   0.000000e+00 |   9.886536e-01 |     9.886536e-01 |   6.550000e-03 |   1.142709e-03 |   6.550000e-03 |
|   2.400000e+01 |   2.464768e+05 |   0.000000e+00 |   9.606126e-01 |     9.606126e-01 |   3.930000e-03 |   1.142709e-03 |   3.930000e-03 |
|   2.800000e+01 |   8.199432e+04 |   0.000000e+00 |   8.353712e-01 |     8.353712e-01 |   1.310000e-03 |   1.142709e-03 |   1.310000e-03 |
|   3.200000e+01 |  -8.248819e+04 |   0.000000e+00 |   8.663265e-01 |     8.663265e-01 |  -1.310000e-03 |   1.142709e-03 |  -1.310000e-03 |
|   3.600000e+01 |  -2.469706e+05 |   0.000000e+00 |   9.699468e-01 |     9.699468e-01 |  -3.930000e-03 |   1.142709e-03 |  -3.930000e-03 |
+----------------+----------------+----------------+----------------+------------------+----------------+----------------+----------------+


Time Step 10, time = 40, dt = 4
 0 Nonlinear |R| = [32m7.032359e+05[39m
      0 Linear |R| = [32m7.032359e+05[39m
      1 Linear |R| = [33m6.945214e+05[39m
      2 Linear |R| = [32m6.091832e+05[39m
      3 Linear |R| = [33m6.015579e+05[39m
      4 Linear |R| = [33m5.793399e+05[39m
      5 Linear |R| = [33m5.682564e+05[39m
      6 Linear |R| = [33m5.400432e+05[39m
      7 Linear |R| = [33m5.261594e+05[39m
      8 Linear |R| = [32m4.609713e+05[39m
      9 Linear |R| = [32m3.558294e+05[39m
     10 Linear |R| = [32m2.908127e+05[39m
     11 Linear |R| = [32m2.338701e+05[39m
     12 Linear |R| = [32m1.765303e+05[39m
     13 Linear |R| = [32m1.265725e+05[39m
     14 Linear |R| = [32m8.444911e+04[39m
     15 Linear |R| = [32m6.897040e+04[39m
     16 Linear |R| = [32m5.656023e+04[39m
     17 Linear |R| = [32m4.674559e+04[39m
     18 Linear |R| = [32m4.029215e+04[39m
     19 Linear |R| = [32m3.043846e+04[39m
     20 Linear |R| = [32m1.934424e+04[39m
     21 Linear |R| = [32m1.293974e+04[39m
     22 Linear |R| = [32m8.406562e+03[39m
     23 Linear |R| = [32m4.269831e+03[39m
     24 Linear |R| = [32m2.236447e+03[39m
     25 Linear |R| = [32m1.275943e+03[39m
     26 Linear |R| = [32m7.201476e+02[39m
     27 Linear |R| = [32m4.189937e+02[39m
     28 Linear |R| = [32m2.387667e+02[39m
     29 Linear |R| = [32m1.626826e+02[39m
     30 Linear |R| = [32m1.113247e+02[39m
     31 Linear |R| = [32m8.561779e+01[39m
     32 Linear |R| = [32m5.997316e+01[39m
     33 Linear |R| = [32m3.683319e+01[39m
     34 Linear |R| = [32m2.009262e+01[39m
     35 Linear |R| = [32m1.111672e+01[39m
     36 Linear |R| = [32m6.302552e+00[39m
 1 Nonlinear |R| = [33m6.961886e+05[39m
      0 Linear |R| = [32m6.961886e+05[39m
      1 Linear |R| = [33m6.875332e+05[39m
      2 Linear |R| = [32m6.031364e+05[39m
      3 Linear |R| = [33m5.956417e+05[39m
      4 Linear |R| = [33m5.734853e+05[39m
      5 Linear |R| = [33m5.625696e+05[39m
      6 Linear |R| = [33m5.347579e+05[39m
      7 Linear |R| = [33m5.211570e+05[39m
      8 Linear |R| = [32m4.561934e+05[39m
      9 Linear |R| = [32m3.517015e+05[39m
     10 Linear |R| = [32m2.880328e+05[39m
     11 Linear |R| = [32m2.316702e+05[39m
     12 Linear |R| = [32m1.745434e+05[39m
     13 Linear |R| = [32m1.249009e+05[39m
     14 Linear |R| = [32m8.353739e+04[39m
     15 Linear |R| = [32m6.836153e+04[39m
     16 Linear |R| = [32m5.594196e+04[39m
     17 Linear |R| = [32m4.633445e+04[39m
     18 Linear |R| = [32m3.996984e+04[39m
     19 Linear |R| = [32m2.996402e+04[39m
     20 Linear |R| = [32m1.912174e+04[39m
     21 Linear |R| = [32m1.289255e+04[39m
     22 Linear |R| = [32m8.286233e+03[39m
     23 Linear |R| = [32m4.183040e+03[39m
     24 Linear |R| = [32m2.208255e+03[39m
     25 Linear |R| = [32m1.261724e+03[39m
     26 Linear |R| = [32m7.088588e+02[39m
     27 Linear |R| = [32m4.110246e+02[39m
     28 Linear |R| = [32m2.353204e+02[39m
     29 Linear |R| = [32m1.612938e+02[39m
     30 Linear |R| = [32m1.097658e+02[39m
     31 Linear |R| = [32m8.402579e+01[39m
     32 Linear |R| = [32m5.923914e+01[39m
     33 Linear |R| = [32m3.647295e+01[39m
     34 Linear |R| = [32m1.969574e+01[39m
     35 Linear |R| = [32m1.088290e+01[39m
     36 Linear |R| = [32m6.173189e+00[39m
 2 Nonlinear |R| = [33m6.892081e+05[39m
      0 Linear |R| = [32m6.892081e+05[39m
      1 Linear |R| = [33m6.806057e+05[39m
      2 Linear |R| = [32m5.972265e+05[39m
      3 Linear |R| = [33m5.898909e+05[39m
      4 Linear |R| = [33m5.678632e+05[39m
      5 Linear |R| = [33m5.571550e+05[39m
      6 Linear |R| = [33m5.299095e+05[39m
      7 Linear |R| = [33m5.166958e+05[39m
      8 Linear |R| = [32m4.520205e+05[39m
      9 Linear |R| = [32m3.484212e+05[39m
     10 Linear |R| = [32m2.860765e+05[39m
     11 Linear |R| = [32m2.301409e+05[39m
     12 Linear |R| = [32m1.730124e+05[39m
     13 Linear |R| = [32m1.235821e+05[39m
     14 Linear |R| = [32m8.292139e+04[39m
     15 Linear |R| = [32m6.799846e+04[39m
     16 Linear |R| = [32m5.552470e+04[39m
     17 Linear |R| = [32m4.610729e+04[39m
     18 Linear |R| = [32m3.980380e+04[39m
     19 Linear |R| = [32m2.954354e+04[39m
     20 Linear |R| = [32m1.897804e+04[39m
     21 Linear |R| = [32m1.290228e+04[39m
     22 Linear |R| = [32m8.165872e+03[39m
     23 Linear |R| = [32m4.102092e+03[39m
     24 Linear |R| = [32m2.186322e+03[39m
     25 Linear |R| = [32m1.249653e+03[39m
     26 Linear |R| = [32m6.979799e+02[39m
     27 Linear |R| = [32m4.036712e+02[39m
     28 Linear |R| = [32m2.325227e+02[39m
     29 Linear |R| = [32m1.603941e+02[39m
     30 Linear |R| = [32m1.085389e+02[39m
     31 Linear |R| = [32m8.236430e+01[39m
     32 Linear |R| = [32m5.856394e+01[39m
     33 Linear |R| = [32m3.622009e+01[39m
     34 Linear |R| = [32m1.930682e+01[39m
     35 Linear |R| = [32m1.066627e+01[39m
     36 Linear |R| = [32m6.052574e+00[39m
 3 Nonlinear |R| = [33m6.822850e+05[39m
      0 Linear |R| = [32m6.822850e+05[39m
      1 Linear |R| = [33m6.737247e+05[39m
      2 Linear |R| = [32m5.913288e+05[39m
      3 Linear |R| = [33m5.841525e+05[39m
      4 Linear |R| = [33m5.620848e+05[39m
      5 Linear |R| = [33m5.515687e+05[39m
      6 Linear |R| = [33m5.248184e+05[39m
      7 Linear |R| = [33m5.119560e+05[39m
      8 Linear |R| = [32m4.471209e+05[39m
      9 Linear |R| = [32m3.441118e+05[39m
     10 Linear |R| = [32m2.835212e+05[39m
     11 Linear |R| = [32m2.280190e+05[39m
     12 Linear |R| = [32m1.708513e+05[39m
     13 Linear |R| = [32m1.216735e+05[39m
     14 Linear |R| = [32m8.205139e+04[39m
     15 Linear |R| = [32m6.745870e+04[39m
     16 Linear |R| = [32m5.489539e+04[39m
     17 Linear |R| = [32m4.577663e+04[39m
     18 Linear |R| = [32m3.952339e+04[39m
     19 Linear |R| = [32m2.896482e+04[39m
     20 Linear |R| = [32m1.880076e+04[39m
     21 Linear |R| = [32m1.289516e+04[39m
     22 Linear |R| = [32m7.994559e+03[39m
     23 Linear |R| = [32m3.999084e+03[39m
     24 Linear |R| = [32m2.157591e+03[39m
     25 Linear |R| = [32m1.232310e+03[39m
     26 Linear |R| = [32m6.828424e+02[39m
     27 Linear |R| = [32m3.932900e+02[39m
     28 Linear |R| = [32m2.289536e+02[39m
     29 Linear |R| = [32m1.591480e+02[39m
     30 Linear |R| = [32m1.062712e+02[39m
     31 Linear |R| = [32m7.999091e+01[39m
     32 Linear |R| = [32m5.738759e+01[39m
     33 Linear |R| = [32m3.557305e+01[39m
     34 Linear |R| = [32m1.874121e+01[39m
     35 Linear |R| = [32m1.034331e+01[39m
     36 Linear |R| = [32m5.882608e+00[39m
 4 Nonlinear |R| = [33m6.754259e+05[39m
      0 Linear |R| = [32m6.754259e+05[39m
      1 Linear |R| = [33m6.668909e+05[39m
      2 Linear |R| = [32m5.856676e+05[39m
      3 Linear |R| = [33m5.786893e+05[39m
      4 Linear |R| = [33m5.566726e+05[39m
      5 Linear |R| = [33m5.464232e+05[39m
      6 Linear |R| = [33m5.205023e+05[39m
      7 Linear |R| = [33m5.082297e+05[39m
      8 Linear |R| = [32m4.432781e+05[39m
      9 Linear |R| = [32m3.412122e+05[39m
     10 Linear |R| = [32m2.826574e+05[39m
     11 Linear |R| = [32m2.272074e+05[39m
     12 Linear |R| = [32m1.694900e+05[39m
     13 Linear |R| = [32m1.203193e+05[39m
     14 Linear |R| = [32m8.174997e+04[39m
     15 Linear |R| = [32m6.739580e+04[39m
     16 Linear |R| = [32m5.461973e+04[39m
     17 Linear |R| = [32m4.584184e+04[39m
     18 Linear |R| = [32m3.951504e+04[39m
     19 Linear |R| = [32m2.850838e+04[39m
     20 Linear |R| = [32m1.886544e+04[39m
     21 Linear |R| = [32m1.298785e+04[39m
     22 Linear |R| = [32m7.835804e+03[39m
     23 Linear |R| = [32m3.952119e+03[39m
     24 Linear |R| = [32m2.149372e+03[39m
     25 Linear |R| = [32m1.218501e+03[39m
     26 Linear |R| = [32m6.715540e+02[39m
     27 Linear |R| = [32m3.872584e+02[39m
     28 Linear |R| = [32m2.273129e+02[39m
     29 Linear |R| = [32m1.589618e+02[39m
     30 Linear |R| = [32m1.043750e+02[39m
     31 Linear |R| = [32m7.790569e+01[39m
     32 Linear |R| = [32m5.646307e+01[39m
     33 Linear |R| = [32m3.506351e+01[39m
     34 Linear |R| = [32m1.796390e+01[39m
     35 Linear |R| = [32m1.005972e+01[39m
     36 Linear |R| = [32m5.690679e+00[39m
 5 Nonlinear |R| = [33m6.686232e+05[39m
      0 Linear |R| = [32m6.686232e+05[39m
      1 Linear |R| = [33m6.600795e+05[39m
      2 Linear |R| = [32m5.801090e+05[39m
      3 Linear |R| = [33m5.733150e+05[39m
      4 Linear |R| = [33m5.512129e+05[39m
      5 Linear |R| = [33m5.412728e+05[39m
      6 Linear |R| = [33m5.164444e+05[39m
      7 Linear |R| = [33m5.049102e+05[39m
      8 Linear |R| = [32m4.392704e+05[39m
      9 Linear |R| = [32m3.384058e+05[39m
     10 Linear |R| = [32m2.824867e+05[39m
     11 Linear |R| = [32m2.268581e+05[39m
     12 Linear |R| = [32m1.681891e+05[39m
     13 Linear |R| = [32m1.186687e+05[39m
     14 Linear |R| = [32m8.171396e+04[39m
     15 Linear |R| = [32m6.760809e+04[39m
     16 Linear |R| = [32m5.442583e+04[39m
     17 Linear |R| = [32m4.617045e+04[39m
     18 Linear |R| = [32m3.961531e+04[39m
     19 Linear |R| = [32m2.795337e+04[39m
     20 Linear |R| = [32m1.914466e+04[39m
     21 Linear |R| = [32m1.314990e+04[39m
     22 Linear |R| = [32m7.550999e+03[39m
     23 Linear |R| = [32m3.876210e+03[39m
     24 Linear |R| = [32m2.166453e+03[39m
     25 Linear |R| = [32m1.205946e+03[39m
     26 Linear |R| = [32m6.464142e+02[39m
     27 Linear |R| = [32m3.781865e+02[39m
     28 Linear |R| = [32m2.321366e+02[39m
     29 Linear |R| = [32m1.591155e+02[39m
     30 Linear |R| = [32m1.016882e+02[39m
     31 Linear |R| = [32m7.630842e+01[39m
     32 Linear |R| = [32m5.478157e+01[39m
     33 Linear |R| = [32m3.381786e+01[39m
     34 Linear |R| = [32m1.827838e+01[39m
     35 Linear |R| = [32m1.030124e+01[39m
     36 Linear |R| = [32m5.538403e+00[39m
 6 Nonlinear |R| = [33m6.617875e+05[39m
      0 Linear |R| = [32m6.617875e+05[39m
      1 Linear |R| = [33m6.532133e+05[39m
      2 Linear |R| = [32m5.746182e+05[39m
      3 Linear |R| = [33m5.681313e+05[39m
      4 Linear |R| = [33m5.455713e+05[39m
      5 Linear |R| = [33m5.360698e+05[39m
      6 Linear |R| = [33m5.126028e+05[39m
      7 Linear |R| = [33m5.017311e+05[39m
      8 Linear |R| = [32m4.337153e+05[39m
      9 Linear |R| = [32m3.353093e+05[39m
     10 Linear |R| = [32m2.827246e+05[39m
     11 Linear |R| = [32m2.255480e+05[39m
     12 Linear |R| = [32m1.655048e+05[39m
     13 Linear |R| = [32m1.163611e+05[39m
     14 Linear |R| = [32m8.171868e+04[39m
     15 Linear |R| = [32m6.771063e+04[39m
     16 Linear |R| = [32m5.433936e+04[39m
     17 Linear |R| = [32m4.668189e+04[39m
     18 Linear |R| = [32m3.950600e+04[39m
     19 Linear |R| = [32m2.732184e+04[39m
     20 Linear |R| = [32m1.937165e+04[39m
     21 Linear |R| = [32m1.304809e+04[39m
     22 Linear |R| = [32m7.170429e+03[39m
     23 Linear |R| = [32m3.746146e+03[39m
     24 Linear |R| = [32m2.084327e+03[39m
     25 Linear |R| = [32m1.158605e+03[39m
     26 Linear |R| = [32m6.166908e+02[39m
     27 Linear |R| = [32m3.546148e+02[39m
     28 Linear |R| = [32m2.259273e+02[39m
     29 Linear |R| = [32m1.566351e+02[39m
     30 Linear |R| = [32m9.474420e+01[39m
     31 Linear |R| = [32m6.911401e+01[39m
     32 Linear |R| = [32m5.043586e+01[39m
     33 Linear |R| = [32m3.142163e+01[39m
     34 Linear |R| = [32m1.650164e+01[39m
     35 Linear |R| = [32m9.668320e+00[39m
     36 Linear |R| = [32m5.503649e+00[39m
 7 Nonlinear |R| = [33m6.548085e+05[39m
      0 Linear |R| = [32m6.548085e+05[39m
      1 Linear |R| = [33m6.461112e+05[39m
      2 Linear |R| = [32m5.696701e+05[39m
      3 Linear |R| = [33m5.636681e+05[39m
      4 Linear |R| = [33m5.400728e+05[39m
      5 Linear |R| = [33m5.313532e+05[39m
      6 Linear |R| = [33m5.105494e+05[39m
      7 Linear |R| = [33m5.002064e+05[39m
      8 Linear |R| = [32m4.271289e+05[39m
      9 Linear |R| = [32m3.367374e+05[39m
     10 Linear |R| = [32m2.871326e+05[39m
     11 Linear |R| = [32m2.243940e+05[39m
     12 Linear |R| = [32m1.624837e+05[39m
     13 Linear |R| = [32m1.155125e+05[39m
     14 Linear |R| = [32m8.329657e+04[39m
     15 Linear |R| = [32m6.868850e+04[39m
     16 Linear |R| = [32m5.608097e+04[39m
     17 Linear |R| = [32m4.856300e+04[39m
     18 Linear |R| = [32m3.940768e+04[39m
     19 Linear |R| = [32m2.790216e+04[39m
     20 Linear |R| = [32m2.038756e+04[39m
     21 Linear |R| = [32m1.238815e+04[39m
     22 Linear |R| = [32m6.688163e+03[39m
     23 Linear |R| = [32m3.749190e+03[39m
     24 Linear |R| = [32m1.979407e+03[39m
     25 Linear |R| = [32m1.038416e+03[39m
     26 Linear |R| = [32m5.557956e+02[39m
     27 Linear |R| = [32m3.457678e+02[39m
     28 Linear |R| = [32m2.268678e+02[39m
     29 Linear |R| = [32m1.476936e+02[39m
     30 Linear |R| = [32m8.988059e+01[39m
     31 Linear |R| = [32m6.649597e+01[39m
     32 Linear |R| = [32m4.610664e+01[39m
     33 Linear |R| = [32m2.883954e+01[39m
     34 Linear |R| = [32m1.681669e+01[39m
     35 Linear |R| = [32m1.007422e+01[39m
     36 Linear |R| = [32m5.363110e+00[39m
 8 Nonlinear |R| = [33m6.468944e+05[39m
      0 Linear |R| = [32m6.468944e+05[39m
      1 Linear |R| = [33m6.377661e+05[39m
      2 Linear |R| = [32m5.654845e+05[39m
      3 Linear |R| = [33m5.620029e+05[39m
      4 Linear |R| = [32m5.317630e+05[39m
      5 Linear |R| = [33m5.249976e+05[39m
      6 Linear |R| = [33m5.060170e+05[39m
      7 Linear |R| = [33m4.867660e+05[39m
      8 Linear |R| = [32m4.087711e+05[39m
      9 Linear |R| = [32m3.370316e+05[39m
     10 Linear |R| = [32m2.754117e+05[39m
     11 Linear |R| = [32m2.064624e+05[39m
     12 Linear |R| = [32m1.522786e+05[39m
     13 Linear |R| = [32m1.127217e+05[39m
     14 Linear |R| = [32m8.485016e+04[39m
     15 Linear |R| = [32m7.209526e+04[39m
     16 Linear |R| = [32m5.923399e+04[39m
     17 Linear |R| = [32m4.979702e+04[39m
     18 Linear |R| = [32m3.842331e+04[39m
     19 Linear |R| = [32m2.612386e+04[39m
     20 Linear |R| = [32m1.699431e+04[39m
     21 Linear |R| = [32m9.476875e+03[39m
     22 Linear |R| = [32m5.143111e+03[39m
     23 Linear |R| = [32m2.611078e+03[39m
     24 Linear |R| = [32m1.360922e+03[39m
     25 Linear |R| = [32m8.305252e+02[39m
     26 Linear |R| = [32m4.926162e+02[39m
     27 Linear |R| = [32m3.213242e+02[39m
     28 Linear |R| = [32m2.100087e+02[39m
     29 Linear |R| = [32m1.271126e+02[39m
     30 Linear |R| = [32m7.114200e+01[39m
     31 Linear |R| = [32m4.565602e+01[39m
     32 Linear |R| = [32m2.831732e+01[39m
     33 Linear |R| = [32m1.788984e+01[39m
     34 Linear |R| = [32m1.117071e+01[39m
     35 Linear |R| = [32m7.290029e+00[39m
     36 Linear |R| = [32m4.473179e+00[39m
 9 Nonlinear |R| = [32m5.685735e+05[39m
      0 Linear |R| = [32m5.685735e+05[39m
      1 Linear |R| = [32m4.794267e+05[39m
      2 Linear |R| = [32m4.284059e+05[39m
      3 Linear |R| = [32m3.442248e+05[39m
      4 Linear |R| = [32m2.550861e+05[39m
      5 Linear |R| = [32m1.938135e+05[39m
      6 Linear |R| = [32m1.218257e+05[39m
      7 Linear |R| = [32m7.031543e+04[39m
      8 Linear |R| = [32m4.225488e+04[39m
      9 Linear |R| = [32m2.186694e+04[39m
     10 Linear |R| = [32m1.071149e+04[39m
     11 Linear |R| = [32m5.690435e+03[39m
     12 Linear |R| = [32m2.912823e+03[39m
     13 Linear |R| = [32m1.530101e+03[39m
     14 Linear |R| = [32m9.582697e+02[39m
     15 Linear |R| = [32m6.708348e+02[39m
     16 Linear |R| = [32m4.570262e+02[39m
     17 Linear |R| = [32m2.867975e+02[39m
     18 Linear |R| = [32m1.463563e+02[39m
     19 Linear |R| = [32m6.494100e+01[39m
     20 Linear |R| = [32m3.042655e+01[39m
     21 Linear |R| = [32m1.368906e+01[39m
     22 Linear |R| = [32m6.303534e+00[39m
     23 Linear |R| = [32m3.171025e+00[39m
10 Nonlinear |R| = [33m5.410697e+05[39m
      0 Linear |R| = [32m5.410697e+05[39m
      1 Linear |R| = [32m4.293921e+05[39m
      2 Linear |R| = [32m3.843616e+05[39m
      3 Linear |R| = [32m2.904711e+05[39m
      4 Linear |R| = [32m2.004100e+05[39m
      5 Linear |R| = [32m1.449248e+05[39m
      6 Linear |R| = [32m8.376648e+04[39m
      7 Linear |R| = [32m4.440306e+04[39m
      8 Linear |R| = [32m2.584005e+04[39m
      9 Linear |R| = [32m1.206126e+04[39m
     10 Linear |R| = [32m5.561862e+03[39m
     11 Linear |R| = [32m2.776597e+03[39m
     12 Linear |R| = [32m1.337554e+03[39m
     13 Linear |R| = [32m6.755925e+02[39m
     14 Linear |R| = [32m4.091207e+02[39m
     15 Linear |R| = [32m2.807365e+02[39m
     16 Linear |R| = [32m1.790963e+02[39m
     17 Linear |R| = [32m1.020932e+02[39m
     18 Linear |R| = [32m4.837173e+01[39m
     19 Linear |R| = [32m2.068284e+01[39m
     20 Linear |R| = [32m9.500049e+00[39m
     21 Linear |R| = [32m4.451948e+00[39m
11 Nonlinear |R| = [32m4.754517e+05[39m
      0 Linear |R| = [32m4.754517e+05[39m
      1 Linear |R| = [32m2.995740e+05[39m
      2 Linear |R| = [32m2.573605e+05[39m
      3 Linear |R| = [32m1.525926e+05[39m
      4 Linear |R| = [32m7.747317e+04[39m
      5 Linear |R| = [32m4.750602e+04[39m
      6 Linear |R| = [32m2.107619e+04[39m
      7 Linear |R| = [32m8.114189e+03[39m
      8 Linear |R| = [32m3.805490e+03[39m
      9 Linear |R| = [32m1.570919e+03[39m
     10 Linear |R| = [32m6.798665e+02[39m
     11 Linear |R| = [32m2.868693e+02[39m
     12 Linear |R| = [32m1.684761e+02[39m
     13 Linear |R| = [32m9.364076e+01[39m
     14 Linear |R| = [32m4.892704e+01[39m
     15 Linear |R| = [32m2.336743e+01[39m
     16 Linear |R| = [32m1.095103e+01[39m
     17 Linear |R| = [32m5.785532e+00[39m
     18 Linear |R| = [32m2.998605e+00[39m
12 Nonlinear |R| = [32m4.153748e+05[39m
      0 Linear |R| = [32m4.153748e+05[39m
      1 Linear |R| = [32m7.872158e+04[39m
      2 Linear |R| = [32m2.014945e+04[39m
      3 Linear |R| = [32m6.588250e+03[39m
      4 Linear |R| = [32m3.294545e+03[39m
      5 Linear |R| = [32m2.097643e+03[39m
      6 Linear |R| = [32m1.246160e+03[39m
      7 Linear |R| = [32m6.755536e+02[39m
      8 Linear |R| = [32m2.836242e+02[39m
      9 Linear |R| = [32m1.402246e+02[39m
     10 Linear |R| = [32m6.896253e+01[39m
     11 Linear |R| = [32m3.582982e+01[39m
     12 Linear |R| = [32m2.093760e+01[39m
     13 Linear |R| = [32m1.192449e+01[39m
     14 Linear |R| = [32m6.385932e+00[39m
     15 Linear |R| = [32m2.757005e+00[39m
13 Nonlinear |R| = [32m4.205695e+02[39m
      0 Linear |R| = [32m4.205695e+02[39m
      1 Linear |R| = [32m1.444976e+02[39m
      2 Linear |R| = [32m6.683806e+01[39m
      3 Linear |R| = [32m3.728696e+01[39m
      4 Linear |R| = [32m2.304555e+01[39m
      5 Linear |R| = [32m1.374368e+01[39m
      6 Linear |R| = [32m8.173103e+00[39m
      7 Linear |R| = [32m3.769662e+00[39m
      8 Linear |R| = [32m1.577395e+00[39m
      9 Linear |R| = [32m7.457701e-01[39m
     10 Linear |R| = [32m3.715443e-01[39m
     11 Linear |R| = [32m2.101860e-01[39m
     12 Linear |R| = [32m1.222761e-01[39m
     13 Linear |R| = [32m5.427516e-02[39m
     14 Linear |R| = [32m2.431340e-02[39m
     15 Linear |R| = [32m1.255217e-02[39m
     16 Linear |R| = [32m5.552280e-03[39m
     17 Linear |R| = [32m2.731046e-03[39m
14 Nonlinear |R| = [32m2.044044e-01[39m
  Finished Solving                                                                       [[33m 30.88 s[39m] [[33m  221 MB[39m]
[32m Solve Converged![39m

Postprocessor Values:
+----------------+----------------+----------------+----------------+------------------+----------------+----------------+----------------+
| time           | base_shear_x   | damage_c_max   | damage_t_max   | damage_total_max | top_disp_x     | top_disp_y     | top_rotation   |
+----------------+----------------+----------------+----------------+------------------+----------------+----------------+----------------+
|   0.000000e+00 |   0.000000e+00 |   0.000000e+00 |   0.000000e+00 |     0.000000e+00 |   0.000000e+00 |   0.000000e+00 |   0.000000e+00 |
|   4.000000e+00 |  -2.467235e+05 |   0.000000e+00 |   9.699589e-01 |     9.699589e-01 |  -3.930000e-03 |   1.142052e-03 |  -3.930000e-03 |
|   8.000000e+00 |  -8.224141e+04 |   0.000000e+00 |   8.664012e-01 |     8.664012e-01 |  -1.310000e-03 |   1.142051e-03 |  -1.310000e-03 |
|   1.200000e+01 |   8.224108e+04 |   0.000000e+00 |   8.664016e-01 |     8.664016e-01 |   1.310000e-03 |   1.142052e-03 |   1.310000e-03 |
|   1.600000e+01 |   2.467236e+05 |   0.000000e+00 |   9.699591e-01 |     9.699591e-01 |   3.930000e-03 |   1.142052e-03 |   3.930000e-03 |
|   2.000000e+01 |   4.109591e+05 |   0.000000e+00 |   9.886536e-01 |     9.886536e-01 |   6.550000e-03 |   1.142709e-03 |   6.550000e-03 |
|   2.400000e+01 |   2.464768e+05 |   0.000000e+00 |   9.606126e-01 |     9.606126e-01 |   3.930000e-03 |   1.142709e-03 |   3.930000e-03 |
|   2.800000e+01 |   8.199432e+04 |   0.000000e+00 |   8.353712e-01 |     8.353712e-01 |   1.310000e-03 |   1.142709e-03 |   1.310000e-03 |
|   3.200000e+01 |  -8.248819e+04 |   0.000000e+00 |   8.663265e-01 |     8.663265e-01 |  -1.310000e-03 |   1.142709e-03 |  -1.310000e-03 |
|   3.600000e+01 |  -2.469706e+05 |   0.000000e+00 |   9.699468e-01 |     9.699468e-01 |  -3.930000e-03 |   1.142709e-03 |  -3.930000e-03 |
|   4.000000e+01 |  -5.616839e+05 |   3.537081e-01 |   9.915412e-01 |     9.915412e-01 |  -9.000000e-03 |   1.150186e-03 |  -9.000000e-03 |
+----------------+----------------+----------------+----------------+------------------+----------------+----------------+----------------+

Finished Executing                                                                       [[33m185.36 s[39m] [[33m  221 MB[39m]
